hf_frac_gt_down,hf_frac_degraded,hf_ratio_degraded_over_gt,file
0.0017330125341441407,0.017698937576846912,10.212815671512052,000000.npy
0.0007621219318513703,0.02054854603450821,26.962281427367873,000001.npy
0.0009550445994237177,0.018199665264498878,19.056351145720694,000002.npy
0.0009778409686325002,0.014699635608403172,15.032746700036208,000003.npy
0.016384466844391835,0.05531659316821725,3.376160707040349,000004.npy
0.006091095425880025,0.026859939430534944,4.4097058983843755,000005.npy
0.006155206799746539,0.025721623325478123,4.178839827665652,000006.npy
0.006309182995500756,0.027488622938508074,4.356922751290303,000007.npy
0.007927385195349511,0.03566046024861487,4.498388733025889,000008.npy
0.004979582877917783,0.02790673408175882,5.604231270235191,000009.npy
0.0044853086372394066,0.03089910836643623,6.888959235493075,000010.npy
0.0051622772477158295,0.023100368581873556,4.474840747582864,000011.npy
0.003256872189416701,0.02528779652011555,7.764442398299976,000012.npy
0.002229185231558834,0.026705901808258336,11.98011785615644,000013.npy
0.0018918038078620416,0.021328534408961056,11.27417880757445,000014.npy
0.0026088664347476667,0.02170417398788611,8.31938871668069,000015.npy
0.0007890625198366712,0.021545697652809014,27.305437889716696,000016.npy
0.003999713789596248,0.019923550822191764,4.981244125525718,000017.npy
0.004041986836354962,0.023232824204736057,5.7478723065163155,000018.npy
0.00405101983773299,0.02087231928690327,5.152361656770202,000019.npy
0.0004703264293589122,0.01373325768329852,29.199417251159996,000020.npy
0.0016851861042598499,0.01675473044774534,9.942362090721023,000021.npy
0.0018013617829493475,0.017780412776558036,9.870539575107363,000022.npy
0.0017860960503744464,0.015828848197662566,8.862260339516379,000023.npy
0.018455551042935416,0.06417701416858707,3.4773827135698534,000024.npy
0.027608792693043546,0.07214456316219207,2.613100977021603,000025.npy
0.02830766250700572,0.0718506472874884,2.5382048859798387,000026.npy
0.028304149645395266,0.07571879432245097,2.675183507344631,000027.npy
0.0006685279273962896,0.014643891748706804,21.904682104808355,000028.npy
0.003053133842386072,0.02675031684495241,8.761593240958288,000029.npy
0.003366036964954451,0.021224279664279644,6.305420849488926,000030.npy
0.003057101476742421,0.02489438951334397,8.14313482741428,000031.npy
0.0010433965887211307,0.01388264065149133,13.305238668838042,000032.npy
0.004361997631631974,0.02267753903713095,5.198888433244657,000033.npy
0.00361411256468058,0.02055953717355937,5.688682021083581,000034.npy
0.004628832542397639,0.028171385749679447,6.086067164140957,000035.npy
0.0018551907599997294,0.022229525135540978,11.982339284916382,000036.npy
0.001275067830316135,0.017861361865819485,14.008166019201383,000037.npy
0.0013150534793421394,0.023036718069797364,17.517704348270204,000038.npy
0.0013642874279714088,0.014911308134079685,10.929740917074872,000039.npy
0.004264044271917656,0.030561892562344616,7.167348790783721,000040.npy
0.00772329544437546,0.026966849405712184,3.4916247342135978,000041.npy
0.008599959741821107,0.03738486055193475,4.347097157535195,000042.npy
0.008040521436376341,0.026747837682164814,3.3266297330951153,000043.npy
0.033139238843235136,0.07612972218256966,2.297268278894496,000044.npy
0.004391648994785566,0.023683189567776736,5.392778337135832,000045.npy
0.004805517313661729,0.024457749170304122,5.089514316530093,000046.npy
0.004930597878986763,0.024792849354293996,5.028365719282821,000047.npy
0.0057511584319875795,0.031610393681920076,5.4963524394683185,000048.npy
0.012904757176115358,0.05641143035424082,4.371367053328054,000049.npy
0.013341858374176936,0.059216142900448944,4.438372918994775,000050.npy
0.01318545536679412,0.061066626599467544,4.631362732425962,000051.npy
0.001438891004465739,0.01728010597692331,12.00932239640354,000052.npy
0.005803050083534445,0.022953690505249046,3.9554527656796066,000053.npy
0.004646965557838212,0.022995846515833862,4.948572617048415,000054.npy
0.005819067521374422,0.02749939675545627,4.725739416275989,000055.npy
0.005988465556793375,0.023527555116350515,3.9288119619777735,000056.npy
0.0004650808932754597,0.020576487662505256,44.2428143507399,000057.npy
0.0003992790491565667,0.01299185523449239,32.538284266099055,000058.npy
0.00042354594365993134,0.018713594332794303,44.18315077675837,000059.npy
0.0017902652993422715,0.018321716150825434,10.234078797328305,000060.npy
0.0007396055376060942,0.020110302596423577,27.190578690533712,000061.npy
0.0008759689359526171,0.023721871835406097,27.080722655453314,000062.npy
0.0005205562732339225,0.02071106822291924,39.786415511749844,000063.npy
0.0008696417177662451,0.016384353678749342,18.840349222198903,000064.npy
0.0037835526347500367,0.029963880244519403,7.9195092893373955,000065.npy
0.003900989851948145,0.02793130017036081,7.160054556474155,000066.npy
0.0038768602860418484,0.021631440406397258,5.579628566884117,000067.npy
0.0017448945942260122,0.015536189360865494,8.903798203268048,000068.npy
0.00362292351087739,0.020657285018539865,5.701827530119538,000069.npy
0.004205966073586966,0.022829000792986286,5.427766270375383,000070.npy
0.003626865913220954,0.020571799764715064,5.672059638337597,000071.npy
0.006617530370734379,0.02675468494691965,4.0430014590031345,000072.npy
0.004144841501332733,0.020092285675903727,4.847540169050061,000073.npy
0.00460955992450223,0.02170391449739315,4.70845695666456,000074.npy
0.004697078084973117,0.028299564890024973,6.024929620722285,000075.npy
0.0008455341653372796,0.020995729729236825,24.831320325217618,000076.npy
0.002942783818449997,0.023268804215755216,7.907072229690365,000077.npy
0.002667858571505301,0.02371804203224993,8.890292115813722,000078.npy
0.0035321527631426465,0.028687182039837375,8.12172744397157,000079.npy
0.0031181391934698385,0.02101762920802324,6.740439697592384,000080.npy
0.011170196865224054,0.033743875985267326,3.0208846263310325,000081.npy
0.011433477247629647,0.038962907171891055,3.407791551565026,000082.npy
0.011928514389116825,0.03981890290434584,3.338127582621448,000083.npy
0.01698987729075253,0.05020298567504196,2.9548762956876806,000084.npy
0.008899275853569056,0.038203717644354096,4.292901834899251,000085.npy
0.014461330833707644,0.04412856807442155,3.0514873478664644,000086.npy
0.011742788077263427,0.0366991797983515,3.1252526703844534,000087.npy
0.0010468321560378577,0.020811353262408384,19.88031521910514,000088.npy
0.0006556504008412598,0.023386299052431947,35.66885490767079,000089.npy
0.000712687962429956,0.015253880551767853,21.40330879078615,000090.npy
0.0004816921610619036,0.016386673578510424,34.0189749182685,000091.npy
0.005621588268671569,0.03159682637197226,5.6206226527540135,000092.npy
0.0035943333548640547,0.022420918362560827,6.237851680335026,000093.npy
0.004498762008055623,0.028000476988018965,6.224040509957272,000094.npy
0.003692599605565511,0.02328903239419256,6.3069476457139375,000095.npy
0.012282346818552396,0.046111312115654966,3.7542753672490248,000096.npy
0.001887459558264974,0.019026981569846856,10.080736022898662,000097.npy
0.0017407089688014517,0.01828641478358585,10.505153418421017,000098.npy
0.0017742230242573645,0.018974871849290937,10.694750085062438,000099.npy
0.0028075244794894113,0.021976069172189527,7.827561015374879,000100.npy
0.0003934834235519073,0.014277359862587368,36.284526800198,000101.npy
0.0005515794763126502,0.019982993329381374,36.228674474511806,000102.npy
0.00040672897365600936,0.017374910155661113,42.71864371441923,000103.npy
0.0012933535934182673,0.024695000288950376,19.0937732701457,000104.npy
0.002481698796455862,0.01543449548787792,6.21932665829582,000105.npy
0.003626070637836115,0.018044897841754347,4.976433070412093,000106.npy
0.0031533269997223432,0.019052453528316343,6.042016424224932,000107.npy
0.04177431508761032,0.09159444007050363,2.192601838646941,000108.npy
0.034424403393527966,0.08049918567781737,2.338433719714468,000109.npy
0.04669010668627819,0.1012854380340309,2.1693126279068555,000110.npy
0.04775378548272568,0.10779009097788411,2.2572051594866465,000111.npy
0.006178942850620024,0.027346619818244346,4.425776459815368,000112.npy
0.0005305964755169352,0.021257523788855624,40.0634469520024,000113.npy
0.0005266063584934611,0.02525088344648065,47.950206054802095,000114.npy
0.0005622711380073794,0.013255914399006728,23.57566213234493,000115.npy
0.003758121553152166,0.0199481007939908,5.307997760996078,000116.npy
0.005622700272506105,0.027343893033473055,4.863124780688768,000117.npy
0.005511290708037946,0.02584008041587186,4.688571476459552,000118.npy
0.0046169738478589566,0.02749299733644526,5.9547656619800655,000119.npy
0.0014785129884612356,0.016041844736690278,10.849985662645995,000120.npy
0.0034431951846859536,0.018950681116876207,5.503806811957089,000121.npy
0.002911132056020034,0.026795103680047037,9.204358701774495,000122.npy
0.003977287484428162,0.024495856986450997,6.1589354747923055,000123.npy
0.015274373904005134,0.042470761164332536,2.7805238649693944,000124.npy
0.008373623812783016,0.028918664277745577,3.4535423278921775,000125.npy
0.009012815803490238,0.026686857615281095,2.9609900163482252,000126.npy
0.009984201248872223,0.03156728831859117,3.1617239606418357,000127.npy
0.0005823793742884095,0.02048362459790095,35.172304288346275,000128.npy
0.009185027182156125,0.03332550315340616,3.628242191326316,000129.npy
0.009785568084566848,0.03193334029295345,3.2633098063109176,000130.npy
0.009690493268541918,0.028763940164262383,2.968263778240268,000131.npy
0.0005209368233738151,0.016476214662282124,31.628047571962547,000132.npy
0.002941915491904839,0.020364829553870735,6.9223026983560825,000133.npy
0.0041814199186439175,0.02964324490252649,7.0892772008535445,000134.npy
0.0034002448365815134,0.02323123016759755,6.832222759911955,000135.npy
0.005890838931157603,0.025300361572813762,4.294865615099604,000136.npy
0.022970953153899416,0.06121084567429988,2.6647063908292536,000137.npy
0.02257474118938606,0.06311669760667064,2.7958990570642843,000138.npy
0.023992420465166572,0.07467062427462152,3.1122589061374577,000139.npy
0.007795763136214043,0.03738755155351723,4.795880903056573,000140.npy
0.009789931046384323,0.03192738507590898,3.2612471857439025,000141.npy
0.008862794869824824,0.02955316654624058,3.33451997682196,000142.npy
0.009757886005318846,0.03625245551212768,3.7151956366011993,000143.npy
0.00359313320673901,0.022009779830662914,6.125511791284975,000144.npy
0.0017431347742735159,0.017226521714888986,9.882495582239741,000145.npy
0.001772988203082199,0.025099849228403866,14.156805539717054,000146.npy
0.0017006967023092663,0.017741071883267106,10.431649482089309,000147.npy
0.004189417643575065,0.03146897625753657,7.511539533253789,000148.npy
0.0013484246287847124,0.017019340229101017,12.621647405549318,000149.npy
0.0013729652169854685,0.026289299311320253,19.147826156072732,000150.npy
0.0013515240961230416,0.023826832218780084,17.629602217599903,000151.npy
0.01013100691117318,0.04563661143866804,4.50464715257791,000152.npy
0.0011236175344090278,0.01872576575257514,16.665604766268125,000153.npy
0.0005578278761437981,0.019575360748329995,35.092116316524304,000154.npy
0.0010794460375329479,0.0248399224218087,23.011731514220116,000155.npy
0.01218085241372944,0.04698181469703827,3.8570219142649242,000156.npy
0.0167819012517981,0.04974428564416248,2.964162695026492,000157.npy
0.014084731302592272,0.040551086804562535,2.879081320864111,000158.npy
0.01649730595694434,0.04316832599776103,2.6166894224310098,000159.npy
0.0024212492340797073,0.015829121266412633,6.537584416373202,000160.npy
0.0014502088181101457,0.02227098032947788,15.357085156979977,000161.npy
0.0016807484353133335,0.023202855269002825,13.805073245165424,000162.npy
0.0016963576955454284,0.017572526724288502,10.358974855995479,000163.npy
0.002540753198850904,0.020985378328327732,8.259510735068323,000164.npy
0.0002821991293622575,0.018269889907964368,64.74112760557202,000165.npy
0.00031792889658111126,0.021515132889768713,67.6727817271775,000166.npy
0.0003029191349545298,0.023082285160411952,76.19949492024419,000167.npy
0.003526094221474005,0.027810739194078338,7.8871231000643975,000168.npy
0.0005423263616625748,0.014955166696714737,27.57595375650134,000169.npy
0.0004357613124381507,0.01785537172201505,40.975119113113585,000170.npy
0.0015705142200708802,0.02214370094789523,14.099650071169807,000171.npy
0.0008985453292474515,0.024717290441012868,27.508117409286342,000172.npy
0.003262810840941157,0.029255931809553555,8.966481119435109,000173.npy
0.0036616315037893707,0.023085861514160914,6.304801967364788,000174.npy
0.003807260787537083,0.029956805323397874,7.868335527367064,000175.npy
0.009062342506076883,0.033069137725507416,3.6490717163562687,000176.npy
0.001962281789835073,0.027127095792063193,13.82426108205332,000177.npy
0.0004186252171416605,0.015352768004511774,36.67425501422249,000178.npy
0.0021160233685817036,0.017396690816049,8.221407696687198,000179.npy
0.01245869748363341,0.03058820371141042,2.455168668324918,000180.npy
0.005901404316085779,0.025259335824445964,4.2802245818533375,000181.npy
0.0058436457693169614,0.025093351234286985,4.294125999688361,000182.npy
0.0068182655642326,0.030838734283269213,4.522958806638557,000183.npy
0.005477467325814101,0.028473187424586856,5.198239574374224,000184.npy
0.002046082075942084,0.016785800705380115,8.203874563754976,000185.npy
0.00185442228696855,0.021508969480484228,11.598744051467639,000186.npy
0.0020492102673374153,0.02435131667104,11.883268910123576,000187.npy
0.011713222853918907,0.04353527357330036,3.716763021888373,000188.npy
0.011602927481108881,0.03466631635589332,2.987721539270757,000189.npy
0.010693407558467989,0.03381257419515627,3.1620018229098985,000190.npy
0.010803903955388161,0.036083270735203316,3.3398363111945195,000191.npy
0.0011937715967779157,0.01580794497109479,13.242017988633394,000192.npy
0.010420241039907494,0.03929707191593426,3.7712248462068105,000193.npy
0.010417333202690811,0.03473939832685556,3.3347688557708373,000194.npy
0.010355665261390746,0.032022873132268974,3.0923047744279883,000195.npy
0.004534979441794334,0.02229140924354971,4.915437771160949,000196.npy
0.0007469611362999478,0.01408428723896482,18.85544847871941,000197.npy
0.0006533729837580974,0.017288510563606255,26.46040005925114,000198.npy
0.000738666107520139,0.01989200081008308,26.929624334511814,000199.npy
0.0024430170751652924,0.018966129590820786,7.763404430062835,000200.npy
0.0009957771443588632,0.02447217080916066,24.575951480932268,000201.npy
0.0009615421250304718,0.022144999169467737,23.030711365594343,000202.npy
0.0009937651173438718,0.0172552853100062,17.36354495895615,000203.npy
0.005948218592052535,0.027968768966592908,4.702041212853235,000204.npy
0.009392032033804301,0.03517055533468333,3.744722676131307,000205.npy
0.014372815822148246,0.05007136323676552,3.48375459992486,000206.npy
0.01373786629044317,0.042010044217829834,3.057974457430584,000207.npy
0.0006254890971061855,0.017846820961358402,28.532585166382315,000208.npy
0.0008203305255176717,0.024333557003806242,29.66311287732146,000209.npy
0.0009408746826712308,0.022504916650504563,23.91914358211007,000210.npy
0.0015190945899884525,0.018156290479215163,11.952047349731613,000211.npy
0.007129967666366195,0.035671802888413096,5.003080596379511,000212.npy
0.0010573880164145568,0.02410600082859344,22.797686783453024,000213.npy
0.0009271781572780638,0.013451129194680746,14.507599295330584,000214.npy
0.0008774958675387334,0.01804529525783921,20.564535863729454,000215.npy
0.018366145305753537,0.04543840846162568,2.4740307616926684,000216.npy
0.003564826224949627,0.022296688961777156,6.2546355837689065,000217.npy
0.0017905835232025007,0.023994089760857058,13.400151089038792,000218.npy
0.0015890328215713832,0.017401238133750774,10.950836186374033,000219.npy
0.0008605210407300526,0.022164505070481733,25.75707507037903,000220.npy
0.00639449172660034,0.03311487694064689,5.178656623905572,000221.npy
0.006308411998341419,0.026744656939992985,4.239522869429747,000222.npy
0.00875574004327093,0.03322709819182379,3.7948931814809868,000223.npy
0.00511837315588729,0.02735091851229314,5.343674186101438,000224.npy
0.00827429538349932,0.03841314039069994,4.642466652044031,000225.npy
0.007722914398661773,0.0372392745948414,4.821919895612504,000226.npy
0.006938976421377363,0.04189166079468672,6.037152779564312,000227.npy
0.07014148698560388,0.1452233497120561,2.070434431206055,000228.npy
0.01171301789856512,0.03666502004302785,3.1302795196265465,000229.npy
0.01096168767966338,0.03960995489933898,3.613490554945446,000230.npy
0.009275646303615903,0.035703863867316256,3.849204971361262,000231.npy
0.043309228682505516,0.10482981296018856,2.420495957738296,000232.npy
0.03245476876873877,0.08083160019598581,2.490592392460803,000233.npy
0.03029117833343493,0.07800338533104931,2.5751188834861294,000234.npy
0.031659087819484816,0.07887025361946079,2.4912358204277854,000235.npy
0.0020087414627739907,0.02139727662777193,10.652080924625848,000236.npy
0.004414558927217474,0.026958872833757447,6.106810051268925,000237.npy
0.0030491372305027696,0.025217139731235905,8.270254113753882,000238.npy
0.0023098897910010887,0.016895143915046627,7.314264072057799,000239.npy
0.014621199873177544,0.05139195116840393,3.514892868687685,000240.npy
0.00011900901878156011,0.018802514229247048,157.99234599830228,000241.npy
0.00012946283863481445,0.013008794048816344,100.4828419221394,000242.npy
0.00011878686725434699,0.012865660847895845,108.30878057453147,000243.npy
0.0245997832832365,0.06369679021024315,2.589323225951342,000244.npy
0.0012167798060609024,0.01988219139549524,16.340007683493795,000245.npy
0.001981740746991779,0.018863709869650233,9.518757632533923,000246.npy
0.0016287012461111423,0.018719120822030675,11.493280831111983,000247.npy
0.003121665088786932,0.01784250013642023,5.715699674444597,000248.npy
0.05871870901543497,0.1306795658956488,2.2255183754137455,000249.npy
0.054302122666476965,0.11710172015092633,2.1564851316956304,000250.npy
0.05874182131991937,0.12466235697532999,2.1222078950407814,000251.npy
0.0012477530979497144,0.013627111065642922,10.92132015389377,000252.npy
0.0011446480993505498,0.016820181273540593,14.69463083841173,000253.npy
0.0010943827434646129,0.016342471937499294,14.93304972246639,000254.npy
0.0011310255216087255,0.014463947154802752,12.788347271281257,000255.npy
0.0024376534108848606,0.01825879650025342,7.490316881075893,000256.npy
0.014940869372559777,0.05184641694314049,3.4701071033986075,000257.npy
0.014958948829074288,0.04249589684533102,2.840834428211623,000258.npy
0.01802984744982633,0.04824591890161321,2.675891686504649,000259.npy
0.0182302556713874,0.05973462365452761,3.276675035666402,000260.npy
0.005330983256071999,0.027648580371097752,5.186394148850416,000261.npy
0.006854234759672848,0.030721688757252827,4.482147144203887,000262.npy
0.007272814209959739,0.037709922626501274,5.185052379129176,000263.npy
0.00658281119612909,0.027417630412313744,4.165033690358791,000264.npy
0.003446364030021222,0.019664805924318542,5.705957277963899,000265.npy
0.003464400044814826,0.021468299599501826,6.196830422755777,000266.npy
0.0032661623561102498,0.028347081488334695,8.67901787785433,000267.npy
0.0008783908799654632,0.02177630773322234,24.791135935162952,000268.npy
0.036547226723067344,0.0947193865818414,2.591698333172462,000269.npy
0.03759202640867222,0.09398026321273063,2.5000052455153106,000270.npy
0.036533648098411926,0.09582507419253791,2.6229265123698497,000271.npy
0.0089117281283565,0.03543701531120733,3.976447081624131,000272.npy
0.0028142706417768827,0.026703092716469243,9.48845939391277,000273.npy
0.0029473465485843754,0.031038400885578573,10.530964161969857,000274.npy
0.0028062053247210517,0.020888776193326127,7.443780397273238,000275.npy
0.0028643606885077953,0.018838304407615546,6.576791979313427,000276.npy
0.0017086926949185367,0.015430559045052408,9.03062269939502,000277.npy
0.0021039984837521297,0.02186874992050436,10.393900033668844,000278.npy
0.0015657019280620476,0.025578512816426757,16.336770328149157,000279.npy
0.007373663335119565,0.02683888319024083,3.6398302943628766,000280.npy
0.004282756437045288,0.022654440295227327,5.289686822948805,000281.npy
0.003998630357604672,0.02666026205613242,6.6673484834030905,000282.npy
0.005317601455307089,0.021661795436874406,4.073602660120726,000283.npy
0.007623241730769968,0.03088327286568251,4.0511994704268695,000284.npy
0.0056683818275174176,0.0278108210703213,4.906306934265807,000285.npy
0.005138445883914193,0.029416179860056058,5.724723101087456,000286.npy
0.0057160870071111735,0.03253138469549776,5.691198305822752,000287.npy
0.002278922564067934,0.02293208169032002,10.06268578091701,000288.npy
0.006663766842524107,0.028195591008782328,4.23117910212945,000289.npy
0.018059156684432042,0.05177566421006655,2.867003432825462,000290.npy
0.016501916060174572,0.04760090966863384,2.884568646039138,000291.npy
0.011017480787414135,0.031414435811915935,2.8513265796615697,000292.npy
0.0026871935405130875,0.018435702758028426,6.860578694546791,000293.npy
0.0027575842960861473,0.025796114003938816,9.354605780210148,000294.npy
0.0026918763501444947,0.02762823091420661,10.263558689632983,000295.npy
0.010006860249278668,0.03322778669805692,3.320500723304455,000296.npy
0.007987415030030818,0.0402481228895267,5.038942227762574,000297.npy
0.007625451234572899,0.03943646951919861,5.171689950127358,000298.npy
0.00806150932491304,0.027876471024475064,3.4579716897266994,000299.npy
0.04867838301611211,0.1514832090303483,3.111919493671283,000300.npy
0.005831234881784419,0.02194235593663779,3.762900376799827,000301.npy
0.004815196507205782,0.02237037905995177,4.645787357344492,000302.npy
0.005416237748930438,0.02939607838876081,5.427398084609257,000303.npy
0.005048902754258827,0.025606804211469613,5.071756271359776,000304.npy
0.0016565451450139088,0.02123338458215992,12.817872567042997,000305.npy
0.0015679971151570397,0.022884291129628972,14.594600267324113,000306.npy
0.0015666112723947284,0.015349931325870122,9.798174944578292,000307.npy
0.0012766953123945681,0.02078598375295594,16.28108408942827,000308.npy
0.003417525092409147,0.025225154730229953,7.381117633891793,000309.npy
0.0033986416372677676,0.019186116916888322,5.645230936341724,000310.npy
0.0034073174776040713,0.023197900647304252,6.8082592226798,000311.npy
0.01721619763502556,0.049546051504425453,2.8778742294261557,000312.npy
0.001339122107821132,0.022775008092909235,17.00741698153183,000313.npy
0.0012972123128982156,0.01469804531690911,11.330485503749525,000314.npy
0.0007487618579308784,0.01927521802381585,25.742788304332194,000315.npy
0.00037636744199599363,0.023065204523195933,61.28374000840837,000316.npy
0.0025109041144374057,0.02810722684121919,11.194066180947273,000317.npy
0.0036305104231885645,0.029601999731367123,8.153674352548734,000318.npy
0.003858030049052795,0.021008466273233987,5.4453868947823505,000319.npy
0.007912547906263044,0.029126900402570564,3.681102565816322,000320.npy
0.004831225097578201,0.022395303964551222,4.635533122259614,000321.npy
0.004623457973793154,0.02287582430729831,4.947773816268274,000322.npy
0.004551931974828189,0.024984898522865766,5.488855865276843,000323.npy
0.005325787439444252,0.02312861086340691,4.342758910873399,000324.npy
0.013122282845078697,0.039539371345167766,3.0131473166639773,000325.npy
0.015929615332603012,0.04285790241259676,2.6904543214668464,000326.npy
0.016212272098564132,0.046023721852259586,2.838819973574027,000327.npy
0.00035852398695948806,0.022417999492443025,62.52859012595882,000328.npy
0.01327213067092317,0.038243858764222545,2.881516141649086,000329.npy
0.013240676429934277,0.03603175255515306,2.7212924312516122,000330.npy
0.013437248053996669,0.03800335596100752,2.8282097499774808,000331.npy
0.0025490771416314573,0.02029180694090392,7.960452276056396,000332.npy
0.010974387227603343,0.042206535819267414,3.845912754951953,000333.npy
0.01074438234452007,0.036570054603618715,3.4036441955052723,000334.npy
0.010748466566571507,0.03959729527064953,3.683994830585037,000335.npy
0.00135370338360751,0.015806466610883287,11.676462356239274,000336.npy
0.0013147018158684556,0.02396901132833601,18.231519133691332,000337.npy
0.0013382160798684722,0.021807858072072358,16.29621582406897,000338.npy
0.0010626854542187107,0.021170769602452344,19.9219529160632,000339.npy
0.0017967412130377692,0.017795048407996318,9.904068693902765,000340.npy
0.00036490970377497993,0.012741315272903484,34.91635083194174,000341.npy
0.0003463137099677427,0.01683705819292406,48.617937034241024,000342.npy
0.00034857343863634716,0.020069151873477544,57.575103528871544,000343.npy
0.002202230201369636,0.023074892172605055,10.47796554092124,000344.npy
0.002872920901548453,0.025376945252528024,8.833151386457299,000345.npy
0.002554228788369681,0.020465577948311893,8.012429440340885,000346.npy
0.002567265539764737,0.022704959494483843,8.844024560357902,000347.npy
0.007462218859388325,0.03598567386797002,4.822382530213991,000348.npy
0.0049932612964017605,0.0311572711609911,6.239863949880563,000349.npy
0.005394739999250213,0.025819830287177836,4.786112080838055,000350.npy
0.006321816439279435,0.02640796612653551,4.177275056465928,000351.npy
0.047333102654925865,0.14372088785153253,3.0363715832716367,000352.npy
0.04579187076383785,0.14614188089413843,3.1914372235553263,000353.npy
0.04576394376781684,0.14964508992882686,3.269934310857924,000354.npy
0.04568222293063069,0.142397659769963,3.117135083029549,000355.npy
0.006368963931149671,0.02834489117630518,4.450471297886299,000356.npy
0.00860989586038037,0.02981534194666847,3.4629155134622454,000357.npy
0.012584764885055989,0.04213364269614187,3.347988069592484,000358.npy
0.010762467139791263,0.03445998930419648,3.2018670862732086,000359.npy
0.006939147491918538,0.02658456379293363,3.831099399611179,000360.npy
0.00332831078003914,0.02294471341517929,6.893801368217082,000361.npy
0.004490961946258425,0.02876819657267142,6.405798337087535,000362.npy
0.007613992453861988,0.037797724996168645,4.964245134368703,000363.npy
0.0044558380686789325,0.02222580112538176,4.988018141328742,000364.npy
0.017384409841638315,0.052070705516794734,2.9952529875407214,000365.npy
0.015756607833316803,0.0523130666568748,3.320071630134791,000366.npy
0.017180920343779098,0.05544905080201821,3.227362078997587,000367.npy
0.0023847597999356227,0.018307095721445444,7.67670425980132,000368.npy
0.0036045929302243266,0.019608541535606767,5.439876821249433,000369.npy
0.0050521251368829696,0.026988441603226915,5.341997845986864,000370.npy
0.004369263776312424,0.026095529912923292,5.972523345792343,000371.npy
0.0011386010668431976,0.01847743052838382,16.22818654507747,000372.npy
0.013281404869734543,0.040185316079221385,3.0256826345810275,000373.npy
0.012725230183129203,0.04226492286172436,3.321348396152142,000374.npy
0.013711537008721339,0.049507274383851906,3.6106290891934107,000375.npy
0.003969521766010763,0.03039036209460336,7.65592529260489,000376.npy
0.005309543159074786,0.02653275568618471,4.997182410475214,000377.npy
0.004952509824304154,0.024660334560840377,4.979361057668549,000378.npy
0.004763237584022311,0.02725422905959402,5.721786615535021,000379.npy
0.00971749100572972,0.034064299855544114,3.50546245249451,000380.npy
0.0020321840936959037,0.022779041891543585,11.20914288818516,000381.npy
0.0025777045001382196,0.023312577390906152,9.04392934939291,000382.npy
0.001789574628571782,0.024004097442927183,13.413297801204857,000383.npy
0.0041779104312631155,0.02656973030683956,6.359573939800118,000384.npy
0.011698451801279817,0.042892635560873166,3.6665223985890307,000385.npy
0.013112514631296477,0.052705382534566886,4.019471780473907,000386.npy
0.012509280953736693,0.04731974339118129,3.7827708533689512,000387.npy
0.002173213453810349,0.024348863126950827,11.204082633509966,000388.npy
0.00437500026852319,0.031274533583951894,7.1484643790342774,000389.npy
0.04785002219963231,0.09838136862883415,2.0560360080362536,000390.npy
0.006933871350089855,0.024538052404871,3.538867562348722,000391.npy
0.0025225771768243393,0.02433758358431802,9.647904452346067,000392.npy
0.00043306222343793776,0.01455606394083253,33.61194562911724,000393.npy
0.0004095335751205059,0.014086949178575196,34.39754394015813,000394.npy
0.0002308360974524317,0.014655302577444072,63.48791491753654,000395.npy
0.00883628070533345,0.029691656260296007,3.360198396596246,000396.npy
0.000647661332823806,0.02188196228536618,33.78611805829849,000397.npy
0.0014969101597581119,0.023121598421565043,15.446216498961489,000398.npy
0.002054788271778231,0.020424906703254118,9.940151486575344,000399.npy
0.00028912214734482563,0.02280406414958506,78.87345982012927,000400.npy
0.00022951750143110933,0.01478902216756731,64.43526969367532,000401.npy
0.0004222846545922336,0.0142192652788721,33.67222817966302,000402.npy
0.0003366369786669901,0.02272577188737118,67.50824556129304,000403.npy
0.009164969319335269,0.03479920634419515,3.7969801238704135,000404.npy
0.04649146995617859,0.1461639097912618,3.143886608164626,000405.npy
0.045742497520180586,0.14358216910872829,3.13892281555558,000406.npy
0.04613275109625207,0.1424449392353897,3.0877182879491127,000407.npy
0.0027859805076422086,0.02266236793267736,8.134431616939855,000408.npy
0.0009667879923382625,0.02079411915543303,21.508458213917354,000409.npy
0.0009713880197028306,0.019104442779144866,19.667159130006752,000410.npy
0.0010499850910377854,0.016742247361923847,15.945223879732332,000411.npy
0.00041989941011420366,0.0141032154749231,33.58712849465589,000412.npy
0.005253070954246658,0.031725985152260966,6.039512015647477,000413.npy
0.004983395718257253,0.024802898299764304,4.977107919589623,000414.npy
0.004565584589408431,0.023392904783208487,5.123747971585778,000415.npy
0.004193257523162646,0.029133623897398292,6.947730667750009,000416.npy
0.0035476988138785485,0.023971463164126672,6.756904803923528,000417.npy
0.003793242575648248,0.03172547289701235,8.363681535507107,000418.npy
0.0034303253096582952,0.029102089872776276,8.483769683112488,000419.npy
0.0006139943529120634,0.015130392573611625,24.642559786109384,000420.npy
0.00046470955857858497,0.018521638635873187,39.856375353391186,000421.npy
0.0004516806150580516,0.021776933777210863,48.213124504355555,000422.npy
0.0004612914690262804,0.02140597192955852,46.40443910514754,000423.npy
0.0021760484279279,0.02793962325380784,12.839614635127026,000424.npy
0.017082195411490045,0.04398303528859669,2.5747882065227676,000425.npy
0.012576705628189449,0.04571622825101086,3.634992310379551,000426.npy
0.014525363075961247,0.03912996405362852,2.69390609014743,000427.npy
0.006683705696242953,0.031699015881834616,4.7427306525346475,000428.npy
0.007663735845403675,0.02784497167570187,3.6333417845773672,000429.npy
0.00673009812486296,0.03486575370938668,5.180571376277824,000430.npy
0.007005284911868715,0.026893222326966636,3.838990513942375,000431.npy
0.005324656226881324,0.020927096463745642,3.9302248951144985,000432.npy
0.004009358741936671,0.023339953492729153,5.821368201298371,000433.npy
0.004045245570836172,0.022857672088500123,5.650502962944923,000434.npy
0.0038666290120835545,0.022060215230813803,5.705283635220346,000435.npy
0.004850116984761502,0.021885929685146077,4.512453977996127,000436.npy
0.0013934078004799884,0.01948044390994535,13.980432641653412,000437.npy
0.0015150712283888003,0.01722597736690314,11.369747529858596,000438.npy
0.0018171310259236962,0.018123245492983726,9.973549086697062,000439.npy
0.0012632703691493551,0.026769370546220275,21.190531480648406,000440.npy
0.001071012555226381,0.01681296769930024,15.698198496887152,000441.npy
0.000936353087176811,0.018032512696212373,19.25824021398144,000442.npy
0.001049762188739836,0.02157736259726412,20.554524452449243,000443.npy
0.006042341787761687,0.030704027918672935,5.081478174038446,000444.npy
0.0007269934523860904,0.01606483531865879,22.09763409124828,000445.npy
0.0005679543112206459,0.019825928448236187,34.907611444516974,000446.npy
0.0004822537012097128,0.013921154989679685,28.86687012850745,000447.npy
0.0021906897660166134,0.024095395216487736,10.998999301622703,000448.npy
0.001873076686951432,0.019688614377912462,10.511376552577637,000449.npy
0.0017211103312792634,0.02584795754024583,15.018187420335465,000450.npy
0.0016004973895474377,0.025507259799336348,15.937083028677595,000451.npy
0.0012139128295334128,0.017220920958585836,14.186291244667613,000452.npy
0.0015433298533546152,0.017392468541563025,11.269443465691364,000453.npy
0.0015307640678923703,0.019117333567739824,12.488752484615565,000454.npy
0.0014750421064248162,0.016787282980762035,11.380883906473628,000455.npy
0.002305899834157725,0.020855665161553454,9.04448009604325,000456.npy
0.014458275792142138,0.05001420826941488,3.459209727769729,000457.npy
0.014504517707650369,0.04567137878123381,3.1487692110573104,000458.npy
0.013327603344983192,0.04160943346612516,3.1220492077193933,000459.npy
0.001971269728230028,0.02072054585084386,10.511268724213222,000460.npy
0.0008525539670605249,0.01717966672246731,20.15082606740936,000461.npy
0.0007139160171267639,0.019430239833727693,27.21642229811635,000462.npy
0.0005946356564028153,0.014772747006182226,24.84335882530997,000463.npy
0.00612029941549662,0.02790913828698508,4.560093614498491,000464.npy
0.0014113526693888274,0.019189483563194852,13.596519117300534,000465.npy
0.0015319967527340525,0.01751182377531172,11.430718592339582,000466.npy
0.0016210217287597499,0.02151355095132303,13.271599360677005,000467.npy
0.00921915250169114,0.038974694403618296,4.227578879212736,000468.npy
0.01293769118187561,0.0488424220038144,3.7752038840950584,000469.npy
0.013793189368268064,0.048928939723444274,3.547326032763711,000470.npy
0.01255910306717563,0.04358899281538005,3.470709060970538,000471.npy
0.002566121733489747,0.02851065163562708,11.110404956020606,000472.npy
0.0006997951038728487,0.014205164953163846,20.29903446773166,000473.npy
0.0005203476313181267,0.02501929425266925,48.081883532763186,000474.npy
0.0005563621178453788,0.015100421224172173,27.141354009705328,000475.npy
0.01866106277962254,0.05279885043293119,2.8293592414659785,000476.npy
0.003366152508803541,0.029879500025035678,8.876454628545495,000477.npy
0.003329605567063014,0.029384346609903078,8.82517343578246,000478.npy
0.003626921755557027,0.031930602541715335,8.803774849840293,000479.npy
0.025862477572239417,0.06560873058766563,2.536830835439862,000480.npy
0.0008705907834685135,0.016504645337998343,18.95798305408695,000481.npy
0.0010897682327970963,0.014873893555580582,13.648676016876767,000482.npy
0.0008593563220293678,0.020321861743471253,23.64777124445126,000483.npy
0.0029574420608755696,0.027961685611191094,9.454685849182171,000484.npy
0.0006441490510854203,0.02374075961846681,36.856003346751116,000485.npy
0.0005902520986781301,0.013069999563777695,22.143080171853494,000486.npy
0.0005921860539975554,0.015347526156104742,25.916730101265383,000487.npy
0.020175469860897178,0.05307808576202666,2.6308227826340955,000488.npy
0.004664022148344074,0.023094954765595907,4.951724933348326,000489.npy
0.004862996165714025,0.026921922398019514,5.536077240466123,000490.npy
0.005004973352596137,0.02259910046220242,4.515328827268315,000491.npy
0.020166184249651036,0.052332220466493065,2.5950482162139124,000492.npy
0.003062999383784754,0.026907979693739405,8.784846588087156,000493.npy
0.002851119245009108,0.02223464595142432,7.798567521701366,000494.npy
0.0026397344620900966,0.01992965865149142,7.549872508449802,000495.npy
0.013433501556310817,0.04965871989434109,3.6966326079231133,000496.npy
0.013574909029312847,0.04422147484057062,3.257589037453129,000497.npy
0.012347905442394745,0.04072295192989248,3.297964348494131,000498.npy
0.014594890077291922,0.05400302026303405,3.700132030754846,000499.npy
0.001850801742919689,0.020678229401720205,11.172579381153579,000500.npy
0.001613011910064813,0.026837709196616752,16.638258535797245,000501.npy
0.0015395167290016885,0.021715233685341288,14.105227480260945,000502.npy
0.0017104799311367512,0.02190384743771739,12.805673441228189,000503.npy
0.005677315059069341,0.02942297797650039,5.182551552307372,000504.npy
0.01968078003127882,0.0511932582462408,2.6011803476934228,000505.npy
0.020767933425120566,0.048315284417193495,2.3264367920895612,000506.npy
0.02056173027085616,0.047890354424537075,2.329101383607144,000507.npy
0.00043357798853745354,0.02216888810838059,51.1301049507394,000508.npy
0.028911400161941783,0.08122976902488115,2.8096103463712665,000509.npy
0.025636490224183406,0.07423127539909447,2.8955319058135003,000510.npy
0.024929357035757747,0.06995218363458512,2.8060163578403685,000511.npy
0.0006589499404636069,0.019659622250296244,29.834773499835,000512.npy
0.017912012323337105,0.05033802395827363,2.8102941784424305,000513.npy
0.01627104949835004,0.04326613359401725,2.659086839895948,000514.npy
0.01532116262911536,0.05174834736710637,3.3775731396773727,000515.npy
0.0010162850417430418,0.015704337639747306,15.452689924826533,000516.npy
0.0023926781960440196,0.02061207384137101,8.614645240565878,000517.npy
0.001914836393792168,0.017981974862797026,9.390867497976895,000518.npy
0.0021794504747776697,0.017927598776736244,8.225742670908515,000519.npy
0.005048524342430303,0.02708505035950326,5.364943995119942,000520.npy
0.0011342219772065053,0.02205091470951136,19.441445443844678,000521.npy
0.001265572893457067,0.014673169083347046,11.594092405591432,000522.npy
0.0012795046779953065,0.02080340600648306,16.25895266269626,000523.npy
0.012672763698974892,0.042673131478913794,3.3673105953990397,000524.npy
0.0010891316038895598,0.023818039035565168,21.868834702469556,000525.npy
0.00044688947699187103,0.013844849036522059,30.98047664880107,000526.npy
0.00047534465235976223,0.014798287228919144,31.131700178647293,000527.npy
0.00237130463481186,0.023929125940318107,10.091122658782947,000528.npy
0.0047082815008619525,0.021439422581985414,4.553555808952142,000529.npy
0.004720679226160377,0.028514673108420353,6.040375068350649,000530.npy
0.006210704323601292,0.029364776042024466,4.72809113238692,000531.npy
0.006148980852636484,0.024587263177073233,3.9985915980747304,000532.npy
0.005570141160094303,0.033619413240464316,6.035648338014378,000533.npy
0.006776260482279812,0.02700490503906788,3.9852223961433517,000534.npy
0.0067805409585537605,0.02755560417817148,4.063924153477123,000535.npy
0.0018294776938360814,0.015217722374668221,8.318069369537577,000536.npy
0.00034854480796318366,0.020399521504195516,58.52768705945722,000537.npy
0.0008041351364708256,0.019152744776325697,23.817818529314753,000538.npy
0.00042357692423188677,0.016523791322989156,39.010130957778735,000539.npy
0.0003723036500512873,0.013655027175582916,36.67712400355119,000540.npy
0.002152028677543778,0.016523948695903824,7.67831249725034,000541.npy
0.0022739013250282,0.024746681034621763,10.882917720465265,000542.npy
0.0021532752118541957,0.02103436703877887,9.76854556919249,000543.npy
0.0005040123257640976,0.022796555208756175,45.230154103802455,000544.npy
0.0024040134941687463,0.019496264454411806,8.109881452243384,000545.npy
0.0021927233965292696,0.02219048008528603,10.120054408727501,000546.npy
0.003907866028082502,0.02282242049654202,5.840123568130691,000547.npy
0.0006231635926116319,0.013750391843953035,22.065460796996682,000548.npy
0.039008878121889516,0.07473938264343241,1.9159582700374318,000549.npy
0.03222682540422909,0.08151128468588954,2.5292992301271977,000550.npy
0.04132796814730461,0.07478944075878835,1.8096568525074328,000551.npy
0.0033295211379600303,0.020305098676965297,6.098504208418258,000552.npy
0.001162204648964276,0.015377719087468473,13.23150710930399,000553.npy
0.0010069604054062401,0.013512190921307357,13.41879068565493,000554.npy
0.0010074943745381646,0.014424968434942068,14.317666466611099,000555.npy
0.0007580491946927092,0.014716976888017024,19.41427676810418,000556.npy
6.71267233401063e-05,0.01632219191283544,243.15489954696622,000557.npy
0.00018273510564158077,0.018367841409865263,100.51621578601318,000558.npy
6.465331886150666e-05,0.018679104052773256,288.9117541649154,000559.npy
0.006379585212531,0.032340901676544326,5.069436428084662,000560.npy
0.004209387491423048,0.029018996653703055,6.8938762960021185,000561.npy
0.00420988233007209,0.031209608325537663,7.413415832596397,000562.npy
0.004682335275837422,0.024249072314119626,5.178841514206585,000563.npy
0.0005517498976983232,0.015041574624903851,27.261581128314877,000564.npy
0.004544454877040873,0.030922442769286497,6.804433887044609,000565.npy
0.004564396637674149,0.03059232940230275,6.702381897334213,000566.npy
0.0036139363871952154,0.02326186236985409,6.436710520649469,000567.npy
0.004592396725578276,0.02488681230024518,5.419133795042999,000568.npy
0.006370138029284827,0.026646455420900435,4.183026379525561,000569.npy
0.006366983238829727,0.029129376075019663,4.575067183119939,000570.npy
0.00657092399491702,0.0263744992352937,4.013818947332528,000571.npy
0.012753130442209649,0.045726392114578324,3.5855033647777943,000572.npy
0.00020926601442893726,0.017978300332338163,85.91122785268136,000573.npy
3.0981492261918e-05,0.022093227094650728,713.1104659441123,000574.npy
4.651245893506568e-05,0.02035329309041304,437.5879736274434,000575.npy
0.007964955992671144,0.03175652955902312,3.987031389157261,000576.npy
0.004599869261853286,0.02135118968814179,4.641694898062756,000577.npy
0.004631517485203544,0.030458141264282278,6.576276858721053,000578.npy
0.0042643376363433304,0.03102977880152395,7.276576444321,000579.npy
0.0005927976967406945,0.02070565269389562,34.9286995779677,000580.npy
0.0013423749474944023,0.014644404281823356,10.909324774906155,000581.npy
0.0009408393094516391,0.014737181395988041,15.663866542644383,000582.npy
0.0005886309639128149,0.013588893320575708,23.08559034706648,000583.npy
0.001929416365620664,0.021258572668430828,11.01813638425013,000584.npy
0.0034245048084116476,0.02743346035903494,8.010927677671502,000585.npy
0.003393404392786937,0.02695594683560859,7.943629378792242,000586.npy
0.0031778074397053936,0.024708102665784146,7.77520448542331,000587.npy
0.003223301309123613,0.017596652043565354,5.459201716357855,000588.npy
0.0008606832190603116,0.02599881715733747,30.207184887972634,000589.npy
0.001157162699769572,0.019307695073323923,16.68537627550847,000590.npy
0.00101896113679643,0.014989866274108943,14.710930298603447,000591.npy
0.00030234138959022583,0.021008134318919264,69.48481079255319,000592.npy
0.005095910415395455,0.02761447997821853,5.418949259855979,000593.npy
0.003329181654324762,0.02261897928930485,6.79415593142164,000594.npy
0.0048625056702328775,0.023463693192579526,4.825432560910588,000595.npy
0.0008170232185061043,0.02340973962492207,28.652477759534673,000596.npy
0.0005579784468806277,0.01526677437573336,27.360867493576546,000597.npy
0.0014298811736343237,0.01672714838507017,11.698278628185976,000598.npy
0.0014288637344343261,0.024665741192090862,17.26248667483559,000599.npy
0.0014564951644007152,0.02193722184723713,15.061650988866617,000600.npy
0.0031810917729573787,0.021919836578452673,6.890664632471041,000601.npy
0.003187442287455102,0.02352258775480097,7.379768989386773,000602.npy
0.002644663659291992,0.01659782065305281,6.275966544728896,000603.npy
0.00636909473698778,0.034502189642840665,5.417126147936859,000604.npy
0.008103972886680917,0.029109380872343875,3.591988926517003,000605.npy
0.007092465321392614,0.03005923679338106,4.23819298763109,000606.npy
0.006555330193551502,0.024373487007608743,3.718117361787038,000607.npy
0.007453182164483431,0.030003748968311216,4.02562936248387,000608.npy
0.0033003691576659077,0.021429536848299686,6.49307268946909,000609.npy
0.0035499219265560074,0.025880701651765696,7.2904988281203185,000610.npy
0.0057519770769313555,0.027096657549418077,4.710842408322519,000611.npy
0.0011244323523906517,0.021237880808550286,18.887646504931002,000612.npy
0.04160946242980053,0.09136650462462373,2.1958107432311262,000613.npy
0.028630497304495617,0.07316032289156041,2.5553284007580723,000614.npy
0.028623226149699376,0.06913223303377938,2.41524951348261,000615.npy
0.0009889119893930552,0.015113842571992308,15.283303994509286,000616.npy
0.0029023108986157733,0.0274850072706296,9.470042398031252,000617.npy
0.0025930989245868956,0.018183038641545596,7.012088302196274,000618.npy
0.0024318577354508594,0.022539690897180813,9.2685071829391,000619.npy
0.00048051367045515164,0.013434658701542333,27.958952056156527,000620.npy
0.004674247968298725,0.027571216284706834,5.898535222521223,000621.npy
0.005027567459757394,0.02188872766684998,4.353741215548499,000622.npy
0.005401980515583621,0.025284373861314203,4.680574797464249,000623.npy
0.03829175864231798,0.09789824792193809,2.5566401594360206,000624.npy
0.047360081922846395,0.14876345179329453,3.141114747932695,000625.npy
0.0469192169584624,0.14348839929283705,3.0582010654143947,000626.npy
0.0461580299432618,0.1459155047203806,3.161216041880061,000627.npy
0.001413317215297717,0.02152049434803196,15.226938510949717,000628.npy
0.0017978946468811413,0.01629824148462916,9.065181602735732,000629.npy
0.0021530719816364435,0.020958280594530695,9.734129079078542,000630.npy
0.001948911074188141,0.018798328999730527,9.645555017904448,000631.npy
0.0017888484464251837,0.022981033741855013,12.846831030282774,000632.npy
0.0013932369644578735,0.026575907454076775,19.074937081031916,000633.npy
0.0014591921988950803,0.015813622668330266,10.837244518211723,000634.npy
0.0014547830379798656,0.020796852455770877,14.295501046915014,000635.npy
0.026150023228004884,0.06748179803152829,2.580563598034565,000636.npy
0.003839236816548009,0.01891130142401044,4.925797059085417,000637.npy
0.00369570450326098,0.020557574250939133,5.562558973055659,000638.npy
0.003965081985319205,0.026100007181726854,6.582463432731071,000639.npy
0.002773647597959273,0.028921376533921562,10.427199383863123,000640.npy
0.0075385916487342676,0.03440831556547616,4.564289613390724,000641.npy
0.008517885721752305,0.03373767740391376,3.9608041834602608,000642.npy
0.00011456161265069054,0.012978073998263092,113.28466478164752,000643.npy
0.0021979929255961984,0.01979629273247211,9.006531592496321,000644.npy
0.0028376227997895793,0.02429648723366451,8.562268116785614,000645.npy
0.002526511904943218,0.018592908430552873,7.359121636361977,000646.npy
0.002206425689579506,0.02522634732110914,11.433127990584433,000647.npy
0.004949711126789843,0.022085902670849634,4.462058916499129,000648.npy
0.01594329245690167,0.044425226960077197,2.786452489558364,000649.npy
0.015492234381060526,0.038565620717097106,2.48935174662441,000650.npy
0.015944265450257667,0.042516211945877604,2.6665519384917147,000651.npy
0.00407972029495242,0.020681141611551743,5.069254780301962,000652.npy
0.01752287239024827,0.04690158483795461,2.676592272758856,000653.npy
0.01794512875730098,0.0507928051052978,2.830450858860641,000654.npy
0.018175486463510845,0.05062115594812661,2.7851334844857467,000655.npy
0.003667992764660928,0.029710846737919707,8.100028717904564,000656.npy
0.0027080060385227295,0.021563788708966896,7.962976594308995,000657.npy
0.0026827907822474244,0.02055942654880835,7.663447585324519,000658.npy
0.0037233893349552342,0.02471013671533195,6.636463309844167,000659.npy
0.0024851293269037436,0.019620088550309077,7.8949969850699935,000660.npy
0.0010089520681318938,0.014763073790785425,14.632086343296397,000661.npy
0.0009628887918058654,0.018619890999933615,19.337530086600246,000662.npy
0.0009369800049476536,0.024497982032143553,26.145682808211582,000663.npy
0.050643099472151384,0.11887697156151904,2.3473478677098365,000664.npy
0.009056932774394745,0.036463799321147114,4.026064919153366,000665.npy
0.11046520145619383,0.22557753386422214,2.0420687319584103,000666.npy
0.1268391926322038,0.23153150467246802,1.8253940274045704,000667.npy
0.00038904324271811757,0.019769497242132294,50.81568067907726,000668.npy
0.001288613224506099,0.014468690766344156,11.22810978574399,000669.npy
0.0015118283146440053,0.016630199374026194,11.000058143468557,000670.npy
0.0011088438146698188,0.019865990392087328,17.91595003042596,000671.npy
0.021787917543272837,0.05799171662122745,2.661645680657128,000672.npy
0.005549033510546301,0.024119648023021786,4.346639459616558,000673.npy
0.005644268123752392,0.030291233123024428,5.366724693886378,000674.npy
0.005866467800844945,0.023756432085231257,4.049529101439898,000675.npy
0.04182064362467612,0.09048112018422086,2.163551594162201,000676.npy
0.03552218195119617,0.08492056263031882,2.3906347517052957,000677.npy
0.0355293816701656,0.07848440319184843,2.208999974140941,000678.npy
0.03744134283653367,0.0861254405430659,2.3002764862837153,000679.npy
0.0023908116536320786,0.02669152621356504,11.16421118445342,000680.npy
0.00435487739959065,0.02194193519285079,5.038473687198361,000681.npy
0.004678904183167988,0.028421506651940282,6.074393818345363,000682.npy
0.004588078037836254,0.02427355380672753,5.2905712593076135,000683.npy
0.00593772108179611,0.026262547175132985,4.423001149755216,000684.npy
0.0009943876498774184,0.01674685720499312,16.841376892820605,000685.npy
0.0008637842386139692,0.02076084711916738,24.03476026541713,000686.npy
0.0009669922244442926,0.021300468846451676,22.02754922632909,000687.npy
0.0016986049132355766,0.018276973693106064,10.75999106144777,000688.npy
0.0027375536247919835,0.017938426098030917,6.552721353117336,000689.npy
0.0023955855285099246,0.024355458644350535,10.166808216750681,000690.npy
0.0024172654084076363,0.02024709508328012,8.376033101487923,000691.npy
0.0015580223169483832,0.018451268335974803,11.842749699036139,000692.npy
0.005473615925063462,0.02066287253787364,3.774994960914996,000693.npy
0.007255094106384062,0.0279882723436726,3.8577407722646626,000694.npy
0.006435893426460101,0.026343027967353362,4.09314235315881,000695.npy
0.0011196606507295627,0.022732391773677783,20.302929945392464,000696.npy
0.0003678513511982367,0.02397262074280713,65.1693152697402,000697.npy
0.0003740940300824683,0.018893692708057602,50.50519692705956,000698.npy
0.0003752871292571004,0.0189018982654329,50.3664973895685,000699.npy
0.0027958034586507037,0.01693074750198946,6.055771711901636,000700.npy
0.011417508887051436,0.0507945250227285,4.448827281131841,000701.npy
0.010928291206610907,0.042312600370220006,3.8718404888178477,000702.npy
0.011128763926394095,0.052426368308182335,4.710888707067619,000703.npy
0.0011735362948389026,0.024324413739224116,20.727449015827673,000704.npy
0.006992425040599343,0.040533939128032145,5.7968357026192745,000705.npy
0.007027184181763502,0.03650410687134978,5.194699032065816,000706.npy
0.00701500723327335,0.04660639774970819,6.643813212765121,000707.npy
0.008521922917988058,0.031276181942616506,3.6700850548564237,000708.npy
0.0035872659732523455,0.02220692554370264,6.190487603677334,000709.npy
0.0025953413137974513,0.02059973628044907,7.937197379010914,000710.npy
0.002596157047620782,0.02155284165505594,8.301825063898182,000711.npy
0.004157554935416337,0.02232876991183756,5.3706493971392115,000712.npy
0.0021416681870021497,0.01638069979808023,7.64857034850059,000713.npy
0.0019164904487854108,0.017405755855898573,9.08209892663305,000714.npy
0.001963142776041928,0.018037087381457793,9.187863253449223,000715.npy
0.025153307778562783,0.07033434105877877,2.7962263125061373,000716.npy
0.022931077005815356,0.05690276911416194,2.4814695401463194,000717.npy
0.024046654739831697,0.062418604332796404,2.5957292191586374,000718.npy
0.023786441934969368,0.058829162669692896,2.4732224697184595,000719.npy
0.01671382351551993,0.04596274212099196,2.7499836932322768,000720.npy
0.007730737160464805,0.02784041766019198,3.601262994681458,000721.npy
0.009314143037391727,0.030929020260061835,3.3206512003923816,000722.npy
0.009423300943877272,0.03893732080116921,4.132025606519173,000723.npy
0.023919853287243782,0.06080568561915055,2.542059304771554,000724.npy
0.047729558023543193,0.10608824171681297,2.222694827034873,000725.npy
0.04737801866842842,0.10941177903605272,2.3093363148099053,000726.npy
0.044624039580981,0.10551597743043592,2.3645545858211108,000727.npy
0.0010617310295708885,0.01452801070293439,13.683324952952292,000728.npy
0.0013222678087533182,0.025049732548271208,18.944522709014958,000729.npy
0.0018028002609479401,0.02119882459072776,11.758831546220355,000730.npy
0.0013493274822933986,0.018276208140795197,13.544679381455396,000731.npy
0.007391414048743956,0.02980258352350541,4.032054397701857,000732.npy
0.0012972383257871614,0.015823262300272322,12.197652485693519,000733.npy
0.001256970391895724,0.026523213631915173,21.100905624207083,000734.npy
0.0012254845346780512,0.018179233436760818,14.834323003270201,000735.npy
0.003398877910684928,0.026543554180032524,7.809505039818882,000736.npy
0.0001347993621344245,0.01318467932691036,97.80965593110663,000737.npy
0.0010483364946138744,0.014851832934217893,14.167047505601822,000738.npy
0.0010679413736102532,0.020488139295643467,19.184704126779096,000739.npy
0.0009891735212073202,0.020441113796665574,20.664841242466387,000740.npy
0.0011858129377527828,0.016316969411030613,13.760154640573,000741.npy
0.0009628081096504851,0.0259476115055326,26.949930333472235,000742.npy
0.0011941565906922818,0.02264481416389633,18.96301902316308,000743.npy
0.030561589443862953,0.07494515845924038,2.4522663847523742,000744.npy
0.0009295801892960499,0.016056046627992385,17.272363155543257,000745.npy
0.0009000224556500188,0.023797873676581028,26.44142210202098,000746.npy
0.0009497584538681534,0.0145330465732807,15.301834376718652,000747.npy
0.00385885087894135,0.020577493648157905,5.33254439971276,000748.npy
0.009292587693867682,0.03220495544756012,3.465660643304662,000749.npy
0.00952087818792515,0.03477807115709003,3.6528217742082325,000750.npy
0.009058409143859048,0.03119845947329992,3.444143334153337,000751.npy
0.0035162953600118034,0.029118639409482106,8.281056174445853,000752.npy
0.0020273759976800324,0.028024115702980263,13.822850680991575,000753.npy
0.0023433382731502354,0.02955620986802933,12.612865242320721,000754.npy
0.002400567898118087,0.024377512165943287,10.15489383820346,000755.npy
0.0023176990119506942,0.024444303088563955,10.54679790299586,000756.npy
0.001860249702924164,0.019570644174925062,10.52043934458967,000757.npy
0.002323068991162467,0.0181899962349169,7.83015756195189,000758.npy
0.0019395288024372838,0.023607881059223786,12.171967241932824,000759.npy
0.0020582163325912175,0.02232962274721171,10.849016395303078,000760.npy
0.0032847433243927303,0.022130607376080177,6.737393209995852,000761.npy
0.0030962878891403586,0.028944776635669016,9.348218790907364,000762.npy
0.00319212655396485,0.025240949992371618,7.907252284253359,000763.npy
0.023587906943477576,0.06885565308905595,2.919108221519269,000764.npy
0.0030425577019470938,0.020754478624254342,6.8213919509730445,000765.npy
0.0036896687397959356,0.024860504936318722,6.737869083595784,000766.npy
0.0030049160102050797,0.026447837644959123,8.80152308661452,000767.npy
0.011075052461041013,0.03682834712643817,3.3253429050259413,000768.npy
0.0018028618974142954,0.015791474235071636,8.759114744152617,000769.npy
0.0016028859398100862,0.01539946749587313,9.607338304489938,000770.npy
0.0008493535054059457,0.020947700994489518,24.66311239960624,000771.npy
0.0014548646484379708,0.016534734019485582,11.365135599983901,000772.npy
0.0016364674765070204,0.02345164080405108,14.3306488686088,000773.npy
0.0016383728317762457,0.02691345587776473,16.426942232165494,000774.npy
0.0016376948059846604,0.027659755549459517,16.88944449997184,000775.npy
0.0050353585577882255,0.027015628521088464,5.365184664940694,000776.npy
0.004393553314308631,0.026873506303179404,6.116576805963178,000777.npy
0.0049195025605157,0.02580459738213451,5.2453672013505575,000778.npy
0.005350440999698504,0.02378433007773593,4.445302747125118,000779.npy
0.018379748905272882,0.0517845398389385,2.817478089826613,000780.npy
0.0005003386051653445,0.018286705580868326,36.54865996054121,000781.npy
0.0004546622491014697,0.013531868424255189,29.76246306403314,000782.npy
0.00048756067486751707,0.014025859335779833,28.767413023668514,000783.npy
0.004959033618168812,0.026390384205540574,5.321678825594226,000784.npy
0.005455369247843266,0.024544164040052937,4.499083915585948,000785.npy
0.00519867158811647,0.023726626323998627,4.563978685376246,000786.npy
0.003524326787114394,0.028351130246057663,8.04441016726098,000787.npy
0.000445533798329384,0.019446940737176996,43.64863174791332,000788.npy
0.001337022731279511,0.020221423399913438,15.124218094959101,000789.npy
0.0016423599367584268,0.018615924937619013,11.334863028884483,000790.npy
0.0012708303036803703,0.016735673766370595,13.169086152363848,000791.npy
0.000779581901590021,0.023753619167980692,30.469690343071786,000792.npy
0.00487743173455321,0.02442861151586438,5.0084989070777075,000793.npy
0.004932956251947526,0.025246401442448586,5.11790499426453,000794.npy
0.005003006402568684,0.024698305262230488,4.936692714527206,000795.npy
0.0001699361425266716,0.016592252706154286,97.63816197553123,000796.npy
0.017769807419844214,0.05084338397126644,2.8612231279797946,000797.npy
0.015429439954908208,0.04692097220195851,3.0410029357541024,000798.npy
0.017827337584241404,0.051490774658829896,2.8883042357630124,000799.npy
0.002822513639473586,0.023748036326597652,8.413789746508717,000800.npy
0.0008834189363471096,0.016913618700310513,19.14563746177073,000801.npy
0.0007791960955910755,0.021481333693051583,27.568584837668983,000802.npy
0.0008890117640878123,0.018732764333777043,21.07144704988995,000803.npy
0.014190919596636981,0.05044985590272219,3.5550801029217944,000804.npy
0.004119670016462362,0.019242891375316668,4.670978814990119,000805.npy
0.002739393267133654,0.021706444173607852,7.9238145275126675,000806.npy
0.003008186580118109,0.02539569833392835,8.442195206352213,000807.npy
0.011071341519895372,0.03267609052653009,2.9514120276986517,000808.npy
0.00045262374392215026,0.013757485367412225,30.394970486531736,000809.npy
0.00037255496861812677,0.020476440656278565,54.962199748045656,000810.npy
0.0008379677378918445,0.016000888183909063,19.09487375500774,000811.npy
0.018101116442239086,0.05092922832503806,2.813595972698167,000812.npy
0.014674854778011621,0.04247235343564905,2.894226489886235,000813.npy
0.014698175261200864,0.04386967107865439,2.9847018624463906,000814.npy
0.014014166784069164,0.043564933612888754,3.1086353032635,000815.npy
0.0023641152221521838,0.019907519677954906,8.420706183859894,000816.npy
0.02305286124542058,0.05864359700838904,2.5438749829153915,000817.npy
0.01798583081195552,0.04929546889957526,2.7407946518137396,000818.npy
0.019088035939963176,0.052155917100526875,2.7323878298866564,000819.npy
0.0075788213785308225,0.028677558553995775,3.783907433476298,000820.npy
0.00908403037423457,0.03494593387341184,3.846963564728223,000821.npy
0.00678575807690779,0.039290404114698085,5.790127449962413,000822.npy
0.008432430016600682,0.0320320277877979,3.7986710499747636,000823.npy
0.0008654091263078013,0.019552298409430437,22.593127104235222,000824.npy
0.004294826375129742,0.026761676836349134,6.231142889986919,000825.npy
0.0036124079285256403,0.01957132292687892,5.417805328106703,000826.npy
0.007450505771789147,0.033505392133303356,4.497062770781585,000827.npy
0.00032380411442544234,0.02400563964026923,74.13630184943297,000828.npy
0.0014232330462471943,0.019029032043169615,13.370285408264944,000829.npy
0.0012592679086647544,0.017203845201064088,13.66178322343189,000830.npy
0.0008510154614188726,0.015326066491628274,18.009151618780734,000831.npy
0.003671398733799076,0.022318595103392076,6.079044178134877,000832.npy
0.00609504924072945,0.0314061479808328,5.152730804340705,000833.npy
0.011118309473185577,0.04106624219107947,3.6935689087830137,000834.npy
0.007969986219864438,0.028303695311331617,3.5512853508122815,000835.npy
0.029298671945474825,0.06722366176520132,2.294426924503982,000836.npy
0.01705490971230381,0.04614418478752863,2.7056246889734936,000837.npy
0.014930107039845817,0.040926298140253364,2.7411925466634037,000838.npy
0.014463641568399032,0.049731629380959576,3.4383892288355384,000839.npy
0.0041770457274466904,0.020040466288654853,4.79776080811719,000840.npy
0.0012333001392192025,0.017652980669728886,14.313612797928739,000841.npy
0.002259771132034217,0.01533688364571691,6.786919003662076,000842.npy
0.0011246585448921177,0.020847844471987016,18.537043575701272,000843.npy
0.005650772144559865,0.03311802327913022,5.860796087160043,000844.npy
0.004080004133655313,0.029513524673761917,7.233699697526231,000845.npy
0.005939306696825727,0.022574635821917478,3.8008873714471827,000846.npy
0.004069100498453772,0.020962844728066546,5.151714668114133,000847.npy
0.0021739130070756955,0.024712331843143292,11.367672833430513,000848.npy
0.0015696068887130353,0.01941152414936854,12.367124709752941,000849.npy
0.0014892575727164892,0.018265574577235134,12.264886142329843,000850.npy
0.001436283217032496,0.016335255158501576,11.373282758172552,000851.npy
0.020937040490410015,0.05712240332548602,2.7282940657215633,000852.npy
0.009025758664102946,0.03876204785700903,4.2946027360423455,000853.npy
0.009148719695269158,0.03276983281454671,3.5819036874536905,000854.npy
0.01153089477058497,0.04512711737777384,3.913583314451748,000855.npy
0.007831024044448708,0.03576015550655525,4.566472443452476,000856.npy
0.0005110350789572845,0.017959618034091886,35.14361095640061,000857.npy
0.0004618772339624561,0.021959486299078162,47.543989263430895,000858.npy
0.0005683651041531883,0.013587230376760167,23.90581380624709,000859.npy
0.0059134150211343104,0.02293729350130577,3.878857380456121,000860.npy
0.0007855157336933173,0.02153785757781341,27.418747489790594,000861.npy
0.0009412350297662948,0.016188854050766015,17.19958726842759,000862.npy
0.0009172630838211546,0.024427283605461605,26.630618860263375,000863.npy
0.012077290310826171,0.04111524464112578,3.404343489355839,000864.npy
0.0035425948631617955,0.03233578867857033,9.127712854408266,000865.npy
0.003677877424505828,0.026106727403472814,7.098313615191318,000866.npy
0.0037737217230320087,0.025838218746714443,6.846879721726743,000867.npy
0.007291273271639314,0.024311214137414376,3.3342892563967963,000868.npy
0.0031108195550681207,0.030921667982702364,9.940039088215517,000869.npy
0.0030995102003714622,0.023335596556888934,7.528801340148346,000870.npy
0.0031673037937366916,0.02907061584059689,9.178347807970098,000871.npy
0.00048727415761429103,0.01489132720852329,30.560469801787164,000872.npy
0.003981903009328223,0.024125632792353337,6.058819798165975,000873.npy
0.004338968474207946,0.032574954504114045,7.507534265630468,000874.npy
0.004380993344380062,0.025324884496440696,5.780626104841457,000875.npy
0.0022735307428091178,0.024080545984339244,10.591695780191749,000876.npy
0.0008029612540996048,0.023037970283705463,28.69126018022834,000877.npy
0.0007392873489265155,0.014615284814105067,19.769423643672265,000878.npy
0.0007267523118464697,0.01600582049812649,22.02376272658358,000879.npy
0.0013384177078839077,0.017439950387556268,13.030274683902125,000880.npy
0.0010072387395998693,0.020870896791419312,20.7209035466502,000881.npy
0.001318028806350444,0.015844748837214203,12.021549718678736,000882.npy
0.0013160048484170278,0.017022791316015872,12.93520409484565,000883.npy
0.008015196735254946,0.03786400375082751,4.724026745414517,000884.npy
0.006935766772489584,0.02683629076821113,3.869260839592652,000885.npy
0.009782343670604307,0.03701762345165983,3.7841262477940445,000886.npy
0.008026734659543894,0.02957836985672679,3.6849816405570017,000887.npy
0.001367546321103238,0.02658207817920218,19.437789967743015,000888.npy
0.00029820575315179766,0.02017912474447806,67.6684620083023,000889.npy
0.00027272710229352115,0.018241630371320785,66.8860195852567,000890.npy
0.00030509114749567774,0.014182608411807662,46.486463087304514,000891.npy
0.00574027698290197,0.027800487380112763,4.843056782638962,000892.npy
0.0010937947906554338,0.01511199045261975,13.816111183660047,000893.npy
0.001704751666728044,0.019081769652181873,11.193284050933071,000894.npy
0.0019169871561987772,0.022449697002973525,11.710927180533876,000895.npy
0.003605538950401607,0.02003454840318943,5.556602958456808,000896.npy
0.0008648343229206092,0.018578763975775757,21.48245445734791,000897.npy
0.0006649719185480147,0.01464675318130199,22.026122835769478,000898.npy
0.0007552865483849056,0.013472911422047915,17.83814558066744,000899.npy
0.014498301695828263,0.058176857284194784,4.012667035196398,000900.npy
0.0211895284671127,0.057412958725355026,2.70949675981481,000901.npy
0.01689898432817959,0.04957799493662146,2.933785485084734,000902.npy
0.019958345359277638,0.05154453428896023,2.5826055897673474,000903.npy
0.01213144056105769,0.04018933174244356,3.312824354029295,000904.npy
0.0015237478598693617,0.026588809502219812,17.449612357814754,000905.npy
0.00016215272274677466,0.014219715982345893,87.69335262941418,000906.npy
0.0007172271350913477,0.015613158791251512,21.768778684724758,000907.npy
0.00510586840361702,0.02415958418924765,4.731728723834943,000908.npy
0.0010195486502020503,0.023804246034650936,23.34782749953685,000909.npy
0.0020313329245905667,0.017780477810338535,8.753108654589074,000910.npy
0.0009254448665227064,0.014579571043466761,15.754121672849454,000911.npy
0.00038665500470778794,0.022168383544880634,57.333755463220996,000912.npy
0.014701381593444937,0.050628985388613115,3.443824994566754,000913.npy
0.014243209034779929,0.04342489359461609,3.04881389345124,000914.npy
0.014974409309483681,0.04146033421294642,2.768745888688896,000915.npy
0.021564399909856206,0.05522548327516769,2.560956182618624,000916.npy
0.0010255525555274573,0.015806995868056912,15.413150470395914,000917.npy
0.0009418780390041372,0.014757729748651967,15.668408353152754,000918.npy
0.0011011933372256037,0.02038420811131362,18.511016553332496,000919.npy
0.036448718643402,0.08498397078551082,2.3316037969845924,000920.npy
0.006086474628538988,0.023972685598765416,3.9386815946657765,000921.npy
0.005125369060390112,0.025544618244111434,4.983956850549836,000922.npy
0.005896528039803689,0.027432001180452817,4.652229412227788,000923.npy
0.000987172211415387,0.014732376987080109,14.923816536562871,000924.npy
0.004566953386046587,0.02489354626384989,5.450799286775367,000925.npy
0.0048809513588943055,0.031028355545421528,6.3570302710604,000926.npy
0.0054400349534346176,0.025819326068267395,4.746169148825036,000927.npy
0.00028303240056312944,0.01883201326388584,66.5365984985483,000928.npy
0.001577707854713813,0.02459239447614589,15.58741967854333,000929.npy
0.003388335984752533,0.019548542690751465,5.769363715390175,000930.npy
0.0027514118613260925,0.01751034825513639,6.364131991977685,000931.npy
0.00686053041847842,0.025372463667953822,3.6983239075678918,000932.npy
0.0056247548182294885,0.03275886095869564,5.82405136090592,000933.npy
0.007531969691903137,0.028036416108469204,3.7223219493150657,000934.npy
0.005942568820443159,0.03513033683942335,5.911641563772736,000935.npy
0.013095216396083595,0.03957995040840001,3.022473948442331,000936.npy
0.0014373839666309213,0.02586586718251097,17.995099267833613,000937.npy
0.0005218115180143832,0.015161612172902694,29.055725336497947,000938.npy
0.0013763225784425076,0.02311570308046364,16.795265460824506,000939.npy
0.00849027138617361,0.04190076403688028,4.9351501415114285,000940.npy
0.0010656171527766677,0.013470306278384166,12.640849700705248,000941.npy
0.0007663794728755194,0.014203306053359356,18.5329938216304,000942.npy
0.0008156180524426107,0.016118677217964974,19.7625311883795,000943.npy
0.001972457830720171,0.018055631129780512,9.153874339120488,000944.npy
0.000507936578422304,0.022875756288927507,45.03663885744356,000945.npy
0.0005313334756818899,0.016551600496195994,31.15105903087198,000946.npy
0.0005506392626689205,0.0182768038257455,33.191973461839225,000947.npy
0.002595861070292521,0.020807697978632935,8.015720952767493,000948.npy
0.002794497602620217,0.01771726411628199,6.340053430115531,000949.npy
0.0027014868088163497,0.019079937586030358,7.062754301705228,000950.npy
0.002432659558112787,0.0215762577629383,8.869411127879873,000951.npy
0.0016042097650768284,0.024716859244681675,15.407498301252668,000952.npy
0.0013298786643797216,0.02128902002821021,16.008242393400252,000953.npy
0.0006439782992888228,0.025144875710663223,39.046153729692136,000954.npy
0.001368653465511011,0.023241455441876925,16.981256403875804,000955.npy
0.00908753278094232,0.033016196511299854,3.633130939335456,000956.npy
0.04737903940859961,0.15007192523503007,3.167475050277688,000957.npy
0.04731444315519608,0.1528761587640603,3.2310674831442108,000958.npy
0.04695294811362086,0.14533853084189666,3.095407992019976,000959.npy
0.0002115825307255523,0.014004546884832485,66.18952316913406,000960.npy
0.0016231495323424916,0.015600522843763212,9.61126656805158,000961.npy
0.0017270390468836596,0.02649065429892277,15.338769747206833,000962.npy
0.0016736242978548906,0.01586770728148732,9.48104499519047,000963.npy
0.0018299328897821117,0.021969801539424037,12.005796306024186,000964.npy
0.0017694560668315507,0.024583130057895752,13.893043464493646,000965.npy
0.0017807646041306231,0.01581936637178925,8.883468554581285,000966.npy
0.001764306372021757,0.025375985537059727,14.382981281532103,000967.npy
0.01614180069147581,0.0475868791487751,2.9480527021967764,000968.npy
0.005360069722770472,0.02897761607572931,5.406201331341148,000969.npy
0.005108995941317571,0.024979364229020917,4.889290285615227,000970.npy
0.004951243608684318,0.026647648187470153,5.38201112470997,000971.npy
0.0024365524560880135,0.02251372419564761,9.239991583663395,000972.npy
0.004538146683930163,0.019248772121997774,4.241549129938268,000973.npy
0.004331106223412977,0.02251510608806684,5.198465454889289,000974.npy
0.004548647707763472,0.02322763581874125,5.106492590092357,000975.npy
0.0016827580423816992,0.01680036962499627,9.983829637345817,000976.npy
0.00039241220626468846,0.01934861226891956,49.30685618775515,000977.npy
0.00044181055900124563,0.015503823587846029,35.091564105670805,000978.npy
0.0003153809490514214,0.017891431042759375,56.72958699896826,000979.npy
0.043036897405832684,0.11117477519690445,2.583243260938554,000980.npy
0.0020742415021912236,0.020815492359264123,10.035230867880841,000981.npy
0.0019755231247674506,0.021867747525332926,11.069345248913626,000982.npy
0.0012189586710150445,0.02126562631322,17.44573200260028,000983.npy
0.04645400302837507,0.14437068609126477,3.1078201377171384,000984.npy
0.0013276885885165244,0.02326319547083734,17.521575206358136,000985.npy
0.0013283685055945928,0.02269826699055485,17.0873269569934,000986.npy
0.002746899860996551,0.0181879621715577,6.6212687343243735,000987.npy
0.0009443472031591899,0.01981621915085083,20.98403962501739,000988.npy
0.0010747639832577097,0.025390078170021098,23.623863976570505,000989.npy
0.0010967752034134418,0.02046064422019813,18.65527606647575,000990.npy
0.0010901496055200253,0.019608094846990443,17.98660911375585,000991.npy
0.0030775743315223317,0.01878268481854514,6.103080800050455,000992.npy
0.0013237815620758848,0.01852498386525978,13.993988421485401,000993.npy
0.001242974564006726,0.01776125926682047,14.289318356023124,000994.npy
0.0012850710053600996,0.015021538465446025,11.689267279474146,000995.npy
0.003693114195031322,0.02287609481379434,6.194256012819031,000996.npy
0.0018412631237776388,0.022460211600089732,12.198262865771643,000997.npy
0.002573498276869527,0.019838296421206044,7.7086884389249315,000998.npy
0.0018555688903294646,0.016727531504038506,9.014772549379012,000999.npy
0.027027569872652785,0.0668279873816381,2.472585870466433,001000.npy
0.000992150219145565,0.024840763394445617,25.037300694043147,001001.npy
0.001006487438301105,0.016104049020735214,16.000248381557256,001002.npy
0.000929542854928864,0.024760747885123863,26.637553855847987,001003.npy
0.0042820628039697,0.02374958361655736,5.5462950216409554,001004.npy
0.0007388772318762412,0.01712830238500227,23.181526813766624,001005.npy
0.00045367646034993745,0.017164035385210198,37.83320680808022,001006.npy
0.0003693838944509234,0.014657384206539148,39.68062600467794,001007.npy
0.004336140400204719,0.030943394257630052,7.136160593423815,001008.npy
0.0013630467095888821,0.025787411602297968,18.918949294229936,001009.npy
0.0008867062183727988,0.021125288732593235,23.824450840703427,001010.npy
0.0011804544886188297,0.015186427313498469,12.864898603081418,001011.npy
0.010160153048267105,0.04004693761317735,3.9415683425227632,001012.npy
0.0008117511319377488,0.018587759714475013,22.89834773399751,001013.npy
0.0008599559917699753,0.020714120725708284,24.087419473625303,001014.npy
0.0013573222024283371,0.01514417264765291,11.157389609041697,001015.npy
0.005252754743715736,0.02450308098966626,4.664805836464442,001016.npy
0.0016578350724800303,0.024458486381556604,14.753268750198885,001017.npy
0.001798820946181516,0.02665675439664616,14.819014888287418,001018.npy
0.0015202093046575594,0.026558092214367807,17.470023447777955,001019.npy
0.010113134562433948,0.03640694388254033,3.599966326481691,001020.npy
0.017593051981380715,0.05753779595895249,3.2704840534533792,001021.npy
0.018637208572918923,0.05939302757973479,3.1867984599287005,001022.npy
0.019618599638860503,0.050405264964902205,2.569259064927868,001023.npy
0.0025164507936131777,0.021972685383731864,8.731617336515196,001024.npy
0.002004096817102097,0.018724872170286306,9.343297191110247,001025.npy
0.001495679556343933,0.015868686365416825,10.60968326303587,001026.npy
0.0011062034456081325,0.02377404297021688,21.491564724475793,001027.npy
0.0025730102455831017,0.019067865575687203,7.410722752468199,001028.npy
0.0001680367924867332,0.012902423381877406,76.78332295656472,001029.npy
0.00016713889612081687,0.017724934772003036,106.0491308626412,001030.npy
0.00024970896507981464,0.01440315728506478,57.67977622982545,001031.npy
0.013808228072310717,0.04497386147420048,3.257033504691914,001032.npy
0.012802885002617923,0.04474420617084225,3.4948533989954718,001033.npy
0.012617310245188668,0.046567134454794754,3.690733884415766,001034.npy
0.012806346441447913,0.04023347121812587,3.1416822432483955,001035.npy
0.0010567557995969502,0.021565351103900506,20.407128205701323,001036.npy
0.0030611880750259757,0.02267045643052115,7.405770527158155,001037.npy
0.0025885684655565775,0.019649233887656894,7.590772329385256,001038.npy
0.0030301425312968073,0.018878576411066005,6.230260197613971,001039.npy
0.0021518425947412417,0.0245660915417983,11.416305073343924,001040.npy
0.02639192580147075,0.06542957275116437,2.479151132883187,001041.npy
0.026231150970314455,0.05765017365271462,2.1977752221684437,001042.npy
0.024364269863547297,0.061196358340812,2.5117255178190034,001043.npy
0.007020006404645637,0.028944475210543264,4.123140854724221,001044.npy
0.00040078279869507245,0.013695055270506936,34.170766015723586,001045.npy
0.0004467883558831406,0.013561228528840598,30.35269008450817,001046.npy
0.0005632859239933733,0.015512019230087506,27.538446360558353,001047.npy
0.00036556579346253546,0.022940952485575,62.7546472730125,001048.npy
0.000433613640047938,0.018906682660762553,43.6026011913964,001049.npy
0.0004952643413142904,0.023333697154001132,47.11362228495297,001050.npy
0.00029259701658133344,0.012943721861320232,44.23736772615003,001051.npy
0.00060662252308662,0.024989413261133433,41.194337944769714,001052.npy
0.001724854621225348,0.015359686366062665,8.904916489278458,001053.npy
0.0013347464784497559,0.023787235031464456,17.821537946495017,001054.npy
0.0016431019586583616,0.014490735761246073,8.819133637488344,001055.npy
0.008008506096267022,0.034690289234585114,4.331680442551389,001056.npy
0.007171115063637409,0.03452273335692614,4.814137417507984,001057.npy
0.006075601999087996,0.030043613364927217,4.944960740596911,001058.npy
0.0061088873958084254,0.02469451393178193,4.04239140922511,001059.npy
0.0021506689765141804,0.016311927334771936,7.584582986185926,001060.npy
0.001575256673490512,0.017691580639143036,11.230919333108082,001061.npy
0.0019091411093409122,0.017478798006796664,9.15532011391002,001062.npy
0.0019353013002136937,0.021675916094792802,11.200279812863812,001063.npy
0.0007724338038902684,0.013558560837648975,17.553039176703432,001064.npy
0.0008165840724518769,0.022995953200816335,28.16115810905726,001065.npy
0.0007235841109008114,0.020582107333738334,28.444664547249925,001066.npy
0.000732062020940698,0.01638117710027942,22.37676127202021,001067.npy
0.006479561724850478,0.027796889035289696,4.2899335190207175,001068.npy
0.01100706119477971,0.0324577276480909,2.9488095933849925,001069.npy
0.013028738618484555,0.03827495945976663,2.9377333123811544,001070.npy
0.015427206432909641,0.04608517482194133,2.9872663609170482,001071.npy
0.004399017503363775,0.02349889484885647,5.341850726110054,001072.npy
0.006605629824758901,0.03284807381628732,4.972739115533695,001073.npy
0.007202481512802145,0.02922047286171567,4.057000744357393,001074.npy
0.006619961787431896,0.034830961652598344,5.261504940174122,001075.npy
0.0047340762103699145,0.02390148877922303,5.048817913581196,001076.npy
0.011577971246251005,0.04038353186656064,3.487962701336733,001077.npy
0.012103318301152698,0.03941737041924463,3.256740790931182,001078.npy
0.00964637090839228,0.03419508754770978,3.544865511590002,001079.npy
0.0017242349939876522,0.02380643386763263,13.806954352415934,001080.npy
0.0013300784947204488,0.01817332988493723,13.66335140701112,001081.npy
0.0012266089760138708,0.014041553956348915,11.447457356404241,001082.npy
0.0013486583967750295,0.023653908968954463,17.538843793934678,001083.npy
0.0027799982989895923,0.018023250779422594,6.483187698528473,001084.npy
0.0037982808562226932,0.02492473304236201,6.562109012019453,001085.npy
0.0038224395218067753,0.025177301275269327,6.586710169264342,001086.npy
0.004405696413391988,0.02351898028965093,5.338311603546265,001087.npy
0.0019549069386546854,0.023600383923214067,12.072382293748896,001088.npy
0.0010742229974263124,0.015638577817267504,14.558036684354462,001089.npy
0.0010738468238325285,0.018732987593878182,17.44474832134432,001090.npy
0.001354919537687822,0.016176426566418146,11.93903114208854,001091.npy
0.00415224599931869,0.031265644999173524,7.529815188641001,001092.npy
0.000743286874996053,0.02259333109304517,30.39651556307735,001093.npy
0.0007408023895863125,0.018365784415105654,24.791745611903256,001094.npy
0.0007561573629429595,0.014878119442521234,19.675956557428385,001095.npy
0.0067910706785157746,0.024160685113708277,3.557713688297382,001096.npy
0.012913984896060044,0.038689300800882245,2.9959227233330683,001097.npy
0.013627307826556287,0.043696729874456934,3.206556307996224,001098.npy
0.012330871542522789,0.03604846723092534,2.923432224939609,001099.npy
0.0028632590743715826,0.02444020225908191,8.535798408989642,001100.npy
0.00020149767735474106,0.019539406870387757,96.97087842862489,001101.npy
0.0011550318967582746,0.015825911385371438,13.701709378837855,001102.npy
0.0009893365175113967,0.020944247674190862,21.16999350908888,001103.npy
0.0017244489701019135,0.027678445012938816,16.050602527398905,001104.npy
0.013020713011740997,0.045030414217766906,3.458367769468834,001105.npy
0.015578698869229225,0.056619589283820757,3.6344235007340924,001106.npy
0.009696292503588982,0.039583573719078495,4.082341132071326,001107.npy
0.004570898641789989,0.022635225679824143,4.952029666317001,001108.npy
0.0049246268310353435,0.02569869945879703,5.218405441935949,001109.npy
0.006800936980103501,0.03226729463592221,4.744536631728443,001110.npy
0.004893747521915095,0.029516658426531554,6.031504136516864,001111.npy
0.00398267485961758,0.029982906836443883,7.528334068625058,001112.npy
0.0011428321469979439,0.015369408913105103,13.448526925874294,001113.npy
0.001043429907067332,0.017239719931134198,16.522163874012442,001114.npy
0.0011167064847110646,0.015768236161323668,14.120304989796148,001115.npy
0.003145850495068618,0.018236440123543852,5.796982452705239,001116.npy
0.0006718850143477093,0.02237629726101451,33.303759945344936,001117.npy
0.0006609186430919114,0.014781151759572455,22.364555596523463,001118.npy
0.0006285804323811361,0.014729979430702906,23.433722479190614,001119.npy
0.0017223425665565779,0.016732317011734773,9.714860056250178,001120.npy
0.015572972357987665,0.04723342085475562,3.033038251589504,001121.npy
0.019929723404720493,0.05714866435505634,2.867509156682665,001122.npy
0.016164512377725537,0.044761664859137046,2.7691317752986375,001123.npy
0.0032268678599148,0.01909211479706718,5.916608804878259,001124.npy
0.0027259487559467377,0.026829678193102422,9.84232668561005,001125.npy
0.003287174591550154,0.019176610886003375,5.833767068674734,001126.npy
0.0029131648664708627,0.019370868211734046,6.6494239406200695,001127.npy
0.0008739208485529023,0.01676155990894076,19.179723104805166,001128.npy
0.0009112536965124161,0.020036660735490385,21.98801584145822,001129.npy
0.0006433800309924503,0.014373450682444106,22.340529653883898,001130.npy
0.0008485718902425583,0.018252293019708637,21.50942449199198,001131.npy
0.01300923434829909,0.03988393599991174,3.065817320990962,001132.npy
0.009687591896604692,0.029756025350436362,3.0715605762453406,001133.npy
0.010194976500805072,0.03478942904796958,3.412408948937738,001134.npy
0.009975437354244011,0.03670525965098961,3.6795639474086754,001135.npy
0.012068848132612917,0.03590051512692475,2.9746430421920977,001136.npy
0.0030567411345145978,0.01772393793713381,5.79831171577112,001137.npy
0.0025105466705211176,0.018550245014716856,7.388926573700153,001138.npy
0.0026050484423616707,0.023102446596049098,8.868336654514058,001139.npy
0.007355574595259246,0.028831478247063193,3.919677228577865,001140.npy
0.0009510714361824328,0.01857782681420906,19.533576647245578,001141.npy
0.0008635274087997202,0.014754566877819952,17.086390902452084,001142.npy
0.0012123310412351918,0.015658726198677274,12.916213191082742,001143.npy
0.006249058533995948,0.03192134635151353,5.108184884770682,001144.npy
0.004555584165854642,0.02719947901803776,5.970579847242152,001145.npy
0.004312452219112927,0.029548189613471127,6.851830027625759,001146.npy
0.004752951633948872,0.026594136230853476,5.595288627871668,001147.npy
0.010666056893495798,0.03638286463806495,3.411088558681912,001148.npy
0.014159405314687196,0.0390548002338971,2.7582231996444304,001149.npy
0.013995717919908406,0.040174194479886856,2.8704632879796783,001150.npy
0.01407613982375631,0.045308073072743656,3.218785379927699,001151.npy
0.0076526792349462065,0.03407778935091291,4.453053407993703,001152.npy
0.00412773888363533,0.02286463247076623,5.5392632893701625,001153.npy
0.0035271756001311583,0.025199977722562012,7.144520311231577,001154.npy
0.0035113920622823823,0.02264742842984571,6.449700865837045,001155.npy
0.004654922069849563,0.024763752424529516,5.319906982032443,001156.npy
0.0033579311054511758,0.024177627253117163,7.200155836332583,001157.npy
0.003174429152894751,0.031845102087398824,10.03175706388899,001158.npy
0.003367845195068796,0.0222246225780131,6.599062986907878,001159.npy
0.00024741914131776464,0.01361500115893643,55.028083245274736,001160.npy
0.0007327067797611909,0.01556788644489515,21.247089360524356,001161.npy
0.00023638295683175848,0.01397265300791925,59.11023847524595,001162.npy
0.0002448320374734157,0.016361211490659815,66.82626830081449,001163.npy
0.012511118692733554,0.042871465190475744,3.4266692084816346,001164.npy
0.0003498401003517697,0.01893927059915502,54.13693435079154,001165.npy
0.00035167539670677694,0.012972133237717265,36.88666686184652,001166.npy
0.00024136594529767779,0.015254236949584788,63.19962357809857,001167.npy
0.020675816351959177,0.050033914021139436,2.4199244744683783,001168.npy
0.00410703936375675,0.029861983052325094,7.270926913819279,001169.npy
0.004155536913993458,0.029143367324051872,7.013141242928352,001170.npy
0.0044187994202497015,0.029700630370208075,6.721425332948988,001171.npy
0.0014675809760466476,0.01812957275098416,12.353371320244296,001172.npy
0.00021385815874458406,0.018216868053620328,85.18201071391043,001173.npy
0.0002651058867306033,0.017779197237924697,67.06451294281194,001174.npy
0.00021821973345906228,0.012691872297132744,58.160973981543,001175.npy
0.019127645531207785,0.050574165585424075,2.6440350696203336,001176.npy
0.00831245676684221,0.029132870142272768,3.5047244102341626,001177.npy
0.006260680949499566,0.030289350510873322,4.838028123675014,001178.npy
0.005078037792377243,0.02601609204172867,5.123256876240415,001179.npy
0.013023215293727564,0.03897732477812171,2.9929110359483677,001180.npy
0.004600018663450911,0.025318606033398628,5.504022457574272,001181.npy
0.00480271193543158,0.022462945708868805,4.677137835287035,001182.npy
0.004525711004031375,0.026502727351931793,5.856036172762219,001183.npy
0.0039605733796722374,0.02002919931990447,5.057146376493815,001184.npy
0.003845604742013507,0.022367184927064045,5.8162984557109185,001185.npy
0.0035548337345221487,0.018788238433641045,5.28526503135634,001186.npy
0.004221794017329448,0.030207619600532865,7.155161874402848,001187.npy
0.00592455704138596,0.02767661632741684,4.671508119579317,001188.npy
0.012271869286800463,0.03909099943947617,3.185415239008189,001189.npy
0.012041757684633208,0.03950002353510626,3.2802539768121215,001190.npy
0.013126922353879215,0.03854571155232148,2.9363860401744675,001191.npy
9.109452883354776e-05,0.014684774925002551,161.203696345272,001192.npy
1.2823489679091171e-05,0.017816151080893673,1389.3370789392848,001193.npy
1.512716734599757e-05,0.02212334959374147,1462.4911344095003,001194.npy
1.5058534382424608e-05,0.021985321416504285,1459.9906869538052,001195.npy
0.00019611658715416253,0.015223979286609445,77.62718814811443,001196.npy
0.001438872085302421,0.0211935545996644,14.729283306292423,001197.npy
0.001339019868372242,0.015341462640182473,11.457233004596745,001198.npy
0.00156567254761578,0.02133733836774922,13.628225383151594,001199.npy
0.0010460874205247897,0.014867391417664258,14.212379494051623,001200.npy
0.0011939873913676662,0.01818203119879592,15.227992620375257,001201.npy
0.0015825186150805373,0.024216951552209102,15.302790948006551,001202.npy
0.0015413234135529116,0.015744372808163567,10.214840480919122,001203.npy
0.01189222603054874,0.041156233569181945,3.460767854647152,001204.npy
0.002058526430235529,0.020774668958107485,10.092009820169526,001205.npy
0.0002083440769344044,0.01941686240198312,93.19613302901931,001206.npy
0.0022188647572156275,0.016152202526119444,7.279489417871851,001207.npy
0.004890187381514408,0.03104483107405296,6.348392944216896,001208.npy
0.007803478645785969,0.03218935596005836,4.1250008384807,001209.npy
0.008667330033187108,0.0344055641182073,3.9695689426269927,001210.npy
0.007594796299335787,0.031478288299790276,4.144717916845055,001211.npy
0.009762647756479345,0.02985912766087839,3.058507118522509,001212.npy
0.009371581868694856,0.03732971270390938,3.983288331036568,001213.npy
0.009471742437515333,0.03765567831660297,3.975580898872645,001214.npy
0.010733172368955766,0.03331816617455653,3.104223525639125,001215.npy
0.010023567185615928,0.035276294623768245,3.519335379112466,001216.npy
0.012971880439034805,0.039566653255204705,3.0501863965760188,001217.npy
0.012828181131027704,0.049620628843085796,3.8680954325005263,001218.npy
0.01307779454165791,0.0402251341854028,3.075834694848135,001219.npy
0.00023670627852414883,0.018416461322003776,77.80301122566934,001220.npy
0.004200387787683025,0.026655504662550317,6.345962802617277,001221.npy
0.004196656108984636,0.02096429520608025,4.995476078490738,001222.npy
0.004364382767842182,0.026761138284080627,6.13171202034143,001223.npy
0.024734233816805683,0.07882984540397088,3.187074480884985,001224.npy
0.00036962258845728584,0.014187057789311787,38.38255072868393,001225.npy
0.00036973397721896614,0.012685004557326927,34.30846312646585,001226.npy
0.00042384080295388235,0.012755397369962411,30.09478382442459,001227.npy
0.0025551160570807894,0.02941791775741104,11.513339155524529,001228.npy
0.01002589324583327,0.029139799533092387,2.9064541998087146,001229.npy
0.009987197093830662,0.028548195185334906,2.8584792024492387,001230.npy
0.00987304186847928,0.02850001826750573,2.886650198112536,001231.npy
0.006807390917044621,0.0275652319691276,4.04930939063002,001232.npy
0.0004037627283948798,0.015868409820075473,39.30132393561312,001233.npy
0.0004956160750291636,0.02503065784597352,50.50412821052366,001234.npy
0.0004310712766307597,0.01318250265694798,30.58079566423733,001235.npy
0.07548103301687716,0.16165374702844554,2.1416472531736415,001236.npy
0.0055010923244727845,0.026828946521639883,4.8770216777509,001237.npy
0.008557513020173099,0.03105222392786288,3.628650503018003,001238.npy
0.004903482226019606,0.025034964857730768,5.105548200171067,001239.npy
0.0021965486642575925,0.019249310415871402,8.763434528601262,001240.npy
0.004862715686284002,0.026519404829236346,5.453620268111616,001241.npy
0.0045715176118276595,0.03376964745400094,7.386966498880688,001242.npy
0.004613459338033798,0.027984117283633134,6.0657557004705005,001243.npy
0.0033725536554089267,0.02412471081421646,7.153247441852206,001244.npy
0.002984432179720618,0.01901767451895738,6.37229240550723,001245.npy
0.0027750585384714835,0.019347670795242838,6.971986544084813,001246.npy
0.002852307889264142,0.016922882499487975,5.933049008576983,001247.npy
0.008817633249600387,0.0296873749551976,3.366818976529354,001248.npy
0.0005032668219699247,0.021888066630879797,43.491972116723126,001249.npy
0.0004734815377847229,0.01950751167993268,41.20015266276756,001250.npy
0.0005002341189356622,0.02391166825377012,47.8009541968979,001251.npy
0.011431994992052563,0.043367890562040746,3.7935540200460394,001252.npy
0.0012746179314346718,0.015600320957382414,12.239213462644408,001253.npy
0.0025327766348555492,0.017427479873787958,6.880780416272716,001254.npy
0.0013888136162835381,0.02741304598349724,19.738462845803614,001255.npy
0.004651175965464796,0.0280670473582549,6.0343980880576575,001256.npy
0.00031909484664309034,0.019904847715528213,62.3790946909676,001257.npy
0.0007205645591702008,0.018739742497140832,26.007027730748252,001258.npy
0.0002276746505756803,0.014643021305008051,64.31555381623427,001259.npy
0.08221587654557572,0.15677989627803887,1.906929693685407,001260.npy
0.0039394032137801595,0.028402374414599276,7.209816529833004,001261.npy
0.0037713250316616176,0.020231438993517526,5.364543978390311,001262.npy
0.0035053137867783217,0.019501846507473105,5.563509485646771,001263.npy
0.004385987070431597,0.021986559607078408,5.012910263983504,001264.npy
0.001311759034049044,0.01980006229209095,15.094283145037124,001265.npy
0.0015095220088286764,0.019872810351219388,13.164968925809076,001266.npy
0.0024273419302047413,0.025753756090444474,10.609859188096477,001267.npy
0.0024304402781499053,0.020241635012302937,8.328381975459545,001268.npy
0.0005574576855326711,0.01601433709662447,28.727448709572883,001269.npy
0.00045870012955422876,0.015457542604120095,33.69857903995661,001270.npy
0.0005700335213354436,0.018117482246462962,31.783187369814883,001271.npy
0.006557790390340181,0.03390510260527386,5.170202245415906,001272.npy
0.004819561883571992,0.022797857259681184,4.7302758646299194,001273.npy
0.005533313161525239,0.029225276618202914,5.281695750953189,001274.npy
0.004817456503631562,0.02364210201309001,4.9075901342046775,001275.npy
0.010372442088807552,0.03665896194110167,3.5342652795453526,001276.npy
0.0018665164780585755,0.02118753985205574,11.351381083837099,001277.npy
0.0019197132048458458,0.01715770187623587,8.937638093538043,001278.npy
0.0019362309653759011,0.017518486053306043,9.047725379114194,001279.npy
0.011792275213330091,0.03788937210162314,3.2130671489569367,001280.npy
0.02105821509241876,0.06468851320334142,3.071889660038579,001281.npy
0.020466343055176358,0.07205746587583985,3.520778757546247,001282.npy
0.020231559838164728,0.06349056805061007,3.138194412904513,001283.npy
0.0003340587752538213,0.0198090875596588,59.298210281437576,001284.npy
0.009345059513016892,0.0402336402875262,4.305338048214539,001285.npy
0.008191671003274172,0.03611331716138272,4.408540961122566,001286.npy
0.007760431368949332,0.03827779922488106,4.93243189729168,001287.npy
0.004324378138958191,0.0269483887718215,6.231737350582861,001288.npy
0.05664948912574501,0.12756484123644435,2.2518268602923595,001289.npy
0.0573429880315775,0.12606169888299917,2.1983803636528574,001290.npy
0.05947055289670715,0.13024952356738648,2.190151549329352,001291.npy
0.008398612958316344,0.036436410160139314,4.338384247213277,001292.npy
0.016283883467818904,0.050378043338012386,3.0937364195388946,001293.npy
0.013850592655843897,0.0437465947353714,3.158463743770213,001294.npy
0.01472710934539554,0.04557379368663246,3.0945511855513343,001295.npy
0.0001939608572658824,0.019607031917591645,101.08757041956495,001296.npy
0.00037766729545518954,0.01957491282676602,51.83110375586517,001297.npy
0.000550037287439689,0.0153503340418908,27.90780618971426,001298.npy
0.00025859655930200173,0.021092459266034782,81.56511920499628,001299.npy
0.0006795132686852564,0.02156522110827682,31.73627664293533,001300.npy
0.0008296048968494745,0.016338958541947092,19.694867502954004,001301.npy
0.0008176353599695251,0.0226374099494928,27.686437048967772,001302.npy
0.0008709304542039101,0.02577547462916624,29.595330460836223,001303.npy
0.0019785345004271564,0.02514188029877229,12.707324679775333,001304.npy
0.003553353579206795,0.01983439104408904,5.581879370398804,001305.npy
0.004024959385520323,0.02244058506985883,5.5753568957770945,001306.npy
0.0029124751016570624,0.02662133804157036,9.140451713487133,001307.npy
0.03967631170158422,0.08321732031038692,2.0974056493755886,001308.npy
0.052701914800784185,0.1043986617808063,1.9809272997851677,001309.npy
0.05275221391865123,0.10653771007230198,2.019587466709423,001310.npy
0.05730601414858459,0.12049673498947473,2.102689164106665,001311.npy
0.024237585110431573,0.07509211801596245,3.0981683064434304,001312.npy
0.01939020703045875,0.059319685367251906,3.059260031211189,001313.npy
0.019118915161943813,0.05656442301628765,2.958558188851663,001314.npy
0.020065801821096695,0.05784127541401156,2.8825798205240956,001315.npy
0.0020017421749853313,0.027148688683263172,13.562530184937321,001316.npy
0.002357180616434007,0.023266689331205914,9.870558564805142,001317.npy
0.0023634762679082717,0.025935053455821602,10.973265861815243,001318.npy
0.0034590929463937034,0.023987612675403606,6.934653980453856,001319.npy
0.0022608086955429357,0.016837916288390983,7.447740410384257,001320.npy
0.0030879487970922005,0.017973614826709332,5.820567633379739,001321.npy
0.003077519610922121,0.021335789710742695,6.932787569927796,001322.npy
0.004196431172162654,0.018771808461404884,4.473279243194985,001323.npy
0.0001152939124717334,0.016281023479120048,141.2132088318059,001324.npy
0.024394656235755888,0.0585120725886455,2.3985610627906393,001325.npy
0.018749117038089683,0.05613506647463515,2.994011203759633,001326.npy
0.020999487608977317,0.054312764078404095,2.586385205589441,001327.npy
0.0009820105480347209,0.019032826348481004,19.38148868990211,001328.npy
0.002163188296499396,0.015556975613133588,7.191688135571532,001329.npy
0.0033631968494306458,0.01997956505180616,5.9406469324707665,001330.npy
0.0033568831317464377,0.024503435501587106,7.2994604022868055,001331.npy
0.012918786606876216,0.0389089022161361,3.011807795742554,001332.npy
0.008788938487192727,0.03461219281740144,3.9381539494104203,001333.npy
0.008677343135465084,0.03895369839289489,4.489127349383994,001334.npy
0.007728182448726795,0.030302319756690933,3.9210150581735,001335.npy
0.0016201543721460349,0.018066171153422416,11.150894910922167,001336.npy
0.0038490646601379965,0.023304693869080597,6.054638184018046,001337.npy
0.0037548052514841893,0.02052654708885237,5.466740805337893,001338.npy
0.00405996827575515,0.03168608998456595,7.804516642896143,001339.npy
0.0006619336277429178,0.014103510301128781,21.30653239194516,001340.npy
0.00039479365925175426,0.02103942211453301,53.2921985173634,001341.npy
0.0003957162060554784,0.015820763434760646,39.98007449197706,001342.npy
0.000566198455213199,0.01475336941009525,26.056887384977163,001343.npy
0.0034259389662448193,0.024532105945890816,7.160695558630989,001344.npy
0.0032016447323754845,0.030936683670128664,9.662747196348738,001345.npy
0.0029899537281320074,0.02567440410282262,8.58689010925797,001346.npy
0.0036930500848870824,0.019638487365663853,5.317687794625895,001347.npy
0.0014238685689925681,0.017082943419939274,11.99755636226203,001348.npy
0.0008029732153133186,0.013689147012155992,17.04807425085336,001349.npy
0.0012835912260648142,0.017840456054498688,13.898861007561127,001350.npy
0.0008987027934733308,0.016789479698318274,18.681904409963984,001351.npy
0.009240828501466106,0.0382356431668003,4.137685615266675,001352.npy
0.0010944472365764515,0.015931434132167802,14.556603174810359,001353.npy
0.0010641897886677074,0.02204125614640389,20.711771867578488,001354.npy
0.0010400667086743532,0.022475659758607165,21.6098251684686,001355.npy
0.016622130586756736,0.050528319284032966,3.039822062416614,001356.npy
0.009347866876314514,0.0323872748798457,3.4646701013087187,001357.npy
0.0091790805612274,0.031320626107639686,3.412174661319173,001358.npy
0.007063223026711584,0.03413674624834448,4.833026808783136,001359.npy
0.0053591541430185645,0.030091046036732603,5.614887205906866,001360.npy
0.003906793289997642,0.03132726469917491,8.018664507375345,001361.npy
0.003404872814633335,0.02916448791507904,8.565514630141683,001362.npy
0.0038248897206655834,0.022420246262951814,5.861671288705471,001363.npy
0.01857950536866694,0.05296684863915239,2.850821245576673,001364.npy
0.0025149300502125263,0.02935043703127088,11.67047847637755,001365.npy
0.006436447145096284,0.029584369782339196,4.59638199643761,001366.npy
0.004618199041857196,0.023005974804713194,4.98159013767406,001367.npy
0.0031112637495375925,0.0209791516710366,6.742967923697124,001368.npy
0.007198156415260536,0.02771694032661867,3.850560994341062,001369.npy
0.007359606841658641,0.037211246975353156,5.056146037674844,001370.npy
0.006592572794573173,0.02839913407844063,4.307746756851934,001371.npy
0.0023419016736638005,0.020967892805917626,8.953361720417977,001372.npy
0.002880344512385155,0.0177529731325489,6.163489489208543,001373.npy
0.0024085266641389867,0.02456902451971058,10.200852195793646,001374.npy
0.002423457142966875,0.022922322224780824,9.458521799259074,001375.npy
0.0011720852324631752,0.019343849248991143,16.503790592801536,001376.npy
0.0027606678688088314,0.025714565164917307,9.314617468887327,001377.npy
0.0033074503570581686,0.020546580233989066,6.2122112233461095,001378.npy
0.0030408639836704905,0.02394505328033643,7.874424309027792,001379.npy
0.0015881276362419497,0.026350328336045357,16.592072147807418,001380.npy
0.015188311682169657,0.046417534168788396,3.0561352135816517,001381.npy
0.018655137021308738,0.04891730579689042,2.62218957380976,001382.npy
0.019181652919909184,0.054012019065923206,2.815816722866817,001383.npy
0.014393288353714664,0.04604147918250325,3.1988158681210543,001384.npy
0.025255966572670645,0.06388681770597286,2.52957326026773,001385.npy
0.022783125742199564,0.05577279436407516,2.447986944097104,001386.npy
0.022820193815564428,0.05760827108823842,2.524442673550935,001387.npy
0.015393805940473512,0.049748987614060027,3.231753589996081,001388.npy
0.0006689071195541337,0.022533398140506842,33.686886339077695,001389.npy
0.0005347001278898895,0.013184066090924356,24.656934568720377,001390.npy
0.0006942773069942128,0.021537389348891985,31.021306763019698,001391.npy
0.0013798726332361168,0.02075546976626454,15.041583731932295,001392.npy
0.0006071037952193493,0.018352523136311576,30.229630009891633,001393.npy
0.0006346313970875538,0.013851754476995473,21.826456301622326,001394.npy
0.0006137150774448258,0.02191783560314124,35.713373149771314,001395.npy
0.0008909776608321665,0.025459062133037173,28.574299025280048,001396.npy
0.0019111477212614318,0.015778318109071113,8.255938526510588,001397.npy
0.0019211271874139096,0.0170015025234982,8.849753741986603,001398.npy
0.0019072025109978055,0.020371809363266012,10.681513492201951,001399.npy
0.005082520304277709,0.02173583948986521,4.276586847728798,001400.npy
0.0006957083215670074,0.015102531146952997,21.70813638139048,001401.npy
0.0006427222013313148,0.013902354813806939,21.630425655718145,001402.npy
0.0010703465706827506,0.022657157411878844,21.1680571623248,001403.npy
0.0021782917076691344,0.02651123469425045,12.1706539990679,001404.npy
0.0012554302349107888,0.015814278053247262,12.596700001234499,001405.npy
0.002945730407697829,0.027649092937968727,9.38615864416157,001406.npy
0.0015523188069283959,0.017338124088106477,11.169177362635057,001407.npy
0.007592115621934331,0.03181753931177789,4.190866010610161,001408.npy
0.0012530347510368786,0.018461857129692193,14.733715166863012,001409.npy
0.004513420248733295,0.03006035252025413,6.6602157250990395,001410.npy
0.004971454545337674,0.031763214288495226,6.38911891749956,001411.npy
0.007231883418166836,0.02690344382938605,3.7201158081563093,001412.npy
0.009773213205952066,0.03644364835236027,3.7289320903627154,001413.npy
0.009636818187127383,0.0305936489061294,3.1746628721107295,001414.npy
0.009723068230929685,0.03446364787227049,3.5445239147962533,001415.npy
0.0004564650714313186,0.014295824071385,31.318549733147442,001416.npy
0.0054429229549756986,0.03176249189287067,5.835557870426795,001417.npy
0.0049842503681811,0.027213867094135615,5.459971927454917,001418.npy
0.005767411565197099,0.02305297218565036,3.9971089148144436,001419.npy
0.0022047499193955516,0.018402285792621882,8.346654476948727,001420.npy
0.0008576327073385693,0.018076539902175646,21.077251050970336,001421.npy
0.000527948590568875,0.017060199607127884,32.31413035392528,001422.npy
0.0005453506605656205,0.017948872767519303,32.91253505953539,001423.npy
0.003220796601983387,0.028475985282242763,8.841286424875692,001424.npy
0.001502705976512959,0.025480569804973277,16.956457342470067,001425.npy
0.0017595896025644157,0.020136379494888605,11.443793174896106,001426.npy
0.0011710605097952893,0.018183936835794917,15.527751699564918,001427.npy
0.013170376600870995,0.0365887895668565,2.7781126291148475,001428.npy
0.0009651640204768626,0.018607709536804285,19.27932364214258,001429.npy
0.0009142031135497569,0.015644781292962588,17.113025590235065,001430.npy
0.0010288421567293548,0.01743682727260167,16.948010093292236,001431.npy
0.0004363345964706654,0.01359051846839203,31.147010913581553,001432.npy
0.0004662620347829037,0.01866045706134715,40.0213949030061,001433.npy
0.00044788111098840403,0.013282485675410242,29.656275562596477,001434.npy
0.00044741590621619307,0.013501396568616295,30.17638924288932,001435.npy
0.0009625316340246145,0.021454364592586803,22.289516326430306,001436.npy
0.0021743013620299317,0.021177805218373702,9.74005056496033,001437.npy
0.0021730227734128647,0.021659915063489545,9.967642916371137,001438.npy
0.002278534016299851,0.016815679354204305,7.380043145079537,001439.npy
0.003906400410557411,0.02117447068141471,5.4204557781041265,001440.npy
0.0029146723664188147,0.018538212130886834,6.360307367343646,001441.npy
0.002537871788410783,0.024170779795056097,9.524035018990388,001442.npy
0.0026260676908740053,0.027731210323687035,10.559975437989408,001443.npy
0.004626432589387604,0.021696485814901464,4.6896794435048115,001444.npy
0.020136245116111208,0.04917225603997496,2.4419774270223686,001445.npy
0.01975934788366508,0.0488448036987321,2.471984601153755,001446.npy
0.01954429666045721,0.050848751597520316,2.601718162557254,001447.npy
0.0020819302410948182,0.017156346825867832,8.24059638501878,001448.npy
0.000572883897968747,0.014966412524147961,26.12468696028833,001449.npy
0.0006915144513082825,0.024164597907891824,34.944458251349836,001450.npy
0.0007157251103649148,0.018317122381370027,25.59239866188093,001451.npy
0.006263666091688857,0.0283652651105733,4.528540425340058,001452.npy
0.00018308650604607462,0.0215493818404686,117.70054598313786,001453.npy
0.0002855165897676325,0.01499920083470478,52.53355258753377,001454.npy
0.0007053324910801934,0.018031723124656354,25.564855338616983,001455.npy
0.008116904704016398,0.030179736753028163,3.718133679132209,001456.npy
0.011806687739910128,0.03561652574983201,3.0166399359763605,001457.npy
0.011491992686256803,0.03700792855821265,3.220323016760171,001458.npy
0.012216741018845657,0.04470165070261083,3.6590487291982865,001459.npy
0.011107124598405316,0.03885310161160391,3.49803419101683,001460.npy
0.0023925570265847414,0.02719209228714307,11.365284912599627,001461.npy
0.004557690354200969,0.02427482786335242,5.326124851077565,001462.npy
0.0032137389860517145,0.02058038968753604,6.403877157247452,001463.npy
0.010319035868482188,0.03292949577279031,3.1911407412757367,001464.npy
0.0012265775368824785,0.01409219709076693,11.489038936825157,001465.npy
0.0012844810080457289,0.013972504646000614,10.87793789756465,001466.npy
0.001214214130716939,0.020316475176048454,16.732201220817853,001467.npy
0.0015134981242241967,0.017714262967233867,11.704185603540028,001468.npy
0.0054661625771959725,0.027973302083527,5.1175393494715955,001469.npy
0.007466092060881745,0.03885528150292662,5.204232841207905,001470.npy
0.004660243798295959,0.027881896817797715,5.982926649247392,001471.npy
0.0007584853235795098,0.018092133820507714,23.85297808041,001472.npy
0.0013035573726380366,0.020217064210285834,15.509147982388365,001473.npy
0.0006666428295771804,0.016928255298657168,25.39329086461585,001474.npy
0.001396649455541354,0.019825312131455147,14.194909137436898,001475.npy
0.010689287089046309,0.04130731517382645,3.8643657735875716,001476.npy
0.005798182019692469,0.03339130499007876,5.758926655270971,001477.npy
0.005811475311985311,0.02986700154054808,5.139314878411765,001478.npy
0.006029833976643896,0.022874290077230897,3.793519052603969,001479.npy
0.012728285997755195,0.04020456936060248,3.1586789741788026,001480.npy
0.00027989898921492053,0.020676424280845818,73.87102134941401,001481.npy
0.0002914755772764523,0.012890575109436123,44.22523213320451,001482.npy
0.0002859445846300021,0.023169775503224077,81.02890094308202,001483.npy
0.0010956888823153293,0.02419109790086272,22.078436926972763,001484.npy
0.0007724108635526212,0.024100074577936528,31.20110770696531,001485.npy
0.0009313061973347756,0.021056409496091943,22.609545104222338,001486.npy
0.0007312553977785753,0.014701156503249253,20.10399722012962,001487.npy
0.002039065672265731,0.01594716669624938,7.820820538707163,001488.npy
0.010256317515389511,0.03807813792747426,3.7126520183901977,001489.npy
0.009464974714688797,0.03956106335886437,4.179732598153632,001490.npy
0.009489136593885025,0.03009236743647945,3.1712439942850317,001491.npy
0.01607187977770243,0.04188034166795861,2.6058147675081624,001492.npy
0.001451024411092525,0.019348436373884562,13.334328639572744,001493.npy
0.001697973435320492,0.01470485307041981,8.660237408239567,001494.npy
0.0017158771152710871,0.02428075664552203,14.150638420593035,001495.npy
0.0014477612391972775,0.016121456123664706,11.135438411424754,001496.npy
0.001868571154813449,0.019774420104845397,10.582642274191027,001497.npy
0.002091612115207068,0.01964712957116977,9.393294970865774,001498.npy
0.0020910848800077225,0.015860388254204074,7.5847654006090535,001499.npy
0.001328756892261165,0.01755180743353412,13.209193889076849,001500.npy
0.002216485328671016,0.018769319897016752,8.46805509910711,001501.npy
0.0018003349176558992,0.016534898316965953,9.184345727355351,001502.npy
0.002190016015520227,0.018063273580834833,8.248009807040605,001503.npy
0.005168564387697083,0.02974197315614509,5.754397337525012,001504.npy
0.008640273028225062,0.030093469713485105,3.482930413506176,001505.npy
0.009521461765897072,0.03397719756632069,3.5684854278833535,001506.npy
0.008689466168836917,0.03642305196867277,4.191632864180465,001507.npy
0.007913210993526494,0.03959038427659745,5.0030745174091535,001508.npy
0.017355349922065822,0.05646876939753167,3.25368083322151,001509.npy
0.017355177932607803,0.052807487642775125,3.042751151603865,001510.npy
0.01735893828835068,0.05687656322186007,3.276500110479255,001511.npy
0.0008006231171116045,0.021348684099738304,26.665085753572207,001512.npy
0.04256679119441832,0.10615627298363149,2.4938753897911297,001513.npy
0.04629957357923114,0.10471040419650052,2.261584634598222,001514.npy
0.0462735027296801,0.10547370129350099,2.279354167510863,001515.npy
0.007702632295640456,0.03316744123882085,4.305987870443589,001516.npy
0.0009297886986515219,0.020699423038872348,22.262502273506165,001517.npy
0.0009136070131384776,0.017033142982165083,18.643839987620023,001518.npy
0.000932784321935076,0.014902678090950538,15.976552913173048,001519.npy
0.0005562763766028814,0.018919121567257377,34.010291160994605,001520.npy
0.0011559769737161107,0.021493029313969472,18.592956248326495,001521.npy
0.0010655852145714409,0.014748501789737987,13.840753020234816,001522.npy
0.0010446134016536333,0.015973648559594395,15.291445160493351,001523.npy
0.008129255227757658,0.03369818980557416,4.145298536988367,001524.npy
0.002077358550569272,0.015122680028986478,7.279764015009613,001525.npy
0.0020512451960977987,0.022808512665740594,11.11934969988531,001526.npy
0.00148672461231864,0.024825958457505345,16.69842433232425,001527.npy
0.005813916778951597,0.03110598889661445,5.350263871144267,001528.npy
0.002220568581934323,0.019386709273399146,8.730515879307358,001529.npy
0.0020737132595429687,0.022616955746435845,10.906500998847813,001530.npy
0.0019810293830066416,0.01647886042628513,8.318332156162446,001531.npy
0.0011677838402338438,0.02086149056650369,17.864171288294322,001532.npy
0.02008903887904604,0.05554606570084914,2.764993688026644,001533.npy
0.01740909932422954,0.05216112427212493,2.9961989014292207,001534.npy
0.01916802548365477,0.05297593079227228,2.7637656698486186,001535.npy
0.01291117365836316,0.04498519173356847,3.4842062326336447,001536.npy
0.002482555529791492,0.024149736585066455,9.727772968835465,001537.npy
0.0028146682974822842,0.0228128239100635,8.10497774226702,001538.npy
0.0028151031822816887,0.020062859300165332,7.126864628023041,001539.npy
0.0008663099072767339,0.021588433787482597,24.919989465924925,001540.npy
0.0007716900086986394,0.022257703245593972,28.842803414399594,001541.npy
0.0006228276500664689,0.016741596352613537,26.87998248784695,001542.npy
0.0006252693609234553,0.014527697209291764,23.234302038407293,001543.npy
0.023415442480100645,0.0653081036745843,2.789103973939274,001544.npy
0.0085413413710756,0.03287223290939644,3.8486031032393075,001545.npy
0.007723547809111887,0.03663502593877611,4.743289850787548,001546.npy
0.007269081419962592,0.028882791249063726,3.9733756684539907,001547.npy
0.0018847254423238456,0.023011878712865242,12.209671597196767,001548.npy
0.0054323485599834815,0.02274128590526465,4.186271490308702,001549.npy
0.003483883173299073,0.017985267451009687,5.1624197919978085,001550.npy
0.002975468495440378,0.02468475741196629,8.296090999618123,001551.npy
0.017979804789680736,0.05064943552317716,2.8170180996864715,001552.npy
0.003093642165010012,0.021693852037220584,7.012398614349109,001553.npy
0.0030513334539508706,0.023447013465229646,7.684185885415517,001554.npy
0.0035532800135976445,0.02134697296156823,6.007681036920883,001555.npy
0.000745457491733186,0.017454431660415062,23.41438892433582,001556.npy
0.019197472755765558,0.06001401612501058,3.126141491976359,001557.npy
0.02156753024304879,0.06548314998704595,3.036191406575863,001558.npy
0.021913370365921694,0.0641297160840175,2.926510847542719,001559.npy
0.006028055549020082,0.0258293842801979,4.284861688295465,001560.npy
0.00491124336902591,0.02006931400852607,4.086401853349855,001561.npy
0.0038831222605918325,0.024167790748011533,6.223803712815439,001562.npy
0.003865683512687309,0.018873056411022056,4.882204232498035,001563.npy
0.0022195144960250653,0.016367560843405023,7.374387897147481,001564.npy
0.0031876139719050956,0.01812664551697142,5.686587419947635,001565.npy
0.003121517807143792,0.020289390103641693,6.499847622752074,001566.npy
0.0020980719564681126,0.022705535090135606,10.822095500735795,001567.npy
0.004924233619143007,0.02421692064332944,4.91790652361984,001568.npy
0.010403980618151298,0.0416996639258047,4.008048981756594,001569.npy
0.009339398510209426,0.041239514513849676,4.415649944196382,001570.npy
0.008716046331406014,0.03870295439487657,4.4404255002615205,001571.npy
0.020381333144601,0.05401751172932796,2.6503424159958264,001572.npy
0.01438699630931266,0.04891945837435701,3.4002551554344485,001573.npy
0.013851998030343256,0.04424499148815825,3.1941234317998037,001574.npy
0.0174664881707944,0.05286147249865482,3.026451109102612,001575.npy
0.0047090575642714854,0.027277664872638958,5.792595332621794,001576.npy
0.02062636782124321,0.04986358182117609,2.41746788634322,001577.npy
0.02225433898328594,0.050236695825223,2.2573888113098186,001578.npy
0.01859386802235572,0.0549213237548848,2.9537331171167955,001579.npy
0.0010654801085854021,0.01818910827711857,17.07127905484438,001580.npy
0.0008656746852080109,0.01944890618024762,22.46676088732747,001581.npy
0.0007191994324184121,0.017572881498332513,24.4339479187396,001582.npy
0.0007974851314148564,0.01942371331056186,24.356207435172006,001583.npy
0.00969048575585842,0.03375581916144721,3.4833980472605925,001584.npy
0.009055280722294121,0.029985430945327445,3.311375081856035,001585.npy
0.009685429523978172,0.037118724091445794,3.832429320425977,001586.npy
0.00957661637407549,0.0316411361307555,3.303999543524168,001587.npy
0.0006740158656194126,0.022445070177583917,33.3005071396304,001588.npy
0.011218377901934756,0.03930746207757896,3.503845423882184,001589.npy
0.013835250187663265,0.04329413197100069,3.1292626719158507,001590.npy
0.013038127314205323,0.03976755075604801,3.050096827223822,001591.npy
0.0035844534330019768,0.020830609248574456,5.811376722592113,001592.npy
0.0015473133482994342,0.025090555248636636,16.215561806531756,001593.npy
0.0007526141979000558,0.02066021002345702,27.451262618552608,001594.npy
0.0007640317148449442,0.0156287533870645,20.45563431981437,001595.npy
0.0011515185569901964,0.0207415241490832,18.012322950560545,001596.npy
0.0012557777779801192,0.018205474624891697,14.497369622734752,001597.npy
0.002024054584518412,0.018647965721223254,9.213173328251438,001598.npy
0.001220518365180876,0.01858160360807198,15.224353949884158,001599.npy
0.002930259243686414,0.018787039972279703,6.411391759055852,001600.npy
0.011835552953946376,0.041233260388449176,3.483847399982842,001601.npy
0.011146121841970287,0.03796748860001372,3.4063407107790873,001602.npy
0.011629695719855903,0.044762490744565626,3.848982107527682,001603.npy
0.003192907656281945,0.02313323172065613,7.245192847621832,001604.npy
0.010365683255326445,0.039887696694978374,3.84805282098832,001605.npy
0.00928208738173418,0.027267448723496245,2.9376418902516517,001606.npy
0.00928945878064104,0.036695124018392776,3.950189659263481,001607.npy
0.0029122029290124403,0.01963036361958737,6.740726553868109,001608.npy
0.0019735775499391908,0.017470596614117952,8.852247334696324,001609.npy
0.0032295994953538223,0.01804289649203075,5.586728792037822,001610.npy
0.0030591693042836634,0.02799788958143396,9.152121634483331,001611.npy
0.001585206486446016,0.02457212604195037,15.500899244072244,001612.npy
0.021929922173780574,0.05103026117007538,2.3269695516639914,001613.npy
0.015241060178669077,0.03980993716211677,2.6120188946056078,001614.npy
0.014554110105660644,0.04021216649813504,2.7629423032008025,001615.npy
0.002902841011815138,0.021520774477729827,7.41369382054419,001616.npy
0.001635027877157535,0.019499821288200356,11.926292847785648,001617.npy
0.0014476197569143682,0.02240108025528798,15.474422847448508,001618.npy
0.0016232438601745537,0.025317008161064237,15.59655253754987,001619.npy
0.004716621208870164,0.021785218133644157,4.618818676610209,001620.npy
0.0010880992916552307,0.022593066692504778,20.76379136169836,001621.npy
0.0013773345222686862,0.017492428319090387,12.700203200147344,001622.npy
0.0010867295480032307,0.015441041762852775,14.208725416563484,001623.npy
0.010689668280178605,0.03263951227056397,3.053369984270948,001624.npy
0.003641834895355434,0.02146939798754732,5.895214527718656,001625.npy
0.0032894639072926567,0.018159063090292214,5.520371585629399,001626.npy
0.0033995910591549743,0.02025333370297147,5.957579410462444,001627.npy
0.0005898663847204395,0.01419734089339629,24.06874037593483,001628.npy
0.003720523910509659,0.02110191140433955,5.671758039253437,001629.npy
0.003079338535056796,0.021663632180143187,7.035157689704442,001630.npy
0.003055724642790743,0.020045231190655724,6.5598944696760535,001631.npy
0.00807453264624997,0.029878328275315957,3.700316734305599,001632.npy
0.0016108392121257633,0.021462282647525442,13.323665374943795,001633.npy
0.0016308342767609634,0.017767380295603215,10.894657132787735,001634.npy
0.00021802554635291628,0.014562335415326186,66.7918764251707,001635.npy
0.0070391498198786925,0.03398529091045492,4.828039149081864,001636.npy
0.025069207406892773,0.06605994572943692,2.6351030830611206,001637.npy
0.040414555124630214,0.09891055592873677,2.447399349622171,001638.npy
0.033881416977930394,0.07868228287999551,2.322284304990111,001639.npy
0.010952822091721054,0.04187070441915515,3.82282338430214,001640.npy
0.005047845040464272,0.0258130909591103,5.113685295026899,001641.npy
0.006860546419446076,0.02557433869242191,3.7277407842040446,001642.npy
0.006991358001336507,0.02737299527804747,3.9152615657643954,001643.npy
0.0011181108589905621,0.024342806027294984,21.77137071050402,001644.npy
0.003104958345388851,0.018518284570740656,5.9641008045334685,001645.npy
0.003106309406692598,0.02041169285173732,6.571043052629892,001646.npy
0.002272340468765476,0.016086869959568255,7.0794276538271355,001647.npy
0.007034139858426783,0.026476868964365418,3.764052107932218,001648.npy
0.0033598423198302886,0.02752996411667523,8.19382622422352,001649.npy
0.0033555502736162366,0.025908042641526328,7.720952011511538,001650.npy
0.003929143719937813,0.02065498813203944,5.256867551821057,001651.npy
0.0006010641084859645,0.013270385488345273,22.078153195162873,001652.npy
0.0011365374471727055,0.018207911288695703,16.02051152733233,001653.npy
0.0015206178943710403,0.018012098381456777,11.84524951158865,001654.npy
0.0015222114129907123,0.019184775440334013,12.603226637907124,001655.npy
0.0006567817678176818,0.015171144737351518,23.099217211315327,001656.npy
0.0020601386526304575,0.017338927457340975,8.416388590052243,001657.npy
0.0022121136295737364,0.02494313404865665,11.275701982446249,001658.npy
0.0021701312130501097,0.018327163744688867,8.445186920971903,001659.npy
0.001583102301646916,0.019940798378326817,12.596026388178572,001660.npy
0.000931223743055464,0.014314010535567133,15.371182949255411,001661.npy
0.0007716993053985495,0.021092610216709565,27.33268002552297,001662.npy
0.0009846764289498675,0.022225732250082397,22.5716098964753,001663.npy
0.008153060732909964,0.0291461986495681,3.5748781472145925,001664.npy
0.004068024038139609,0.027182205222339155,6.681918533865945,001665.npy
0.0034699516257013724,0.02452049534804767,7.066523683028255,001666.npy
0.004102023866974807,0.019948710020450598,4.863138456407712,001667.npy
0.01025359348603464,0.03758282318587677,3.6653318891956377,001668.npy
0.006670573859332539,0.03267305224428837,4.8980871705181235,001669.npy
0.006427321654879297,0.030226800102062353,4.7028609615970955,001670.npy
0.0065594613829463725,0.02980226001409863,4.543400482246406,001671.npy
0.003907122383857482,0.01901875240878337,4.8677135078985,001672.npy
0.002578821382890286,0.019390542731156517,7.519149194778614,001673.npy
0.0037198639051793892,0.020335872576295908,5.466832413818748,001674.npy
0.0037171936960979386,0.025617541958216035,6.89163493934039,001675.npy
0.016469556817486863,0.048106636141483514,2.9209429660234965,001676.npy
0.005985822200961355,0.030004505381079915,5.012595491434482,001677.npy
0.006836226984633941,0.030926021947328155,4.523843636748452,001678.npy
0.01898015460769104,0.058801443172100384,3.0980486927211395,001679.npy
0.001113475864804566,0.021733569367576512,19.518671249216933,001680.npy
0.0021714324717247357,0.026108994192586464,12.02385730228333,001681.npy
0.002148574981482547,0.017907166114694482,8.334438528649274,001682.npy
0.00322798628774537,0.019932104071966935,6.174779658284732,001683.npy
0.007841958765211,0.027515602963204933,3.5087665957595497,001684.npy
0.0004701749631340739,0.024680003505250982,52.49110520315431,001685.npy
0.0004328835214323118,0.018109692019006755,41.83502277529746,001686.npy
0.0006358805274016543,0.018634316121665766,29.3047440365958,001687.npy
0.0017886115052023453,0.017059327709090747,9.53774905894004,001688.npy
0.0010884574852993774,0.02078203433292483,19.09310615757829,001689.npy
0.0010130987211792964,0.015654711424317166,15.452305962485088,001690.npy
0.0010661327694353863,0.01547110782700498,14.511426960158914,001691.npy
0.002491461315155853,0.026415410035700165,10.602376149856203,001692.npy
0.006019060944347911,0.03042266393438563,5.05438708988303,001693.npy
0.006469876009361743,0.026274108572366985,4.060991050104829,001694.npy
0.007801940758492675,0.031070571170072635,3.9824156743652344,001695.npy
0.004459787351677689,0.026754969550043604,5.99915812913809,001696.npy
0.007534540419561697,0.041575965166493804,5.5180492567314845,001697.npy
0.008024360889239659,0.03377503146288003,4.209061871202965,001698.npy
0.007657891510655248,0.0326734110595983,4.266632794532232,001699.npy
0.0009944679799382514,0.018491615341565112,18.59448036237307,001700.npy
0.0022856358391531357,0.024972745717578074,10.925951229792108,001701.npy
0.0017913045038727008,0.020972614075762043,11.708011686294766,001702.npy
0.001894691912837412,0.02670034355017035,14.092182141154993,001703.npy
0.003056816456168329,0.01883979369655327,6.163207363455981,001704.npy
0.0002922586768115671,0.021273693095235698,72.790629368247,001705.npy
0.00039783092377543175,0.01236992447969266,31.093421125256302,001706.npy
0.00044606979953882116,0.015936915363875735,35.727402629868806,001707.npy
0.0037047402936524493,0.019750467470698824,5.33113414190121,001708.npy
0.0024319436851692813,0.022365916053834166,9.196724489153048,001709.npy
0.001553642814525009,0.02054719203121147,13.225171079794254,001710.npy
0.0018378203970835932,0.023541626810421358,12.809536141817578,001711.npy
0.0026327038054344233,0.02019124698813045,7.669395599984438,001712.npy
0.0027360065434691746,0.016923079612131436,6.185321320718829,001713.npy
0.002732202487643929,0.027312384412316797,9.996471537829803,001714.npy
0.002692418437374907,0.018734755693096072,6.958337317509985,001715.npy
0.001777283815821411,0.016132477151561086,9.077040481589071,001716.npy
0.0007561893989097722,0.01667487293644334,22.051185773607735,001717.npy
0.0006290997936392088,0.016683935037791392,26.520331402046782,001718.npy
0.0005688711122021054,0.024354701812875832,42.81233701037519,001719.npy
0.0005709027492081103,0.013421825615663168,23.50982827070027,001720.npy
0.004260943039278735,0.0223851506639531,5.253567215836037,001721.npy
0.00380097581728271,0.02213823857381115,5.824356595042285,001722.npy
0.004226789740140627,0.02872261484465964,6.795373464190498,001723.npy
0.005322449839207786,0.024640988173878543,4.629632765861175,001724.npy
0.0038170907200214222,0.019862980864312946,5.20369630093512,001725.npy
0.003678187475289549,0.02574910435416668,7.000487202229737,001726.npy
0.004353105134786281,0.028299423178150023,6.50097397062716,001727.npy
0.024835435742475976,0.06426782357208999,2.587746969165722,001728.npy
0.011877039644200546,0.03621927806787911,3.0495206845179763,001729.npy
0.014886871565804247,0.04290583305399767,2.882125560260223,001730.npy
0.014809315335865977,0.043766876112818064,2.9553612113900893,001731.npy
0.001444052289923541,0.0148181667946526,10.261516766941776,001732.npy
0.003888196016831129,0.027874584458476247,7.1690275725926345,001733.npy
0.0059788801746199225,0.02896036654639936,4.843777713674717,001734.npy
0.005525946289988512,0.021840014857840748,3.9522669437552356,001735.npy
0.0024877334216866116,0.018662614453123012,7.501854613493291,001736.npy
0.002332999592634562,0.022467049586089565,9.630112944892682,001737.npy
0.0025016511490264137,0.019274233518489715,7.704604824412151,001738.npy
0.0019494623859570394,0.016692592287577187,8.56266445572876,001739.npy
0.007611595141438724,0.03414788364940849,4.486297945619273,001740.npy
0.009898735927648485,0.04060216393948546,4.1017524089087445,001741.npy
0.007970680992999723,0.03556479391391925,4.461951738087648,001742.npy
0.009912710089552605,0.03924683138365764,3.959243337708643,001743.npy
0.014939578441198755,0.05072730161433106,3.3954975243508403,001744.npy
0.005229735712781783,0.026311938617790548,5.031217648236295,001745.npy
0.005321210346797254,0.029146795402088668,5.477474765708924,001746.npy
0.006651173010356713,0.029279562281275078,4.402165186844629,001747.npy
0.01370317783480713,0.042505579339736366,3.101877524326294,001748.npy
0.0016110058227077867,0.020993088108087855,13.031044208624598,001749.npy
0.0017663927200471713,0.020854273560160612,11.806136490869122,001750.npy
0.0013566183134997441,0.016950882790236682,12.494953525293777,001751.npy
6.740846935037199e-05,0.02199661847216304,326.3183151736012,001752.npy
0.005153574208687999,0.028474753936969844,5.525243797681477,001753.npy
0.008560847378748435,0.03665310340240494,4.281480766741809,001754.npy
0.009121391295851981,0.032335559347551716,3.5450249086136143,001755.npy
0.006295909560855259,0.0280076648245373,4.448549419328712,001756.npy
0.0005185581180168967,0.01669365035203469,32.19243849596489,001757.npy
0.0004602627218912112,0.017217921062325208,37.408897586074715,001758.npy
0.0004926049439796561,0.01752118376469102,35.568428502914486,001759.npy
0.0016970908130870225,0.0221593551075881,13.05725947288748,001760.npy
0.02215066720034007,0.05912645721802594,2.6692856102975044,001761.npy
0.02264667450590514,0.06128972573165017,2.706345504014838,001762.npy
0.01618348486399139,0.05273427123829693,3.2585238395330616,001763.npy
0.001800676385594998,0.01780264996001943,9.886645981226797,001764.npy
0.0017527888575009651,0.023974543069395685,13.677941272914865,001765.npy
0.001586969862227816,0.023493245585664534,14.803838517059464,001766.npy
0.0017015269639027125,0.016351829307877545,9.610091198180033,001767.npy
0.0003916806085227038,0.016115536549391442,41.144586069832755,001768.npy
0.0002692812418414094,0.02383446739304243,88.51142820994595,001769.npy
0.0002825855267199878,0.017897811032610546,63.33590816917338,001770.npy
0.0003164543860766408,0.013118666613006476,41.45515799352569,001771.npy
0.008360803266023958,0.03442292812435109,4.1171795371766935,001772.npy
0.005758032267926635,0.03726768695844662,6.472295607053581,001773.npy
0.005418670570782562,0.03324236336161729,6.134782124553782,001774.npy
0.006211224188476743,0.030191098134585738,4.860732315335915,001775.npy
0.0127750950096683,0.040706173638663086,3.186369542118469,001776.npy
0.0068668400487238435,0.03299655450262746,4.805202140241266,001777.npy
0.008275667635821216,0.028141932907079607,3.400563452169916,001778.npy
0.00932269322326803,0.03258438293524896,3.4951684188672107,001779.npy
0.00038546511062150277,0.023416732115413525,60.74929068913236,001780.npy
0.0012722935237157481,0.019599178487906776,15.404604447142464,001781.npy
0.0011969291650081799,0.02148419087414289,17.949425484211208,001782.npy
0.001171069284364943,0.020575103607799728,17.569501536698457,001783.npy
0.007934148697371636,0.030098026512481356,3.7934790054613567,001784.npy
0.002817249844187372,0.018782929867667008,6.667115414258822,001785.npy
0.00283026006273658,0.018914689030574028,6.683021561842759,001786.npy
0.0028983478705705635,0.017928794253464757,6.185866931407878,001787.npy
0.005591741493937878,0.028559994948792237,5.107531343436956,001788.npy
0.003520096753761221,0.028844566965287862,8.194254015112854,001789.npy
0.0040998861221313715,0.021167932201927704,5.163053696418344,001790.npy
0.003941835006549708,0.020419709927928527,5.180254853340921,001791.npy
0.010275655801886458,0.04731092140109431,4.604175374267066,001792.npy
0.003985640529287046,0.02658765898839846,6.670862258489631,001793.npy
0.003990608560129776,0.02861345974487841,7.170199559181441,001794.npy
0.004643479958547197,0.02421664354203839,5.215192862682203,001795.npy
0.012689310611820666,0.035394471349336265,2.789313969080038,001796.npy
0.0030365070724093822,0.020241490474562748,6.66604423642447,001797.npy
0.008772316607350275,0.03783652747803591,4.313173950313161,001798.npy
0.003276530533979365,0.018892988165263334,5.766156599050989,001799.npy
0.0018718353737935645,0.019580888722102095,10.460796385612475,001800.npy
0.002283580966411809,0.01688538424472283,7.394256865286707,001801.npy
0.002337761881307103,0.019545137280389004,8.360619372448742,001802.npy
0.0022876519511549724,0.022337280135400525,9.764282593494507,001803.npy
0.0001413940252882796,0.013142517075442157,92.94959215353758,001804.npy
0.0031532825956444733,0.019484760350161844,6.17919889955195,001805.npy
0.0033481964382806213,0.025976716132034675,7.758420571827594,001806.npy
0.0034430546866365546,0.018578265372968417,5.395867059759441,001807.npy
0.0015251157301599818,0.019954422780440875,13.083874471784391,001808.npy
0.0034124172942683753,0.02061198744921459,6.040289233909045,001809.npy
0.01078748273614724,0.033613378843520475,3.115961310303757,001810.npy
0.0058863931914443866,0.03148570781329481,5.348896477848099,001811.npy
0.005065208305561098,0.028733848768843783,5.672787184808188,001812.npy
0.005668259318009297,0.03188860538879036,5.625819779071765,001813.npy
0.006030567208153937,0.02597074372106701,4.3065175830634,001814.npy
0.003222223395521832,0.02605584487839486,8.086293739757568,001815.npy
0.002109638133619312,0.01764789202633211,8.365364532300086,001816.npy
0.002205900498967486,0.01795695757371736,8.14042046546616,001817.npy
0.0021485214746307397,0.022344377566454805,10.399885605469773,001818.npy
0.002123036605064865,0.018331502400962107,8.634567274815055,001819.npy
0.0073789467706398175,0.03467795904979774,4.699581135898515,001820.npy
0.009970861930514534,0.03209111539072298,3.2184895961996802,001821.npy
0.011455054147564234,0.039977511892439366,3.4899452569109073,001822.npy
0.007142220550082085,0.03440060645419898,4.816514165190138,001823.npy
0.005409949336843305,0.0269752853534351,4.986236223274669,001824.npy
0.01017925839035796,0.030524904580320346,2.998735606047248,001825.npy
0.018325894219962165,0.03709941692977146,2.0244260107283116,001826.npy
0.03444293591893219,0.09166037367432486,2.6612241734677693,001827.npy
0.0027565023555994384,0.019869644745833564,7.208281429276835,001828.npy
0.00435569664588677,0.020085172821761955,4.611242345611421,001829.npy
0.004342913597185876,0.022236281085524046,5.120129743270184,001830.npy
0.003932327965863853,0.019373164047918966,4.926639947677007,001831.npy
0.01352456607911322,0.042313447467065404,3.128636232572659,001832.npy
0.01912529501615072,0.049348684215586545,2.580283554963875,001833.npy
0.019248648664369816,0.055438232520248036,2.8801103643699824,001834.npy
0.019800912052408352,0.056399374981379265,2.848322078814101,001835.npy
0.016264560395938706,0.05021267309534344,3.087244405683071,001836.npy
0.013028655011966856,0.040726966539547035,3.1259532545771798,001837.npy
0.013029336980527264,0.045303058012370216,3.47700409296344,001838.npy
0.01585967032792007,0.04202843525905506,2.650019476345376,001839.npy
0.002762581908775565,0.022656134148805983,8.201072362645924,001840.npy
0.003332298421442483,0.018807976384720745,5.6441452719396645,001841.npy
0.0033723296969152545,0.019606356154069884,5.813890666499887,001842.npy
0.0032113130217095724,0.025210356086211357,7.850482313287512,001843.npy
0.0018744478097134879,0.017107614233099477,9.126748761059211,001844.npy
0.004849013910293633,0.032530416894559454,6.70866644036517,001845.npy
0.005477615517089439,0.028143644431811443,5.137937180853427,001846.npy
0.00450346819108379,0.022366174006232083,4.966433213972158,001847.npy
0.03616158938364671,0.09042412331935937,2.5005572171767194,001848.npy
0.00040663078821013735,0.014411870425061745,35.44215245986704,001849.npy
0.0004232969899964109,0.014924349760350928,35.25739629336857,001850.npy
0.0009129021150778445,0.01563128185912166,17.122626385487266,001851.npy
0.0004607519943138392,0.015771057074945184,34.22895014313025,001852.npy
0.0011948218528310922,0.016910956847500307,14.153538282110254,001853.npy
0.0008742489131303204,0.015439855486190228,17.660708795445732,001854.npy
0.0010709668586284264,0.01458021285150247,13.614065385329567,001855.npy
0.0031479311562954914,0.018601008348935303,5.908962877674918,001856.npy
0.001026225195868374,0.015822581438550053,15.418235186423212,001857.npy
0.0006683472584340581,0.013721284987777364,20.530173192295646,001858.npy
0.001088644269751773,0.017937934737771846,16.477315153079935,001859.npy
0.001354218833602812,0.02380478434494065,17.57824048645913,001860.npy
0.0010171501527297543,0.023336715764218585,22.943235745131584,001861.npy
0.0009065640489358536,0.01530168598568281,16.8787698869876,001862.npy
0.001331280285783392,0.01944376470991335,14.605312573126817,001863.npy
0.010306912608909147,0.04273042018191892,4.145802123308735,001864.npy
0.0004096755080033383,0.01664924663738957,40.640082876552675,001865.npy
0.0005063599455384848,0.016856604465324526,33.289766660174365,001866.npy
0.00047826691272522307,0.013718400730309117,28.68356630496648,001867.npy
0.000615033229399696,0.022377578460160502,36.384340479648266,001868.npy
0.0007140645130428046,0.022099930155210758,30.949486666250966,001869.npy
0.0005385374351336836,0.015337602397318937,28.480104388716285,001870.npy
0.0005988115919822209,0.015531599909261647,25.937373444810362,001871.npy
0.03437400992063827,0.08502942475085037,2.4736545123973093,001872.npy
0.04203038053830368,0.10633697550035102,2.5300026822719968,001873.npy
0.04216727819704509,0.10069480832956951,2.3879845376227724,001874.npy
0.04200788143956077,0.09816931948148909,2.3369262175573935,001875.npy
0.002774769903640813,0.019716118382753958,7.105496693898357,001876.npy
0.0011006616952661586,0.022664840306718594,20.59201331763057,001877.npy
0.0009289313627861535,0.022807918227540098,24.552856236416883,001878.npy
0.00103873289148119,0.022820137160002873,21.969206257147682,001879.npy
0.001211004372324756,0.01601668370331361,13.225950340988902,001880.npy
0.0013724820600832155,0.0187307125559119,13.647327777915656,001881.npy
0.001252015890307632,0.022320192103332866,17.827403197751092,001882.npy
0.0012849096132398943,0.018496738099351644,14.395361273169115,001883.npy
0.00013981859538636602,0.01848106289512979,132.17886156617084,001884.npy
0.0002549818460000019,0.023471758050647655,92.052663073099,001885.npy
0.00045296366745867255,0.017036362712104163,37.61088117966469,001886.npy
0.00040234313918082707,0.024364860876655032,60.55741590798494,001887.npy
0.018715504184971445,0.053941561893185226,2.882185879588439,001888.npy
0.0007456989091302972,0.014783440330940327,19.824945606206118,001889.npy
0.0006785672596905059,0.014396231577557124,21.21562947777293,001890.npy
0.0007160802259090942,0.017024885245037345,23.775108718647303,001891.npy
0.002799456018775362,0.023817233585349932,8.507807737683661,001892.npy
0.006187456794865762,0.034728197139325255,5.612677112110002,001893.npy
0.005997684408194658,0.030908355264186307,5.153381397961307,001894.npy
0.005507793292781777,0.024413697916375286,4.432573376516873,001895.npy
0.00033078516883918596,0.019686556399368126,59.51462821002197,001896.npy
0.0017915648695596249,0.019415585436883993,10.837221558055676,001897.npy
0.0016890424139717921,0.02263179362156905,13.39918608435124,001898.npy
0.0016878977529759481,0.022924418051234675,13.58163905262317,001899.npy
0.002130576636424433,0.018553838972984297,8.70836497879432,001900.npy
0.0004291772567694611,0.013728780257290145,31.988601468870847,001901.npy
0.0015421858098027706,0.018967389944132322,12.299030254505467,001902.npy
0.0005789500529518609,0.018035301907087627,31.15174061213101,001903.npy
0.001791199992673918,0.01561322694148264,8.716629632439009,001904.npy
0.0009985148195297115,0.021578542838250128,21.610638515913788,001905.npy
0.0006131055226035848,0.021950481714068455,35.802126828106935,001906.npy
0.0005717166527472588,0.02077383892883629,36.335899599349204,001907.npy
0.022530807736958966,0.05866987789883112,2.6039846676684637,001908.npy
0.003832050904778905,0.021720915094068927,5.668221959763846,001909.npy
0.006283842284143419,0.02764372555255265,4.399175583847697,001910.npy
0.0034138866271907074,0.02178256633075797,6.3805769505890995,001911.npy
0.014080128855081062,0.046371965515686474,3.293433319444296,001912.npy
0.020053593590144324,0.06251119602492151,3.117206686263279,001913.npy
0.020035877521839777,0.0639093790717135,3.189746942696191,001914.npy
0.02210422958947921,0.06168325237911682,2.7905633230793616,001915.npy
0.006994684362386092,0.027863270854490297,3.983492236095958,001916.npy
0.011585760503929015,0.03636104124039646,3.1384250715287196,001917.npy
0.010906809702640421,0.035102000343414125,3.2183563570104234,001918.npy
0.010431372493070726,0.03204457934032388,3.071942772587046,001919.npy
0.0024183378090854237,0.02107315681386159,8.713901228760598,001920.npy
0.0037263574086209656,0.02197989119829598,5.898492490963639,001921.npy
0.0033051876013399126,0.02902422198979285,8.781414395432535,001922.npy
0.0033093122594535875,0.01873564275475567,5.661491355665448,001923.npy
0.004463114654472495,0.02363485548323297,5.295596754444307,001924.npy
0.0009036017907981924,0.0221448145317327,24.507271603195814,001925.npy
0.0007117378982228657,0.024172843518069052,33.96312539414152,001926.npy
0.0007901209926198758,0.01616559123822484,20.45964019404608,001927.npy
0.010218431137272815,0.0377003609767627,3.6894470851359142,001928.npy
0.00906513776871443,0.041511396034356725,4.579234986813048,001929.npy
0.00903787055463408,0.04164470463232905,4.607800518604278,001930.npy
0.008988286582602988,0.0392247120471944,4.363981019447094,001931.npy
0.0019697804623677487,0.020624175535827054,10.470291446370497,001932.npy
0.0015000567593793656,0.026660147796573355,17.772759339340585,001933.npy
0.0016250092363716301,0.019866363130280867,12.225384738989975,001934.npy
0.0010595736657547249,0.01598500616312949,15.08626220684453,001935.npy
0.0004550442139504238,0.013421263775711742,29.494416884684412,001936.npy
0.001631783386075415,0.023083385893403783,14.146109144900219,001937.npy
0.001269542509897505,0.025820356430511476,20.338315739626342,001938.npy
0.0013069573128482446,0.021325910869505086,16.317220650238706,001939.npy
0.008317452195657975,0.030819647222231218,3.7054192190746607,001940.npy
0.038208917669751465,0.09154276318808306,2.395848110064581,001941.npy
0.04506380080255153,0.09907177517444929,2.1984780113718534,001942.npy
0.04738979588516551,0.1062644207146222,2.2423481411669037,001943.npy
0.003771399393970658,0.023413701599525518,6.2082264826549025,001944.npy
0.007272978897691755,0.03457626394549841,4.754071808556724,001945.npy
0.006971821114021509,0.028292213121621262,4.058080759080688,001946.npy
0.008896162456730472,0.035057598382962823,3.9407551908518625,001947.npy
0.008377395152721847,0.03186597806946472,3.8038050594172508,001948.npy
0.0035809473083252244,0.022047129370953485,6.156786868809844,001949.npy
0.00412839205020752,0.02446292872943939,5.925534306579285,001950.npy
0.004181093012456016,0.025160573209020324,6.017702339805889,001951.npy
0.008691416243837263,0.03643976175290109,4.1926149579530785,001952.npy
0.02735638066979028,0.06887859714963562,2.517825657550548,001953.npy
0.025313881162515733,0.060326472680959725,2.3831380218734206,001954.npy
0.02190073384256708,0.05061181001742782,2.310964115629124,001955.npy
0.010620997145870606,0.04887787162023554,4.602004025171688,001956.npy
0.0020235908689115872,0.023358229870765083,11.54296069382129,001957.npy
0.0027114247441384436,0.020576901517203178,7.588962797177885,001958.npy
0.0021189607714863826,0.016620492155891384,7.8436997856212995,001959.npy
0.002947679783068359,0.020692298422908047,7.0198596658110315,001960.npy
0.0034475122272498355,0.019345112584828635,5.61132529924321,001961.npy
0.005343566098178408,0.02456093550256345,4.596356636692447,001962.npy
0.004317362430510438,0.0209983126965661,4.8636900493479756,001963.npy
0.006502279932529837,0.028947480206435002,4.451896950508639,001964.npy
0.0015272175773523849,0.020378762803430463,13.34371938438253,001965.npy
0.0012795715478955715,0.017458101882172422,13.643709019820674,001966.npy
0.0012809546744462128,0.018491935142162574,14.43605733881335,001967.npy
0.0007861315208850682,0.01756927822412813,22.34903160097013,001968.npy
0.0009713658649310251,0.01418910431652111,14.607373817816091,001969.npy
0.0007874653848451032,0.020876828627414603,26.511423871678772,001970.npy
0.0009273901878810501,0.013909845636996277,14.998913946652069,001971.npy
0.024912989039917774,0.06731989620770039,2.7022006912993204,001972.npy
0.021860986594339996,0.05814230044996899,2.659637532706914,001973.npy
0.02137179176734439,0.0557231375037803,2.6073217495650813,001974.npy
0.018274123564725686,0.055385793379616015,3.0308317212266034,001975.npy
0.016007657841936758,0.0440060577073701,2.7490628635461123,001976.npy
0.003918396147599047,0.023452825404728806,5.985312489170842,001977.npy
0.0037944908122420065,0.026605992937674666,7.011742615326706,001978.npy
0.004004861063740288,0.03512812385734736,8.77137141351129,001979.npy
0.0063418127492329375,0.026768108554442557,4.220892292106756,001980.npy
0.0019046472398144326,0.023694354555445333,12.440285029533111,001981.npy
0.00196176322597154,0.01490502439218853,7.597769286458727,001982.npy
0.0017198823773750648,0.022645900626616235,13.16712172434254,001983.npy
0.001510103167011731,0.015551515901284065,10.298313540233071,001984.npy
0.00022878329870483307,0.018467348697556493,80.71982842446243,001985.npy
0.00022611115921242352,0.01449870707175559,64.12203209755133,001986.npy
0.0002018118608640195,0.018681271989047156,92.56775997951281,001987.npy
0.0002608818509104859,0.014983608374597982,57.43446033470805,001988.npy
0.0006170087376693081,0.020838629907042026,33.773638203219505,001989.npy
0.00041204142108874605,0.023352680790094144,56.67556594847498,001990.npy
0.00043387685570528384,0.020087150568151996,46.29689336667348,001991.npy
6.743939557901914e-05,0.019305566872188536,286.26541535804057,001992.npy
0.010899904169273202,0.03782507895450219,3.470221239069308,001993.npy
0.011920433716836334,0.03921725739198711,3.289918665820608,001994.npy
0.009761429076434682,0.03516125133374139,3.6020598065935876,001995.npy
0.0016917317265743917,0.018121417937355343,10.711756269026099,001996.npy
0.002532087152056837,0.018071646927707567,7.1370556526424265,001997.npy
0.002793823217516606,0.018777089568147724,6.720929744122289,001998.npy
0.002585830425927024,0.020607180456083448,7.9692698494436165,001999.npy
0.009651223099939526,0.035841415441268704,3.7136656222131696,002000.npy
0.0016582850743917152,0.015721642244869913,9.480663173764736,002001.npy
0.0015873773347128703,0.01937384579213869,12.204940411624403,002002.npy
0.0016967304092063117,0.015804500857595428,9.31468002431435,002003.npy
0.0012485818560534184,0.016728488491416334,13.39799100708912,002004.npy
0.0714817019728006,0.14689648557930013,2.0550222158132225,002005.npy
0.072182540558617,0.15000928193002164,2.0781934352549696,002006.npy
0.07150087868070247,0.1448533269111817,2.0258957593656897,002007.npy
0.0025575742548800003,0.024698355719661617,9.656945703092989,002008.npy
0.000749445342719687,0.02459113758281513,32.81244962009249,002009.npy
0.0009749178957977015,0.01446037607834999,14.832403966372734,002010.npy
0.0010553705050997473,0.019024889458874233,18.02673975624264,002011.npy
0.0038673967844390185,0.0224439244198845,5.803367398294176,002012.npy
0.001390540062100447,0.017336428631707892,12.467406795927445,002013.npy
0.0018531174143983087,0.018063492921797746,9.747624609590742,002014.npy
0.0020095941669123836,0.015535763457546765,7.730796449656153,002015.npy
0.0013633737755260743,0.019973022332989553,14.649704048791033,002016.npy
0.007079096159209152,0.03110964911202858,4.394579252630105,002017.npy
0.008157649508636844,0.032007291770716456,3.9235924188585702,002018.npy
0.008076100515615444,0.03269711012432703,4.048625949869904,002019.npy
0.004485447610573068,0.0261851766221188,5.837806812313995,002020.npy
0.0015286373929024241,0.022174646715894523,14.506152214610793,002021.npy
0.0016922996075191962,0.020223151450323044,11.950101122471333,002022.npy
0.0014324330602854844,0.02024774073690365,14.13520902661452,002023.npy
0.02156848097557285,0.05369718491352978,2.4896136623091047,002024.npy
0.0018305740895655012,0.025583752863361137,13.9758084615181,002025.npy
0.002011377514915432,0.025495138397727424,12.675461566509508,002026.npy
0.0018234948985490463,0.025479384747939805,13.972830280600677,002027.npy
0.016371213622042136,0.04764229157668532,2.9101258266296037,002028.npy
0.00045113458921453665,0.022014048810037535,48.797075836212805,002029.npy
0.0005605610088408186,0.01747854891387053,31.180457805714813,002030.npy
0.00032577498924509944,0.016651779086729507,51.11435679946274,002031.npy
0.008932383062964568,0.036025475465983524,4.033131495705682,002032.npy
0.014933444133199955,0.04850254398218301,3.24791411460833,002033.npy
0.015124596495757826,0.05237326570367441,3.462787633104881,002034.npy
0.01358588697176099,0.043137660108606354,3.175181730577853,002035.npy
0.0004302224034367455,0.01440249126061231,33.47685084059789,002036.npy
0.0019975255078283783,0.0167342270738468,8.377478535761997,002037.npy
0.0021549224463459898,0.027919998117688517,12.956381865655947,002038.npy
0.002245081347903301,0.023310018198776452,10.38270537999131,002039.npy
0.007325443421080899,0.03696990909177852,5.046781056466978,002040.npy
0.010011581749704264,0.040443545044659135,4.039675852700712,002041.npy
0.008937022323766445,0.0328030734429287,3.670470124375118,002042.npy
0.01000031070213394,0.03817762893023298,3.8176442777191624,002043.npy
0.0027525372039287122,0.021694308122420566,7.881567625888793,002044.npy
0.00560739092799727,0.024668434616593796,4.3992714133817445,002045.npy
0.005592861707950887,0.027972727722221816,5.001505343579996,002046.npy
0.004380184309835714,0.034060533126947165,7.776050209505592,002047.npy
0.018978738985505172,0.05561236638695262,2.9302455989038987,002048.npy
0.004810345639532442,0.03023239311291737,6.284869190932199,002049.npy
0.0050235858242609005,0.02182798337486741,4.345100120735723,002050.npy
0.005293714567244646,0.027939967979906836,5.277951355464091,002051.npy
0.00524267714288158,0.021286677085417847,4.060268542620495,002052.npy
0.007636797694724698,0.03051593892687896,3.995907727785256,002053.npy
0.007237639316353861,0.029594617399022295,4.088987596972754,002054.npy
0.00785906287960179,0.029120652022323446,3.7053593368238316,002055.npy
0.007944780153061862,0.025978904519789937,3.269933719626957,002056.npy
0.007853357489425034,0.030692455578135734,3.9081953949704404,002057.npy
0.009295214868968551,0.03710370350145393,3.9916993874267974,002058.npy
0.00929509906302639,0.026435266812943652,2.8440005460783753,002059.npy
0.007958945734879866,0.03726518976766574,4.682176635615176,002060.npy
0.0009707198135701188,0.020397847515155974,21.01311543247844,002061.npy
0.0011400124110052074,0.023957434855547632,21.01506492758975,002062.npy
0.0009728324354020162,0.02122853249036756,21.82136583549833,002063.npy
0.0020886747156627773,0.020257833358501773,9.698893369030262,002064.npy
0.006510782344511468,0.028698130564501708,4.407785277185036,002065.npy
0.00609704101899395,0.03201670611668423,5.251187586354142,002066.npy
0.006764840577601768,0.028075367226589994,4.150189040137428,002067.npy
0.007111277460833473,0.02697383997090543,3.793107513618357,002068.npy
0.003321166785962586,0.02344160349385249,7.058243382076964,002069.npy
0.0032831098241752543,0.02113293047790504,6.4368637067378485,002070.npy
0.0018976124650063914,0.023301400762602877,12.279325300092328,002071.npy
0.013854238517485507,0.04981308490388275,3.59551229310928,002072.npy
0.01800296012640182,0.05621387832344027,3.1224797436994063,002073.npy
0.018423453941056493,0.05129307226439047,2.7841181369526065,002074.npy
0.018664979500720918,0.05442693556200789,2.91599224944178,002075.npy
0.0008029315772756615,0.019487573276608595,24.27052790657356,002076.npy
0.014216711338502398,0.03904449792734529,2.7463804389033823,002077.npy
0.014721952914101161,0.03839439302088252,2.6079687418711384,002078.npy
0.014328136811249427,0.04820482001907431,3.3643467152590967,002079.npy
0.011534791052135155,0.03995487576800306,3.4638577833746997,002080.npy
0.0006860163404402766,0.01850456788910732,26.973946205504923,002081.npy
0.0006958357389502387,0.0222698706602146,32.00449385196452,002082.npy
0.0006927731998569605,0.014667206427703293,21.17172894471085,002083.npy
0.0003898650705822834,0.017227810961367628,44.18916240033468,002084.npy
0.0019347493904121765,0.02363189638338171,12.21444828424665,002085.npy
0.0021055134529878463,0.019228706434726132,9.132549782242867,002086.npy
0.0021070661275774238,0.01845517322372655,8.75870622873449,002087.npy
0.00770988897461887,0.027829383395981722,3.6095699283072835,002088.npy
0.001329386509570874,0.017324483728497587,13.031938861827317,002089.npy
0.001306216264828377,0.023203654125942778,17.764021727464456,002090.npy
0.002282557938224853,0.019236415238341922,8.427569311066218,002091.npy
0.006922593140765334,0.034806666099585194,5.027980900768224,002092.npy
0.0007531903340962365,0.014839283857837197,19.701904243023982,002093.npy
0.0006826210982251386,0.015108073189449858,22.132443910098054,002094.npy
0.0007594136605450638,0.018816375373530786,24.777504445005587,002095.npy
0.010090708311083836,0.03049189191847251,3.0217791433885592,002096.npy
0.0004943091270442551,0.01767529293007078,35.75756935948859,002097.npy
0.00046834759197684713,0.014253681006979548,30.43397942409022,002098.npy
0.0006049743865017044,0.0225389604832903,37.25605736362979,002099.npy
0.0013626761808476883,0.016537392513759533,12.135966515783704,002100.npy
0.0016158607977616655,0.02266359327505537,14.02570895551392,002101.npy
0.0016461670829858218,0.0216802725321181,13.170153105372643,002102.npy
0.0010271750345534146,0.020967786172113635,20.41306052752416,002103.npy
0.0002543428524538484,0.015247402955875552,59.94822637956391,002104.npy
0.00015076877240766164,0.01911780490636641,126.80215189967778,002105.npy
0.00027866085108245215,0.016778365504036802,60.21070193265719,002106.npy
0.0002746255871175484,0.02398539727826117,87.33853769297951,002107.npy
0.0023019345518383158,0.025247371674157734,10.96789291599424,002108.npy
0.012709736933433906,0.04004936712385629,3.151077581814646,002109.npy
0.01257258057807047,0.043075555197200466,3.4261506559686072,002110.npy
0.012740964593899432,0.035367349612709986,2.775876924410302,002111.npy
0.003221166481144213,0.028681101330487763,8.90394876839641,002112.npy
0.0013997010106597367,0.02528551538918674,18.064940426244096,002113.npy
0.0016560908732980285,0.018020639625706738,10.881431632998515,002114.npy
0.0016035160327250528,0.020170857229399288,12.579142837469055,002115.npy
0.00037598176864460755,0.014511869808734824,38.59726981829998,002116.npy
0.009914980773226523,0.034953163575622,3.525288084015344,002117.npy
0.009957868636830621,0.042565050185523895,4.274514128938834,002118.npy
0.011360279103102808,0.03965700391743023,3.490847676806457,002119.npy
0.006700865100932045,0.02674858473049529,3.9918106579675707,002120.npy
0.002197980829634278,0.027370593418975787,12.452607883790037,002121.npy
0.0021925351339664033,0.019666115455743732,8.969578248991244,002122.npy
0.001922101429438398,0.017073036993867356,8.882484932636094,002123.npy
0.013659878702657401,0.04094077216655415,2.997154883710084,002124.npy
0.028580186486538088,0.07040902906473474,2.4635608692209,002125.npy
0.026163298258189454,0.06288166988354302,2.4034305331689905,002126.npy
0.02528208755495025,0.06339869614540364,2.5076527405460425,002127.npy
0.007341599752165519,0.029503283432839523,4.018645040015757,002128.npy
0.0006538180945771329,0.019165483940245198,29.31317452192509,002129.npy
0.0005647661208693133,0.017044411370948465,30.179592422316958,002130.npy
0.0006029519393247803,0.02212276252590351,36.690756007828874,002131.npy
0.005120789801112453,0.02328302789224838,4.546765009499814,002132.npy
0.011177304181255197,0.04635536900497599,4.147276324426116,002133.npy
0.012765964758322706,0.03821708537470596,2.993669972948723,002134.npy
0.011176445521996845,0.035150777849045786,3.1450766505074395,002135.npy
0.008608068011982432,0.034156489711708655,3.9679623419790424,002136.npy
0.0021212247630838475,0.0212299396415108,10.008340465363162,002137.npy
0.002145799135085271,0.02223993871523277,10.364408458476044,002138.npy
0.0016872636130616577,0.018193394549828268,10.782781302936,002139.npy
0.005614677168397039,0.027354476985056435,4.871959003298143,002140.npy
0.0002485041225050394,0.013134569532389733,52.854533551123865,002141.npy
0.00015776512466455578,0.013155128120811429,83.38425914090924,002142.npy
0.0012420314296407646,0.02426332445214497,19.535193598625366,002143.npy
0.00143912824768976,0.019450847697515986,13.515715306279906,002144.npy
0.00657231299619592,0.036449575110653616,5.545928066299465,002145.npy
0.006815178989953374,0.02841747317665899,4.1697324773686795,002146.npy
0.006532400789025525,0.03248699799989573,4.97320955115015,002147.npy
0.0014597022513085155,0.019119615630463813,13.098298369565565,002148.npy
0.002996844193014727,0.01635845502335315,5.458560393971807,002149.npy
0.0035800986002112794,0.017501901081163285,4.8886645402005815,002150.npy
0.0030018216226888198,0.01858178809775812,6.190170645757323,002151.npy
0.010986033835598392,0.03342561381319372,3.042555148778178,002152.npy
0.0027755013883336596,0.019465592990611333,7.013360925135267,002153.npy
0.00263734450867228,0.020973277812746625,7.952422498019719,002154.npy
0.0024559926125424483,0.019039998415326085,7.75246566758333,002155.npy
0.0046851867501595205,0.030238150480635443,6.453990435739174,002156.npy
0.002876895990856202,0.017257494216609694,5.998650721632444,002157.npy
0.0020567365705052828,0.018230878268007393,8.863983128215876,002158.npy
0.0021220777001826866,0.018875931643782068,8.895023794021322,002159.npy
0.0038462644313481125,0.026210414267773166,6.814511776241012,002160.npy
0.0064775283660913445,0.03594729242099205,5.549538401810773,002161.npy
0.005691237535403291,0.024844858228135775,4.365457964145537,002162.npy
0.005011075964131843,0.03235770320016699,6.457236614714868,002163.npy
0.005375692701109622,0.02983152699868506,5.5493363651493794,002164.npy
0.0002479939269093832,0.019579913721279193,78.95319811795424,002165.npy
0.0003014400933846808,0.01341361698008009,44.4984500434849,002166.npy
0.00024932062730571804,0.018091661185599465,72.56383601125611,002167.npy
0.0006772728451564709,0.01327292375214476,19.597602101529265,002168.npy
0.001087050327337402,0.02195529798870494,20.197131096298595,002169.npy
0.0022058721001382247,0.015949135756361418,7.230308479413517,002170.npy
0.0018222595330413829,0.01705034692605699,9.356706115974028,002171.npy
0.0021891600992673833,0.017535533464155793,8.01016493175351,002172.npy
0.00479467184806213,0.022529232664320265,4.69880596098086,002173.npy
0.004983851213209278,0.029778951316142138,5.9750883477902486,002174.npy
0.005115915593807075,0.02677727616662015,5.234112188011956,002175.npy
0.004586394230052077,0.0202033900738871,4.405070531900749,002176.npy
0.0035838049940333677,0.024800821616181343,6.920248632822286,002177.npy
0.0037768272471338923,0.024248202356740932,6.420257206553946,002178.npy
0.0035482025172334196,0.024196761417172998,6.819442039689462,002179.npy
0.004170801112773996,0.02939896658665932,7.048757729197337,002180.npy
0.0006263207015369751,0.014229271727383454,22.718827065345845,002181.npy
0.0006352015592239074,0.01543634138741333,24.301485315892563,002182.npy
0.0005976202123865006,0.014358911649255787,24.02681724717602,002183.npy
0.010339306176005354,0.036027647313386466,3.484532394882749,002184.npy
0.0011836067536173352,0.0180268599182752,15.230446978230836,002185.npy
0.0008498825580594967,0.01996050687332276,23.486194253017267,002186.npy
0.0011779096883997385,0.01972980822056317,16.74984797146669,002187.npy
0.008743811732297893,0.037250906093837174,4.260259396137214,002188.npy
0.0022076124356960464,0.025273733980941154,11.448447001760096,002189.npy
0.002492170774205285,0.028745673846628822,11.534391677175888,002190.npy
0.0019234120377975936,0.01736787113474417,9.029719470094179,002191.npy
0.0007083153960903773,0.018698059438290265,26.39792882676033,002192.npy
0.0008388198274325583,0.01930288247794807,23.011953013817,002193.npy
0.0017118209361183293,0.016347185747520483,9.549588624636904,002194.npy
0.0008437592887326046,0.017344175638442923,20.55583369628968,002195.npy
0.008838897954633704,0.036219117605283735,4.097696091535769,002196.npy
0.007943908887361174,0.03614470748508526,4.549990186700379,002197.npy
0.005404305787485729,0.03133482050464363,5.798121300316641,002198.npy
0.007948599436222045,0.034085322590906776,4.288217422592784,002199.npy
0.0028600095591164863,0.02799918295623182,9.789891386269153,002200.npy
0.0035160742237662747,0.019669000355067984,5.594023077648609,002201.npy
0.0035034386086678043,0.020073969847866087,5.729790667223793,002202.npy
0.0035331804684857093,0.01946380353032032,5.508861972780426,002203.npy
0.022788293188960956,0.05267575809052817,2.311527135991637,002204.npy
0.007407658670349644,0.030064806197459746,4.0586111661354485,002205.npy
0.007668408200594338,0.03501309375911438,4.565888100849249,002206.npy
0.007461755266070199,0.03118101841500888,4.178777955049692,002207.npy
0.004278642672678921,0.025663299631270415,5.998000204631307,002208.npy
0.00995784345470033,0.04158002024620085,4.175604932150095,002209.npy
0.010601205068393738,0.035438019204483154,3.3428293268087668,002210.npy
0.010395608045204481,0.04012065493511607,3.8593851131934924,002211.npy
0.0031309822493565996,0.02524615719846829,8.063334500408907,002212.npy
0.01415995287735296,0.04074146673497061,2.877231801968364,002213.npy
0.011042723253796764,0.03350554941593088,3.034174509659713,002214.npy
0.01263218359775717,0.035736574256993246,2.8290100423737683,002215.npy
0.044032136610105625,0.09731949992838194,2.2101925416182593,002216.npy
0.013170608947162071,0.039451267991152825,2.9954019702071677,002217.npy
0.01092665750973454,0.036186521596455974,3.3117649713012143,002218.npy
0.01770946541903367,0.050185633137409154,2.833831058595203,002219.npy
0.0007481104592853317,0.02061257391526388,27.552848156142847,002220.npy
0.0010903924420086319,0.014323188631117754,13.135810619337141,002221.npy
0.0005381446974440244,0.014064709730569327,26.135553824530117,002222.npy
0.0005848710523590214,0.013538570048262427,23.147957095000592,002223.npy
0.02099743445760297,0.13131984051231965,6.254089792361081,002224.npy
0.029783008400678115,0.09943967799985293,3.338805692820811,002225.npy
0.029154736933445106,0.10445783278112628,3.582876875788706,002226.npy
0.029196293469119006,0.0859070360579146,2.942395278593713,002227.npy
0.025842902713805228,0.06635757382130975,2.567729119078173,002228.npy
0.0004283866369865625,0.015620545443462941,36.46366170028142,002229.npy
0.00019122101039876891,0.017818802315546473,93.18433254903906,002230.npy
0.00038509677578432803,0.015085254061767162,39.17263132850265,002231.npy
0.00039678844196241244,0.021974163741182422,55.380049827368644,002232.npy
0.00022143668194746542,0.012204031841860733,55.1129635813596,002233.npy
0.00022727853138196957,0.013568628807059691,59.70044185808072,002234.npy
0.00023410617301983136,0.017803608858182787,76.04929230817562,002235.npy
0.020572369298526506,0.05551875726292592,2.6987050667617436,002236.npy
0.011127506858851832,0.03345935310142814,3.006904738306642,002237.npy
0.012910516297360801,0.04564823334039225,3.5357403442640036,002238.npy
0.017697805917908097,0.054000823856255924,3.0512722370608762,002239.npy
0.0016948148172279266,0.015310656058688948,9.033822394648134,002240.npy
0.002524689871556541,0.017518181129396605,6.938745752822867,002241.npy
0.002512796048760445,0.020646441056204598,8.216520819177864,002242.npy
0.002810971483969736,0.02149452330757768,7.646652918220227,002243.npy
0.004093921318462113,0.022314462755139403,5.450633027571527,002244.npy
0.009361886263416483,0.03603957479833378,3.84960613507091,002245.npy
0.008290226251818453,0.0389881327695688,4.702903344442968,002246.npy
0.007832597650916167,0.03011068846792274,3.8442787191496373,002247.npy
0.007749312294927284,0.027704716332471523,3.5751193493688422,002248.npy
0.001403077855201024,0.01531017634397658,10.91185088362127,002249.npy
0.001528558206311245,0.01924696651804871,12.591582333592902,002250.npy
0.0012493412095405797,0.021528470464547905,17.231858105627293,002251.npy
0.0027121051716158242,0.023688720254065675,8.734440129479903,002252.npy
0.0018075892881300433,0.015693509980992892,8.682010939302403,002253.npy
0.0018125517620857824,0.022240778620956157,12.270423981763862,002254.npy
0.001797742360061037,0.0202583502391297,11.268772811346068,002255.npy
0.007816621548190444,0.03685556008895182,4.715024241357686,002256.npy
0.03212521573453128,0.07528510882108995,2.3434895952721266,002257.npy
0.03296173334573348,0.07201600402070277,2.184836679071054,002258.npy
0.03440483842458322,0.07389735591012944,2.147876847931361,002259.npy
0.016889210303967686,0.050937949097435035,3.0160053773178768,002260.npy
0.0001894643143601634,0.016360685868484957,86.35233415001663,002261.npy
0.00018240731523584374,0.02307241461621966,126.48842762089738,002262.npy
0.00019501165971210732,0.01523857232463932,78.14185197948643,002263.npy
0.007875346407889172,0.026976365862689953,3.4254195895739654,002264.npy
0.021772338027027206,0.05762989975425736,2.646932069540316,002265.npy
0.02649822381133982,0.06668363812277296,2.516532375755669,002266.npy
0.02386565577139636,0.054534719209513124,2.2850710548498485,002267.npy
0.0027721418906865546,0.022098540431840265,7.9716483846343245,002268.npy
0.0032945228933785407,0.019209224395500647,5.830654395899762,002269.npy
0.002818463552757061,0.01827067620922977,6.4824951118756315,002270.npy
0.002819738211196301,0.027636598566576073,9.80112212120921,002271.npy
0.00304491746841453,0.02088665817703937,6.85951536875494,002272.npy
0.006618236854234794,0.027875406699675306,4.211908293766614,002273.npy
0.005330227807125587,0.02487962926812159,4.66764839416323,002274.npy
0.005307160866838116,0.029860177067897044,5.626393812528364,002275.npy
0.0013564542603642668,0.019537232099658804,14.403163200658934,002276.npy
0.000958308337372258,0.027236385040726244,28.421316971934957,002277.npy
0.000861782004029348,0.015077611035269414,17.495852719454202,002278.npy
0.0009565223047681071,0.016443073901017166,17.190476168575113,002279.npy
0.0010759239181350536,0.01995282708837471,18.544830851436963,002280.npy
0.004650765752061408,0.022744734392520623,4.890535365826304,002281.npy
0.004751595686816032,0.02431994047333934,5.118268066599217,002282.npy
0.004926758611322017,0.027906780895747104,5.66432884025435,002283.npy
0.010946677098156716,0.034700489005130904,3.1699563887569204,002284.npy
0.03647548546324942,0.08783907870857659,2.4081675018601185,002285.npy
0.0318313473984335,0.08219783789229176,2.582292130516431,002286.npy
0.03305182863306646,0.07815926928226645,2.3647487147718005,002287.npy
0.0010880076303080445,0.017875000087017652,16.429112787129664,002288.npy
0.0007424840706398904,0.013789201948992344,18.571714164233544,002289.npy
0.0008049155013250735,0.015464377695422905,19.212423728643078,002290.npy
0.0006978550765344958,0.015832123181588883,22.68683526459873,002291.npy
0.003478646260914215,0.022348372071810767,6.424445140482033,002292.npy
0.01126907429764777,0.03610417622671327,3.2038280404314645,002293.npy
0.011875767415552867,0.03454650864117283,2.90899168284659,002294.npy
0.012999137337426267,0.03788468092818606,2.9143996207499523,002295.npy
0.0027950776757152663,0.02493006531701744,8.919274596802934,002296.npy
0.0028844285264153693,0.02247926446021035,7.793316508817501,002297.npy
0.002691438183052035,0.021174132005070144,7.867218400755502,002298.npy
0.0027969585455309607,0.02670992760016449,9.549632987693915,002299.npy
0.0016930093106791995,0.01598587962144165,9.442286886529978,002300.npy
0.00046691274596453753,0.02155762031499242,46.17055425481828,002301.npy
0.00027165526183158055,0.01695888117923841,62.42795005503903,002302.npy
0.00032370884084612653,0.021502799053886006,66.42635688371854,002303.npy
0.002675171544956368,0.02373527657433333,8.872431605819887,002304.npy
0.0013786771325198217,0.01914476851753258,13.886332088249816,002305.npy
0.00146492257574229,0.01863691462571841,12.722115777724834,002306.npy
0.0015901606693469361,0.019468736584394426,12.243251231428582,002307.npy
0.008171966982077887,0.028666644175244737,3.5079246203033163,002308.npy
0.0019964413463630635,0.016850044385780298,8.44003977829659,002309.npy
0.001977225833649359,0.016026299050532045,8.105446919964074,002310.npy
0.0024517545354674425,0.023578318903922015,9.616916601649006,002311.npy
0.0012018246932328572,0.01832508611889278,15.247719744675372,002312.npy
0.006742948685530881,0.027144690647652747,4.025640993364607,002313.npy
0.004478884956392693,0.02277227295143723,5.084362105539259,002314.npy
0.006795608240858339,0.03312202172038006,4.874033426082615,002315.npy
0.005282632500168919,0.027791798577159518,5.260975199772057,002316.npy
0.009020441389383805,0.0404293047577045,4.481965239728064,002317.npy
0.009081942581750156,0.03561886639602749,3.921943578973996,002318.npy
0.009072163075910173,0.0331040611639892,3.648971131178551,002319.npy
0.0015725544550369123,0.015428525190175558,9.811122999236478,002320.npy
0.0062364942311704296,0.023805655441133097,3.817153444852659,002321.npy
0.006230651062650257,0.031769597672557534,5.098921019490564,002322.npy
0.006749600731470858,0.02764355784366814,4.095584159768296,002323.npy
0.0006340697880999092,0.013901833711107855,21.92476908865527,002324.npy
0.0002998358712013431,0.019787942595099278,65.99591453424044,002325.npy
0.0003421448007978198,0.020578789478108834,60.1464332381389,002326.npy
0.00031588213734480455,0.014462863764289905,45.78563334120149,002327.npy
0.004161508929149135,0.026385783545436924,6.3404366034825115,002328.npy
0.05219933558865625,0.15842625742352337,3.0350244047151613,002329.npy
0.05402003989667697,0.1643635761794807,3.0426407772340216,002330.npy
0.050766664703620734,0.16192669170460197,3.1896263551634023,002331.npy
0.00033331090548490414,0.022416447882758875,67.2538685282239,002332.npy
0.0014086918426399924,0.024734624993697416,17.5585775600037,002333.npy
0.0013330870291012541,0.019148309481341694,14.363885515327,002334.npy
0.001109733071008908,0.02727713116703437,24.57990291183771,002335.npy
0.006831534460054194,0.026768411730570367,3.9183600528071776,002336.npy
0.002444052286111115,0.02090161700977922,8.552033490038406,002337.npy
0.0020218748449495135,0.024589448024617214,12.161706287052358,002338.npy
0.002181608406152236,0.01843751994985426,8.451342546356287,002339.npy
0.001963716331528285,0.020889319093558345,10.637645951471688,002340.npy
0.0002678456166288123,0.01781805497942284,66.52360093908865,002341.npy
0.00021559268099467075,0.016450009957306208,76.3013373464728,002342.npy
0.00022354552035770285,0.013547070746709244,60.60094903906445,002343.npy
0.004221662910769592,0.018882177680604097,4.4726872031782525,002344.npy
0.002467285525093725,0.02220994099101533,9.001771686789215,002345.npy
0.0025511620120170233,0.021138244814777944,8.285732034234742,002346.npy
0.002295950460051925,0.027293267751587295,11.887568227444447,002347.npy
0.0042526990237223864,0.02020786228171757,4.751773442052303,002348.npy
0.0020871768062825724,0.02392142544871576,11.461139931341311,002349.npy
0.002867472658790335,0.017868637700345927,6.231493660571624,002350.npy
0.002765907748842677,0.022456500739475947,8.119034606903739,002351.npy
0.008912250661212696,0.0328207500049285,3.682655622006473,002352.npy
0.0013859854536259857,0.02005438288140685,14.469403568032835,002353.npy
0.0016457882660984838,0.01423524991281876,8.64950261124138,002354.npy
0.0016377854437566344,0.019818076023679895,12.100532513661914,002355.npy
0.008605520339221849,0.03300983268335685,3.835890379582307,002356.npy
0.009084584288448423,0.03510110848690165,3.8638100951598786,002357.npy
0.009656999614774807,0.03143933285523237,3.2556005081408412,002358.npy
0.009959379097445849,0.03498544785599651,3.5128141534903468,002359.npy
0.0214420016134576,0.05751840381632836,2.6825109358515156,002360.npy
0.009552303260828753,0.030679982045967866,3.2117889482807622,002361.npy
0.008851306046556507,0.03908172132987432,4.4153621082465255,002362.npy
0.008724278632872168,0.0329138846401766,3.772676919486254,002363.npy
0.011401152541932564,0.03537622922331862,3.1028643017541166,002364.npy
0.0016851743737785055,0.015276713283427815,9.065360542546669,002365.npy
0.002017531331588066,0.015557772360664945,7.711291572214452,002366.npy
0.0018691910828810105,0.01524201248245337,8.154336180443524,002367.npy
0.001360348795147732,0.026091701270674734,19.18015537306449,002368.npy
0.004817450002933254,0.02997668779418619,6.222521826009907,002369.npy
0.005135153395986245,0.021207008662749684,4.129771211157159,002370.npy
0.0028648162172272636,0.017692919838944835,6.175935380208487,002371.npy
0.006145950846276735,0.026674409617304475,4.340159933124729,002372.npy
0.0028857857426961096,0.0198992528914746,6.8956099516202025,002373.npy
0.002092109498468184,0.018948016081400166,9.056895008228187,002374.npy
0.0019867032149433017,0.02270386160037972,11.427908013225696,002375.npy
0.001420760747744514,0.01663092052392498,11.705644697477217,002376.npy
0.0021978819078021204,0.017936846027275574,8.160968956722261,002377.npy
0.0022029688984589696,0.022064661445697097,10.015875145634597,002378.npy
0.0028763485111714094,0.024279774102196422,8.441179502572574,002379.npy
0.0017688179604360681,0.016747680684587922,9.468289587013698,002380.npy
0.00394972054539227,0.029574062102114853,7.487634063156243,002381.npy
0.004179315919152465,0.028915118621814295,6.918624764255544,002382.npy
0.004484728884406813,0.02565678818084131,5.720922900228775,002383.npy
0.005134887762639817,0.023652714658904252,4.606276855239041,002384.npy
0.0038929312817411812,0.02622438055394752,6.736409828555154,002385.npy
0.003966560332608086,0.025433642375408377,6.412014500551734,002386.npy
0.0032802104916324366,0.026247483666623817,8.001768095851578,002387.npy
0.005866115651585475,0.03104594269543145,5.292419129641269,002388.npy
0.00194267078249201,0.01768301639547724,9.102425664060009,002389.npy
0.0018242895280863346,0.019468196661113022,10.671659488098552,002390.npy
0.0010183842281884772,0.019253503159831674,18.905932170782208,002391.npy
0.0002733287595757917,0.01493316763450715,54.634454142509874,002392.npy
0.015504159696690977,0.04042665398054496,2.607471463775342,002393.npy
0.016062630112334903,0.045244630264057305,2.816763502976766,002394.npy
0.017056770012605575,0.05399408895217849,3.165551796155388,002395.npy
0.004683086988592987,0.020342937154206094,4.343916139164889,002396.npy
0.0008557122799660197,0.021330662443433648,24.927376781776825,002397.npy
0.0007982971611964826,0.019459478520627974,24.37623411823988,002398.npy
0.0011556525235481435,0.016061115350271573,13.897875884060754,002399.npy
0.005219080646665301,0.023005128363015163,4.407889035841255,002400.npy
0.008657281984017332,0.03518755104292926,4.064503282303425,002401.npy
0.00848783967653581,0.0366106608754591,4.313307304019189,002402.npy
0.007926461766138433,0.037649055366734574,4.749793347117401,002403.npy
0.005805151948481571,0.0300633806110425,5.178741378979288,002404.npy
0.00047943793859739987,0.01524136241683047,31.790063236608173,002405.npy
0.00042079158955045,0.022667735755560803,53.86926988466775,002406.npy
0.0006047392334631542,0.013283303064760296,21.965340280182577,002407.npy
0.0011567828227918165,0.016634004294618955,14.379539489611696,002408.npy
0.022173750544539645,0.06378713073644657,2.8766956048523626,002409.npy
0.021380512385302943,0.055391222167482566,2.590734083808394,002410.npy
0.02090642343013605,0.053667200988092335,2.5670197088405606,002411.npy
0.003940336396499297,0.02563196792953323,6.505020217766267,002412.npy
0.0006881571570275394,0.01424077581731229,20.694074968471647,002413.npy
0.0003884957338495058,0.019903759931051163,51.232891758158985,002414.npy
0.00036530086913086286,0.020303852510629012,55.58117752184795,002415.npy
0.025718482691860445,0.06258170662904794,2.433335876669773,002416.npy
0.004371582157941477,0.028923359700396705,6.616222376660106,002417.npy
0.004137225992534291,0.021323556318709438,5.154070953105815,002418.npy
0.003700994311774193,0.0206627463961786,5.583025709026343,002419.npy
0.000558826762314687,0.014389309105962105,25.749140971008195,002420.npy
0.0006592560023114834,0.023293058809721646,35.332342358232886,002421.npy
0.0006739570807643124,0.01798405923285042,26.684279638060946,002422.npy
0.0007111323574848175,0.019924158782175138,28.017511150282598,002423.npy
0.0008069121193503109,0.013648443776666316,16.914411660765506,002424.npy
0.00043225101518307635,0.019846615991609463,45.91456179296428,002425.npy
0.0006218268653842663,0.01686353244384492,27.119337160359795,002426.npy
0.0005945282806304435,0.01803305441283352,30.331701570830905,002427.npy
0.0005694795510523237,0.021410639907087792,37.59685458578254,002428.npy
0.0006519005213641486,0.019965687350073553,30.62689270238199,002429.npy
0.0008271496484664435,0.015479605706437796,18.71439553582956,002430.npy
0.000801233381951346,0.023962142110418885,29.906569822583087,002431.npy
0.0009286377910893756,0.01908556538555933,20.552216966765943,002432.npy
0.005759447568878512,0.024518222285626605,4.2570440982664906,002433.npy
0.005090151728542817,0.025216955085273298,4.954067467167273,002434.npy
0.0050662770302408655,0.031882463605129543,6.293075449591172,002435.npy
0.00924858299733548,0.03335462345102755,3.6064577090383,002436.npy
0.0035598890090201424,0.035627815166283834,10.008125272164664,002437.npy
0.0043030247057789075,0.029224398729670652,6.7915944532298544,002438.npy
0.004438819828339888,0.02915331266298849,6.567807161554465,002439.npy
0.0016958560484509836,0.024149574642179716,14.240344663096787,002440.npy
0.0025413505298141938,0.018756419368273592,7.380492829245574,002441.npy
0.002498634189230025,0.017007883081969002,6.806871990094417,002442.npy
0.0024664902661442646,0.01950931681788713,7.909748146492901,002443.npy
0.00028650784380333956,0.015853668386623266,55.334151141673985,002444.npy
0.00029351308899564833,0.012808549203970142,43.63876652029401,002445.npy
0.00021522195013781587,0.01813158747686473,84.24599527143164,002446.npy
0.00023486004777325008,0.023286228252123214,99.14938012980372,002447.npy
0.000275982073246385,0.02284535973352495,82.77841884081786,002448.npy
0.0027325193567749456,0.021421348800763462,7.839413375357232,002449.npy
0.002847919784779519,0.02303601936905388,8.088717766939691,002450.npy
0.002264885635016069,0.022835984836734005,10.082621601107627,002451.npy
0.001229134301669896,0.01847092356252165,15.02758772853345,002452.npy
0.0014383551720142712,0.024836470183827793,17.267272124992292,002453.npy
0.0014140137392521395,0.024226129052036176,17.132880935595647,002454.npy
0.0016736123017955288,0.0186230081471927,11.127432630057534,002455.npy
0.0005350668506489584,0.013362872512263464,24.974211114147753,002456.npy
0.025896612246989057,0.06840381981880693,2.6414196252685014,002457.npy
0.023862971408858676,0.06703944812785957,2.809350393855943,002458.npy
0.02859027750509469,0.07045065032147724,2.4641471320961834,002459.npy
0.007088344440465605,0.03320773129510375,4.684836010767788,002460.npy
0.0035874538217979556,0.024833704836797282,6.922376165508043,002461.npy
0.0034621033375014354,0.01892596961565479,5.466610255731666,002462.npy
0.003609231604798808,0.019277186240209663,5.341077643850225,002463.npy
0.0017435861278255163,0.019307584348083898,11.073490451595603,002464.npy
0.004537382881899331,0.02081652053196584,4.58778134228433,002465.npy
0.005482768120534571,0.02393694451867994,4.3658502400754875,002466.npy
0.004746146571944121,0.031980485347846595,6.738200107673563,002467.npy
0.017783922329178237,0.061637564431940926,3.4659150714095124,002468.npy
0.0019951723743432217,0.014716233249980119,7.375920713842353,002469.npy
0.001043871889253094,0.01681673306453041,16.10995872439201,002470.npy
0.00031883792425506255,0.01623110144012966,50.907060156489145,002471.npy
0.049423866985475066,0.10425719177142523,2.1094503147832486,002472.npy
0.05058853709085776,0.10711220751645786,2.1173217031946474,002473.npy
0.05091238399103886,0.11171162880183524,2.194193633130665,002474.npy
0.05039782520676939,0.11193188954735206,2.2209666605037657,002475.npy
0.0008352451555438964,0.018286147048481853,21.893149461826088,002476.npy
0.00046681598764548957,0.01516134254928298,32.478198945745284,002477.npy
0.0004275073835104654,0.014467591799875409,33.84173542976833,002478.npy
0.0004654568692725624,0.012493869848064172,26.84216443458662,002479.npy
0.002687432390847832,0.018666571008856034,6.945875574946546,002480.npy
0.0003566238173247639,0.02208915251423601,61.9396444662601,002481.npy
0.00020607708018727228,0.023234481049868843,112.7465554005714,002482.npy
0.0003986601542919166,0.021892842908356944,54.916054736711864,002483.npy
0.0009942188424211964,0.015977418685068252,16.070323743903824,002484.npy
0.000985063156467544,0.01590716202375102,16.14836764948762,002485.npy
0.000919409424119934,0.015460544340200243,16.81573401228018,002486.npy
0.0008149664787852933,0.023671978957332418,29.046567614129245,002487.npy
0.0015106300377149473,0.025492418435703542,16.875355171931616,002488.npy
0.00034925773415083226,0.019976695498361396,57.19757499639673,002489.npy
0.0003345396573303305,0.01576282164511595,47.11794626917283,002490.npy
0.0005039419662948496,0.018727511669719418,37.162040246912404,002491.npy
0.007823004549601213,0.03274460674226642,4.185681668911969,002492.npy
0.006086743152841364,0.02478376930597053,4.071761971971728,002493.npy
0.006066995726339041,0.035719636868246,5.8875328868762,002494.npy
0.006072006170084082,0.03373115706784054,5.555191499882527,002495.npy
0.011534434894871153,0.04401717044439682,3.8161531832957962,002496.npy
0.0010807786257191756,0.023341080873683324,21.59654187975366,002497.npy
0.0011426317694381662,0.023693826000294637,20.736186945168466,002498.npy
0.0010618637222404171,0.01898195060322391,17.87607033631207,002499.npy
0.011221165309839489,0.03996202687867744,3.5613080970364708,002500.npy
0.005527721427834359,0.025138730183838727,4.547756342008677,002501.npy
0.004767135431788101,0.02470538887770995,5.1824390615772336,002502.npy
0.0046867744206349786,0.026228209298676464,5.596217556066367,002503.npy
0.0018204291164567227,0.021731162627042958,11.937384663679207,002504.npy
0.0013613781904250636,0.019613459237477347,14.407061433785982,002505.npy
0.0013701282578750431,0.024594801987142197,17.95072966988944,002506.npy
0.001096481305764296,0.01413256187175441,12.889013050718978,002507.npy
0.003988462079718883,0.02649634604465096,6.643248828599929,002508.npy
0.002943925064599235,0.023461237447483626,7.969373175505097,002509.npy
0.0034889837470706547,0.026929896608384636,7.718550315482663,002510.npy
0.0029475725863785172,0.029208907089899067,9.909478469155053,002511.npy
0.011227096511455727,0.038553560943908265,3.4339743051229332,002512.npy
0.011148376027046235,0.03445620774635526,3.0906929996506176,002513.npy
0.009659571057928966,0.033955486818862304,3.515216836515225,002514.npy
0.010652158927696283,0.0335005897791333,3.144957750290854,002515.npy
0.0010330211724263157,0.015121891456133733,14.638510657993171,002516.npy
0.003326915760341403,0.021570274644325572,6.483565017176298,002517.npy
0.002658296425103366,0.027296167563985386,10.268293368996913,002518.npy
0.0036737400421901632,0.02751153261351323,7.488698789537394,002519.npy
0.008179846756691334,0.033770700030955315,4.128524779538376,002520.npy
0.001862757985386355,0.016015926778786983,8.597964360822294,002521.npy
0.0018254639176662013,0.024022639276045067,13.159744781259503,002522.npy
0.0016684340351041857,0.01820540695130414,10.911673196750403,002523.npy
0.006351802238384423,0.02524185820076565,3.973967899260656,002524.npy
0.0034230379373453154,0.020236311398247154,5.911798748286534,002525.npy
0.0033968168600654685,0.028703720956035725,8.45018207664935,002526.npy
0.0034266437887902606,0.024663091424199694,7.197448272471088,002527.npy
0.003798427372399902,0.02115366787714927,5.5690594550488965,002528.npy
0.0009773140936286324,0.01542247431478055,15.780468531604372,002529.npy
0.0014623307779921067,0.01610056996130469,11.010210681198824,002530.npy
0.001393174811647466,0.015829264130047937,11.362008548638203,002531.npy
0.0049991268461807865,0.029694226008982593,5.939882487024386,002532.npy
0.015513932952287408,0.049548608576720866,3.1938135047323057,002533.npy
0.01472065152469266,0.0527823820748331,3.5856009486882745,002534.npy
0.014479654222418894,0.05313721429729188,3.669784753032954,002535.npy
0.004253658901654601,0.028678834014033667,6.742156498993355,002536.npy
0.046291107978128465,0.15155486512205307,3.273951990766466,002537.npy
0.006035458538026971,0.03419161072936563,5.665122295062266,002538.npy
0.044389468652036024,0.1385017170969379,3.1201481184764095,002539.npy
0.02563731646533951,0.06142414781550739,2.3958883488119422,002540.npy
0.1002074049823961,0.17013856747535397,1.6978642197604572,002541.npy
0.09203541849102151,0.17093647010392832,1.8572900835969652,002542.npy
0.09199851842776746,0.16335434917993533,1.7756193466030346,002543.npy
0.005668272504968361,0.03156954128302124,5.569517211951322,002544.npy
0.0005732419314301076,0.01785847444256269,31.153468427992365,002545.npy
0.0006151283843426207,0.01535121023637187,24.956107705583108,002546.npy
0.0003143804195585938,0.022931200852779162,72.9409319226522,002547.npy
0.00245293793045582,0.024967034593410733,10.178420853720006,002548.npy
0.011642835131905274,0.03986223635504722,3.4237568342256743,002549.npy
0.009342415955591429,0.030627786137609078,3.278358219214165,002550.npy
0.008255138463066886,0.03345322479135889,4.0524123172463655,002551.npy
0.0037006670158334616,0.02947024588269133,7.963495702163455,002552.npy
0.0017167280724294212,0.024037338825248236,14.001832438278973,002553.npy
0.002046898842278015,0.01728300552889507,8.443507399817143,002554.npy
0.001435246879372048,0.020149664908030825,14.039163007138939,002555.npy
0.0012367825668245264,0.016219828684173408,13.11453533316186,002556.npy
0.007015848731703989,0.03607661787107493,5.142160164301402,002557.npy
0.007181903946631896,0.02731617030185646,3.8034719625933557,002558.npy
0.0086672183954435,0.03144905445940765,3.6285060583349815,002559.npy
0.0038334144817389016,0.026490859645793206,6.910512746815208,002560.npy
0.004999835276112144,0.023426337251557777,4.68542180975382,002561.npy
0.005106384002274637,0.023167158387324773,4.536900940757308,002562.npy
0.004974441148118681,0.022187858831279293,4.460372163858105,002563.npy
0.003202848422375594,0.031001012335287095,9.679200585962803,002564.npy
0.0036446945413062598,0.024791354194451807,6.802038938430362,002565.npy
0.0037715655487022695,0.02069842708566408,5.488019978414011,002566.npy
0.0035034201820233718,0.024396655437829397,6.9636681198130335,002567.npy
0.002168056629891319,0.01638251100944493,7.5563113882822535,002568.npy
0.0010021638965939641,0.01523687839230653,15.203978540723575,002569.npy
0.0014499164357686333,0.025852241827845623,17.83015984456415,002570.npy
0.0014624826823698542,0.019361894142379484,13.23905873453885,002571.npy
0.0013446101669119582,0.014456458899222544,10.751412747883606,002572.npy
0.000138701973682037,0.02226190454574626,160.50171309947004,002573.npy
0.00012153139763811395,0.014206538299461611,116.89603229832527,002574.npy
0.00013605275059716112,0.019290775604856376,141.7889412701808,002575.npy
0.0045429135308405815,0.02535356763155484,5.580904733241252,002576.npy
0.0006432539286770296,0.016735019332209222,26.016194477990492,002577.npy
0.0008959185750936243,0.015366498914843433,17.151669053279704,002578.npy
0.0011528122633924854,0.021978223021782064,19.06487613086269,002579.npy
0.007605294635914075,0.027655447215319935,3.6363413301685585,002580.npy
0.005162958369737107,0.028733146926866765,5.565248616127149,002581.npy
0.0047519266632134564,0.027689481965590675,5.827001114120489,002582.npy
0.0053783063058765734,0.03050243562820629,5.671383124870855,002583.npy
0.011368150528076262,0.030909424853505243,2.7189492939461313,002584.npy
0.013570027598129539,0.03664146651155977,2.7001762704528445,002585.npy
0.014352306352082768,0.037152424521495225,2.5886030863962963,002586.npy
0.01079333207852078,0.03466453908355771,3.2116624253903994,002587.npy
0.007644512942014326,0.030985315517990396,4.0532753034717866,002588.npy
0.006546782356502433,0.03227470218761687,4.929857207125718,002589.npy
0.007600259383667499,0.027542673616892267,3.6239123198158083,002590.npy
0.00577861112663003,0.02800713839853967,4.846690282657276,002591.npy
0.0006371240355628285,0.018694104256103773,29.341389092703455,002592.npy
0.00045128121275340305,0.017702120596298575,39.22636275963323,002593.npy
0.0007714139481605061,0.024455414714602233,31.70206442626027,002594.npy
0.0008307438456145195,0.01777653125986782,21.3983303437172,002595.npy
0.00722565172802713,0.02640053306089133,3.6537234358852673,002596.npy
0.010151559413888754,0.03096103104340694,3.0498793120392946,002597.npy
0.01147624455580693,0.03443279263075252,3.0003536837605402,002598.npy
0.011372014830420286,0.03383144164603829,2.9749734016846134,002599.npy
0.001416023504062007,0.01574053652795356,11.11601359206554,002600.npy
0.008380202732420173,0.030436717287288622,3.6319786354221795,002601.npy
0.007699744869355824,0.02992276637751796,3.886202319991306,002602.npy
0.008273218253485684,0.03966916983929358,4.794889802258657,002603.npy
0.0003689778909223438,0.015411257570928373,41.76742810155106,002604.npy
0.001922366946145772,0.020327347626522618,10.574124600770721,002605.npy
0.0007951999836907658,0.017525468817902394,22.039070870603233,002606.npy
0.0017117167590883083,0.02081141777030152,12.158213471151528,002607.npy
0.00038651273002381824,0.018890682621512146,48.87467114595,002608.npy
0.009688970607211213,0.03151519846900683,3.2526880041620014,002609.npy
0.010253664552857669,0.04111127561760941,4.009422719328416,002610.npy
0.00906406982986185,0.030534723820944583,3.3687652888527237,002611.npy
0.0010308499011022487,0.01963951083767382,19.05176573099757,002612.npy
0.0009202646158699606,0.022343645473072823,24.279587701707893,002613.npy
0.0011383712258020116,0.015183579356817157,13.337985887496366,002614.npy
0.0010949983302462815,0.015137744222340111,13.82444501637821,002615.npy
0.0037336716053230205,0.023098993269421744,6.186669773341421,002616.npy
0.005916136764364233,0.026377614631535772,4.458587703205642,002617.npy
0.005331422230012642,0.028712605605698188,5.385543362084183,002618.npy
0.005895166941343612,0.028988733490621903,4.917372786070327,002619.npy
0.0035649591944565836,0.03132284211989261,8.786311540623657,002620.npy
0.0017962098692600296,0.016284017642479186,9.065765595153877,002621.npy
0.0016100350695834491,0.018396242284777486,11.425988552604014,002622.npy
0.0017949802077502003,0.020654490547027643,11.5068068424046,002623.npy
0.0013453898373665327,0.02603304604658326,19.349816168665694,002624.npy
0.0013340941477055408,0.027503211146397893,20.615644835924062,002625.npy
0.001374068012819991,0.020126106179166492,14.647096051828408,002626.npy
0.0013298485745335455,0.024046267871783142,18.08195934122469,002627.npy
0.00134646800953599,0.017851474976736805,13.258001555217525,002628.npy
0.009164792900134265,0.033747372514362856,3.682284245745058,002629.npy
0.01080270347863649,0.032492765170962445,3.0078364395739037,002630.npy
0.010801500822356074,0.03200942184638351,2.9634235437143666,002631.npy
0.004521749270585472,0.023079416320186303,5.104090239194954,002632.npy
0.010911803085622713,0.04159236623381615,3.8116859243735957,002633.npy
0.011027674320546533,0.05214417813183943,4.728483686805748,002634.npy
0.012399143561732757,0.057144056746091354,4.608709985328766,002635.npy
0.05929397027740286,0.13144484972521475,2.2168333324458125,002636.npy
0.04664493205879999,0.1445772715440389,3.0995279692912225,002637.npy
0.046901053873249776,0.15164473854528274,3.2332906410348428,002638.npy
0.046184540204991416,0.14493279713156731,3.1381236337125107,002639.npy
0.004281899592973757,0.020595787325209208,4.809965034022568,002640.npy
0.012524764105556141,0.03704112648260563,2.9574310676411297,002641.npy
0.011077478593236772,0.03334333959839899,3.0100116480248826,002642.npy
0.012420491111921247,0.037137530709756394,2.9900211169686832,002643.npy
0.0009407025459966061,0.014168322085491587,15.061426304974919,002644.npy
0.0001998176203385089,0.012945655046912651,64.7873543944433,002645.npy
0.00019290109098869332,0.013325593624423097,69.07992841328323,002646.npy
0.00017445760054685662,0.02155577771012726,123.55883332110187,002647.npy
0.002016486916037837,0.017609071464945735,8.732549324849066,002648.npy
0.0035116282603360623,0.02437140052227381,6.940199448674351,002649.npy
0.003355595899775905,0.02883615265464758,8.593452104581447,002650.npy
0.0028171392504365796,0.026376085530994207,9.362719829537681,002651.npy
0.0009315793866378939,0.01769077699206795,18.990090622254492,002652.npy
0.009476693887442001,0.03451157666228986,3.6417317125100963,002653.npy
0.008439595142693272,0.029117982933212636,3.450163478039806,002654.npy
0.009452950518240135,0.03979549422791137,4.209848993487621,002655.npy
0.0016660172911380203,0.018816599698637262,11.294360381751915,002656.npy
0.005511360024500341,0.027827031020449082,5.049031617005068,002657.npy
0.004405322839069358,0.030878685989649178,7.009403649100781,002658.npy
0.005481903753375249,0.02420387976984341,4.4152325278468565,002659.npy
0.0018975232511369857,0.024081463727980243,12.690997963719159,002660.npy
0.0006008388161316338,0.016970755429567403,28.245104921124614,002661.npy
0.0005115599761282524,0.018398402708522506,35.96528956937902,002662.npy
0.0005973471903345787,0.01663598379107319,27.849773186185864,002663.npy
0.0019639462354941848,0.016910450174946173,8.61044455378412,002664.npy
0.0035061045516149108,0.02183134229032658,6.226666080178471,002665.npy
0.004288919336459687,0.023525209875309597,5.485113620775974,002666.npy
0.0039937355108319314,0.028365475305791837,7.102492196279806,002667.npy
0.003030809504298603,0.023052777005871564,7.606145145899014,002668.npy
0.0027477884874341912,0.023337699756475042,8.493266441615335,002669.npy
0.0023486211084455103,0.027227288246743617,11.59288236754874,002670.npy
0.0029199428648342524,0.020149925634477032,6.900794488566141,002671.npy
0.011273044718964592,0.03616874149644004,3.2084270395366303,002672.npy
0.001947926966343957,0.016319265971602843,8.37776068928012,002673.npy
0.0022195139401304173,0.020576994219473694,9.270946146881895,002674.npy
0.004482887285008008,0.020557827639194313,4.585845310980586,002675.npy
0.0002436185108488001,0.01301219732922847,53.41218625579811,002676.npy
0.0002726431415567193,0.01683933046595224,61.76326427666917,002677.npy
0.0002982425446110176,0.015130892014770612,50.733512835237995,002678.npy
0.0003174993136965894,0.019080495120953042,60.096177341947524,002679.npy
0.012945940475556734,0.03714045646266266,2.8688882457723923,002680.npy
0.03728854635843632,0.08298791562811395,2.225560493272295,002681.npy
0.0393071105774263,0.08730067984792932,2.2209894994633435,002682.npy
0.03797771585080892,0.08341979704538724,2.1965459263504883,002683.npy
0.006107436179042882,0.0335047989037433,5.485902417486751,002684.npy
0.00018733532652478256,0.018859864011959566,100.67435898050033,002685.npy
0.0002860685247507522,0.015037979971973234,52.567754294212826,002686.npy
0.00018271988113996023,0.016831676123691075,92.1173762130511,002687.npy
0.0015819943025334239,0.018374431875527633,11.614726952864418,002688.npy
0.0036152587442066304,0.021614455604863813,5.978674592661399,002689.npy
0.004194595181311789,0.022246714256990728,5.303661805507004,002690.npy
0.003302224670832473,0.02351067695580376,7.119647902017882,002691.npy
0.00034068080792297624,0.015545811480413582,45.63160317295213,002692.npy
0.00012041147428816106,0.018841107225514308,156.4726881837879,002693.npy
0.004570450641208625,0.026312681783967208,5.757130717476004,002694.npy
0.0040557529197732655,0.027473031377080164,6.773842468895315,002695.npy
0.0010786067725527615,0.026363223386324918,24.441922704127467,002696.npy
0.002990146050273605,0.020349476953309766,6.80551270920102,002697.npy
0.0029502743109379977,0.02069159348222951,7.013447325729337,002698.npy
0.004230381374701202,0.03307171010417277,7.817666344489095,002699.npy
0.009569650189432757,0.0336501967845044,3.5163455419871177,002700.npy
0.0007920588640292177,0.02202355799561773,27.80545609549527,002701.npy
0.0010261530714240463,0.01782825239985264,17.373872261316304,002702.npy
0.001002738703659937,0.017572909381796557,17.524913819653676,002703.npy
0.023594952506968334,0.06562466332999818,2.7813009290370836,002704.npy
0.030774317930647818,0.07239827717113724,2.3525550536307422,002705.npy
0.03029642574548357,0.08105873174357581,2.675521278412986,002706.npy
0.030817990707313836,0.07275645981308619,2.3608437195893672,002707.npy
0.0007716783087453838,0.025454432993572328,32.985808559231174,002708.npy
0.0008437373995800315,0.014831319443572763,17.578122570336337,002709.npy
0.0008823497693492093,0.01753978919663244,19.87849919277554,002710.npy
0.0008082257974807923,0.022412617877135933,27.730639037091528,002711.npy
0.0022642812026898995,0.017239984887396694,7.613888619621189,002712.npy
0.0059931244560976794,0.032907397197488156,5.490858305055855,002713.npy
0.0063279554505736675,0.029898110172278714,4.724766222215345,002714.npy
0.007268381885399239,0.03697901073666637,5.087653801854073,002715.npy
0.027134531811738746,0.07858420500957183,2.8960958513269506,002716.npy
0.03800187902576418,0.0814792159181907,2.1440838717950252,002717.npy
0.03952570770623063,0.08561429791983291,2.1660408601658276,002718.npy
0.03977442279687734,0.08988354568981245,2.2598328113414965,002719.npy
0.01868971905265535,0.05335545905905447,2.8548026274166585,002720.npy
0.018776870816014004,0.05569122392813008,2.9659480789880828,002721.npy
0.019060170645361543,0.057840889148211415,3.0346469725995266,002722.npy
0.020758042229380123,0.05438633785763497,2.620012872843984,002723.npy
0.0018929409372390128,0.018376072753966324,9.707684156306234,002724.npy
0.0028405098836934875,0.022771410791156698,8.016663105051615,002725.npy
0.003149711231593789,0.021670732979964066,6.880228497365519,002726.npy
0.0031428164460259884,0.025743564448703377,8.191240208782864,002727.npy
0.010760747762189883,0.03828490143871648,3.557829091643667,002728.npy
0.00014570811477443202,0.018509515261562453,127.03146399351347,002729.npy
0.00017357427307840517,0.014251897027987837,82.10834874383585,002730.npy
0.00013347198523647625,0.013207693997306274,98.95480220775177,002731.npy
0.006050337706940673,0.023755517544657177,3.9263126609411585,002732.npy
0.0009015097564299837,0.01817950751750751,20.165624796267867,002733.npy
0.0007144839780985987,0.02225288329558528,31.145391565895956,002734.npy
0.0008880915364587348,0.01395245266857676,15.710601983103642,002735.npy
0.004211057078291741,0.020516388819644373,4.872028194900419,002736.npy
0.002950307543972706,0.021617239998648258,7.327114095777511,002737.npy
0.0026247154507138795,0.026333634383069474,10.032948282784028,002738.npy
0.0025685875500070406,0.025862803552270355,10.068881453205899,002739.npy
0.0005430261960507907,0.021368534121263005,39.35083470800645,002740.npy
0.011179768255186594,0.03778380609140572,3.3796591509396574,002741.npy
0.01031745882374536,0.03902421230137914,3.7823472780704095,002742.npy
0.011102891092389086,0.04340250338741363,3.9091172761530975,002743.npy
0.012485949997114032,0.04345687137332856,3.4804617494778207,002744.npy
0.0016673285816075972,0.02013187022919495,12.074326824476294,002745.npy
0.0014855292044948089,0.024736919015192645,16.65192372165657,002746.npy
0.001617132074677793,0.026637453332149487,16.472033258003897,002747.npy
0.0019853354941423576,0.02615616681132291,13.1746835113364,002748.npy
0.050750507227245126,0.11761894992848282,2.3175916134296717,002749.npy
0.048610934217808724,0.11645595876873736,2.39567415523312,002750.npy
0.05048362263411857,0.11771610245822145,2.331768132212705,002751.npy
0.005386165257151856,0.02476634791208039,4.598141112658399,002752.npy
0.0017041230733249246,0.025600101644978068,15.022448807648093,002753.npy
0.002411792398210759,0.016371100717083458,6.787939427722211,002754.npy
0.002368666561887812,0.02291993296397567,9.676301985296034,002755.npy
0.0007653290101806208,0.022897843494287397,29.918954019480402,002756.npy
0.004277565208887984,0.023833570172770067,5.571760804178177,002757.npy
0.0036773586937083685,0.0244916909746909,6.660131091082809,002758.npy
0.004784682807458878,0.027102981684965284,5.664530496786477,002759.npy
0.00043692322498312765,0.012732051163494615,29.140248005461444,002760.npy
0.0008844313634562809,0.017839910687801684,20.171051599655865,002761.npy
0.00042631496248764754,0.013626554992748986,31.96358598879867,002762.npy
0.0008699166414862214,0.017907870012624737,20.585731021818425,002763.npy
0.003602109323066231,0.0298231388638626,8.279354173292228,002764.npy
0.0014472778557645077,0.017628956820563618,12.180768702545066,002765.npy
0.0014373989993187865,0.02205014597907404,15.340309806242912,002766.npy
0.001456395248804393,0.020375936721933247,13.99066409044517,002767.npy
0.0040353102687363755,0.019466504915113588,4.824041675830126,002768.npy
0.00335471385376702,0.025897975767602114,7.719876236776889,002769.npy
0.003869203304804291,0.020971831021472126,5.420193607043534,002770.npy
0.003300377829429368,0.022437006730764545,6.798314582317252,002771.npy
0.009389951765860492,0.034261534296208006,3.648744439574823,002772.npy
0.002162465024309556,0.01626235989819094,7.520288055000099,002773.npy
0.0015171732278543642,0.024863091013198762,16.387773354644004,002774.npy
0.0029151982545264753,0.01850916091626102,6.349194564099491,002775.npy
0.023034644177581422,0.06310297928321018,2.7394814000593937,002776.npy
0.021765245270194966,0.06544181985348842,3.0067118031101105,002777.npy
0.023363217332165676,0.06890867468554783,2.9494514263122182,002778.npy
0.02233385465011112,0.06179776177126268,2.7669993710283327,002779.npy
0.0015215389485606615,0.026483522461573157,17.4057472996141,002780.npy
0.01473675647845195,0.04119263748307899,2.7952309276139244,002781.npy
0.01468814243059119,0.039812451175488844,2.7105164156674024,002782.npy
0.013737530745310773,0.043089832127159666,3.136650459525376,002783.npy
0.003479627737892735,0.02700683584147406,7.761415263078688,002784.npy
0.006641978707146795,0.027575373180102974,4.151680454392316,002785.npy
0.00680028447486252,0.028604700748985062,4.206397666379531,002786.npy
0.006556552292908572,0.028752824979801726,4.385357378681294,002787.npy
0.0006289658890840256,0.013773129156547739,21.898054210392463,002788.npy
0.004436803703922392,0.02888008689787871,6.509209967264908,002789.npy
0.005074035597685394,0.02908820310055144,5.732755030155435,002790.npy
0.004357480710651085,0.025200179972333942,5.783199431257008,002791.npy
0.0001736679928643221,0.020339515978898392,117.11723920637104,002792.npy
0.0007158669183019694,0.022292953576047665,31.14119814166741,002793.npy
0.001319857873831963,0.018426634959504022,13.961075136858957,002794.npy
0.0007481347095225086,0.015692569931987806,20.975593983639495,002795.npy
0.0016791940220883433,0.017911959622529054,10.666998201068928,002796.npy
0.0010430051598488976,0.01862835361211901,17.860269836016407,002797.npy
0.0010445687183202941,0.01589684813992138,15.21857571157744,002798.npy
0.0008794203443938937,0.0143183302750078,16.281554493254983,002799.npy
0.002580575911822062,0.027037712891814333,10.477394894090317,002800.npy
0.0007816382628634048,0.022956830657538195,29.370146933530897,002801.npy
0.0007847839206349818,0.017637405282584492,22.47421844071366,002802.npy
0.000991119952295349,0.015064558642755094,15.199531190616568,002803.npy
0.0050659890049654065,0.022971319632326802,4.534419558802268,002804.npy
0.0024440172998213042,0.025490661136150592,10.429820250693208,002805.npy
0.0025105467112697235,0.023149072692897076,9.220729724231488,002806.npy
0.0024468076940010373,0.025653526072421183,10.484488064114212,002807.npy
0.007561004477652522,0.028758744852656618,3.803561409711244,002808.npy
0.010643621116722752,0.03878397989288285,3.643870771508714,002809.npy
0.012016040764086936,0.04282961671593269,3.564370124423659,002810.npy
0.012602554625020492,0.05242767428453481,4.160083081670394,002811.npy
0.0015586086613282898,0.01652584351865437,10.602946024287867,002812.npy
0.0014737703268525052,0.023845245392947533,16.17975673909345,002813.npy
0.00152698214201122,0.017205542663791002,11.267677715511162,002814.npy
0.0026679177528226737,0.01826195362336332,6.845021214839564,002815.npy
0.004303589305419851,0.02184807543552597,5.07671013215277,002816.npy
0.00404679976369196,0.03024043154527403,7.472677993638242,002817.npy
0.0036670277480453702,0.019350175407498563,5.276800922364428,002818.npy
0.003969498489096211,0.020441035789984355,5.149526027528206,002819.npy
0.006116856058012454,0.02622573233410025,4.2874529140602835,002820.npy
0.008163432553308503,0.03226703917140212,3.952631317493055,002821.npy
0.008266368261689815,0.04083971754669504,4.940466750317037,002822.npy
0.008479760973051264,0.03724951374938444,4.392755157176114,002823.npy
0.0046113243110250095,0.031196042488251724,6.765094011692346,002824.npy
0.0032931483932480124,0.025478005783868732,7.736671031700231,002825.npy
0.003285184630879088,0.022646263075324066,6.893452153820244,002826.npy
0.004298292001902952,0.028737148680262906,6.685713455915651,002827.npy
0.0010438955175690531,0.013649632335395933,13.075669062270256,002828.npy
0.0016338745489989852,0.020267701617517127,12.40468652781801,002829.npy
0.0017571648760986037,0.02236643480353975,12.728705823821592,002830.npy
0.0017284075029546022,0.016256843088000558,9.405677221259943,002831.npy
0.004057433970658883,0.02816521070573526,6.941631312664319,002832.npy
0.012988099036108298,0.03835251036757436,2.9528963598904965,002833.npy
0.016451101680016882,0.05131886394512945,3.119478861731606,002834.npy
0.012984999397042535,0.03694111350465881,2.844906832358238,002835.npy
0.0035399928913229786,0.022738548904036263,6.42333179661132,002836.npy
0.00028956636462920725,0.020260848309594917,69.96961911156195,002837.npy
0.0003104560930961002,0.01611001531400152,51.89144494620467,002838.npy
0.00021880665685846299,0.01966351354539752,89.86707140838939,002839.npy
0.0031799843188161743,0.0223119891989559,7.01638340193001,002840.npy
0.0005333217313581641,0.013526364986818279,25.362486032604323,002841.npy
0.0005396846439538657,0.014459204259115295,26.791950438670202,002842.npy
0.0009489989704549712,0.016944920324993226,17.855572909645918,002843.npy
0.0011718402430031824,0.0216182547561247,18.448124535536937,002844.npy
0.007073432607404511,0.028838833195093116,4.077063399434581,002845.npy
0.007530866834252689,0.03667825025276755,4.870388901590085,002846.npy
0.005691103082971724,0.03177047059977475,5.582480255937075,002847.npy
0.0013502696679450503,0.01940488101205572,14.37111523671899,002848.npy
0.001102533980237422,0.014466417343041242,13.121062561541143,002849.npy
0.001280436810622626,0.015944884919492974,12.452691750002808,002850.npy
0.0002939086340004238,0.015419464151864501,52.46346080591429,002851.npy
0.01848161842410346,0.0629414498238585,3.405624354811133,002852.npy
0.04493386143288205,0.10092077493348443,2.245984914583501,002853.npy
0.044628045646761094,0.10700331946966961,2.397669849027722,002854.npy
0.04536529907854534,0.10160834313425922,2.239781180701467,002855.npy
0.004306131908391208,0.023115562590287297,5.368057244339114,002856.npy
0.0018025813699403344,0.015473864574600113,8.584280757061203,002857.npy
0.0016820268210988127,0.023855285597779177,14.182464444302285,002858.npy
0.0017477945930279599,0.01648122914543724,9.429728872461304,002859.npy
0.003157553034009476,0.02171529049181267,6.877252813189091,002860.npy
0.00481732124361997,0.026036462635717655,5.404759474115499,002861.npy
0.0048539118793585155,0.026103280269595616,5.377782068154809,002862.npy
0.004687330496834578,0.027726255871970022,5.91514848073521,002863.npy
0.007593139780843364,0.034843073786130906,4.588757060741499,002864.npy
0.008843540794687958,0.034692318400380846,3.922899119580762,002865.npy
0.00900053092910751,0.036172944866936334,4.018979007886622,002866.npy
0.009157689706550832,0.03043027597687392,3.322920621866354,002867.npy
0.0033091610586854026,0.01854378714328258,5.603772923051835,002868.npy
0.0014788861296904947,0.01864776063779162,12.609328231433846,002869.npy
0.0019188571006866096,0.015147303168754976,7.893919331690211,002870.npy
0.0019440748740208655,0.019902059352879992,10.23729055377375,002871.npy
0.0023060780993785354,0.016567151185298258,7.184124069162624,002872.npy
0.00040829572575659754,0.018681712757842913,45.755347250988684,002873.npy
0.0004665244509835775,0.014571034472886752,31.23316347499762,002874.npy
0.0005403106139402177,0.018415047079975138,34.08233444203693,002875.npy
0.0028124196972787005,0.018769098404144556,6.673647754861019,002876.npy
0.0076268490306624906,0.03576232670658033,4.689004143010407,002877.npy
0.01020394270737906,0.04061956301841413,3.9807713724283262,002878.npy
0.010235420045181806,0.03724971068418416,3.639294774138721,002879.npy
0.00044843929402886654,0.014018293096838488,31.260180036042815,002880.npy
0.0014362245114119324,0.014965562830628273,10.420072002876323,002881.npy
0.0013836307134698913,0.021771857022804268,15.735309137124561,002882.npy
0.001322610819996572,0.01587670690950879,12.00406548809715,002883.npy
0.0014300317347904566,0.01955641512725637,13.67551127629099,002884.npy
0.004357131859069195,0.023854460317972385,5.474807989536849,002885.npy
0.004830952622610434,0.025410644408023618,5.259965557276125,002886.npy
0.005049448083864925,0.02946645536871384,5.835579428578693,002887.npy
0.0006900565855411254,0.020692071523678954,29.986050315666052,002888.npy
0.000824922582763537,0.018717538478803343,22.69005461628712,002889.npy
0.0008421196268524551,0.01487131885054802,17.65938990101959,002890.npy
0.0008359464542152713,0.019974539022379695,23.894519677382792,002891.npy
0.0014869082514358289,0.018626140148357753,12.52675820370538,002892.npy
0.0015187430814126888,0.025799212938713532,16.987213465182453,002893.npy
0.0013459303537039138,0.02149891590820848,15.97327516544342,002894.npy
0.0013617340589877854,0.01818806638337778,13.356548035921877,002895.npy
0.00089133309329826,0.02406346814617191,26.99716671702502,002896.npy
0.010421472978889412,0.034567365896907204,3.3169366714871065,002897.npy
0.01044988200090625,0.03421537756765753,3.274235782032373,002898.npy
0.010234790395464651,0.039579089768414795,3.867112880307386,002899.npy
0.015068342355176175,0.04630113735623876,3.072742592569312,002900.npy
0.006385135745183107,0.030051584148870828,4.706491035501476,002901.npy
0.005946772261216775,0.03315944676066109,5.576041136187761,002902.npy
0.0065475578173977865,0.02995899982806138,4.575599125658804,002903.npy
0.002097821086288502,0.024555161330331542,11.705078893581835,002904.npy
0.009418402945273572,0.03613842943266978,3.8370018398892234,002905.npy
0.008900272639424632,0.03110879406435061,3.4952630466684678,002906.npy
0.008699174136299089,0.027339608403222176,3.1427820587013273,002907.npy
0.005337894532304569,0.0246568112728689,4.619201657138105,002908.npy
0.006283624679879473,0.026928859733740245,4.285561455744236,002909.npy
0.007296794895351302,0.030622744402210647,4.19673909410874,002910.npy
0.006870082526346214,0.03115836196500232,4.535369384862138,002911.npy
0.003062641533379492,0.025577646235549346,8.351498518331011,002912.npy
0.0029016318550104717,0.018753339652589164,6.463032039968575,002913.npy
0.005519941975552583,0.028661664525586494,5.192385109904146,002914.npy
0.008834780450951972,0.024884888594912013,2.816695755061338,002915.npy
0.0016682483893806228,0.023725385757707444,14.221734542356925,002916.npy
0.002096642670990838,0.024055081790495526,11.473143284188886,002917.npy
0.0022130179893839826,0.02455359478568099,11.09507238231745,002918.npy
0.001394356034547736,0.017867674471078107,12.814284168863127,002919.npy
0.027333054434674244,0.06750306925825102,2.4696496843451254,002920.npy
0.0018905829869560113,0.015917961543961173,8.419604770785941,002921.npy
0.001811762658393307,0.02131827357241963,11.766592860765956,002922.npy
0.0017485323832384405,0.020857281074478342,11.928449975241703,002923.npy
0.007592909118638989,0.0328067158016968,4.320704394820495,002924.npy
0.003786363675961162,0.027372378567935104,7.229199544535952,002925.npy
0.0033305991684749506,0.033788314541466725,10.144815639221232,002926.npy
0.0033536588913112135,0.029112442587811527,8.68080014206464,002927.npy
0.006371914400668711,0.03286074268054324,5.157122429789309,002928.npy
0.007025619637847,0.03207658282555061,4.565658899207759,002929.npy
0.007080037481786415,0.03355575430970294,4.739488229022306,002930.npy
0.007136887851047235,0.02678234884834649,3.7526649436790436,002931.npy
0.004357877020084634,0.02254780261474209,5.174033711059187,002932.npy
0.007509027155960116,0.03330171896774514,4.4348912678891805,002933.npy
0.007773632405448312,0.03359742334411846,4.321972224625521,002934.npy
0.007916766484712998,0.026829281818083504,3.388919184050837,002935.npy
0.002653509878745538,0.02370621912771822,8.933910255872709,002936.npy
0.0016166239833658883,0.020393932676506542,12.61513677560954,002937.npy
0.0016228634252801264,0.02604064793687367,16.046111777602366,002938.npy
0.0014878002867257617,0.014909905080430722,10.021442531256579,002939.npy
0.00757305040392534,0.03135690266967204,4.1405907783577165,002940.npy
0.0019278393933857428,0.017742530167439916,9.203323793522292,002941.npy
0.0018499070043436847,0.01848074513547287,9.99009414153736,002942.npy
0.001859263487676561,0.0225534178601248,12.13029675378529,002943.npy
0.008700582347774282,0.032755848190939706,3.7647880197989587,002944.npy
0.007033328764343478,0.027299016901222724,3.881379331610066,002945.npy
0.006772023824570043,0.025431217834303698,3.7553349619473604,002946.npy
0.00781270558375147,0.035582450111689826,4.554433765191183,002947.npy
0.003548811845681611,0.02297745182899816,6.474688662765735,002948.npy
0.002836138470615674,0.02225368196975889,7.846472305028727,002949.npy
0.0020721858877541985,0.02453862371317398,11.84190272086383,002950.npy
0.002139713069001788,0.02739489780258118,12.803070742358127,002951.npy
0.0052410545322520005,0.023444152499091694,4.4731746924878735,002952.npy
0.0013425574042115586,0.014833166288235607,11.048441006437423,002953.npy
0.0018285120115023995,0.025198844773035453,13.7810660262219,002954.npy
0.002079240393196326,0.020568286466468244,9.892211850481269,002955.npy
0.0035321122428420637,0.01926040654181063,5.4529429455107215,002956.npy
0.0042206999449668865,0.026106904497675398,6.185444317979058,002957.npy
0.003598297101477242,0.024515260887513438,6.813017433061863,002958.npy
0.0031310144108926243,0.02084529569593057,6.657681171237432,002959.npy
0.010197653197798412,0.032028191507653285,3.1407413925811047,002960.npy
0.002618038931863011,0.021493440309161425,8.209748159343386,002961.npy
0.0026327632899621916,0.019398361611811823,7.368061412662106,002962.npy
0.003673033736575685,0.025670734444722988,6.988973224805297,002963.npy
0.0135192877933502,0.03995754237858154,2.9555952197629862,002964.npy
0.004502174396084786,0.02653151178587269,5.893043993154102,002965.npy
0.004523086542652874,0.02278431767990586,5.037338432729853,002966.npy
0.004983924961031176,0.022338929888432526,4.482196272940753,002967.npy
0.0018951376606797013,0.02362094902732845,12.463975312164232,002968.npy
0.0001575801895500574,0.015907400671692447,100.94797205895784,002969.npy
0.0001361358413856135,0.020950346902066604,153.89295380215447,002970.npy
0.00019097341686448384,0.013070149320172406,68.43962613921002,002971.npy
0.004165583135351736,0.022300902422403773,5.35360877299286,002972.npy
0.04719112906893927,0.14641670446077198,3.102631942642783,002973.npy
0.04654471725570459,0.14515101750155956,3.118528289730907,002974.npy
0.047434585090996566,0.14521547693002507,3.0613839385205597,002975.npy
0.01024720333800127,0.03758876450031689,3.6681973859396866,002976.npy
0.023427456833576516,0.07374520298868835,3.1478108575937287,002977.npy
0.023666181805311312,0.060467035607942164,2.554997510955349,002978.npy
0.02532195084274209,0.06567900487675633,2.5937576959631388,002979.npy
0.009007849361093728,0.0330642863738174,3.6706082712657775,002980.npy
0.04521336447460495,0.1406748237370546,3.1113549139647914,002981.npy
0.04657125665443557,0.14567401909531624,3.1279812819762918,002982.npy
0.047130445948206125,0.14302994487334889,3.0347674840271295,002983.npy
0.0013995474141828004,0.026276162153590094,18.774756660286542,002984.npy
0.0016883019147935798,0.024052457633253883,14.246538139446532,002985.npy
0.0014593883246210833,0.01689729740263655,11.578342177326542,002986.npy
0.0017753036253894635,0.019435191142942888,10.947530808276072,002987.npy
0.001300559333991002,0.01932628982079248,14.859983164033181,002988.npy
0.0033595706735993274,0.019557443889982738,5.821411657998597,002989.npy
0.003016384073768611,0.024860763147501554,8.241909031564106,002990.npy
0.00396186043918562,0.02899346121700558,7.318142992600511,002991.npy
0.016641760220043125,0.04429983991264619,2.661968405098762,002992.npy
0.009861635748934424,0.0333193683307406,3.3786857653875684,002993.npy
0.010192085821933334,0.03807814406430484,3.7360501792110847,002994.npy
0.009841327859955588,0.03064436754416287,3.113844795958999,002995.npy
0.0022397586315742444,0.01970037066344083,8.795756104218427,002996.npy
0.0008420005769928284,0.020596161590258677,24.460982723261385,002997.npy
0.0008504269950466405,0.0222360440338648,26.14691694670202,002998.npy
0.000841180839618936,0.015183019694861894,18.049649923897835,002999.npy
0.016717984846474482,0.05491716173599092,3.2849151520368216,003000.npy
0.0008835953837197501,0.01944660973133184,22.00850080096301,003001.npy
0.000716741750297902,0.020434597904429516,28.51040541230618,003002.npy
0.0010917683603187537,0.02119079473085268,19.40960691172273,003003.npy
0.03722833282281235,0.08131251047876258,2.1841566439352524,003004.npy
0.026972266653083193,0.06744941107057947,2.500694952211911,003005.npy
0.028763339569284747,0.07503053907949214,2.6085475539845104,003006.npy
0.0205939731627352,0.05922420574017931,2.875802802611675,003007.npy
0.0015878544304202134,0.025638678748652242,16.14674383389189,003008.npy
0.005895181134230445,0.03067846396277131,5.203990048826901,003009.npy
0.005624084432712215,0.029661522275992083,5.27401795378342,003010.npy
0.005235422729357262,0.027985266640788688,5.3453690529167615,003011.npy
0.005325819034656199,0.026493031544202374,4.974452073536919,003012.npy
0.0001262266771779266,0.013124967402071459,103.97934567026132,003013.npy
0.00012950450895856343,0.020207545877834087,156.03739117116262,003014.npy
0.0001287676949928269,0.01891706694053123,146.90848349562003,003015.npy
0.005113271574176805,0.02414279326606318,4.721594171580526,003016.npy
0.0015623848610427414,0.020220476843064467,12.942058858421852,003017.npy
0.0015575675832061532,0.021611668400913275,13.87526847698754,003018.npy
0.0015760562098569668,0.022880198546116275,14.517374691017755,003019.npy
0.017412638234293933,0.05508587227564944,3.1635569252794262,003020.npy
0.020584827754438286,0.04904761255923565,2.3827069695678076,003021.npy
0.02102194087111737,0.050180163583292824,2.3870376141553,003022.npy
0.020293089866314753,0.04841454386576665,2.385765015742919,003023.npy
0.0010153483915392638,0.019147139447235652,18.857704004781024,003024.npy
0.0010169957642241537,0.020794825632767185,20.447307987741567,003025.npy
0.0010447903355739153,0.015940113665735983,15.256758326275229,003026.npy
0.0010102388892220062,0.02625351668658814,25.98743420164588,003027.npy
0.0040876040005905145,0.03068721496037046,7.507384509221014,003028.npy
0.0620238412398841,0.1274644870833261,2.05508856810864,003029.npy
0.06241096820046368,0.12807121857328047,2.052062678484083,003030.npy
0.058524173914612364,0.12416800222291176,2.1216532232125664,003031.npy
0.0019085644721838517,0.02054685554220709,10.765607257129226,003032.npy
0.003389013904952618,0.027778575567175137,8.1966543481523,003033.npy
0.00343972212538394,0.023561440399162817,6.84980923878643,003034.npy
0.0033293335953805004,0.022587376732591744,6.784353709146992,003035.npy
0.019967104118080236,0.05194000834988603,2.601278985731988,003036.npy
0.012250211194554146,0.036052491450189385,2.9430097878046033,003037.npy
0.013357412613770847,0.04521000885400338,3.3846381899597384,003038.npy
0.012872594173821857,0.03808556827052248,2.958655244955669,003039.npy
0.1591765158075678,0.2808602715608773,1.764457967528648,003040.npy
0.023000154989642422,0.056787802272558606,2.469018243427605,003041.npy
0.02293273040754194,0.06025405442088208,2.627426100096601,003042.npy
0.02668118926694984,0.06503055140525281,2.4373183201533397,003043.npy
0.004850273440620169,0.035780332066472964,7.376972143558367,003044.npy
0.0006517112442947342,0.016833650519319846,25.829921827890026,003045.npy
0.00043864317905250823,0.021498835109670808,49.0121266859712,003046.npy
0.0005181546014500262,0.015528180100413614,29.968237333009583,003047.npy
0.0015750114186227635,0.017621208780066913,11.187987948231784,003048.npy
0.0001795946821344071,0.020629640147504975,114.86776662016175,003049.npy
0.0001458569685630537,0.022401511388660898,153.5854711418282,003050.npy
0.00010581180480664748,0.020111092968220754,190.06473631090134,003051.npy
0.011922599196240247,0.03953635365293078,3.316085108613091,003052.npy
0.0032824718412004434,0.02189316965382753,6.669720475089037,003053.npy
0.003389808936909672,0.02046032007641351,6.035832830752515,003054.npy
0.0031711677407034867,0.01802068006791727,5.682663780893825,003055.npy
0.007184862608004322,0.030980549756064475,4.3119195791216045,003056.npy
0.000977828469357381,0.016630574756210787,17.00766060854474,003057.npy
0.0011970794642677824,0.024083038338705193,20.118161774931043,003058.npy
0.0009877349024425266,0.021390232652899847,21.655843667515473,003059.npy
0.011844325568014156,0.04472221405865344,3.7758345799486346,003060.npy
0.0002814437245537903,0.0225971062563736,80.28996280840795,003061.npy
0.0004298747468967816,0.020638255388206368,48.009927287382496,003062.npy
0.0004650092041701132,0.013272322892482856,28.542064857893457,003063.npy
0.0022936559190332865,0.019929964729709874,8.689169354756855,003064.npy
0.005549472887309609,0.02526793001523192,4.55321262483519,003065.npy
0.005000707314008836,0.024772279217206806,4.9537550705790565,003066.npy
0.005142427476325189,0.027338069660178512,5.316179913420633,003067.npy
0.0018424151317982282,0.01676065637175822,9.097111760747657,003068.npy
0.002757403965805985,0.02204698234267325,7.995557636486315,003069.npy
0.001912134396256521,0.018814769421951035,9.83966893223926,003070.npy
0.001967231581794383,0.018512460172161512,9.410412243821957,003071.npy
0.016514296256062683,0.04992901129021357,3.023381106528254,003072.npy
0.0013386120128216353,0.024528050612849694,18.323495053524866,003073.npy
0.0012186134507226488,0.01718069750049285,14.098562162764557,003074.npy
0.00108886206058055,0.018199424124497095,16.714168642334286,003075.npy
0.004433014282670647,0.02533001611905694,5.713948681230742,003076.npy
0.0007187526993170664,0.013681620947054045,19.035227195694173,003077.npy
0.0005330012443093258,0.01894807632517103,35.54977871613521,003078.npy
0.0006918999114211435,0.02024126128963884,29.254608834692917,003079.npy
0.00188035786296165,0.015488807961810618,8.237159670328856,003080.npy
0.0015472991219187327,0.018251625684482832,11.795796569091342,003081.npy
0.001429660540426606,0.019889309099387423,13.911910222087132,003082.npy
0.0015446378618238132,0.026450323089526783,17.123963957591915,003083.npy
0.011677099945667773,0.041430864325964066,3.548043993473478,003084.npy
0.015075458051707647,0.04263208579486869,2.8279131318475392,003085.npy
0.016181332810280866,0.0427812066850545,2.6438617377815414,003086.npy
0.013647099319758597,0.0459268625938446,3.3653204622747386,003087.npy
0.019805170581981328,0.06092534534485576,3.0762343141951622,003088.npy
0.008440756797210427,0.03108489308439031,3.6827139827060047,003089.npy
0.008744797597594545,0.03260579211500768,3.728593114750654,003090.npy
0.008353122292017014,0.03144866375107483,3.7648992375419983,003091.npy
0.0010892314699368435,0.024789019100556267,22.75826558723586,003092.npy
0.0023862657963935464,0.028371384240096307,11.889448473043364,003093.npy
0.00298847822878435,0.0204604257364687,6.846436267646872,003094.npy
0.0029847453236163165,0.022332336094558508,7.482157995650529,003095.npy
0.010791050761423853,0.034831397357158886,3.227804050319856,003096.npy
0.007396486943678354,0.031141254083947724,4.21027635387815,003097.npy
0.009938343194898185,0.03318793967951052,3.33938353972401,003098.npy
0.006990544837114752,0.030426369726886497,4.352503335933403,003099.npy
0.0264169311586945,0.05906848251341371,2.236008496116958,003100.npy
0.02509646027992961,0.06965657905401955,2.7755539337135304,003101.npy
0.02837862194344017,0.07227081386589157,2.5466639644583093,003102.npy
0.024770951650116915,0.06647589785462708,2.6836230917527026,003103.npy
0.005325008233821462,0.02522241159263022,4.736595791288176,003104.npy
0.006340628629374424,0.02661587125067997,4.1976707363333245,003105.npy
0.00564215762634803,0.024604064116176144,4.360754474124951,003106.npy
0.007382050333171161,0.024544080157158456,3.3248324038844697,003107.npy
0.0011180081196599093,0.023220566820281854,20.769586903873122,003108.npy
0.0006861369866048539,0.01540025078487398,22.444863145525368,003109.npy
0.0006898716806722489,0.01856832009089483,26.91561428769655,003110.npy
0.0009480566919476388,0.017151178130186847,18.090878170862833,003111.npy
0.004058531129025939,0.025549071205750295,6.295152208574288,003112.npy
0.014055084647163934,0.03721528375808545,2.6478164088429743,003113.npy
0.015587676228635118,0.03893834075843397,2.498020884306336,003114.npy
0.015890333235101896,0.042871265565068366,2.6979462877888167,003115.npy
0.0003437113828305018,0.017208541399641474,50.06683575289351,003116.npy
0.0027896821724709407,0.026967426132363314,9.666845345256755,003117.npy
0.007262772882036705,0.03745026748322619,5.156469586388541,003118.npy
0.004907750724151988,0.020975694937312946,4.273993548778569,003119.npy
0.0012495893540751732,0.014668615449776741,11.73874872669214,003120.npy
0.004824747365266194,0.025028990757431955,5.187627218251957,003121.npy
0.0029175679439199125,0.022086656878667437,7.570228798998447,003122.npy
0.0035165681802052876,0.019710100672474286,5.6049249318745575,003123.npy
0.0002310523684422241,0.014090008635497411,60.981883330223525,003124.npy
0.0008191166174855122,0.01687228084902569,20.598142522393605,003125.npy
0.001125477293306348,0.01395497622147439,12.399162820139429,003126.npy
0.0013762086085398815,0.014922657237641475,10.843310480110048,003127.npy
0.0025316407659850618,0.023410941906630723,9.247339596095571,003128.npy
0.00036667419456426985,0.014247338210927505,38.85557910613937,003129.npy
0.0003745895355410165,0.023164329949026896,61.83923385561643,003130.npy
0.000762349594959922,0.020323855953399184,26.659495934812096,003131.npy
0.003733655293336473,0.026001399763307877,6.964060073716237,003132.npy
0.004947292966240421,0.02628582383515654,5.313173084798869,003133.npy
0.005356917024625173,0.03420277198955057,6.384786590297985,003134.npy
0.004954427697980767,0.02302133930823812,4.6466192884344855,003135.npy
0.02571960500536701,0.07154904266415651,2.7818873053238655,003136.npy
0.0288577220857005,0.06685626565380999,2.3167547824442343,003137.npy
0.02325282348939168,0.06259422548416653,2.691897846772507,003138.npy
0.023220925225101267,0.06265192194275392,2.6980803449352058,003139.npy
0.002431518519431253,0.02700571014074926,11.106520437672645,003140.npy
0.004016099736437967,0.029721003281133446,7.400464436944905,003141.npy
0.004267303814218079,0.024089864003631015,5.645218866001906,003142.npy
0.0024118358181925248,0.024811350049707505,10.287329615584806,003143.npy
0.0005145833055023943,0.016710581323181196,32.474005885971046,003144.npy
0.04296019857913436,0.10391705024644192,2.418914569345013,003145.npy
0.04349027621965418,0.10233496610578025,2.353053946762009,003146.npy
0.04346928286785523,0.0974402492017818,2.2415886062982553,003147.npy
0.002344448010315929,0.017992564187217345,7.674541769053003,003148.npy
0.0024454066862396474,0.017966156035821867,7.346899037518335,003149.npy
0.0018998702039264696,0.017438496678255404,9.178783178996337,003150.npy
0.001956052229776716,0.022942338216647363,11.728898572681434,003151.npy
0.0017217449316424514,0.01803961633165165,10.477519631764103,003152.npy
0.002311821573781972,0.017556340026262128,7.594158744243861,003153.npy
0.002107463756399008,0.019883988315076147,9.435032154771946,003154.npy
0.0020688752467148963,0.024952233551627248,12.060772431874451,003155.npy
0.015461466619055203,0.044511936521277974,2.8788948432965054,003156.npy
0.002043429167959853,0.02279329313461209,11.154432696688156,003157.npy
0.001965281853876088,0.025159433398188078,12.801946619903225,003158.npy
0.0019638244767795146,0.01775648796890407,9.04178971736885,003159.npy
0.0031314761378481554,0.02647557867983813,8.45466403284701,003160.npy
0.0023529017801463396,0.02006479550955753,8.527680871056978,003161.npy
0.00501521539236705,0.023584026703633614,4.702495277834931,003162.npy
0.003619285409849955,0.026091238146230124,7.208947398570272,003163.npy
0.008235537135600667,0.028992376502483007,3.5203989761194876,003164.npy
0.001735626832794942,0.015750812790625193,9.07499958224666,003165.npy
0.0017388595434684128,0.022766101908134936,13.092547918293635,003166.npy
0.001889118853088608,0.016432033920884718,8.698253096315762,003167.npy
0.002713595377597376,0.017612684125531228,6.490534390442176,003168.npy
0.007035544614404263,0.027618919426270327,3.9256263639916296,003169.npy
0.0071906129652110256,0.03737233247881485,5.19737783905613,003170.npy
0.003916283027254093,0.02716437276767334,6.936263945352135,003171.npy
0.00022207450304940468,0.01565198842928572,70.48079876293966,003172.npy
0.0018504761480440152,0.017747917329932236,9.591000316378617,003173.npy
0.0018423588569520832,0.021680644628275122,11.767872765773083,003174.npy
0.0015910160610230412,0.02078622989308942,13.064751758482494,003175.npy
0.017702358716343587,0.04877987854236101,2.755558133367264,003176.npy
0.011617933459703151,0.03792885251379187,3.2646815066623995,003177.npy
0.011623737703902681,0.0394982568759237,3.398068493946147,003178.npy
0.013910154913076697,0.04389079349614071,3.1553058731735923,003179.npy
0.0008679645850377819,0.017669614516867653,20.357529330232957,003180.npy
0.00224715514210814,0.026941672966516617,11.989235834537169,003181.npy
0.0024894069958754806,0.024243806541470413,9.738787820914556,003182.npy
0.0021480006302895026,0.019317552534802426,8.993271349369007,003183.npy
0.014933413345027317,0.04184602698118267,2.802174292812622,003184.npy
0.01602653781121409,0.042290117243154096,2.6387556526353495,003185.npy
0.01544159459407744,0.04551458054844773,2.9475311159870192,003186.npy
0.016031344209515134,0.052212535689636984,3.2569031645138162,003187.npy
0.0001657975688075061,0.020211213538941897,121.90295408676658,003188.npy
0.0032770305280094406,0.03189787232801953,9.733773319060719,003189.npy
0.0038410175876918418,0.026234557071188536,6.830105946253528,003190.npy
0.003885328053642197,0.028229872508079727,7.265762919388653,003191.npy
0.0026770036215482958,0.022648588674081864,8.460425112731897,003192.npy
0.003350223606862739,0.017847201456852774,5.327167242200385,003193.npy
0.002986277958504563,0.02192284534908968,7.341193836399201,003194.npy
0.003027506853285566,0.020424416119348907,6.746282371396539,003195.npy
0.0058540710105001335,0.02757140593722205,4.7097833087536705,003196.npy
0.01849860443781806,0.047669402170971285,2.57691883350618,003197.npy
0.021854744097228575,0.05821940373375919,2.663925208782387,003198.npy
0.016324965507704403,0.040101570060473005,2.4564566485663333,003199.npy
