hf_energy_frac_gt,hf_energy_frac_degraded,hf_ratio_degraded_over_gt,file
0.0006727752014355194,0.0006392077719492981,0.9544497533989067,000000.npy
0.00040163750379775405,0.0004967814612056191,1.2563755040238136,000001.npy
0.0004860793810990144,0.000517083817184561,1.0686039011151356,000002.npy
0.0005249067903053311,0.0004895016604707978,0.9347040467538829,000003.npy
0.016279655265874177,0.001018709153771631,0.06065093240911458,000004.npy
0.004951361151967299,0.0004201241891745148,0.08463925311210947,000005.npy
0.004863999677213594,0.00043663791284623553,0.08917022740794123,000006.npy
0.005123923326646206,0.0004876311293260039,0.09524104692980902,000007.npy
0.004269739141670742,0.0006823523622406739,0.15859483430653412,000008.npy
0.00311995769558207,0.0005344910254212686,0.17039769841811886,000009.npy
0.002817230119838272,0.0006465561835858303,0.23060536472285045,000010.npy
0.003173516081342804,0.00045300779589846173,0.14219593801787794,000011.npy
0.0021204141676954085,0.0010665785538029207,0.5054336484237382,000012.npy
0.0016379427331468398,0.0005614017979386731,0.3456676544287675,000013.npy
0.0012875436880815988,0.0004947471882191616,0.38750966057152386,000014.npy
0.0019322379931353245,0.0005612894625178373,0.29081570024318637,000015.npy
0.0002789587418716439,0.00042632178270412044,1.5451924215161033,000016.npy
0.0013229417467288342,0.0005476294936297257,0.408662689848541,000017.npy
0.00128501980793018,0.0005221471284553312,0.40427984172564185,000018.npy
0.0013034545548509112,0.000525208770638768,0.3991061233354695,000019.npy
0.00027540553261882843,0.00039294253902840434,1.4337372831401396,000020.npy
0.0005174139189971328,0.0003951448564708298,0.7640361579199741,000021.npy
0.0005672384932439112,0.0004050477739134489,0.714906118917598,000022.npy
0.0005636096704805051,0.00035879540508668866,0.6385679900821357,000023.npy
0.01776200999368904,0.0014492861063475212,0.07890501815556007,000024.npy
0.020119769836595233,0.0017369760412035732,0.0809907385617166,000025.npy
0.01991286355805502,0.00168136189013862,0.07979908749927254,000026.npy
0.019907702237585173,0.0017614645103057568,0.08323135172059763,000027.npy
0.00032895972205559574,0.00027523725752972444,0.8430183826243395,000028.npy
0.0013947242374514098,0.0006563452702442508,0.47338156108205515,000029.npy
0.0015426437219867909,0.000559753491954278,0.3635003638324652,000030.npy
0.0013954141831134794,0.0006076531992992533,0.43922851026509674,000031.npy
0.0004850900032320603,0.00041349648895351435,0.8583830474322683,000032.npy
0.0017200438359810226,0.0006050644069096597,0.35139086877642284,000033.npy
0.0014259915822302225,0.0005083113644589408,0.35589521803156343,000034.npy
0.0017260892294785116,0.000675028895118119,0.3921323820114168,000035.npy
0.0021649580017952443,0.0003614937157549405,0.1681815897999123,000036.npy
0.0007887740033405675,0.0003496602590463746,0.4466851189486957,000037.npy
0.0008872097639322024,0.0004446968157266809,0.5048216078584379,000038.npy
0.0009029652891418117,0.00029225599222258567,0.3251712446225873,000039.npy
0.0011625740445123807,0.0006711787225012434,0.5779406130197845,000040.npy
0.0016213474800275108,0.0008469728109281002,0.5136360789288296,000041.npy
0.001992984956644926,0.0011741932571452207,0.5799253919099226,000042.npy
0.001920922487845102,0.000903835349467519,0.46313244898386097,000043.npy
0.012093935313534364,0.0018812238947013957,0.14635259232846176,000044.npy
0.0011301424451848816,0.0005474471695658354,0.4843083425890873,000045.npy
0.0011798114578596458,0.0005434762840632091,0.45858449608505375,000046.npy
0.0012949282784043988,0.0005962515808867438,0.45644666059509065,000047.npy
0.004543820861240163,0.0023076567945521926,0.5127022015080092,000048.npy
0.04381414232372875,0.0008730522367098967,0.019095572918380124,000049.npy
0.04333139678957945,0.0008896837699424768,0.019726269488915583,000050.npy
0.043898967567286264,0.0009585152900278962,0.021179166659990794,000051.npy
0.0016952729475752817,0.0003424774999157698,0.20305781358062466,000052.npy
0.002887887475780435,0.0008255435892015648,0.2832388186584196,000053.npy
0.0023969574314154723,0.0005497597781732421,0.2289144026746433,000054.npy
0.002750777242674818,0.0008795836554571548,0.31813735995518816,000055.npy
0.0019104727010345345,0.0010603147888883892,0.5467995829640055,000056.npy
0.0008783002223354662,0.0003286508922118869,0.3780774265204204,000057.npy
0.0008191154314179773,0.00022895517597416396,0.28161755882665823,000058.npy
0.0008627039396710328,0.00029688455746061855,0.3462633632951256,000059.npy
0.0005488713140190838,0.0005101436355713883,0.9309290834196856,000060.npy
0.0006105436013649841,0.0003490958545148285,0.5793131605096863,000061.npy
0.0007238041190019886,0.00045996203144421557,0.640927258776564,000062.npy
0.0004656622234603091,0.0003453270160000208,0.7472152196614616,000063.npy
0.00030392434287152757,0.0003737899198057868,1.2412875121656486,000064.npy
0.001298568394365987,0.0007787355104792431,0.6049712522077851,000065.npy
0.0012878626265067947,0.000778146952079777,0.6062225389664245,000066.npy
0.0014753186451640264,0.000608683066287946,0.41252105853112275,000067.npy
0.0006638199909580156,0.0005115316041411275,0.7738027953203782,000068.npy
0.000696489952724295,0.0005257559151824088,0.7464652025836275,000069.npy
0.001102040298261411,0.000848774093746511,0.7677530726802876,000070.npy
0.0006912507537147797,0.0005498994863939578,0.7917336195286844,000071.npy
0.002361528042198238,0.000888665296208833,0.3742081350735764,000072.npy
0.001181087810624049,0.0005570750148915411,0.46976631740589625,000073.npy
0.0012916161757140039,0.0006587884562132322,0.5095912223155173,000074.npy
0.0013341248252422952,0.0008203155294143899,0.6139974781358856,000075.npy
0.0006628354642031128,0.0005199233327387079,0.7855611182478435,000076.npy
0.004297045052579194,0.0011984629495104947,0.27963692750272456,000077.npy
0.006253418657923115,0.0008882570439678433,0.1420006481938872,000078.npy
0.0050548616112599575,0.0016755876686683348,0.3361472628529084,000079.npy
0.0019994942195709965,0.00035162317022833926,0.17586761170485873,000080.npy
0.008428849166394524,0.0018992926891583165,0.2224754999926894,000081.npy
0.008352862613186808,0.002136457234588043,0.25133084979419074,000082.npy
0.00859957281548798,0.002379888522828949,0.2724489133637106,000083.npy
0.01376937150469582,0.0008790777858960789,0.06181842467391994,000084.npy
0.005601065024104605,0.0008292007011419563,0.1470339740839647,000085.npy
0.00926167055703023,0.0009323258023940235,0.09787622616508848,000086.npy
0.0073200864486244735,0.0007736259703413501,0.103466593502476,000087.npy
0.0005400904027191123,0.0007909163244735384,1.481271243200726,000088.npy
0.0003246573520588968,0.0005096960842210648,1.5913201857109502,000089.npy
0.0003484929633181079,0.00043436733305610224,1.2535620642048073,000090.npy
0.00024095692409724202,0.0003495582097274249,1.457724949096408,000091.npy
0.0030832053001455437,0.0005781297725247691,0.18677801508732136,000092.npy
0.0032295232625787827,0.0012986090438778704,0.4016346369935616,000093.npy
0.003259779549843941,0.00144858361782919,0.4453289117627646,000094.npy
0.0033106262214875662,0.0014502711524674743,0.4387948709310179,000095.npy
0.0077689386877221635,0.0010627549382070031,0.13429280070559652,000096.npy
0.003473956262386519,0.0006289978230189534,0.1823754433513984,000097.npy
0.003395777411512137,0.0005958318875694674,0.17556544848763558,000098.npy
0.003453389754691284,0.0006089901780978829,0.17572621723046628,000099.npy
0.0016122082306327967,0.001221178271254661,0.7657047387358951,000100.npy
0.00044006228018420403,0.0003449520968183094,0.7902450566043145,000101.npy
0.0005457049180198918,0.0004827991830818771,0.898025708224842,000102.npy
0.00047165220183071027,0.0003883312481655359,0.8329718422609299,000103.npy
0.00036339033607668493,0.0004780918871822682,1.329055195857359,000104.npy
0.001283980005364495,0.001430035012078848,1.1195377274871026,000105.npy
0.0018940433372044599,0.002086460589880484,1.1028431923395554,000106.npy
0.0016458815807896265,0.0017949241767498524,1.0970924203471133,000107.npy
0.030223018625464677,0.0015132324870015144,0.045687588002873245,000108.npy
0.014924496270213103,0.0029024532256367603,0.18214365753712006,000109.npy
0.020243649012588936,0.0035206962901942174,0.15837481034723563,000110.npy
0.020128887451160368,0.0036319053529584445,0.16383961327499785,000111.npy
0.004082719916245129,0.00064078301719892,0.155167872904526,000112.npy
0.0006729372629810442,0.0004352456327369648,0.6551863757932715,000113.npy
0.0006803620175018049,0.0004987672754530154,0.7434212688941975,000114.npy
0.00028208861219123586,0.00024651241134089055,0.880748854835385,000115.npy
0.0017782916448016554,0.00036544751026918284,0.20564679790890672,000116.npy
0.001867333939424449,0.0006037898746312711,0.32129854114425244,000117.npy
0.0018287104269053321,0.000568822294514162,0.3092170662373808,000118.npy
0.0015699097022159642,0.0005582386044420183,0.35706164024014253,000119.npy
0.0007189255197032476,0.0004201923522887597,0.587054356080494,000120.npy
0.0012874210991293035,0.0010440973383776177,0.8129880197360296,000121.npy
0.0011233211405503902,0.0011333496464347391,1.017138254293603,000122.npy
0.0015014400691290893,0.001241312850297303,0.8303074936599819,000123.npy
0.00729364995548487,0.0008057605239681453,0.10719741271368691,000124.npy
0.0012381017050733876,0.0013316240560847948,1.0642838398760288,000125.npy
0.0014087150351936252,0.0014743320994783531,1.0288265437844009,000126.npy
0.0013392221985587427,0.0014539607087247703,1.071397862106644,000127.npy
0.0006442975660795687,0.0005020899475101478,0.7905928626446403,000128.npy
0.002393945759495932,0.0007323752754500054,0.3014431601242977,000129.npy
0.0024089742406166515,0.0007500617923799966,0.305275094369125,000130.npy
0.00240566889318489,0.0007071091619185041,0.28776083705373334,000131.npy
0.00027296915545912866,0.0002693827399262927,0.9945823884570136,000132.npy
0.007056323102050615,0.0003957497164527231,0.055955443067204506,000133.npy
0.012631982685449555,0.0020951793580426515,0.1679347151874908,000134.npy
0.008278289150936426,0.0004373564266456642,0.052522217608815244,000135.npy
0.0023019356707720067,0.0010595340598510059,0.4572466550094963,000136.npy
0.023380317583976965,0.0017905794479352527,0.0718842287605826,000137.npy
0.02324352239657579,0.0019593928805863273,0.07947853758905525,000138.npy
0.025041373644434723,0.001887427933529808,0.07163817021602206,000139.npy
0.0050831891462941505,0.0007556258974017694,0.14667822551627344,000140.npy
0.0020331216493251836,0.0007687645766012942,0.3712166959005421,000141.npy
0.001818273791853981,0.0007536325658661099,0.40609843291864733,000142.npy
0.002041350771622699,0.0009013483259580229,0.4359163305363738,000143.npy
0.002145771925030457,0.0005641115828147103,0.2638770066973785,000144.npy
0.00228560413717448,0.0009489790511386238,0.41531378291108473,000145.npy
0.0023204913502739063,0.0010888230292679664,0.47609231198668217,000146.npy
0.0022290138633699976,0.0009084436268155288,0.41087595922176173,000147.npy
0.0022784139970567865,0.0008437000362892789,0.373184100104581,000148.npy
0.001638263004099774,0.0005931665166747346,0.36515831135808136,000149.npy
0.0016520778536456427,0.0007562878682207351,0.4643286662798151,000150.npy
0.0016426236970093515,0.0007233334144142771,0.44562025437762726,000151.npy
0.011370001202017182,0.0009767974832437258,0.08504321141777116,000152.npy
0.0018807871830103056,0.0006371033628526056,0.3414221224611025,000153.npy
0.0008463491846556259,0.0004498327969887636,0.5371971623906645,000154.npy
0.001856202085676374,0.0006899074382841432,0.3757602393457455,000155.npy
0.00488950337646523,0.0015223112480514552,0.2974754343602677,000156.npy
0.006152161911258335,0.0026883205593073753,0.42316694723646225,000157.npy
0.004635212281411216,0.0016351079174317213,0.33411350488458225,000158.npy
0.0053789053374947255,0.001993585797645405,0.3485675482167838,000159.npy
0.0008369664690124309,0.0008435893681902401,0.9976112621908465,000160.npy
0.0006408904073521666,0.0006800739925482486,1.0586025077581735,000161.npy
0.0007200491231820039,0.0007702772614638989,1.0759171079104546,000162.npy
0.0007295731885839062,0.0007350428875309572,1.0027200634237003,000163.npy
0.0003956108774137422,0.00045104881334410047,1.144934011665847,000164.npy
0.00019263610258820298,0.00037414920764184377,1.9627599779653888,000165.npy
0.00023625584748447305,0.0004113596431593182,1.7542891326153505,000166.npy
0.0002013786473588428,0.0004764897978539591,2.401185098540456,000167.npy
0.0015630226044254785,0.000662886712418789,0.42753145169866497,000168.npy
0.00031789585392070455,0.00037906302928222363,1.1970053955200288,000169.npy
0.00025553624147418695,0.0004175058486081731,1.6506600439703822,000170.npy
0.0005099819782940377,0.0006103522439603543,1.2119382589905472,000171.npy
0.001175930561816907,0.0004324837271858679,0.3734044746483723,000172.npy
0.009077367704178232,0.0007795778359082426,0.0859012346378995,000173.npy
0.00967543257329991,0.0007808742260429565,0.08035445711620365,000174.npy
0.010021819324860565,0.0009503682820623279,0.09497917317263349,000175.npy
0.005876034692477512,0.0006707639827100135,0.1130028505059375,000176.npy
0.0036916160346825147,0.0007614937101270819,0.20839812753044262,000177.npy
0.0007595529398331913,0.00029663570407083897,0.3936875693457701,000178.npy
0.004145387575319408,0.0005730509592195778,0.13880260799878238,000179.npy
0.0057931165290596096,0.004955328614712509,0.8507925495011296,000180.npy
0.003220836580344066,0.0007575620976236657,0.23339458558482043,000181.npy
0.0031662945008744145,0.0006780753020720372,0.21225314468511985,000182.npy
0.0032306369468338755,0.0007353812421228801,0.2260866393125942,000183.npy
0.0035525546856111155,0.0008468958376597337,0.23836331751648537,000184.npy
0.0013986127411191901,0.001066338033858211,0.761859383100226,000185.npy
0.0012222826007323023,0.0009797209672313385,0.8004332341134558,000186.npy
0.0013986379484831404,0.0011634517860662989,0.8369029159712752,000187.npy
0.00534804707293819,0.001053732051747566,0.19302158269764433,000188.npy
0.0054389392817434596,0.0008840259120837671,0.15875288241034025,000189.npy
0.0051881373476751445,0.0009711672880594366,0.1829749849769705,000190.npy
0.005046239896885262,0.0009665871647376134,0.18741379396089816,000191.npy
0.0006670346277614941,0.00025419025921352337,0.3844703919365659,000192.npy
0.0021627950721693555,0.0018518614049979993,0.8421343643310509,000193.npy
0.002312063610236379,0.0018043497777833354,0.7526226840208007,000194.npy
0.0023319847632599787,0.0017970711677535681,0.7412407342310983,000195.npy
0.0017700907764307352,0.0004315342326823768,0.24320428993158683,000196.npy
0.00030819664802979384,0.00036131559823876963,1.1743277407034536,000197.npy
0.0002563152554023438,0.00038425490520964937,1.5084666030631937,000198.npy
0.00030384600836011607,0.0004412727077559674,1.4616174050389856,000199.npy
0.004809066534306537,0.0006192900610398165,0.12910815585493315,000200.npy
0.0009183201314988363,0.0007390466473945242,0.8151624279068798,000201.npy
0.0008425431745442239,0.0007280591896018577,0.8769923264655047,000202.npy
0.0009021327686291616,0.0006265543864601023,0.6976247395718549,000203.npy
0.0034354548999098403,0.0006880527596759516,0.199000014563332,000204.npy
0.00700991329653538,0.0008023380735274342,0.11244882964937869,000205.npy
0.010772047920975632,0.0009623085902319575,0.08757276225802713,000206.npy
0.010098117964861817,0.0011135374489360773,0.10739600599508982,000207.npy
0.0007376961378802461,0.0004820260432875646,0.6599515851218917,000208.npy
0.0006538555032527609,0.0006494147660208899,1.0076644524018288,000209.npy
0.0007581495387223943,0.000644031674235532,0.8567996538216933,000210.npy
0.001253679968331901,0.0008294863274619491,0.6675055985854668,000211.npy
0.0023980477628378887,0.001480056438699757,0.619753148045243,000212.npy
0.0005639622170751595,0.000893185941575976,1.606485363249574,000213.npy
0.0005079266167476058,0.0006454996359532541,1.2845220275161608,000214.npy
0.00046797204587708803,0.0006962058312958884,1.5004865045184506,000215.npy
0.005470178172308978,0.0019932605904544568,0.35034776972480886,000216.npy
0.0014668093890211702,0.001406206106174866,0.9676469701944772,000217.npy
0.0007738428094487816,0.0010350050512628326,1.3456851776781915,000218.npy
0.0006902092216114062,0.0007933808216863345,1.16302818844216,000219.npy
0.001318424964679064,0.0006330601945527669,0.4848481219939222,000220.npy
0.004190183239342082,0.0008705212570352867,0.20740727631722067,000221.npy
0.004053204485551785,0.0008355786469390424,0.20489711554877008,000222.npy
0.005325195342098654,0.0010478355838119382,0.19207109093989672,000223.npy
0.005533123164387429,0.0006466321376397187,0.11645802333989859,000224.npy
0.01574131602655379,0.0013579952057303627,0.08506145880660607,000225.npy
0.015712827078869913,0.0012741221425408976,0.08068354754685632,000226.npy
0.014011360753943573,0.0013198566499346865,0.0942436102047857,000227.npy
0.03022003892438823,0.003286579398128012,0.09379211837284136,000228.npy
0.0033953424163299054,0.0008057546020638647,0.23392837854532847,000229.npy
0.0031511525780043713,0.0008015587408649702,0.2513650947776238,000230.npy
0.0027754188614462407,0.0008111474092235295,0.288740377922492,000231.npy
0.03544629925506317,0.00184898069874469,0.047671864407664244,000232.npy
0.02850021408777018,0.0015179200173355695,0.0499498685186061,000233.npy
0.02727167603048665,0.0015434617451431031,0.053128659100899846,000234.npy
0.0287809810139248,0.0014519375832154648,0.04698784832388276,000235.npy
0.0009719103565639522,0.0006165987659833501,0.6390029831661574,000236.npy
0.0008696514379105587,0.0007267557361314461,0.8383020062780498,000237.npy
0.0005989712592810505,0.0006542760208272592,1.0902049083535346,000238.npy
0.0005307336575984945,0.0005479350144268953,1.0320243622898326,000239.npy
0.0072962981184791385,0.001134778235220716,0.1524938905443257,000240.npy
5.973350879105802e-05,0.00033561656741888353,5.689406374564175,000241.npy
6.557855147135465e-05,0.00025262105234819074,3.883327953196771,000242.npy
5.9802189108160224e-05,0.00023373147551389612,3.9519257515551436,000243.npy
0.012199913216952974,0.0012122219375204739,0.09552201618065585,000244.npy
0.0009463212961711636,0.00037646553506613244,0.40094350100651605,000245.npy
0.001707039366457861,0.0004296375106230414,0.2531108838618088,000246.npy
0.0013671738888341564,0.00040655368385130515,0.2998746865927691,000247.npy
0.001991457029824614,0.0008687902892040596,0.43870004393939227,000248.npy
0.03451902851267589,0.0033043340491720804,0.08398982603455155,000249.npy
0.034258981492209364,0.0026502647814632516,0.06839064133474271,000250.npy
0.03449829338648162,0.0031400323690417313,0.07971006578048413,000251.npy
0.00044565638915584004,0.000533037258288075,1.200857584104803,000252.npy
0.0003864981493140101,0.0005468121536548625,1.4304383397477536,000253.npy
0.00041345135964693274,0.0004861079915206322,1.1834259248732073,000254.npy
0.00037039421040743184,0.0005085660064002525,1.3801415854957948,000255.npy
0.0009383965391171931,0.00034185456468689555,0.3654233241605246,000256.npy
0.007747453124912164,0.0011126498566548057,0.14045812621512596,000257.npy
0.007754627281286137,0.0009540412986761285,0.11897562142813913,000258.npy
0.009730292932401864,0.0010664189869058686,0.10461644989535124,000259.npy
0.008678449802501135,0.00116210362835374,0.13003166012849587,000260.npy
0.0015338256621480646,0.0007673874815338073,0.5008737901696907,000261.npy
0.0018784308883066647,0.0010207342516584032,0.5400527774160824,000262.npy
0.0018145728544756259,0.000975029092647986,0.5414826163299391,000263.npy
0.003951576831254918,0.0005860715783718542,0.1474364226704251,000264.npy
0.0012645669730019283,0.001005839916650899,0.7951776951803853,000265.npy
0.0012335272233803538,0.0009781669426178828,0.7935085764472148,000266.npy
0.0012931554289851068,0.0012297203757708406,0.9601039357385505,000267.npy
0.0004485151435871078,0.0007077835002354803,1.6020878760603916,000268.npy
0.03606448400340617,0.001650662442216827,0.041886644270358826,000269.npy
0.03543065439428526,0.0015171443148912617,0.03945034392190446,000270.npy
0.0344817153954764,0.0017220410997580242,0.046011490599487725,000271.npy
0.0036324075553390463,0.0006133852007615914,0.1655398146565209,000272.npy
0.007318697521003083,0.0007251595545103805,0.09941773370296793,000273.npy
0.007575906609030747,0.0007979201045194633,0.10588567205231172,000274.npy
0.007300391330760564,0.0006291711514275741,0.0859054463852064,000275.npy
0.0014835347215738895,0.0015950175827538274,1.0910811163049818,000276.npy
0.0008302272629515385,0.0010113271714778875,1.2119270904764905,000277.npy
0.0010354192991257924,0.001285720281384961,1.251951396671406,000278.npy
0.0007426576358955063,0.0011651699419385454,1.6098085374082818,000279.npy
0.003951595120955899,0.0005770295412681876,0.14409008859402486,000280.npy
0.002025049264396161,0.0006191263647824639,0.30621837126232093,000281.npy
0.001786290982117996,0.0007328213321760737,0.41410448236214153,000282.npy
0.0024749177461431487,0.0009201241743570002,0.3715768721421348,000283.npy
0.004804555198912146,0.000661972652258661,0.13613811799026515,000284.npy
0.0043680230574684575,0.0009445835932733135,0.2154512470428841,000285.npy
0.003932711751046579,0.0009081538764627294,0.23221519294197185,000286.npy
0.004578171081892838,0.0012441772142364985,0.27575172590609537,000287.npy
0.0009941704678551645,0.0008677817948219931,0.879693000404981,000288.npy
0.0038508026223981508,0.0005076343010089394,0.13156764753246697,000289.npy
0.01083194694853743,0.00106456642311215,0.09568926850660767,000290.npy
0.009620885690897177,0.0009102256266010962,0.09169461394101593,000291.npy
0.003647262774714937,0.0024001373117248552,0.6486654864701934,000292.npy
0.004424640121906344,0.0007647710344875021,0.17397421951403352,000293.npy
0.004626250049971499,0.0008823870557271567,0.19280953777607748,000294.npy
0.004631116701557059,0.0009073923264137111,0.19734302945638263,000295.npy
0.005658678374562959,0.0014313589403556844,0.2504144748107079,000296.npy
0.003891593758491,0.0008018179344222232,0.2044928051502686,000297.npy
0.0037557979550277964,0.0008345622910828496,0.22034688594334462,000298.npy
0.003938721562902068,0.0006397998296870296,0.15942705189193937,000299.npy
0.15307102635632952,0.002628255674831205,0.014467018499100282,000300.npy
0.0027202845334280195,0.0011878430312570755,0.42992723535574295,000301.npy
0.0024028845150238843,0.0011212501611745124,0.4620370904693217,000302.npy
0.002704167632559357,0.0014649220385762607,0.5433838229100589,000303.npy
0.0017800584256843057,0.0009468253916305666,0.5307227419723701,000304.npy
0.0009251303102682599,0.0007416390473809558,0.8073703313831029,000305.npy
0.0008924387411907933,0.0007886163477339546,0.8908810002036216,000306.npy
0.0008910143947199523,0.0006657466901162722,0.749361727140295,000307.npy
0.0006699365857747712,0.0010298861566419605,1.5608705806043142,000308.npy
0.0006865596032947996,0.000426822844359757,0.6233090038309026,000309.npy
0.0006828005439143995,0.0003299024687057226,0.4824481876857993,000310.npy
0.0006837439720063402,0.0003808503871138046,0.5577164285766696,000311.npy
0.005322357568082033,0.0012274229798178381,0.2226783082328344,000312.npy
0.0008110855656349949,0.0009585674262877012,1.1879903645813263,000313.npy
0.0007998123300266013,0.0008340572374265395,1.0532988665281842,000314.npy
0.00047745171116625094,0.000587792897097194,1.2426974382257407,000315.npy
0.00034327010065351386,0.00037828879775405607,1.1221735173838832,000316.npy
0.002981650865384564,0.0005073931663664609,0.17096849957615823,000317.npy
0.003338131601417353,0.000675449621854924,0.20358396739620976,000318.npy
0.00355916972427364,0.0005125353095388716,0.1442007531247619,000319.npy
0.0038170568352714628,0.000611823325925542,0.15849222730529217,000320.npy
0.0016950708203471896,0.0010344680495192936,0.6100305540022315,000321.npy
0.0014863406457352663,0.000836207553883781,0.5625202655730598,000322.npy
0.00153816277639106,0.0009666333476127657,0.6271906255766873,000323.npy
0.0017507500317666877,0.0008071618245314702,0.4594149472370428,000324.npy
0.004844232391637977,0.002739859698725953,0.5554934525905054,000325.npy
0.005903422498240032,0.0029989755993717424,0.4908481493261357,000326.npy
0.00599779383984918,0.0029216308201243982,0.4772746799375797,000327.npy
0.0006355945078105309,0.0004739502591716494,0.7553894358990395,000328.npy
0.0025644545075422373,0.001439880678189418,0.55060883807977,000329.npy
0.0025588034543846056,0.0013235425448900238,0.5025038210988336,000330.npy
0.0026643149176727174,0.0014401278583786239,0.5281230131160088,000331.npy
0.001241195671778744,0.001464952589288648,1.177960629715221,000332.npy
0.0031721454153494882,0.0009464126167181256,0.29454693297219514,000333.npy
0.0032179159024501814,0.0008585361295525517,0.2632856179711428,000334.npy
0.003217963091912631,0.0008934173942962922,0.2721521843170023,000335.npy
0.0005737236825001292,0.0006843941522084334,1.1972959079903576,000336.npy
0.000845936648305817,0.0010439647226813242,1.253370914975426,000337.npy
0.0008591612671508577,0.0008948213955274316,1.0510886332653868,000338.npy
0.0007061245378525438,0.0007605462192919213,1.0866539746801973,000339.npy
0.0011160001112839935,0.0005564420422772821,0.5002743669475159,000340.npy
0.00023550659188890672,0.00026202546656394296,1.1215712234032824,000341.npy
0.00022141559446686252,0.00029887276632338945,1.3609368713421992,000342.npy
0.00022416498835279813,0.0003481067323872339,1.5702245336989131,000343.npy
0.001029495614239774,0.0006324350737608713,0.617279859869081,000344.npy
0.0008670243371512224,0.0006506447815580918,0.7562465113131158,000345.npy
0.0007407038474483102,0.0005342392251392826,0.7222865721064866,000346.npy
0.0007455999251578711,0.0005960917891770003,0.8100252695837122,000347.npy
0.0034546507124010497,0.0016022210835515368,0.46414844290180984,000348.npy
0.0057656607395652005,0.0011067218981036964,0.1910027892364148,000349.npy
0.006251696852889392,0.0010887252308958773,0.1728000082745374,000350.npy
0.008448024275982699,0.0010625746173407052,0.12330291704302873,000351.npy
0.15085991780369792,0.0023962066705081825,0.013212339643527244,000352.npy
0.15401402316204113,0.0025265715929418666,0.013703156459087843,000353.npy
0.15190709572952518,0.002533348508035715,0.01411780959005687,000354.npy
0.1523857633692211,0.0024513291759789137,0.013523223009896933,000355.npy
0.003261927053305508,0.0005731726970925401,0.1742083449015955,000356.npy
0.002941278854679784,0.0005818672500432526,0.19359991059797654,000357.npy
0.0044753039707574075,0.00095827373333129,0.20806184590618432,000358.npy
0.003571064392957216,0.0006237011583353024,0.17118628932381286,000359.npy
0.0033055814342377336,0.0006610680756183064,0.1976147110852087,000360.npy
0.0035260834855123232,0.0003969053036516844,0.11275382988766622,000361.npy
0.0044446696538246585,0.0004779828137002622,0.10755897456040531,000362.npy
0.006885019913646412,0.0007054662787657812,0.1023918070543362,000363.npy
0.004151041949905624,0.0007370672824745008,0.1768689491144745,000364.npy
0.011626569701993782,0.001778892821656461,0.1478627740662879,000365.npy
0.010228518542925391,0.0017452333673959365,0.16648399863739038,000366.npy
0.011518657844129924,0.0018506546656825074,0.15575788305008964,000367.npy
0.0011257162992628284,0.0006491793107905534,0.5803895807093977,000368.npy
0.0017389280027115138,0.00043526064430187664,0.24993220984388173,000369.npy
0.002372097925408797,0.0005317720042392467,0.22397944200347267,000370.npy
0.0021992670045704404,0.0005349362969249478,0.24303530036955587,000371.npy
0.0014250445280303272,0.0006157304382551093,0.4350222958617231,000372.npy
0.009463363305793523,0.0005277492651933628,0.05449883323410067,000373.npy
0.009580549823044208,0.0005430659877440979,0.05558956111326013,000374.npy
0.010032428457546776,0.0007420543877872935,0.07277729761893997,000375.npy
0.0031095011252690124,0.0005553269572778701,0.17916506273838664,000376.npy
0.004409649689766846,0.000585667862111396,0.13240320860769794,000377.npy
0.004319131043302764,0.0004868623375045574,0.1127130427968848,000378.npy
0.003963360470748083,0.0005522843387355764,0.13899073425199937,000379.npy
0.005213859581105035,0.0015565068137172642,0.29145470520056366,000380.npy
0.004631864826691998,0.00040629374964857494,0.08806834848395476,000381.npy
0.0060988623739574085,0.0004312229546309004,0.07090986224162395,000382.npy
0.0040759067081600295,0.0004664167549886277,0.11546209055361875,000383.npy
0.002031938663190892,0.001918758199537452,0.9412074155844156,000384.npy
0.023723293460277954,0.000766145536561712,0.031122598638420762,000385.npy
0.027129151617075326,0.0009717308267761695,0.034958509602826884,000386.npy
0.025139780240643974,0.0008236483429394834,0.03182312489175791,000387.npy
0.0010632787965798756,0.0005681322085929679,0.5388184820004648,000388.npy
0.003920115468515461,0.0009441697340506456,0.24002141353804138,000389.npy
0.008565238591754013,0.0020125918149069308,0.22359006691695366,000390.npy
0.003523471002188474,0.0012920890968747007,0.3615319579716308,000391.npy
0.0005780397999205004,0.0005167379195313166,0.8936302657128199,000392.npy
0.0005401437137358195,0.0002800501888232771,0.5242885397260473,000393.npy
0.000469798994399528,0.0002784666423925713,0.5965901612068244,000394.npy
0.00021587691535678095,0.0002657341804950578,1.2400118154209614,000395.npy
0.003131825988533125,0.0006312264941337572,0.19830188049290934,000396.npy
0.0016712985356484849,0.0003570573152084627,0.21630641150898658,000397.npy
0.004109771714320034,0.0004144083143683535,0.1016155312470284,000398.npy
0.005907273423645958,0.0004080285369681654,0.06929942573390575,000399.npy
0.00015222246825840908,0.0005230510465458667,3.4804299829836727,000400.npy
0.00013908412480962562,0.00027570259015670883,1.9959302056417123,000401.npy
0.00026012289312902007,0.00023152605774117568,0.8941063088629989,000402.npy
0.00017030005572939424,0.0003795797673562663,2.261842781678044,000403.npy
0.008141944306187485,0.0007720079603739405,0.09337224092394122,000404.npy
0.1498418447336866,0.0024644989883131235,0.01389139149046106,000405.npy
0.15316616689875326,0.0024426062862701902,0.01347380276383885,000406.npy
0.1501536723537313,0.002466459502699592,0.013794746315751468,000407.npy
0.0013084263863440133,0.0007171000088316966,0.5506555205043299,000408.npy
0.0006995882460777138,0.0006850624024608731,0.9904722781023777,000409.npy
0.0007111466961101057,0.0006855805255906016,0.9741016817202216,000410.npy
0.0007369190066725083,0.0007500486542523388,1.0263151650158688,000411.npy
0.0006782049374600135,0.0003183727792311319,0.4725490711101699,000412.npy
0.0032694418368045043,0.0005268726185085342,0.16091580329894312,000413.npy
0.0030861157036320614,0.00042377051078212993,0.1368761494671348,000414.npy
0.002885119251872695,0.00039270250636497586,0.1362972138257731,000415.npy
0.0017492049268720117,0.0012462935128357193,0.7155266668987446,000416.npy
0.004552024072615393,0.0011276631201677678,0.24825836675635438,000417.npy
0.004928280290678797,0.0012727943742560476,0.2614619927965357,000418.npy
0.004415198101155608,0.0012162987193929055,0.27799893822137217,000419.npy
0.0003404525655215774,0.0003697844377679035,1.096622750576212,000420.npy
0.0004880278470976282,0.00037660428598933714,0.7798291689275391,000421.npy
0.0004778919355280267,0.0003885574704547541,0.826171731491168,000422.npy
0.0004886986083110185,0.0003935694274946876,0.8123991316941609,000423.npy
0.0008519825203284092,0.0009240638547296454,1.1069855379514653,000424.npy
0.008824601826587706,0.004049655678943414,0.44915602276123356,000425.npy
0.005826838412374118,0.0034873005074520067,0.6072983230735971,000426.npy
0.007332192384905997,0.003827495985050764,0.5212922729942974,000427.npy
0.002350051945879671,0.0013013348919839497,0.5355229431938435,000428.npy
0.0022154373100181507,0.0008914246974697594,0.39435344898176383,000429.npy
0.0019308474785080301,0.0010156005717474408,0.5202055547786552,000430.npy
0.0020375304542000214,0.0008192035330113737,0.3951508376305067,000431.npy
0.0023365429570577374,0.0014221626615343742,0.6092344330674547,000432.npy
0.0031424942995629977,0.0009188031239469226,0.2937955073464411,000433.npy
0.003219015700325493,0.0007261168299510375,0.22494891431632225,000434.npy
0.003087948189018904,0.0005901598237250681,0.19105036663167949,000435.npy
0.0013834545745753572,0.000702210935832223,0.5001237073287486,000436.npy
0.0010959180820737672,0.0007469955118168339,0.6845657251790894,000437.npy
0.0012220093827368702,0.0007679018622636909,0.6313333493268981,000438.npy
0.001350548699177712,0.0009319703727169414,0.6946782362895428,000439.npy
0.0006143219042708827,0.0005996370883625166,0.9857233443574461,000440.npy
0.00045236485719723287,0.0006003928935328219,1.3376565323604284,000441.npy
0.0004310626112644932,0.000636183062732918,1.4893515694031862,000442.npy
0.0004665228509717534,0.0006715710820485718,1.4584832163923205,000443.npy
0.0018821784370268125,0.0008781148063001195,0.45982265841369613,000444.npy
0.0006748156978443155,0.00043500818809350385,0.6483759581161065,000445.npy
0.000609932313379922,0.00044942269947083086,0.7416187983129662,000446.npy
0.0005588249962653144,0.0003375065980751564,0.6076872518047164,000447.npy
0.008373841557379011,0.0004817777897930654,0.05789794053680905,000448.npy
0.0022035656392012716,0.0008872091844299284,0.40660718037080223,000449.npy
0.0024479751270866804,0.0008572239355510936,0.3540678294512187,000450.npy
0.002373597535575116,0.0007553805769658758,0.3212231818001023,000451.npy
0.0005366846782030648,0.000643070654523205,1.2099681222371268,000452.npy
0.0007427290980004328,0.00029807223008996865,0.4040577932541549,000453.npy
0.0007453272874787376,0.0003099002837936591,0.419093120201265,000454.npy
0.0007255313772641704,0.00026589203754247775,0.3677196336811775,000455.npy
0.002147813667838578,0.0004692950734263139,0.2196730968852501,000456.npy
0.007450230624798258,0.0015541779278893195,0.20599087161121155,000457.npy
0.007473483707785917,0.0015047624037590613,0.1966753591085317,000458.npy
0.007799897289098592,0.0015253664600258317,0.19028746924568515,000459.npy
0.0005396549557804716,0.0005633960893855291,1.0494527215342524,000460.npy
0.000442828557218926,0.000691826578010553,1.5774155139753936,000461.npy
0.00037033836249637206,0.0006192747685989294,1.6977374674705978,000462.npy
0.00031066053109396366,0.0005019174188917849,1.634844258981164,000463.npy
0.0042594352370285814,0.0014185025297215898,0.3319773698898242,000464.npy
0.004317598042074798,0.0006965732447546867,0.16250937499638193,000465.npy
0.004822305471472031,0.0006754487236317696,0.14035545046024547,000466.npy
0.004985020474111155,0.000803123469693251,0.16185546621237026,000467.npy
0.011959295835616108,0.0005990606088883186,0.04953742293517427,000468.npy
0.013012684456042574,0.001260316051870463,0.09535648284830517,000469.npy
0.013936418231995588,0.0011138868621287919,0.07818700462777274,000470.npy
0.012617241840434128,0.001094907007513539,0.0849025995749636,000471.npy
0.0009582210999329525,0.0007837552818418211,0.8221724612054319,000472.npy
0.00022282977389650042,0.0004233421457445894,1.9109051993559432,000473.npy
0.00017896941383790325,0.0005646209790701749,3.1870095462193997,000474.npy
0.00017499414174039388,0.0003642362904920345,2.0984852449451425,000475.npy
0.008159976488868152,0.0024393452669691537,0.291039432743813,000476.npy
0.00605756456661038,0.0008528745446302025,0.14234053419347778,000477.npy
0.00590358240860954,0.0007978127574913887,0.13533624782922082,000478.npy
0.006413076677114296,0.0009350873379980993,0.147822989479076,000479.npy
0.010230812201759532,0.0017568297601751237,0.16360699643516238,000480.npy
0.0005444574681445731,0.0005244623674728897,0.9704400942109861,000481.npy
0.0006666720457422366,0.0005503520201231824,0.8299044637858056,000482.npy
0.0005395535648379742,0.0005792238141333719,1.0829209513888192,000483.npy
0.0008788850536000153,0.0005231430925649656,0.6016156271750714,000484.npy
0.0004606426969105935,0.0006048217969858766,1.3313505449981884,000485.npy
0.0004121660337470176,0.0004645563746702996,1.1377735402029199,000486.npy
0.00040907009409345334,0.0004775021886981676,1.1807401747175363,000487.npy
0.011308261151757412,0.0016586701603072249,0.13935458867534195,000488.npy
0.0018051546224909386,0.0006098735883867041,0.3351219744142316,000489.npy
0.002053010597405478,0.0007259208563189366,0.35229598672991125,000490.npy
0.002014041751382682,0.0006462408374446009,0.3182936154896888,000491.npy
0.011114293622020674,0.0008558773574416093,0.07398568313553926,000492.npy
0.008018151045654945,0.0007483168576704687,0.09348117386972943,000493.npy
0.008113927888539384,0.0006107490131416251,0.07552071629289957,000494.npy
0.007436876988130845,0.0005578108978360375,0.07503961160139049,000495.npy
0.00817614731995632,0.0009080060743479575,0.10962787923474651,000496.npy
0.009718434059109571,0.0010088308104272618,0.10153940238960917,000497.npy
0.009015735291004958,0.0007522954593343219,0.08133747036182401,000498.npy
0.011532817549344468,0.001203736410423477,0.10191669787871403,000499.npy
0.000845827023992183,0.00042806022559530585,0.5078375507909036,000500.npy
0.0006080456515721733,0.0005458261134461742,0.9046205426606679,000501.npy
0.000587165768120351,0.00038699677479442026,0.6623230802921308,000502.npy
0.0006296316350867104,0.00039173416693876617,0.6279200724777301,000503.npy
0.003052596455651032,0.0009457013504675348,0.3062777056211341,000504.npy
0.00612435855063155,0.0013346464902665276,0.2081164947435957,000505.npy
0.006613880893819538,0.0013630008295178898,0.1942206485000379,000506.npy
0.006530647128403695,0.0013665647670881348,0.19859336594464852,000507.npy
0.00024786417933387705,0.0004453584888394278,1.8222048912329674,000508.npy
0.022016512486733524,0.001788113781822991,0.07726188567535541,000509.npy
0.01948849540022717,0.001632035047514474,0.07998074965717512,000510.npy
0.01834565435249192,0.001496395217510314,0.07752971820540575,000511.npy
0.0006527279338918295,0.00035753965450114364,0.5521553322608351,000512.npy
0.011036839881610508,0.0008842467901655084,0.07746038570201713,000513.npy
0.010110342126787538,0.0006851574326292232,0.06585346337379167,000514.npy
0.009722999848096487,0.0008068467338930313,0.08088197759631072,000515.npy
0.0009952663067909688,0.0002883298152382428,0.29162071301564946,000516.npy
0.0017072346563388858,0.0004719891356599056,0.2775611741756916,000517.npy
0.0014622589203227186,0.0003953061924857229,0.27144139849717935,000518.npy
0.00157696809050953,0.00042710940411412596,0.2720638928003583,000519.npy
0.0027386311546883815,0.0005087011136815808,0.18551263154000502,000520.npy
0.0008411677273061035,0.0007791140484552456,0.9406474628349139,000521.npy
0.0009245255975719083,0.0007022759123757388,0.763458531364103,000522.npy
0.0009364776613124752,0.0008136909132168103,0.8773131320088667,000523.npy
0.007403665371814707,0.0008103060497594025,0.10760595737632184,000524.npy
0.0016574750726996636,0.0006876234065308585,0.4190377876740241,000525.npy
0.0008663392489961398,0.000277812077184181,0.32264478492008464,000526.npy
0.0008997745118967771,0.0003108062333926629,0.34896757704746373,000527.npy
0.0037374438505304347,0.0009784701119606213,0.2648722797731751,000528.npy
0.003512161885611069,0.00034726942154722783,0.09855891326338638,000529.npy
0.0037516528765259697,0.00045970169152804145,0.12304862280061743,000530.npy
0.005172741767456417,0.0004628412298760419,0.08915912657306514,000531.npy
0.004526046215792943,0.0006550562359105418,0.14342517124492685,000532.npy
0.00387763149941705,0.000883669049691324,0.22744946808918368,000533.npy
0.004699888435512918,0.0006232721625257046,0.13065773450999296,000534.npy
0.004511546393340751,0.0006802522837763099,0.1494857179086714,000535.npy
0.0010347811441239285,0.001144266745745516,1.1065724444966918,000536.npy
0.0002943462474981724,0.0004411652804670423,1.5130433426766152,000537.npy
0.000509576363541382,0.0006057132081179333,1.2046122411497011,000538.npy
0.0003300272731898393,0.00039622133117168446,1.2094943838955803,000539.npy
0.00020819891397553977,0.00023855131612356622,1.1560637782335168,000540.npy
0.0015013461340076194,0.0012792868998693164,0.8583234530722531,000541.npy
0.0016727352234634342,0.0013873561395574643,0.8455218582213949,000542.npy
0.001501099991736346,0.0013219457054409142,0.8907971776366863,000543.npy
0.0003356369533270279,0.00037679598254812476,1.1363139260167123,000544.npy
0.001157275119994346,0.0007822281935844722,0.6756069550648023,000545.npy
0.0010585534690815373,0.0007420107209356857,0.7024786130053364,000546.npy
0.00203347317616292,0.0009442281394318518,0.4656438859025362,000547.npy
0.00027201774104014444,0.00037987641383413045,1.4122857457876088,000548.npy
0.006009340729456431,0.0043416068294484895,0.6417539742842002,000549.npy
0.006882951492884151,0.00602235951173785,0.8168143092058625,000550.npy
0.007378433197743966,0.006348924763985447,0.7842795980518807,000551.npy
0.0028168685334406802,0.00032752075156966006,0.11664358258055489,000552.npy
0.0005563923999464034,0.0005284360232644681,0.9596200611261718,000553.npy
0.0005011241479491887,0.0004893972694157073,0.9795583694107894,000554.npy
0.0005016003682962142,0.0005054432325863138,1.0175347086548254,000555.npy
0.00037831551977581993,0.0005321748490048682,1.41600022514796,000556.npy
3.731664624392379e-05,0.00027004393061851376,7.312471908608376,000557.npy
7.736649179162841e-05,0.00035012450734564173,4.56412737421951,000558.npy
3.632884774288762e-05,0.0002951219705116138,8.224993496546599,000559.npy
0.0032308441403263474,0.0007280519406339156,0.22213797236296268,000560.npy
0.004529821252493103,0.0005639968105065524,0.12443050756214277,000561.npy
0.004657097888783673,0.0006698741197311306,0.1436911915137846,000562.npy
0.005048434512622747,0.0006202386521796514,0.12221542654399571,000563.npy
0.00030122817780526846,0.0002590327623921501,0.8685371137050253,000564.npy
0.0022439169107226833,0.0004808310628403724,0.21563393616362847,000565.npy
0.0022277593462511625,0.0005043520170041913,0.22773268234673225,000566.npy
0.0018089495805647237,0.00038091432163710307,0.2115399792589411,000567.npy
0.0027846750341748924,0.0006131219168827901,0.21838265226448755,000568.npy
0.002353012607288044,0.0007786840357140656,0.3285899708412283,000569.npy
0.002286477766861086,0.0007256914834606277,0.31439411981142934,000570.npy
0.0024180299649355706,0.0007950066649380967,0.32574570924500884,000571.npy
0.008171205580138676,0.0011513592255607997,0.1387797574406738,000572.npy
0.00016342842751739615,0.000301566443357773,1.8670150252098103,000573.npy
2.675195445108695e-05,0.00033628503291956716,12.758855136969107,000574.npy
3.58778620028125e-05,0.00030383415932516797,8.600059466030345,000575.npy
0.002218546326271264,0.0007928984888237987,0.3531894682229835,000576.npy
0.0012682083477418482,0.0004289931133941592,0.3371819614359157,000577.npy
0.0011917560259369119,0.0005658326294888437,0.47595043402407006,000578.npy
0.001091302271798351,0.000577234333286344,0.5314678633672406,000579.npy
0.0006689111710612704,0.00048362819887127107,0.7315693357427461,000580.npy
0.00038835464473805037,0.0006010161513777439,1.5368689217110725,000581.npy
0.00025785191042992787,0.00046045002703960135,1.7774923248154149,000582.npy
0.00020044209204093683,0.0003808934373622875,1.9011647285092232,000583.npy
0.0029168507124687332,0.00047691659248891256,0.163515094808204,000584.npy
0.005562781069838723,0.0006760309764333474,0.12163153064578928,000585.npy
0.005321426797355653,0.0006633856904029091,0.12494180328092583,000586.npy
0.005135183346553061,0.000588996253955792,0.11497144126567903,000587.npy
0.0014548183015666537,0.0014876551495166493,1.0301499153731097,000588.npy
0.0007680901184178358,0.000637013494853578,0.8442913789897417,000589.npy
0.0010240208990867873,0.0006573931394882576,0.6469071817647029,000590.npy
0.000928553540572553,0.0005429906969213852,0.5887004832878422,000591.npy
0.00014001986673609404,0.0004558007085892624,3.2930323130487693,000592.npy
0.0018715997053173577,0.0005312189123754693,0.28211809151590106,000593.npy
0.0007948630560608887,0.00045882863560038113,0.5787660466991502,000594.npy
0.0017812904062247377,0.0004606110832817248,0.2571695233418135,000595.npy
0.00035704952577021216,0.00045174130689332377,1.2771069998121418,000596.npy
0.000601097107808688,0.0003860188006877701,0.6489813347436187,000597.npy
0.0016405034278401203,0.000684591849396261,0.4195388503377372,000598.npy
0.0016328325146817313,0.0007649820022265138,0.4730761328357271,000599.npy
0.0006855756845767591,0.0008380027399866348,1.23392508385985,000600.npy
0.0016002572186558759,0.001464579737482209,0.9234352798753142,000601.npy
0.0016000793553245852,0.0014049358238446717,0.8853354742841744,000602.npy
0.001336655079531621,0.001166343527070802,0.8768389033202594,000603.npy
0.0044785208141560106,0.0009736706618982091,0.21792063766448438,000604.npy
0.00432124585605039,0.0008561663585401171,0.19594717020010452,000605.npy
0.0038154609438441817,0.0008070980241443248,0.20821704665982846,000606.npy
0.004187811696953256,0.0007747303123139556,0.1829644842622795,000607.npy
0.0031641224401474065,0.0010124447451572984,0.31806605997043613,000608.npy
0.002823811714075045,0.0007461292186075419,0.26640029894203626,000609.npy
0.0029398872530464063,0.0008257951406346766,0.28246139405465026,000610.npy
0.0050671459968407205,0.0010230269148978496,0.200948864029226,000611.npy
0.0004998307896848768,0.00044639795719346215,0.8978778966562494,000612.npy
0.01828626230442847,0.0017769203445215682,0.08968676731521828,000613.npy
0.017083290932060822,0.0014804454984386217,0.08106106215882754,000614.npy
0.017078359571918278,0.001489710418971147,0.08234351188508844,000615.npy
0.0005377014612785071,0.0004158557820431,0.7792916767361584,000616.npy
0.0018884960586588813,0.0006871958682435606,0.364965132875907,000617.npy
0.0017418890046121205,0.0004649176827422078,0.26718004704754533,000618.npy
0.0016073347460605098,0.00049956229415789,0.31323341368875063,000619.npy
0.0002804933368303458,0.00036573829812480295,1.31326423278882,000620.npy
0.003213209404363623,0.00041759659824614127,0.13033586930054772,000621.npy
0.003535645067829834,0.0003465012828443176,0.0976819715189792,000622.npy
0.0038174956664861633,0.0003967219057513399,0.10318244477780943,000623.npy
0.032434644200239324,0.003186388697706673,0.09074970827988112,000624.npy
0.15257090284855535,0.0024963669645789036,0.013845725644643156,000625.npy
0.15152695580294376,0.0024340668564111407,0.013425100298961686,000626.npy
0.15376267148891207,0.00247271643235681,0.013680841254920667,000627.npy
0.0004211586313906903,0.0005999158843839551,1.442219874835182,000628.npy
0.0038285617101501985,0.0005001640480336523,0.1307370743308217,000629.npy
0.004440228642633915,0.0006579059660874041,0.14915445944037573,000630.npy
0.0039379440537598,0.0005268881850201289,0.13449092584997852,000631.npy
0.0007223893143183697,0.0004887237635005753,0.6845714854661266,000632.npy
0.0007770439770006402,0.0005281384990753252,0.6888683259317776,000633.npy
0.0008083737530748506,0.0003957517247506602,0.4901244720272952,000634.npy
0.0008063070332542505,0.0004962182960975915,0.6167873035996005,000635.npy
0.013746815080222345,0.0017211631842738218,0.11844181061658511,000636.npy
0.000883691655744905,0.0004759956612247733,0.5363537670121056,000637.npy
0.0009084628997444368,0.0005505180160894854,0.6043274804458443,000638.npy
0.0009710839055932076,0.0005835764507936828,0.5977257047917958,000639.npy
0.0017915455758713951,0.0007641897425167507,0.4293889962808895,000640.npy
0.009027406671765678,0.0005264662619745942,0.057719698396589664,000641.npy
0.010461437206409898,0.0005066820098059027,0.04774029822971101,000642.npy
6.635223070257775e-05,0.0002185392455716026,3.3247990858131824,000643.npy
0.0014602355030181682,0.00034269752786070766,0.2357305777070014,000644.npy
0.0014667503892350055,0.0004486204537737712,0.30649177949596546,000645.npy
0.0013270865097828786,0.0003696858679120311,0.27956875849940066,000646.npy
0.0011615757060830878,0.00044444823762104335,0.3855316012333616,000647.npy
0.0004379921718692464,0.0005407507390892658,1.2276844880193993,000648.npy
0.0012801458253778406,0.0016309298494440686,1.2360524280341696,000649.npy
0.0011060283823679199,0.0013019013052949994,1.1420336206899917,000650.npy
0.0012810556331765684,0.0016067685997945068,1.221652045228637,000651.npy
0.0007761712179518796,0.0006996768757347418,0.8932018016004846,000652.npy
0.006919857889304794,0.0010025400840600722,0.13915285959638035,000653.npy
0.007269345433347989,0.0009879129845566084,0.13014683640142913,000654.npy
0.007386234234884251,0.0013064591990036359,0.17016976961185745,000655.npy
0.0017124218794062407,0.0009525721263451063,0.5596002728336237,000656.npy
0.0010589107780626895,0.0005686762202654071,0.5374189515765948,000657.npy
0.0010479468022112702,0.0005232206849371963,0.5012882539387342,000658.npy
0.0014885482994222183,0.0005316739366233145,0.3570045300114209,000659.npy
0.0007277456193033637,0.0006398051057966475,0.8834000017667505,000660.npy
0.000728396568248539,0.0006009813123176778,0.8340223056625837,000661.npy
0.0007107016375374104,0.0006317154402137392,0.8981942499983707,000662.npy
0.0006943821996411956,0.0006950927247444753,1.0125353953094343,000663.npy
0.03367040959333625,0.0019984543776297038,0.053849047025072004,000664.npy
0.015353393251613692,0.001084276523007158,0.06975123372225088,000665.npy
0.07804003863790909,0.008170482783753008,0.07595762340589976,000666.npy
0.08351466199185932,0.006785140681741086,0.06540902884370615,000667.npy
0.00019621415504268716,0.0004136574674120403,2.13797633979037,000668.npy
0.0005436181604823331,0.0003474420645803643,0.6422886694017835,000669.npy
0.0006068456686375982,0.00042212720410408477,0.7014611071227713,000670.npy
0.0004449520827588348,0.00038708054746488857,0.8743309817460456,000671.npy
0.0073802051189526255,0.0017439537881774776,0.22142644483588406,000672.npy
0.0010665339395475348,0.0008056978403609466,0.7507879433169352,000673.npy
0.0011141314240238399,0.0008648787667512765,0.7748335996028378,000674.npy
0.00112541496587272,0.0007772896392451034,0.6859205954248684,000675.npy
0.006229026537697087,0.0020045267761150463,0.298407300855876,000676.npy
0.005565637245340792,0.0014681591896110234,0.25091300520668836,000677.npy
0.005564354682937155,0.0013984864066446528,0.23661490466112278,000678.npy
0.005897530549335012,0.001678501202984408,0.2681273111651989,000679.npy
0.0007554597934227297,0.00073391195986137,0.9726727709109939,000680.npy
0.0011325194268453679,0.0006735638712347639,0.5913903476179303,000681.npy
0.0012651927780310268,0.0009594850711370061,0.7564778262863877,000682.npy
0.0013617793436929214,0.0010136472156954512,0.7427571278260271,000683.npy
0.0015964066648697533,0.0008629559734228978,0.5360582267513415,000684.npy
0.0003991652036157971,0.0004337204003800267,1.0958758271750595,000685.npy
0.0003459535485361781,0.0005044236457087467,1.4711839063361745,000686.npy
0.000410184966293513,0.0005554683097201181,1.366884434104685,000687.npy
0.0006251102615619324,0.0005830192446832298,0.9387136094145077,000688.npy
0.0007887731088356641,0.0006097041811659608,0.7719880293380948,000689.npy
0.0005927300712891102,0.000618865710832151,1.0427291952086517,000690.npy
0.0006011565292736005,0.0005935236245436571,0.9861842840449463,000691.npy
0.0005777049512709852,0.0005087058654030668,0.8846455469899416,000692.npy
0.0016670255473385002,0.0009393177349512614,0.5571423677856159,000693.npy
0.002034076569751595,0.0012711420231970936,0.6134629389824844,000694.npy
0.002082330403867484,0.0014638082261961506,0.7015397346689637,000695.npy
0.00181614950663397,0.0005524303338492429,0.30826978127947735,000696.npy
0.00023229342228252178,0.00042516177645427194,1.8624109135748885,000697.npy
0.00023719693123169019,0.00034923978642888224,1.4826231327980601,000698.npy
0.00021922681644310257,0.0003390544203989952,1.569376632411394,000699.npy
0.0016467669530161205,0.001380999266149837,0.8492909690355912,000700.npy
0.021831772600141436,0.0011661765851417789,0.05200426178593813,000701.npy
0.021088831311028015,0.0008680470437368544,0.039985922248798024,000702.npy
0.020966020084245637,0.0010230272282084234,0.04794313099935989,000703.npy
0.0015908816763704748,0.000678767652884567,0.4308816908644097,000704.npy
0.028346427086266873,0.0006733592170581725,0.023226928574064862,000705.npy
0.028170481694964302,0.0006211462646622484,0.021440810975489305,000706.npy
0.02790212467313321,0.0008607429226718798,0.030331665390113227,000707.npy
0.0013277926427815287,0.0008413681439534842,0.6190772914640833,000708.npy
0.0015140228891737306,0.0010586848731483718,0.6836329812333485,000709.npy
0.0010782659707922315,0.0007785837624136871,0.7146368838153226,000710.npy
0.0010823068479276468,0.0008093457351226652,0.7436796603373531,000711.npy
0.0019337443370201668,0.0012669613682241134,0.6571663471606849,000712.npy
0.0012622589636014242,0.0011046662954031705,0.874723840044655,000713.npy
0.001118437654469823,0.0010241892157922179,0.923441724446512,000714.npy
0.001143930063370959,0.0010695388654707266,0.9445110001770675,000715.npy
0.012232089450413024,0.0015068863471830846,0.11810533614055976,000716.npy
0.007344821991529142,0.0011035490996795408,0.1433753391279954,000717.npy
0.00768897413569866,0.0013221733181217256,0.1645530651619206,000718.npy
0.007893023793790284,0.001284911126989509,0.15560520380944665,000719.npy
0.010181766965129384,0.0012105725441306006,0.11442365900435303,000720.npy
0.0029741821974857007,0.0012883628011565323,0.42537160230181276,000721.npy
0.0031709101026935085,0.0012404149778831278,0.3754436159869341,000722.npy
0.0030652086044709167,0.001334862521068514,0.42401347398266614,000723.npy
0.013190008080041291,0.001065376841861552,0.07695182252525867,000724.npy
0.021011703541996843,0.001923812374558716,0.08289998704347634,000725.npy
0.020898383840420642,0.0019511017140951185,0.085633974047989,000726.npy
0.020213505162200503,0.002135893220188158,0.09807584882324918,000727.npy
0.0002491614254072745,0.00038262643088800513,1.5440654573778485,000728.npy
0.0004726434700160144,0.0005928149998637235,1.2700580196833644,000729.npy
0.0007125570492912932,0.0006046913193612278,0.8533766733851992,000730.npy
0.00047334136984189876,0.00048002387190561655,1.0194645140607443,000731.npy
0.00616332810504489,0.0005163682319582413,0.08301577523238392,000732.npy
0.0011555301571763116,0.0002718664924862997,0.23631199615852883,000733.npy
0.0010420296609098428,0.000411116755697054,0.3994106414882199,000734.npy
0.001268898695414837,0.00029767724076729314,0.23642723802987767,000735.npy
0.0010167932698708793,0.0006553373509466609,0.6457380638415963,000736.npy
7.239790204175786e-05,0.00025075738302788805,3.502195419623056,000737.npy
0.0005756219858544223,0.0007174737896973038,1.2577216098408972,000738.npy
0.0005834781267099443,0.0007716202832314744,1.333071076375958,000739.npy
0.0005070608566757726,0.00039844779901118384,0.7942676884604061,000740.npy
0.0004531821274450651,0.00027774278136297507,0.6174114801362469,000741.npy
0.00040001661057708835,0.0004548309450808213,1.1518653455956498,000742.npy
0.00045621917493980424,0.0003674526671586844,0.8132453221867134,000743.npy
0.018149752036002366,0.0020020501141059873,0.102522919796605,000744.npy
0.0009893331082941712,0.0006496987835167814,0.6624075381618636,000745.npy
0.0009952008884499216,0.0007304515141553253,0.7438842537634065,000746.npy
0.0010462709458108125,0.0006384977888131805,0.6135577156148823,000747.npy
0.0024621230144383816,0.000542908130027287,0.21957983731711603,000748.npy
0.004136429604392836,0.0007026572661079385,0.16764817323447662,000749.npy
0.004346692582361595,0.0007106061679185018,0.16151148825933806,000750.npy
0.004025102794239935,0.0007168535766404166,0.17600229041506835,000751.npy
0.003985031664114574,0.0010958868798283444,0.2764868896678995,000752.npy
0.007188990515165897,0.0007175479353284194,0.10065288597660493,000753.npy
0.008467137548235948,0.0007375562961379231,0.0874722131487191,000754.npy
0.0087795602115453,0.000689196160255664,0.07877694472020266,000755.npy
0.0012325965368063486,0.0006168213700003724,0.5018396694064332,000756.npy
0.0010375190235671274,0.0010873594673381794,1.0601526914477788,000757.npy
0.0012749284877882842,0.001353919663940765,1.0762402892782446,000758.npy
0.0011277004851619643,0.0010976706191031503,0.9848944331225358,000759.npy
0.005468002585443393,0.0004180210562338898,0.07669690648953274,000760.npy
0.00921974282809759,0.0004625251040573988,0.05000830811578486,000761.npy
0.008894696386332217,0.0005527088033415319,0.06249210478406073,000762.npy
0.008757531177622492,0.00048675683498388095,0.05574100967460291,000763.npy
0.015333058911586097,0.0014403316756942711,0.08957036282790322,000764.npy
0.0023985706028062186,0.0003611440568957212,0.14997645223680792,000765.npy
0.002933674365614728,0.0004510762156046596,0.15458470074192304,000766.npy
0.00237036055875914,0.0004346100764224615,0.18324199180082693,000767.npy
0.006921892035733095,0.0010771911233297363,0.1539399969037893,000768.npy
0.0007660978703374833,0.0003193071847715947,0.41790480802744834,000769.npy
0.0006425349966930468,0.000288642277447838,0.4482216067170899,000770.npy
0.0006338563074609703,0.0003988703831506727,0.6322273571126407,000771.npy
0.0008167524085376394,0.00048403455542707645,0.5957124078175967,000772.npy
0.0011847969008280375,0.0009186240507386408,0.781628252283013,000773.npy
0.0011841033563630612,0.0009662045097070307,0.8278881722355892,000774.npy
0.0011821032149702754,0.0009802157049500835,0.8418027622163244,000775.npy
0.002412003963772672,0.0004709700059125673,0.19518137935757554,000776.npy
0.0027255899615001586,0.00040428554964013136,0.14915111516002294,000777.npy
0.00300193811966273,0.00038683153648011106,0.1291499924081294,000778.npy
0.003243529978127983,0.00034280452008002835,0.10546527941488593,000779.npy
0.011518368267171923,0.001250692545859247,0.10505545677859554,000780.npy
0.0006161254711575606,0.00037971574504666334,0.6213305908231287,000781.npy
0.0006146344016013032,0.0002937633257763432,0.480294673056814,000782.npy
0.0006372740435733501,0.00030238859839650667,0.4781875414602492,000783.npy
0.001459578563166351,0.001123976039553746,0.7712888945502812,000784.npy
0.0027521156133014533,0.0014359597019965476,0.5158649088058502,000785.npy
0.002666266128726587,0.0012583443096192823,0.46685123821713587,000786.npy
0.002059879575135621,0.001359938367533636,0.6631149318417113,000787.npy
0.00035018233064983416,0.00044907061650929965,1.300302190225984,000788.npy
0.000766949212958438,0.0009901162894661627,1.3060057542403651,000789.npy
0.0009204698457643322,0.0010809023207862297,1.1862239197975641,000790.npy
0.0007292968159145983,0.0008787188625543212,1.222942781614158,000791.npy
0.00043508128114833717,0.0005522478819828856,1.2824979802314604,000792.npy
0.002099812953893992,0.0005124455865822292,0.24337414670249816,000793.npy
0.002109502480745004,0.0005987810092278575,0.28340224156760657,000794.npy
0.002198550429683591,0.0008387152094229933,0.38033201105681164,000795.npy
0.00012327174153454768,0.0002504878870737589,2.0499188259593466,000796.npy
0.009564375498414195,0.002388321972894009,0.24642353636692288,000797.npy
0.008049005785684949,0.0014822074255275949,0.17849925401240466,000798.npy
0.009948193564629393,0.002104762338780265,0.20625027803087861,000799.npy
0.00741536290598738,0.0003985374233328251,0.05388450167738712,000800.npy
0.001047099526921362,0.0005851835474941821,0.5651257228608247,000801.npy
0.0010610814858348313,0.0005889149500115132,0.5622285376092149,000802.npy
0.0010673244490210189,0.0005713639705394553,0.5429408529546109,000803.npy
0.013469277389185828,0.0009844401915986617,0.07150949319682492,000804.npy
0.002268233089525042,0.002367964698746677,1.062443171485005,000805.npy
0.001467832706805349,0.0016324366978517054,1.1258896993964966,000806.npy
0.0016116940997879766,0.001939044513432882,1.2222892233405749,000807.npy
0.003749127290966558,0.0007142865106011143,0.18473717757853395,000808.npy
0.0001851519160033521,0.0003103717437263288,1.6923806147388911,000809.npy
0.00018697318611314941,0.00043119878126224293,2.3327137093602763,000810.npy
0.0002946865976178255,0.0004238519904957927,1.4536970450726256,000811.npy
0.005573983889545503,0.0019325556804186087,0.3336661808578783,000812.npy
0.01077250918954642,0.00132841555724909,0.11962056190134084,000813.npy
0.010991813230975278,0.0013631934930380515,0.1205908915622855,000814.npy
0.010360448167304779,0.0011667096705834006,0.1095840512465768,000815.npy
0.0005251369160699492,0.0004924364515027292,0.939705113773542,000816.npy
0.014889131464081527,0.0013900790739269809,0.08949386277400734,000817.npy
0.012120736287172815,0.0011989416828556384,0.09588389186971681,000818.npy
0.012948537914589477,0.001177990401847729,0.08810293586160232,000819.npy
0.0016959030239649259,0.0006903643908049112,0.40204443705639054,000820.npy
0.004212339473165385,0.0017498198448960098,0.4095506486787037,000821.npy
0.0031113911425783066,0.000989539861566132,0.3163290968220979,000822.npy
0.003893862916074466,0.0014990552302616166,0.37575423539805186,000823.npy
0.0011778484215349755,0.0005506199371350617,0.47065193780869785,000824.npy
0.002959970779111753,0.0014436046485258969,0.48388426001508955,000825.npy
0.0026421118297790414,0.0011129785850024952,0.418355269415757,000826.npy
0.003904310167323894,0.0014083001477087618,0.3562880381694405,000827.npy
0.000275967484002724,0.000535969588535431,1.9700500304582444,000828.npy
0.0007572524707680605,0.00037673451738213484,0.5012102710623718,000829.npy
0.0006948985103175329,0.00030583627279301206,0.4424506977819038,000830.npy
0.0005491654020637507,0.0003138781241422094,0.5742747593441099,000831.npy
0.002194097301437027,0.0005536379429333909,0.25173044166012676,000832.npy
0.0034728680255138897,0.0008546796304209426,0.24443251882013986,000833.npy
0.005751215516641019,0.0010933220269522688,0.18675581871689487,000834.npy
0.004800217505369051,0.000978156893415134,0.20023244658046516,000835.npy
0.008429526439718124,0.0014357022932319824,0.16079761704996826,000836.npy
0.008055613239728901,0.001880106913467753,0.22753826116753623,000837.npy
0.0056539709907133615,0.001978177319852549,0.34107972949423054,000838.npy
0.006060746236150936,0.0018568823332266113,0.3028122227584546,000839.npy
0.0010489675428331108,0.0005475314121639848,0.5197890801154601,000840.npy
0.0006578501098485099,0.0008565236721807879,1.3164881962359793,000841.npy
0.0012043671869063277,0.00133684763891658,1.110910297453648,000842.npy
0.0005929146601555356,0.0008801899229883013,1.4925034533866706,000843.npy
0.0017420153662662432,0.0009288651847605678,0.5321212491525048,000844.npy
0.0014418443463206905,0.0015855029078313525,1.1205405855815591,000845.npy
0.0021617063441239552,0.0020148808789824473,0.9447259654309108,000846.npy
0.0014407130228021538,0.0014094283573946797,0.9834819268906854,000847.npy
0.0012898743707277043,0.0009100355472317491,0.7144642394538034,000848.npy
0.002220745350506198,0.0007685107609999338,0.349977272315087,000849.npy
0.002135111918059055,0.0007345626682289238,0.3464014235917016,000850.npy
0.0020980614670694383,0.0006584208366224283,0.31580443979539896,000851.npy
0.018779540391228918,0.00179164662691898,0.09112832456985115,000852.npy
0.009936039994827091,0.0012596583776426293,0.12516646972902057,000853.npy
0.010564012733680104,0.000944183918868674,0.0877989135380327,000854.npy
0.012960453594447195,0.0012973433348505675,0.09923474590666596,000855.npy
0.002083325353176493,0.0008652581663092079,0.41427472134621873,000856.npy
0.0003503180044348117,0.00046406128755747836,1.3349286675558976,000857.npy
0.0003780917879526613,0.0004225259807162076,1.1304559208107192,000858.npy
0.00046943341351192723,0.0003331278007214588,0.7168863585724007,000859.npy
0.0025326452098765346,0.0019237960444571116,0.7609001688923287,000860.npy
0.00033485007578229107,0.0004205232033250599,1.2661162866861628,000861.npy
0.00042031445440358076,0.0003774093902373215,0.9034027026620004,000862.npy
0.00041129547238806177,0.0005255041334597023,1.2946689474059156,000863.npy
0.008419104698224277,0.0009197608887395291,0.10695730974397162,000864.npy
0.006115860463316585,0.000731041714251799,0.12050650156690595,000865.npy
0.0063853910987241745,0.0006260891311952949,0.09849394250800474,000866.npy
0.006493218572140616,0.0006083786689537302,0.0939647430610462,000867.npy
0.0033659108319695355,0.0012202465308900523,0.35804893844795904,000868.npy
0.007165712782839272,0.0007729908102995753,0.10853977620675712,000869.npy
0.007225905100352929,0.0006460570638734035,0.08932409703494375,000870.npy
0.007482529241461568,0.000697336721123094,0.09359269210765708,000871.npy
0.00020218583888592458,0.0003686831953483166,1.841510140075952,000872.npy
0.0019005378078318243,0.00048086614539857777,0.2538391932375924,000873.npy
0.0021017554694777382,0.0007084600143439825,0.3390690286452422,000874.npy
0.0021503095790210607,0.0005687185290313666,0.26530291598622435,000875.npy
0.001390436778591182,0.0005696840052334334,0.41210304073145204,000876.npy
0.0007185011680357336,0.0007239321334361558,1.0191558417719844,000877.npy
0.0006844580847865063,0.0004975496628139474,0.7333745339169533,000878.npy
0.0007786711729715824,0.00044453493628197205,0.5759949350788486,000879.npy
0.0019414895290915135,0.0005033293198916524,0.26018896576280504,000880.npy
0.0004945594170253061,0.0006307732587001096,1.2931772032512858,000881.npy
0.0006314672278610069,0.0006821710283079315,1.0848911602774793,000882.npy
0.0006467395577827467,0.0007646947058623423,1.1921613225443306,000883.npy
0.006666230375744837,0.0008736187091155599,0.12983414490971815,000884.npy
0.0018810280702424443,0.0010580812600881903,0.553625832800843,000885.npy
0.002604926135304261,0.0015332338846261871,0.5787615613672054,000886.npy
0.0020927505084882415,0.0011872229879471411,0.5578986367544589,000887.npy
0.000530253005491089,0.00047917968901646117,0.9163440688893266,000888.npy
0.00017611870813637575,0.00044903067573818134,2.576732785213112,000889.npy
0.00016068557583103898,0.000384654544329968,2.418351966341958,000890.npy
0.00018028445296596667,0.00036680090023073563,2.0517680225589787,000891.npy
0.0033902704031939152,0.0005126199239465441,0.15063019833595753,000892.npy
0.0006447763777101213,0.0002735504299783142,0.4282686028745368,000893.npy
0.0010350576900957384,0.00030939824796414483,0.30170461566041024,000894.npy
0.0011011227779418016,0.0003473308108330423,0.31847418480534295,000895.npy
0.0013789698352950242,0.0006142477149926529,0.4444845573679776,000896.npy
0.00020565124281191858,0.0003718715253400026,1.8181784672040866,000897.npy
0.0001759339819084012,0.00031888459451298676,1.8296161027096172,000898.npy
0.00025375748236745486,0.0003483055490761336,1.3802408359899103,000899.npy
0.026456424287451073,0.0008699481556796724,0.03206434604533848,000900.npy
0.00634979908512404,0.0022832019096051424,0.3475742527158051,000901.npy
0.005328719250296767,0.0018526424424934516,0.3371197088728043,000902.npy
0.005897898690262464,0.0019521704096650283,0.318857313890184,000903.npy
0.005199776155836753,0.0014016987910600311,0.2639440974107115,000904.npy
0.003925964379682295,0.000427065317505677,0.11003169161614218,000905.npy
0.0002534146293533606,0.0002596536155389324,1.0338648239359591,000906.npy
0.001824138039159174,0.0002522720294830984,0.13953509135473452,000907.npy
0.0030213122609480682,0.0006240231870344751,0.20526807187544838,000908.npy
0.0013359371440916665,0.0007738871907736992,0.5898059921676343,000909.npy
0.0020924876472535755,0.001047515963119538,0.5043648626357254,000910.npy
0.0013442967222053912,0.0005391699241341217,0.4048704483205197,000911.npy
0.00027038272281097145,0.0005095578210664913,1.9168627843312882,000912.npy
0.0067847572270128605,0.0011241438076408697,0.16091732569825923,000913.npy
0.006692001021822453,0.0010336146823869232,0.149688803194868,000914.npy
0.006773444061477938,0.0009393465929423209,0.1341887813078295,000915.npy
0.0037209329072434485,0.0009461737846827221,0.24494313519639732,000916.npy
0.0003659725164970202,0.00027875077330230465,0.7668115559073381,000917.npy
0.0003365440505104411,0.0002593712843383497,0.7736077207387629,000918.npy
0.00037988739973000564,0.00035578524678378965,0.9461736553805911,000919.npy
0.01815069723411205,0.002135908323013543,0.10759378983839532,000920.npy
0.0015701964373486346,0.0007891678456523134,0.4982578822456497,000921.npy
0.0014396439777610505,0.0008364192647356725,0.5809828277020628,000922.npy
0.0015026008256898366,0.0007857912134698035,0.5192889170425764,000923.npy
0.0004824149526227618,0.0006817901334523026,1.424603372359825,000924.npy
0.006288048478099181,0.0013271566901580322,0.21210061459434562,000925.npy
0.00654225373536639,0.0015666866699318293,0.24169667719870416,000926.npy
0.006826071838407207,0.0016044290692119243,0.23531653283899723,000927.npy
0.00012263303975645917,0.00033866335793343,2.798706712721876,000928.npy
0.0005512427249863497,0.0005048897100998758,0.9287792995294195,000929.npy
0.0010628134681469068,0.0007644535799882131,0.7250659028316007,000930.npy
0.000984167444345766,0.0007130469674333445,0.7278876852980857,000931.npy
0.0021185007367765687,0.0015107984442878255,0.6892368448488404,000932.npy
0.005248193696057135,0.001281902476806841,0.2443189449500051,000933.npy
0.0037334977336670808,0.002146287500374437,0.5639421451881713,000934.npy
0.005507919450420492,0.0013908111792492405,0.25376413029989686,000935.npy
0.007544121169591583,0.0008067828827297025,0.1036132375226893,000936.npy
0.0007404754595440461,0.0005333137135665106,0.7262983327599453,000937.npy
0.0004968826396086375,0.00041431203569224475,0.8411736526361173,000938.npy
0.0007462833591417418,0.0005072219073615583,0.6878841383906219,000939.npy
0.01015501266462801,0.0006656982844264058,0.06508976279095542,000940.npy
0.000623217259479853,0.0006993651374088779,1.1319741200388536,000941.npy
0.00044196195721717823,0.000545387570084818,1.2454475687460536,000942.npy
0.00047386967894378723,0.0005864050328592144,1.2450509321980052,000943.npy
0.001026693855470023,0.00113097045366296,1.1108523141656326,000944.npy
0.00023186532886570796,0.0005006252301056259,2.1868022268665293,000945.npy
0.000234384667185012,0.00037938773093320493,1.6432122832803004,000946.npy
0.00025172147878638077,0.00045256616022026,1.8114183206961774,000947.npy
0.0008182636094751949,0.00046180960920583696,0.5653814993186828,000948.npy
0.0010620203036295832,0.0008535200699560499,0.8037916838662422,000949.npy
0.001087673367736066,0.000933763803789523,0.8576877967119515,000950.npy
0.0009320584136498183,0.0008576466223476517,0.9288422517520468,000951.npy
0.001134777496037891,0.00041431183706336556,0.37002736110074996,000952.npy
0.0013141647416647108,0.0008167502936281619,0.6286520123210776,000953.npy
0.0005818912745497492,0.0006512175541421004,1.1384522909568413,000954.npy
0.001354645039027167,0.0009030325227720602,0.6740311016795011,000955.npy
0.0020789361367719804,0.0010541224464618163,0.5055292683426253,000956.npy
0.15091111497081278,0.0025966947211592453,0.014429179889763881,000957.npy
0.1535179553251663,0.002665839037923698,0.014773607814097037,000958.npy
0.1515739394080474,0.002450549286144928,0.013541407974302156,000959.npy
0.0001296822265430329,0.00022904229100755792,1.7814013931729868,000960.npy
0.0012045883335405603,0.0009027944541300736,0.758626129145267,000961.npy
0.0013809057974330462,0.0010516153881945523,0.7780363024980791,000962.npy
0.0012673264886233747,0.0009663149692193592,0.7705691418456634,000963.npy
0.0005007884506036054,0.0005372785302519804,1.0771012853898776,000964.npy
0.0007721171154803646,0.000752560876023733,0.9815761218413384,000965.npy
0.0007760700012986105,0.0006293467344031437,0.8096787040217501,000966.npy
0.0007710773589312188,0.0007283779704480349,0.949398423205448,000967.npy
0.008120091741765204,0.0009974445879719265,0.11851759462506757,000968.npy
0.004930419380277858,0.0008117101968931551,0.16489235677396052,000969.npy
0.004631656534334893,0.0007297861960211683,0.1578883450458085,000970.npy
0.004118526722256624,0.0007498892073785438,0.18133890502887925,000971.npy
0.001049378215835755,0.0012606065283989104,1.2259727819282302,000972.npy
0.0016999568206225114,0.0012707485230444853,0.7463250314241181,000973.npy
0.0016575723803475178,0.00133681045064493,0.8116198173789466,000974.npy
0.00200185574191168,0.0014019835362658168,0.6978642689420346,000975.npy
0.0010705562712172959,0.00044636585318829925,0.41825903229753514,000976.npy
0.00016646240770361832,0.00043082577995703203,2.614919947114449,000977.npy
0.00019510097636916537,0.00039370012200055433,2.0314540837634585,000978.npy
0.00013427688164773142,0.00035308538537079864,2.656748385316962,000979.npy
0.04377933339784752,0.0032541384131927536,0.06765162502703344,000980.npy
0.0013583796989723254,0.000360400559946567,0.26636525033568964,000981.npy
0.0013304987718657758,0.0003802869797270617,0.2884665172010971,000982.npy
0.0006999692222339507,0.00038582321320040826,0.5547923179917862,000983.npy
0.15297462627581065,0.0024075135957033543,0.013098385290603823,000984.npy
0.00045942377763453433,0.0007224389470206528,1.595771794136898,000985.npy
0.00045962571621820987,0.0007423588268954345,1.6354151818220253,000986.npy
0.0009633223276472539,0.0010359402088616543,1.082303404873155,000987.npy
0.00032544498405177934,0.00046352725577992923,1.4413896934578267,000988.npy
0.0005402193184892642,0.0007069337512842789,1.3281969465831969,000989.npy
0.0005442117772067244,0.0006336167278083306,1.1747154943436844,000990.npy
0.0005875161683608523,0.0005358355048281654,0.9237223002852517,000991.npy
0.0019750482449311835,0.0014136864721413806,0.7154446567264471,000992.npy
0.0013666860198149307,0.0008256116331113355,0.608486876183399,000993.npy
0.00137319864961996,0.0007687501468391275,0.5637332775885834,000994.npy
0.0013893443237439072,0.0007293329861971039,0.5315403162155962,000995.npy
0.0008818268357282549,0.0007594363382428864,0.8590053296174166,000996.npy
0.0007705561192820792,0.0009925536317442404,1.3080219020509363,000997.npy
0.0011446749079063053,0.0012783330040166776,1.1218598546366878,000998.npy
0.0007517916569872001,0.0008805129316757757,1.1792206782719281,000999.npy
0.022317507755328474,0.0011807517806095343,0.049707990089808377,001000.npy
0.0011519204011251145,0.0005037400539724956,0.4416744849103531,001001.npy
0.0013698735361844109,0.0002920389969954964,0.2140648680717933,001002.npy
0.0011235682995648483,0.0004753229360079098,0.42734435856785313,001003.npy
0.0009527114553937678,0.0006922713233608762,0.72306058101233,001004.npy
0.0006470253661368054,0.0005597285438298029,0.8712342228164973,001005.npy
0.000523070714319286,0.0003370014303481525,0.6503184057458334,001006.npy
0.00048550409360083573,0.00027744459811361247,0.5771283814509852,001007.npy
0.00228535167825634,0.0008767983572653001,0.38613386413634515,001008.npy
0.0006432718028597655,0.0008018908135340511,1.2639704756638996,001009.npy
0.00040961846154599423,0.0006260187547165934,1.5352103835892537,001010.npy
0.0005599936292119293,0.0006475554541387504,1.1618186828377535,001011.npy
0.0022450139967443647,0.0011593706145500767,0.5108401133316017,001012.npy
0.00029422620367327255,0.00045495466508686284,1.5607896987934178,001013.npy
0.0002992421985776588,0.0004851034739618248,1.6362222903674735,001014.npy
0.0005095450413491315,0.0005958265357334787,1.1784810595858826,001015.npy
0.0024733137113804988,0.0008175578706968248,0.33013525632288365,001016.npy
0.0006672730369842535,0.0008935567302072055,1.3515317585552764,001017.npy
0.0006850393570640972,0.000915007584301765,1.3563407847111337,001018.npy
0.000597825892923359,0.0009105878873505194,1.5470407006067193,001019.npy
0.004011946734368976,0.0010986613480676796,0.27081401914747344,001020.npy
0.0111249537931377,0.0013490658901734423,0.11772020134012408,001021.npy
0.011990306684954245,0.0012515020358065522,0.10038849052699794,001022.npy
0.011183140788674288,0.0016134497164660806,0.13809882474720697,001023.npy
0.000848713748749519,0.0007092377587336464,0.8442834090219631,001024.npy
0.0037709887881310343,0.0007796093465569984,0.20796290258091418,001025.npy
0.003460988533336577,0.00043017920388262025,0.12458693056545286,001026.npy
0.00271048650913407,0.0004518665773534519,0.16729380983073822,001027.npy
0.0008635255211633478,0.0005799803130142207,0.673372349560917,001028.npy
0.000135301982467403,0.00026011054175772573,1.940285144537479,001029.npy
0.0001344961557182939,0.0003308089038557597,2.4888716349320785,001030.npy
0.0001906449079075546,0.0003159211321368286,1.6735358850069981,001031.npy
0.006029047300768649,0.0009615567407824299,0.1560698670900735,001032.npy
0.005446862212667936,0.0010001096252911725,0.18027696011241534,001033.npy
0.0052028535884006775,0.0009637877489561852,0.1812915836548734,001034.npy
0.005450964724433508,0.0009588234008971124,0.17245715481881074,001035.npy
0.00034532599108357806,0.0004106297080431117,1.1988047789486345,001036.npy
0.0011388423224199373,0.00037944347735173174,0.3341415033242805,001037.npy
0.0010020169223475643,0.00033749618437349744,0.33842976443031275,001038.npy
0.0011817628362345697,0.00034572046960016663,0.2935134851793703,001039.npy
0.0009305153437793803,0.0005155795851648011,0.5571166636469589,001040.npy
0.0050123274500949435,0.0013744503057098617,0.26033527197033274,001041.npy
0.004990930937635647,0.001188048131504101,0.22517115535759852,001042.npy
0.004490144811148541,0.0011833161296750524,0.25049282408727624,001043.npy
0.005817324990312725,0.000775485474093398,0.1319252432684827,001044.npy
0.00020308971285761153,0.00034343540947082515,1.7075574707724328,001045.npy
0.00022693552748029604,0.0003650964386123474,1.6274821305956084,001046.npy
0.00029107605598146716,0.0004481504992589693,1.5495131587444468,001047.npy
0.0001314850480096478,0.00042929830580022026,3.2972941471529857,001048.npy
0.00021872818611210688,0.00034938545786918963,1.6150971170104491,001049.npy
0.0002473205306152683,0.0004561546341254315,1.8639687350878311,001050.npy
0.00013464663796070676,0.00023205856364215651,1.7426237336123738,001051.npy
0.0002229659203164353,0.0005894901896613209,2.6739615470242795,001052.npy
0.0008827560703801117,0.0010649933910491674,1.21559214661738,001053.npy
0.0006674482046937129,0.0009259526301172839,1.3923879445618754,001054.npy
0.0008446770297772161,0.0010550458226610388,1.264637804585395,001055.npy
0.004665893944082358,0.0006504298769218019,0.13747509203364483,001056.npy
0.004286775927218918,0.0006716128410920396,0.1564369684150456,001057.npy
0.003770377598655402,0.0005741210329398909,0.151673100608617,001058.npy
0.003789833310648145,0.0004970084741816503,0.13026918819255198,001059.npy
0.0009811894178243545,0.0008576265244487514,0.8741907516545994,001060.npy
0.0007206503551521112,0.000639165260815638,0.8850839110547778,001061.npy
0.0008974654843490319,0.000831202088324131,0.9312881110508738,001062.npy
0.0009432765251133669,0.0009206655622350999,0.9734809102522918,001063.npy
0.0004206778130339407,0.0005655059107398793,1.3494709995328156,001064.npy
0.0010316226226973729,0.0006606458798082092,0.6475890614468491,001065.npy
0.0009372434472712852,0.0005837088988705749,0.6318642012868123,001066.npy
0.00095257213282245,0.000504763381187065,0.5336839495923201,001067.npy
0.004744969387071198,0.001072443896641106,0.22381935241842588,001068.npy
0.00450023509069977,0.000775223665948749,0.168171968129488,001069.npy
0.005119019332313512,0.0008689321231156802,0.16523905714024095,001070.npy
0.00616492193422459,0.0009149879125181654,0.14324165397868815,001071.npy
0.002317517713502783,0.0009868032570836667,0.42685474946059265,001072.npy
0.0035482888158421596,0.0009356194397876726,0.26234962969882164,001073.npy
0.003992063830842046,0.0009813833289885085,0.2451236922671947,001074.npy
0.003595321122223824,0.0010167661639212647,0.28007167027605717,001075.npy
0.0023541053764032102,0.00043216608767987095,0.18314837513655713,001076.npy
0.009549358921343083,0.0009344613427418426,0.09609270069386354,001077.npy
0.009001663471336059,0.001685360582276315,0.18456985906921405,001078.npy
0.007075104501132806,0.00175091470559121,0.24578421139258388,001079.npy
0.0004087299650166165,0.0003900771974116377,0.9622591277354693,001080.npy
0.0007769601663511807,0.0009291615624785909,1.2148403559656713,001081.npy
0.0007172568867826308,0.0008211153259804014,1.1520584947713117,001082.npy
0.000790315716712565,0.0009952686086397598,1.274523909256833,001083.npy
0.001414979156762082,0.0015663401889895174,1.1119724786353016,001084.npy
0.0022741240548969036,0.0022197684300814826,0.9872891639185681,001085.npy
0.0023411179847814623,0.0022522428245931275,0.9729647057459215,001086.npy
0.0026462193953722592,0.002408721180838047,0.9107866945691732,001087.npy
0.0005265450286152854,0.0006305059919835784,1.210245676488763,001088.npy
0.0003452502609534793,0.00042062927849179923,1.2226070568911853,001089.npy
0.0003195361054332572,0.00043770075659511773,1.3784067212112237,001090.npy
0.0004360158004212726,0.0005101307502126638,1.173883007241016,001091.npy
0.0013204833997191093,0.0009201249950323087,0.6944518469857442,001092.npy
0.0009736738404749457,0.0005490677138980643,0.5706354622132633,001093.npy
0.0009596580306042505,0.0004901942493587252,0.511497527168107,001094.npy
0.000982300500570756,0.000437855072023254,0.4498666650865732,001095.npy
0.0030091343599771853,0.0008548168968404746,0.2828949569064918,001096.npy
0.008776921497941721,0.0007139886890860048,0.07976580070808191,001097.npy
0.008824108715739375,0.0007513913327807111,0.08238454148300922,001098.npy
0.006960890318252381,0.000886043003698946,0.12392201684744969,001099.npy
0.0012211514377822442,0.00042071007059245053,0.3451918151119476,001100.npy
0.0001603826668747379,0.00033500615613489613,2.1177326904475775,001101.npy
0.0010026191875375792,0.0004019753567249536,0.4025104033077538,001102.npy
0.0009034486093322179,0.00043817635283839346,0.4891596137362921,001103.npy
0.0014752027444533097,0.00047435822761770715,0.3258441348557527,001104.npy
0.013771661573792676,0.0014274399673888194,0.10139803237309306,001105.npy
0.016995797700083227,0.0019271304227505299,0.11099394070807338,001106.npy
0.010178633134242847,0.0013210803510731075,0.1282716730853812,001107.npy
0.002761007271661995,0.0004906187243304047,0.17731238167898913,001108.npy
0.00268575575187073,0.0007548799959312041,0.28067782999330165,001109.npy
0.00360503491837904,0.0009070834070069246,0.25172182113888225,001110.npy
0.0026328370611714475,0.0007807033084009372,0.2963222556354316,001111.npy
0.002114810710332087,0.0007547289296172004,0.3574363164315685,001112.npy
0.0006255345598958953,0.0004629743252714469,0.7443971437816661,001113.npy
0.0005598986587713932,0.0004247008353550996,0.7592790637828705,001114.npy
0.0006019136283606709,0.00045428473358950176,0.75649609873661,001115.npy
0.00024392851241437612,0.000489693923344792,1.9980073403667828,001116.npy
0.00014687754505790355,0.0003860804548863315,2.6640609448066144,001117.npy
0.00014314055178481198,0.0002797179364102836,1.9640147907740395,001118.npy
0.00014039331477860034,0.0002882497806720471,2.0697604415283597,001119.npy
0.0015894246972206207,0.00033516461345655356,0.21157174138235196,001120.npy
0.005878834227675762,0.0008307411713476141,0.13626620979264412,001121.npy
0.00806250532334471,0.0011041606629011442,0.13101507269745108,001122.npy
0.006213147550859478,0.0008690234876130762,0.13309000604684262,001123.npy
0.001527406818082065,0.0016438625196381973,1.077852535159385,001124.npy
0.0007418140420895654,0.0008482579996092243,1.1608525365652145,001125.npy
0.0008993108611957764,0.000717852591814122,0.7971616006494762,001126.npy
0.0007610984446184322,0.0005932990054251454,0.7814743144404929,001127.npy
0.00038917475651374195,0.0005163623400621471,1.3389224445679844,001128.npy
0.0003539186800077166,0.000570859230652458,1.628066566250824,001129.npy
0.0002548010076160918,0.0003725009027132933,1.4702223967606565,001130.npy
0.000317172228669166,0.0004923438815079107,1.5667375853586831,001131.npy
0.004940585021366746,0.0007926974894981176,0.1567862381608033,001132.npy
0.006014726292086879,0.0008834353813862069,0.14386064157045417,001133.npy
0.005367577773559157,0.0008864110223788381,0.16231179265025839,001134.npy
0.005101515234317738,0.0009325939999104908,0.17936276928525727,001135.npy
0.0017939489017936687,0.0014465016537953933,0.7848724872317324,001136.npy
0.0007802253177190799,0.0007398187315086856,0.9443261349571577,001137.npy
0.0006105353561841205,0.0006056950038501424,0.9889393793423225,001138.npy
0.0006334699654983596,0.0006863169491220547,1.0913511090762174,001139.npy
0.003912288980378235,0.0008510449304868844,0.2153902461907444,001140.npy
0.0009304374308684186,0.00034544741896161505,0.37530097293879255,001141.npy
0.000963000349409222,0.0002067767887099919,0.21509900172330135,001142.npy
0.0010559236697139025,0.0004792356270603439,0.45729636322990397,001143.npy
0.002049528337762218,0.0007052838011956953,0.34502673245992105,001144.npy
0.00129052381117003,0.0007040688551696188,0.5431297686873797,001145.npy
0.0012264237792746413,0.0007741366717262448,0.6312965060336411,001146.npy
0.0014087143084709523,0.0006577026400522628,0.46635955189002104,001147.npy
0.005796283397870887,0.0007296117942305929,0.12400892683506223,001148.npy
0.00628006043348672,0.0009976105464666646,0.1533759607536984,001149.npy
0.006259338669577312,0.0009732278939461167,0.15104696120186206,001150.npy
0.006293186921572496,0.0010546606672779588,0.16350111030579947,001151.npy
0.003334513206568699,0.0009710127807352039,0.28921285771151484,001152.npy
0.0016076204186630833,0.0007015329310778836,0.43577883643041493,001153.npy
0.001368080581174685,0.0006568707020063357,0.48029823422852097,001154.npy
0.001302644967175718,0.0005754612115458291,0.44092902037216786,001155.npy
0.002154475932848269,0.001487598526096336,0.6910398352312844,001156.npy
0.008444383951382408,0.0005397989454211049,0.06369956839371498,001157.npy
0.008593862039062596,0.00047173780888752495,0.054950078906025136,001158.npy
0.008948053469749986,0.0003586654322582149,0.039963394063537404,001159.npy
0.0001944081065292061,0.00030725475334359266,1.601744930953772,001160.npy
0.0005453101929623844,0.0005214176032931574,0.9635961480959786,001161.npy
0.00029299272428314377,0.00025468941140169857,0.8780935186139229,001162.npy
0.0002888291544517789,0.0002881492717158261,1.0064754696934402,001163.npy
0.008174152939291824,0.001244051329813879,0.1517599212174776,001164.npy
0.00016746544582414664,0.00038082833040499573,2.310010131730343,001165.npy
0.00016823043589141309,0.00030038987554549513,1.8075342914000447,001166.npy
0.00010493778800169336,0.00025563385856008675,2.453768302009421,001167.npy
0.008693588377727242,0.001091666196404931,0.11934947621998528,001168.npy
0.0035911934688081302,0.0004666278246917496,0.1307373959983752,001169.npy
0.003656661722440702,0.0004878850267921552,0.13348946419970867,001170.npy
0.0037537401824775368,0.000493664097564898,0.1313574233124111,001171.npy
0.0005314440909352975,0.0007443363039849937,1.417392703205163,001172.npy
0.00011018227540160501,0.00036253557991586596,3.3296457077706436,001173.npy
0.0001412841068986836,0.0003586875881464631,2.5676353638797877,001174.npy
0.00011230768751415191,0.0002878822676324658,2.581225186706327,001175.npy
0.006891189735138984,0.0010056394351055993,0.14110464791137464,001176.npy
0.0030516604952405763,0.0007590727229626656,0.24575724653822328,001177.npy
0.002244626486701191,0.001039511172432664,0.46021058547405613,001178.npy
0.0022710570174262956,0.0009098757484096863,0.4013221576198773,001179.npy
0.0055560316600078066,0.0011438968491109304,0.200679605698498,001180.npy
0.0016521748884222502,0.0005362377119263362,0.3245479141258715,001181.npy
0.001782267127411095,0.00044316005701939816,0.24687959612524168,001182.npy
0.0015827711863039475,0.0005235015991097156,0.3309906696651038,001183.npy
0.0013379994468388614,0.0005345466031456632,0.3993112183333428,001184.npy
0.0010111849247824406,0.0005233320008080478,0.5168776191152478,001185.npy
0.0009437723379771524,0.00045337121600324854,0.47792464149171077,001186.npy
0.0011395460457090775,0.0007236832311047262,0.6345909872887266,001187.npy
0.005082519325667415,0.0006139985594056738,0.11987582298059198,001188.npy
0.005518275492347967,0.0006282415980312807,0.11132189054402243,001189.npy
0.005514764591893306,0.0006963477918739778,0.12400378795607639,001190.npy
0.006131693231461268,0.0006308775406789723,0.10021532672411264,001191.npy
3.124196507105802e-05,0.0002447610461423248,7.890760262427733,001192.npy
5.6736295401326e-06,0.00027035319595681564,48.25473127029838,001193.npy
6.906680463160314e-06,0.00032763526027319634,47.91021373325552,001194.npy
6.753248970583409e-06,0.00033067977940504756,49.714154390762936,001195.npy
0.00011053438765013424,0.00030857929405459216,2.826017860575875,001196.npy
0.0016596953088500613,0.0006905779823807678,0.42002932902320905,001197.npy
0.0016940896717126887,0.0005418707945305259,0.32194167896597076,001198.npy
0.0014959369572529854,0.0008517433373042163,0.5763301189415129,001199.npy
0.0004684670736807082,0.00039495633071994624,0.8473899573319498,001200.npy
0.000524814987143666,0.0005229295893084307,1.0038570254259944,001201.npy
0.0006588829188361386,0.0006829477937008992,1.049152234475905,001202.npy
0.0007080521221402535,0.0006855385076642121,0.9751459419102456,001203.npy
0.005554470473195815,0.0013548929245083272,0.2381978155741124,001204.npy
0.0022123595462212814,0.001188661837577203,0.5413997560707107,001205.npy
0.0001262067230449358,0.000353006526339443,2.8387286362368354,001206.npy
0.0022992614913988655,0.001100173549016328,0.4830238419240783,001207.npy
0.009706043337700306,0.0005329426476528633,0.05479858885825015,001208.npy
0.004080727932593412,0.0005618514011544159,0.13637773534803518,001209.npy
0.0046140763034722265,0.0006089967420405346,0.1302943337523586,001210.npy
0.0040088117008295785,0.000572647220396521,0.14154086871619487,001211.npy
0.0022299246616719836,0.001096827111272104,0.4780094519379044,001212.npy
0.0052864251746614225,0.0008784941338153442,0.16387505223359783,001213.npy
0.005145474760161684,0.0009590488388223232,0.18463965259138415,001214.npy
0.0058445575996867605,0.0009520039583774834,0.15963729823906841,001215.npy
0.008701557597090723,0.0008416569149717909,0.09502591869865985,001216.npy
0.009139765736990471,0.0011945663972791913,0.12752295259855193,001217.npy
0.009246225711608949,0.001321522219013813,0.14180194890869022,001218.npy
0.009187966978934627,0.0011712425324725921,0.1249532756050987,001219.npy
0.00030722700155270716,0.00033092334084132603,1.0953776166812577,001220.npy
0.001483876288526719,0.0005953544121750975,0.39964796805171166,001221.npy
0.0014838483755469083,0.0005290628106254714,0.354489312699585,001222.npy
0.0014649917300807182,0.00059891619880399,0.40744772092927506,001223.npy
0.03957391145193702,0.0014670564754672656,0.03488224722332656,001224.npy
0.00031444220350203576,0.00036679288687621966,1.1735259120765578,001225.npy
0.0003130671109456209,0.00035064527065947564,1.1304375452842166,001226.npy
0.0003008141667907834,0.00036276655258568943,1.2135937938365682,001227.npy
0.002969970220837766,0.001214846162148314,0.4158225314152758,001228.npy
0.0028005482575457377,0.0010794947713348058,0.37156937218305236,001229.npy
0.002883056160230069,0.0011652218769139617,0.3889604373181449,001230.npy
0.0027817091238552397,0.0011564532758725184,0.39971223011316886,001231.npy
0.001456957967350735,0.000899473029794115,0.6078460058906563,001232.npy
0.00024830285151454463,0.0003639161296329314,1.4752816803175102,001233.npy
0.00029556107032683356,0.0006077522063938364,2.086903431171225,001234.npy
0.00026547078988131424,0.00037240182713219473,1.412835639793413,001235.npy
0.045366468755001166,0.003919873581871992,0.0735616927786175,001236.npy
0.0016363835381189996,0.0010826307782063596,0.6657958860474571,001237.npy
0.002368433649774821,0.0009893652809759722,0.4098491845859781,001238.npy
0.0016291597057263817,0.0011006899774651632,0.6787963880577081,001239.npy
0.0007742067133331709,0.00043197416968777225,0.559374763469354,001240.npy
0.004665740762181966,0.0008491761827191538,0.18209956250418,001241.npy
0.003995182913431605,0.0008305682483351668,0.20769148507235716,001242.npy
0.00450673392263333,0.0009110298257352323,0.20325825167793765,001243.npy
0.00121448813334473,0.0006721915832599303,0.5596119689416467,001244.npy
0.0009944636898499288,0.0006726269600216986,0.6811805692616452,001245.npy
0.000987802801100406,0.0007696251290350113,0.7739480877647571,001246.npy
0.0009517678667278687,0.0006362790757936136,0.6676781909608044,001247.npy
0.004365404436864016,0.0013306528070457617,0.29950927054928633,001248.npy
0.0003265350938981675,0.0003969018459529241,1.230852869322399,001249.npy
0.00031672328050019136,0.0003864591402385831,1.2328022290543696,001250.npy
0.00032424662728413055,0.0004731225405813997,1.4837260314920135,001251.npy
0.006215741465333193,0.0008100403782407094,0.12795013236015684,001252.npy
0.00044295365956325606,0.0002993706222269354,0.6798620024844202,001253.npy
0.0005323105263271204,0.0003036887205511933,0.5720641901803315,001254.npy
0.0004202652773042081,0.0007320530577213333,1.7734116474636867,001255.npy
0.005126765398344676,0.0006723384043717823,0.13039139586465448,001256.npy
0.00014819661053733498,0.0003517693750372144,2.4109713084674875,001257.npy
0.00047715750016015,0.0003366779014170634,0.7135594306085686,001258.npy
0.00014603872224317355,0.0002793227964221883,1.9354681714048352,001259.npy
0.023886163263603852,0.00255465984416001,0.09557384676623164,001260.npy
0.0015227475696666653,0.0016220913282731558,1.0705389887461094,001261.npy
0.0014378371526444615,0.0013633382859372333,0.9537936338241088,001262.npy
0.001305383069972003,0.0012661464517284007,0.968263162724807,001263.npy
0.0020570094675772333,0.0009032678606253078,0.43909214481121517,001264.npy
0.0006478551888933776,0.0007986643787972157,1.245971780275208,001265.npy
0.0006908568599987008,0.000856581389124961,1.249069976145171,001266.npy
0.001179376729037064,0.0014603839075518492,1.2646131419795874,001267.npy
0.00154194616638145,0.0014550846123297864,0.9621303752669517,001268.npy
0.00028774957840643447,0.0004957980519237923,1.7443738949463108,001269.npy
0.00023562959250788475,0.00042057843776411555,1.799472911147992,001270.npy
0.0002923994189191487,0.0005273411546085058,1.8172430439256173,001271.npy
0.0011471877135462592,0.0009627887041816871,0.8283423251217649,001272.npy
0.001187620576570911,0.0009155424551535029,0.7668952718464088,001273.npy
0.0014934912045887266,0.0012023620048594635,0.797752404803893,001274.npy
0.0012013946794423881,0.0009052430467977104,0.7463961772052232,001275.npy
0.004383137756191717,0.0010394465586959429,0.23272273383069655,001276.npy
0.0005775490991798151,0.00046844957836850924,0.8133015768241183,001277.npy
0.0005709292203586608,0.0003733408824967841,0.655910824518211,001278.npy
0.0005753351638074913,0.00039349787909828796,0.6868537006980642,001279.npy
0.005219428560983269,0.0007312261435176973,0.1369424174303528,001280.npy
0.03813229606255083,0.001144958998366916,0.028274982400157706,001281.npy
0.03597466820878153,0.0013038077746726844,0.03475761636582994,001282.npy
0.03722488498472829,0.0012173858539804548,0.03095826555279165,001283.npy
0.00015282441186940504,0.0004218571301608525,2.7819286054259824,001284.npy
0.021171578607414834,0.0006017595159944069,0.02794279438378611,001285.npy
0.018355772093282895,0.0005431783620915111,0.029073847303222978,001286.npy
0.01744356086697827,0.0005730033510868468,0.032479180152267764,001287.npy
0.0022778047465772185,0.002573563989371346,1.1458798334699336,001288.npy
0.024840252755147497,0.0022027530826831078,0.07882509036510038,001289.npy
0.02613939351351653,0.0024920445153185987,0.08412517820187324,001290.npy
0.02731084237779271,0.0026876204062658677,0.08681325156052712,001291.npy
0.003358902390481742,0.0010275086579617256,0.3022169664687982,001292.npy
0.007326030429195361,0.0015757819249227402,0.20566890113622574,001293.npy
0.00797330727576481,0.0014170087655010861,0.17310851414798167,001294.npy
0.007235185029095046,0.0011882323511998806,0.15814898812739162,001295.npy
9.678271277880559e-05,0.0004150499517688112,4.324191390031584,001296.npy
0.0002030963767621405,0.00047640923442670283,2.3784468298481,001297.npy
0.00029272615229638496,0.0004809641414728697,1.6579770142719927,001298.npy
0.00011921650896688711,0.00041220208134412574,3.5009039834195503,001299.npy
0.0002696153730002537,0.0005371659883758058,2.018239445841708,001300.npy
0.0006480235710706368,0.0006042471171739319,0.9453856481386876,001301.npy
0.0006374713575055163,0.0006848034207743163,1.0878396697642767,001302.npy
0.0007323223816746678,0.0007243996674245918,1.0024090372632375,001303.npy
0.0010551810088256332,0.00048374055236717633,0.4619025833202232,001304.npy
0.0012557490176374985,0.0003342300795625883,0.266363808916449,001305.npy
0.0013935297196304881,0.00039396812822060516,0.2826032807037765,001306.npy
0.0010560995031885737,0.0004094057232135221,0.3902127252766895,001307.npy
0.00741629157706176,0.002367967389594011,0.29407606816880083,001308.npy
0.013264835561116484,0.002657208310386329,0.1802254281810546,001309.npy
0.01360696218724775,0.0033373656528218045,0.21980614768327816,001310.npy
0.014629994651683062,0.003060204784658754,0.1852314216803702,001311.npy
0.02380450674240117,0.0012419489908572288,0.04959626558182547,001312.npy
0.016742453828249952,0.0011602417789550162,0.06631435537641349,001313.npy
0.01709977657161425,0.0010959617303417822,0.061492918210605145,001314.npy
0.01778638167292375,0.001123260031094627,0.060110799901249644,001315.npy
0.001032829261440679,0.0005777036514864101,0.5663339422267387,001316.npy
0.001263704151349608,0.0005314503755901182,0.42344257478115044,001317.npy
0.0012670845753944703,0.0005965126838252476,0.4727639280768708,001318.npy
0.001622485608213456,0.0005777399123037943,0.3571472816903449,001319.npy
0.0019665504070423123,0.0010265852140998537,0.5264901554475411,001320.npy
0.003373568009942621,0.000786526448191255,0.2319640413416016,001321.npy
0.0033167662251288674,0.0007394315719076343,0.22132920607186454,001322.npy
0.003584035392795949,0.0016343903815214831,0.45450483971901084,001323.npy
0.0001839384168624093,0.0002540685341033,1.394810670276177,001324.npy
0.012798381782294475,0.0016200883832023826,0.12052542765669018,001325.npy
0.01062437196617614,0.001564658775274118,0.14389163374277114,001326.npy
0.01227123547330222,0.0013714233518304542,0.10699383222909628,001327.npy
0.000469455570825519,0.0005681688513581325,1.2221884477344336,001328.npy
0.0012742640606346297,0.0010173283625113357,0.8022622376191377,001329.npy
0.0019872687873381907,0.0014476460644287916,0.7342595752306192,001330.npy
0.0019840585810817686,0.0015071948364915025,0.7757712965025956,001331.npy
0.007922523414839747,0.0010718241054676074,0.13109525431866692,001332.npy
0.010301660258180934,0.0005685733874060188,0.05457188154878297,001333.npy
0.010221472035004162,0.0005813305797407718,0.056224184581246124,001334.npy
0.009147039289376773,0.0004503784430401154,0.048794311243742235,001335.npy
0.0007513207196590492,0.00046676340952731454,0.624521801030566,001336.npy
0.0016984629330353647,0.0005247999181581266,0.308401176723485,001337.npy
0.001680073962596997,0.00048626002522899264,0.28795560625802274,001338.npy
0.0017262892729160702,0.0006350824632065067,0.36883879300361544,001339.npy
0.0004086486901817555,0.0003569230233042544,0.8797929248138958,001340.npy
0.00025005158627451716,0.0004741817321545022,1.9319515477351161,001341.npy
0.0002530397210571252,0.00035613360547607603,1.4237859920529792,001342.npy
0.0003309200848726049,0.00045532346346201,1.3890484678389259,001343.npy
0.0016730929454586724,0.0005746264869271128,0.34285252408764944,001344.npy
0.002080904650415285,0.00045198622105034023,0.21929643624469308,001345.npy
0.002024966842672064,0.00039082269792890546,0.19367547953693012,001346.npy
0.0025194701103989706,0.0004707037961714584,0.18626578344762115,001347.npy
0.0006852518797399327,0.0007944919202056949,1.161804984656321,001348.npy
0.0004651893458720703,0.000567138982114162,1.227542415304825,001349.npy
0.001671204268303578,0.0006961844133755976,0.4202073469246971,001350.npy
0.0006374696099578136,0.0006531353496577351,1.0334410750437628,001351.npy
0.002620378774784861,0.0006200873732643918,0.23481100941807323,001352.npy
0.0011575131215395705,0.0004933936281643512,0.43176845359576815,001353.npy
0.0010775571161090384,0.0005730951506049468,0.5375093635030654,001354.npy
0.0011488298706407803,0.0006064202145916058,0.5359087329383005,001355.npy
0.012235005935607468,0.0010370985863960233,0.082511995238595,001356.npy
0.008921035362989336,0.00042730207383531813,0.047162864110853284,001357.npy
0.00875908529920144,0.00042330922676153394,0.04760118338513652,001358.npy
0.006375791830929879,0.0004654265258405583,0.07269856785539155,001359.npy
0.007546986440283689,0.0005654028427483326,0.07466421218865578,001360.npy
0.007481281658545608,0.0007732535114996323,0.10403269165281348,001361.npy
0.006621035989194106,0.0006805150722363072,0.1030076850685026,001362.npy
0.00729029199527303,0.0005894019123376819,0.08051322982384405,001363.npy
0.012062828573732925,0.0014120081606282702,0.1129103359773862,001364.npy
0.002659558610421338,0.0005005322434724283,0.18996385462627424,001365.npy
0.007036732243529761,0.000528280533641707,0.07476323354163146,001366.npy
0.004839432420704919,0.00040733782594423246,0.0836082538943319,001367.npy
0.0016833166674496878,0.0016696247118220015,1.0068872939484903,001368.npy
0.003896962209291075,0.0005340552526088668,0.13549798896169693,001369.npy
0.004056032929659072,0.0006484417137751459,0.1597729802934562,001370.npy
0.0034599521013442686,0.000534580333377141,0.1531842706211638,001371.npy
0.001007124363657769,0.000607624092893289,0.6055623805195811,001372.npy
0.0008416084730705655,0.0007479999173466239,0.8909857362260867,001373.npy
0.0006849192629126081,0.0006251091679641641,0.9132324597547696,001374.npy
0.0006705938024378336,0.0006156334025084533,0.924909984445383,001375.npy
0.0004592573005919976,0.00043196980192889133,0.9488461055271368,001376.npy
0.001215452286996347,0.0006023135595219184,0.4963326577185473,001377.npy
0.0013797191190638334,0.00045366300389417376,0.3299543129286477,001378.npy
0.001215991036014065,0.0005646182463233604,0.46779288373702566,001379.npy
0.0010319600966256207,0.0005288899849363851,0.5175840154818767,001380.npy
0.01287870450546563,0.0009400631965515301,0.07012450678067517,001381.npy
0.013849722744456873,0.0009952245072420718,0.06864545697198846,001382.npy
0.01631407121987671,0.0011953637952967573,0.07009492595177483,001383.npy
0.017061360060636264,0.0007760711280745896,0.04403015494578921,001384.npy
0.006378361822438431,0.0011626316252094742,0.17543677385903725,001385.npy
0.006104398608383604,0.0009700579455453682,0.1515905225666472,001386.npy
0.0061194621909147874,0.0009874565548093225,0.15415502365773298,001387.npy
0.012297862240628486,0.0009157994414829195,0.07248074385859839,001388.npy
0.0007004595940725348,0.0004326537759221888,0.6229128543621317,001389.npy
0.0005871063946052349,0.0002566844026667117,0.44012440142472825,001390.npy
0.0007269015356282739,0.0004691204371226639,0.6549443112996449,001391.npy
0.0010038264363130362,0.0006437625719943457,0.6429806485913656,001392.npy
0.00063570552438735,0.00041558758397940236,0.6580966818662111,001393.npy
0.0006428617777746155,0.0003599513778647364,0.5653355565643514,001394.npy
0.0006449492756390402,0.00047855662444204944,0.7523351014862903,001395.npy
0.0002477741706910193,0.00046359774244845065,1.899279005164141,001396.npy
0.0004383282578955209,0.00026650704616528836,0.6108740136188243,001397.npy
0.00044094197215908867,0.00027878194401681445,0.636468763777953,001398.npy
0.0004376506427236687,0.00031862249175229883,0.7335756067375878,001399.npy
0.001494392320944758,0.0008955312311671129,0.5999249109651328,001400.npy
0.00036101120860593694,0.0005080282026561933,1.4195548639562345,001401.npy
0.0003462673519812129,0.0004710099606239759,1.374517607409446,001402.npy
0.0005714840807299897,0.0007388124358592336,1.309795961601762,001403.npy
0.001339636230747898,0.00044459058976337764,0.33483928699249044,001404.npy
0.0015831943846070058,0.00041914439260232894,0.2618408946604086,001405.npy
0.001827796715418476,0.0012190380635362717,0.6690822394797381,001406.npy
0.0018090910583482354,0.0006053433838589722,0.3348428559578643,001407.npy
0.006234415470554836,0.002376259557530922,0.3827384561329262,001408.npy
0.0017370998498016735,0.000664537752758295,0.3833734242068735,001409.npy
0.0029817916242241872,0.002575853400153173,0.8684581925970276,001410.npy
0.0032737895547832927,0.0029090514303025507,0.9069586052347225,001411.npy
0.004310445959672753,0.0006755805251782585,0.15486708032988197,001412.npy
0.00477812421581759,0.000962025600337187,0.19838862961998666,001413.npy
0.004741647265847539,0.0008516066163978453,0.17543335388049408,001414.npy
0.00475313698293615,0.0008967998129956884,0.18509378920085767,001415.npy
0.0002021371231590667,0.00033243516928335904,1.667020634073287,001416.npy
0.0016552818427285343,0.0009979907824099955,0.6066318782922168,001417.npy
0.001423657972883163,0.0008569210242500773,0.6022191565129686,001418.npy
0.0017209736783970473,0.0008253603751484067,0.475630170301598,001419.npy
0.0010675471658985072,0.00039571350621832514,0.37100953541346615,001420.npy
0.0003548195206986918,0.0004603492715706711,1.3095255855392522,001421.npy
0.00022967735885869148,0.000397832324728449,1.741519072866033,001422.npy
0.0002477448658389012,0.0004146733588336972,1.6905026741240559,001423.npy
0.0027681459097277316,0.0005121562100460736,0.18590561925693996,001424.npy
0.0010843001359809327,0.0004913086367914971,0.4571676255321125,001425.npy
0.0012826575741126253,0.00044296822287710535,0.3451450602726239,001426.npy
0.0010020982770166666,0.00042787456912118927,0.42920220562519373,001427.npy
0.0029122718115187542,0.0018777391225819463,0.629033905478472,001428.npy
0.0003479285572106257,0.00036162104566238193,1.0475455081659966,001429.npy
0.00032418378214705613,0.0003235720691279485,1.003605831976383,001430.npy
0.0003463623963950117,0.00033640524527862897,0.9761243502930718,001431.npy
0.00021001004794423057,0.0003828941906805711,1.8418960661858543,001432.npy
0.0002346805999143083,0.00048063396572829063,2.064205604968899,001433.npy
0.0002262061826803721,0.0004002510710776992,1.7851152997890434,001434.npy
0.00022607424333101603,0.0003859410082031648,1.7233519016289534,001435.npy
0.0004038749972185826,0.000514908484254715,1.2916591132021964,001436.npy
0.0007009943594788267,0.0004582044636193982,0.6578801251299402,001437.npy
0.0006978583881858639,0.0004901566135370551,0.7021084288046273,001438.npy
0.0008093427509499384,0.0004736261390982497,0.5866161849771404,001439.npy
0.0014750871889323458,0.0007077227721862772,0.476852538252033,001440.npy
0.0012118995451441885,0.0004767332831939934,0.3913710212588782,001441.npy
0.0010347396072665673,0.0005501275836517626,0.5351432879472533,001442.npy
0.001042998030627644,0.0005882185065001858,0.5667885335623848,001443.npy
0.0023197948430367585,0.0004697415052921636,0.20111601298728374,001444.npy
0.0048053294863320516,0.0021995616393383,0.4276240212814029,001445.npy
0.004372304232416193,0.0017979041448675293,0.3863283931311583,001446.npy
0.004407214055358958,0.0018977536409523733,0.4041613598342573,001447.npy
0.0011886356991612198,0.00047966511844656006,0.4042325417446051,001448.npy
0.00040003107400738965,0.00045216463972431054,1.1407386455135,001449.npy
0.00047723915199031076,0.0006689072867045931,1.4297958494012455,001450.npy
0.00048008397486509297,0.0005800395837149215,1.222657785590901,001451.npy
0.0033138740911545774,0.0005211950791719793,0.15545868008240318,001452.npy
0.00012024073438588925,0.00030207952813501453,2.550977749303689,001453.npy
0.0001707035344915002,0.0002907735972747448,1.7230031172538578,001454.npy
0.00039411652845965805,0.0005768332361808992,1.476736431155779,001455.npy
0.0031390674120239143,0.001048194535759331,0.3299517507107146,001456.npy
0.0065936590247082155,0.0009940252661909167,0.1463758688834585,001457.npy
0.005949361537792633,0.0008960265252474015,0.14648360060523472,001458.npy
0.006539512738813893,0.001244175736195659,0.18622424926824072,001459.npy
0.0065513908089556315,0.0008143468781541676,0.12257713812570425,001460.npy
0.0012740478802625882,0.000754527268409456,0.6024415418009021,001461.npy
0.002390993716058651,0.0008475155252074157,0.35466801384858604,001462.npy
0.001806541066728617,0.0007010466872618353,0.3883049076089144,001463.npy
0.00447195819669284,0.0008663822826056277,0.19101480439553167,001464.npy
0.000606571796600648,0.0007374290662149478,1.222569062056457,001465.npy
0.0006305335430224221,0.0007548834931023176,1.2070903207621566,001466.npy
0.0005986668530366371,0.0007790709914237264,1.3147942807025217,001467.npy
0.0012499344715207331,0.000490444617715798,0.3928293815581852,001468.npy
0.0018994179600847194,0.0010912568418089995,0.5760350904617376,001469.npy
0.0027557964715938816,0.0011247388663784045,0.40660396324323145,001470.npy
0.0014469215174829826,0.001001699701336193,0.692614959078244,001471.npy
0.00037619088379898814,0.0005622342344297949,1.5120533776121157,001472.npy
0.001489540120525326,0.0006479581841882424,0.43893292610912865,001473.npy
0.0007245056053095694,0.00047095370529998994,0.6579477492795069,001474.npy
0.0015802076911371197,0.0007677094608324325,0.49134747796116657,001475.npy
0.005129483862705072,0.0010855561913580404,0.21003697669827553,001476.npy
0.0016229688042728662,0.0009375699391054983,0.5760250241634093,001477.npy
0.0016177248595589133,0.0008537151836016262,0.5241819288718236,001478.npy
0.0018992580479139673,0.0012131012338896453,0.6353581526199005,001479.npy
0.010105063983312302,0.0009935552312938108,0.09685303851046874,001480.npy
0.0001110504828245745,0.00036604759282676954,3.334420961441247,001481.npy
0.00013092882929439736,0.00023978282741394052,1.8486564163878463,001482.npy
0.00012285881316194744,0.0003996683988270374,3.2968836985630188,001483.npy
0.000477267672698792,0.0007335714374230457,1.5569287026092389,001484.npy
0.0003889744740153505,0.000703949836995174,1.8378375903957362,001485.npy
0.0004796674482731325,0.0007471788479221289,1.5860262930896587,001486.npy
0.0003426838965599616,0.0004945925007794411,1.457213477430755,001487.npy
0.0005608466291510029,0.00034445334197443915,0.6164990667117456,001488.npy
0.002826561230594556,0.000827365598383416,0.2887472055227484,001489.npy
0.0025686576866451004,0.000848024975112705,0.3259910179668459,001490.npy
0.0023968923432686534,0.000654769522173388,0.2682162519417289,001491.npy
0.005098450023577537,0.0011738573415863186,0.2207794703459277,001492.npy
0.0004957813593936423,0.0006667157432242224,1.3682985206648017,001493.npy
0.0006731679069089001,0.0007560205980740324,1.133609209012456,001494.npy
0.0006780369736453466,0.0009011868467792186,1.346658924552654,001495.npy
0.0006789056980542873,0.0006094913161142125,0.9057688406323027,001496.npy
0.000863415323207092,0.0009013048214422996,1.0536657402340575,001497.npy
0.0009556296044370352,0.0009973994611872327,1.049272032619087,001498.npy
0.0009548210657038798,0.0009447956450615496,0.9977881023811771,001499.npy
0.002439329239377289,0.0004194359903213874,0.17267249258826675,001500.npy
0.0008689226851863295,0.0004887880055813926,0.5659395289808898,001501.npy
0.000693442704290351,0.00038001782680504085,0.5494015138797179,001502.npy
0.0008371254156229153,0.0004766946342229749,0.572586100825251,001503.npy
0.004104508943787748,0.0005926686480765876,0.14465247797858521,001504.npy
0.006697681271609556,0.0014165910079551487,0.20957267203843122,001505.npy
0.007940192866991044,0.0016539185285094802,0.20515827741984427,001506.npy
0.006308391341291504,0.0012388761542647122,0.19461660824506594,001507.npy
0.006046197680356764,0.0009850953046462532,0.162500738485195,001508.npy
0.017858453946151723,0.0013993245796673065,0.0760177693904494,001509.npy
0.017857326868403765,0.0013052360978179202,0.07065203526489294,001510.npy
0.0178546065248645,0.0013703361434328476,0.07430736576149047,001511.npy
0.0006190984550610744,0.0005015927467821987,0.8196910967177994,001512.npy
0.02996818031949185,0.0026425161289275645,0.08004536324816564,001513.npy
0.03067931079335884,0.0025005119043566056,0.0733406031523837,001514.npy
0.030675468253564937,0.0025300089972099295,0.07431718864223716,001515.npy
0.0034327303535846634,0.0005973019138631486,0.17171388773949445,001516.npy
0.001255507216470656,0.0006009634152175485,0.48410954363696895,001517.npy
0.001341253213790967,0.0004921441692613404,0.36954022271288073,001518.npy
0.001373411353175969,0.0004938441058796345,0.3603299901014119,001519.npy
0.00026628819959972476,0.0003910722916062171,1.4836660409443763,001520.npy
0.0008484294257831804,0.0006108574773262832,0.7258184761251121,001521.npy
0.0007943991612411279,0.0004938680070136341,0.6226067668153081,001522.npy
0.0008043128953804467,0.000467500355527986,0.5838523161476168,001523.npy
0.0042038751384313585,0.0015009042697213385,0.3546090867580231,001524.npy
0.001271707178553841,0.0011366595791470256,0.8979495569605873,001525.npy
0.0012591450646694158,0.0012771293384569134,1.0246069304130283,001526.npy
0.0009779360120419065,0.0011195264079337155,1.1696355901425408,001527.npy
0.0007095330670313296,0.00045203872955104575,0.6347687822435003,001528.npy
0.0020873335672972906,0.0003928911086220528,0.1884962962914152,001529.npy
0.0019175131661065326,0.00046755129688674096,0.24437054979784295,001530.npy
0.0018309381636515902,0.0003453095123134844,0.18900632306756884,001531.npy
0.0009900926816509088,0.0008353902156356663,0.8530718031856035,001532.npy
0.00726575184930646,0.0012766023140025416,0.17061996178580124,001533.npy
0.005914676727988783,0.0008696926874017021,0.1419932877904203,001534.npy
0.006447041059079268,0.0012490383003784275,0.18861957460828913,001535.npy
0.005421511071674534,0.0011014036465081885,0.1984555272118272,001536.npy
0.001005393595623423,0.0010198436386806868,1.027474074480053,001537.npy
0.001195057949443409,0.001198177875729956,1.008917773108459,001538.npy
0.0011952299679155577,0.0011224719949008578,0.942548045533523,001539.npy
0.0004447534108334413,0.000622428134739057,1.4233550176856213,001540.npy
0.00036251864597507485,0.0003649405642865641,1.019281944596834,001541.npy
0.0002514169030336135,0.00028776653438241355,1.1548195518297404,001542.npy
0.00026913536659381595,0.00023803622387589,0.8881897331512832,001543.npy
0.009898475161863934,0.0014060752719809906,0.13581957801496128,001544.npy
0.0043926581328716805,0.0006631773111664732,0.14885933341046242,001545.npy
0.003922628157709991,0.0007218730429581977,0.1837678300031005,001546.npy
0.004138866536767322,0.00046618732481958113,0.11104543104048839,001547.npy
0.0013006245223555072,0.00040704956176858633,0.3155787844170636,001548.npy
0.0022954560021381533,0.0004550140097432869,0.19757859129779626,001549.npy
0.0013735667953185871,0.00035466839349447397,0.25750467284115447,001550.npy
0.0013230299418480985,0.0004597221803277465,0.3482430171691863,001551.npy
0.009098852998414085,0.0013831617524981937,0.14614837162683314,001552.npy
0.0016612507415055679,0.0006108439179866933,0.36849109628709364,001553.npy
0.001546417813628966,0.0006474125376460472,0.41986696198339785,001554.npy
0.0019793388787643106,0.0006631182843927382,0.3360621704528653,001555.npy
0.0004171728758930165,0.0003978528633260942,0.9597528204886652,001556.npy
0.016519951575274812,0.0011866619461658385,0.06918706259700257,001557.npy
0.018995434859974243,0.001381610011175148,0.0697997143300157,001558.npy
0.019342203901468246,0.0011730819711405966,0.058048736301544265,001559.npy
0.0039807025036121945,0.0009367716489139174,0.23373621256813373,001560.npy
0.0013469826435747547,0.0005107842737801736,0.37639919706702946,001561.npy
0.0010506596316021766,0.0006199560436155549,0.5912885539166001,001562.npy
0.0010445923850239181,0.0005385201328090025,0.5129609085099968,001563.npy
0.000986649949072613,0.0011145356772571588,1.1350130504473301,001564.npy
0.000798563442026779,0.0008560117492845026,1.0708958263441364,001565.npy
0.0007954129596307025,0.0008872451778299899,1.119123043347512,001566.npy
0.0005672666735769682,0.0007528499633432864,1.3336149570797822,001567.npy
0.007733202732183938,0.0005818143579939224,0.07504392036033623,001568.npy
0.016519239727858924,0.0009632424672375358,0.05724200983654309,001569.npy
0.014828879397699682,0.0008153777616330456,0.053913357156079325,001570.npy
0.013918045311290959,0.0007446101631842486,0.05280177101176414,001571.npy
0.015167682923690962,0.0009337741300989085,0.05895687692767167,001572.npy
0.00788671447196241,0.0014043209177902751,0.17550620283080198,001573.npy
0.007808680147818516,0.001257787093138939,0.1565506180654177,001574.npy
0.009593232594915535,0.0014296105175843623,0.1444154575613686,001575.npy
0.0016989274208613356,0.0005221874154973886,0.3073989096686995,001576.npy
0.003559225365351749,0.0009078051188262589,0.242818452195011,001577.npy
0.005663012616272114,0.003753609240267345,0.6401973044479704,001578.npy
0.003280082561248826,0.001166676796442764,0.3379862190231349,001579.npy
0.0007244699020446981,0.0007607299886836841,1.0599812202998693,001580.npy
0.0006194307175031407,0.0006111850552981759,0.9948997349329921,001581.npy
0.0005341733600605213,0.0005718847159591315,1.0824028475727592,001582.npy
0.0006176354606273445,0.0006060015548181869,0.9926834276398999,001583.npy
0.008194080215305426,0.0006838450655258395,0.08154835038683979,001584.npy
0.005950933378727275,0.0008872444223018373,0.14596357044223918,001585.npy
0.006289311697797448,0.0011082007448369828,0.1747530266591333,001586.npy
0.006147001857945667,0.0009585679438836941,0.15301808677134066,001587.npy
0.0007848711130841729,0.0005688643656884335,0.7336110061836348,001588.npy
0.006576423671587541,0.001232299369849453,0.18381644899680277,001589.npy
0.007784601321364826,0.001295348558952401,0.1624672909068531,001590.npy
0.007549031512634761,0.0011774642331703823,0.1508396471886887,001591.npy
0.0015082358313102532,0.0004912828305595399,0.3264360972958659,001592.npy
0.0010118188261891258,0.0004291929251355992,0.4306018133817032,001593.npy
0.00038647147033306296,0.00042142843974892315,1.0984529282578737,001594.npy
0.00039715031962981375,0.0003189843138971406,0.8069461935360959,001595.npy
0.0027817155229169334,0.000584421463494702,0.21216343323332754,001596.npy
0.0012377172318250747,0.0005225354142753217,0.42507411604071504,001597.npy
0.0017802090920916184,0.0006431575861113485,0.3647127950104844,001598.npy
0.0011020155704674927,0.0005602602473734604,0.5138530358392981,001599.npy
0.003615544232751208,0.00032353654609565305,0.08951194888353617,001600.npy
0.005156975401427715,0.00081658674902796,0.15549276942579454,001601.npy
0.005060778751576879,0.0007469018962110391,0.1458509806546256,001602.npy
0.005096208714674027,0.0007921967901329535,0.1522939799108977,001603.npy
0.0015200613851824242,0.0007292598681527282,0.47852732385559954,001604.npy
0.004246717814112252,0.0019167245604356099,0.43125306212801967,001605.npy
0.004520759029931223,0.001732755729577497,0.3626004351523169,001606.npy
0.004527848019907523,0.0018689974753285398,0.39434535019430533,001607.npy
0.001141115365159934,0.0007074783429993367,0.6218215085387212,001608.npy
0.000618050107571788,0.0006580094699007426,1.0670752289068615,001609.npy
0.001041716179664259,0.0010638220213944902,1.017356555573409,001610.npy
0.0009232463184638073,0.0010719417038221562,1.1662935358523334,001611.npy
0.0010137106492575621,0.0011530223322524776,1.1562487386366413,001612.npy
0.01119535802713843,0.0013141583083020078,0.11290653354665263,001613.npy
0.008127147140668778,0.0014650233399549136,0.17390660910078204,001614.npy
0.008175210391974864,0.001275146751945283,0.15080422002387572,001615.npy
0.0028016562455130045,0.0008015835748021067,0.28675775843250656,001616.npy
0.0008397364221634562,0.0005392448608345352,0.646174977763266,001617.npy
0.0008616141920404182,0.0006720008051594578,0.7890348749170435,001618.npy
0.0008114383334012919,0.0006886269261553443,0.8532288777015792,001619.npy
0.0012268420806304259,0.0008201706863532232,0.664086557383997,001620.npy
0.0004396882302173811,0.0005769222798763728,1.3299019362504108,001621.npy
0.0005104023239889687,0.0005087759217408898,1.0009652996346474,001622.npy
0.0004448229059987776,0.0005056526896657802,1.1437912306841966,001623.npy
0.005345351869371612,0.0007506839717425922,0.13678093874933492,001624.npy
0.0016021906007257839,0.0003631832453571888,0.2262830844951163,001625.npy
0.0015221293232454346,0.0002688839367784963,0.17723456597177728,001626.npy
0.001568243062021494,0.00032823802967032464,0.20980544545212068,001627.npy
0.00021685568855485943,0.0003369720991798647,1.5632347797937998,001628.npy
0.0016203186662028177,0.0006170016584696578,0.3779504843595889,001629.npy
0.0013831633543568637,0.0004959753780340343,0.35607401723137583,001630.npy
0.0013725080918433055,0.0005022425716938596,0.3615400851052586,001631.npy
0.0033959945567818635,0.0007902019335285902,0.22844071338918434,001632.npy
0.002383801684452602,0.0008896930694956044,0.37527378827829755,001633.npy
0.0024044023086694463,0.0008180090383657731,0.3430307906276358,001634.npy
0.00013574432890281352,0.0002904102663221963,2.159423944212551,001635.npy
0.0027443659913132866,0.0006576638769246854,0.23788110678249516,001636.npy
0.014320539651214015,0.0015440600542512512,0.10245724904631352,001637.npy
0.022211549950833877,0.0026440271602531703,0.10977210992644833,001638.npy
0.019322031509788205,0.0022694769248931754,0.10890041261994447,001639.npy
0.010046908409194295,0.0010442622388173153,0.1025445199009159,001640.npy
0.0023730641132281953,0.000756443815347767,0.31861561350481665,001641.npy
0.0030450857817308527,0.0007471387426901004,0.2433588321932058,001642.npy
0.0031502349817797773,0.001451511926837166,0.4579935731552443,001643.npy
0.0005789409132984618,0.0006603626548870587,1.156627381429007,001644.npy
0.0013243565420193084,0.001226930743418424,0.9279008211730354,001645.npy
0.0013273787912535726,0.0012124481508325445,0.912413052327936,001646.npy
0.000909046614896814,0.0008398055561133269,0.9231327230160031,001647.npy
0.0032274320421115145,0.0007324677626952044,0.22456945238537068,001648.npy
0.0016337767469136984,0.0004950902438211732,0.3031841518138647,001649.npy
0.0016322589535130146,0.0004786343740987968,0.2929398633257032,001650.npy
0.0018797818722080832,0.0005108339893761085,0.2702491869969771,001651.npy
0.00021408406227850553,0.0003717912911737472,1.7499713524086846,001652.npy
0.000596463312884066,0.0004413356310447094,0.7484399984953827,001653.npy
0.0007383871195035255,0.0005353653394894055,0.7308706981041401,001654.npy
0.00075514592192284,0.0005499729931745471,0.7350735003108003,001655.npy
0.0002770961531137387,0.0004333577755145646,1.57351434370852,001656.npy
0.0006245484297778974,0.0005935195422124381,0.9531878331730763,001657.npy
0.0006055475677603114,0.0005691570721825952,0.9485131429344622,001658.npy
0.0006758620511913073,0.0006857450920575999,1.0110403493751687,001659.npy
0.0006224275509128479,0.0006189628342230558,1.0019590418956388,001660.npy
0.0004592758629419109,0.0006163829255206549,1.3524341611382822,001661.npy
0.00037987205700026113,0.0006442643309543882,1.7140589816319336,001662.npy
0.0004968852247306375,0.0007882906444983815,1.5979544019287877,001663.npy
0.003280433219955858,0.0006285421144898187,0.18936162521167377,001664.npy
0.0024261369903328784,0.0005080687022025068,0.2101393243320708,001665.npy
0.0020764976926658063,0.000543243681796936,0.2616264955614178,001666.npy
0.0023027383005189174,0.00045082786665586914,0.19535597354853407,001667.npy
0.002525142042140472,0.0011316835643934106,0.4414818961475303,001668.npy
0.003894948943917102,0.0005633590193315559,0.14460402671252023,001669.npy
0.0036905257186946147,0.0005169592346990511,0.14045300513982817,001670.npy
0.0038049161820851215,0.0005285962614658435,0.13838439540910502,001671.npy
0.0015972560884684917,0.00093415171772663,0.5798198642269774,001672.npy
0.0011502681079430359,0.0005548550732143621,0.4807308266692117,001673.npy
0.001510806719058972,0.0007643233488737993,0.5021948504106263,001674.npy
0.0014998170293350772,0.0008964562223493902,0.5940200950458222,001675.npy
0.009022149522052287,0.0010174330205915895,0.1093245573363508,001676.npy
0.003140972831772035,0.000786968563191268,0.24991766588313585,001677.npy
0.00428678141143769,0.0008560638310769201,0.198306483023403,001678.npy
0.014061084533524532,0.0014519664472609683,0.10014362937474647,001679.npy
0.0005111101425675605,0.0005468462263799035,1.0847894855188285,001680.npy
0.0006291403261621263,0.0009606464767459244,1.539940228519248,001681.npy
0.0006243186953681156,0.0008429144618952045,1.3522195766417002,001682.npy
0.0006863170605914847,0.0006294001301865368,0.9137851751077481,001683.npy
0.004808209348473911,0.0011113532078961077,0.23041562106848115,001684.npy
0.00024643435687194234,0.000583776615123327,2.39643873683747,001685.npy
0.00023016445300400978,0.0004964414502477434,2.1872579725367074,001686.npy
0.00033373607643828095,0.0006156900395680567,1.8604304191351482,001687.npy
0.0008450332961746333,0.0003482736760108399,0.4137085782984,001688.npy
0.0012068077747513656,0.0005236807242737088,0.4389366586278723,001689.npy
0.001114326160245428,0.00040150863194928003,0.3621421779819215,001690.npy
0.001164758752376377,0.00042280741519050695,0.3645810818164471,001691.npy
0.001074863138012983,0.0009644391288581564,0.9059261683212572,001692.npy
0.0018106664564379433,0.0009498909975281199,0.5180513892389398,001693.npy
0.0018928064049021382,0.0008041311165403052,0.4216237187458271,001694.npy
0.002753310673025716,0.0012326453626418374,0.4433813719945238,001695.npy
0.002528914575889761,0.0015957349587584035,0.6364121294507863,001696.npy
0.011353677233632363,0.0012225384848241025,0.10817323868871805,001697.npy
0.015890399646983234,0.0010736752891501273,0.06651642941697915,001698.npy
0.014400429370357362,0.0010882132188967538,0.07447230077287481,001699.npy
0.0007615139001048743,0.0006756444413271974,0.8900324405356116,001700.npy
0.0017500021218288602,0.0010553960310464002,0.6052532658177819,001701.npy
0.0016943119106648695,0.0008165626585176912,0.4833754307645853,001702.npy
0.0016192935947500315,0.0008668877385411283,0.5324356640128031,001703.npy
0.001247167869931809,0.0005788150759924777,0.46336538613877615,001704.npy
0.00020590988996228878,0.0004382125808041255,2.157923854046846,001705.npy
0.0002559665498455693,0.00036627227480832546,1.4441573592026118,001706.npy
0.0002766370932802351,0.000407503826100972,1.491658285560222,001707.npy
0.0020055519732426587,0.000521664605388743,0.26006398892290267,001708.npy
0.0011345852217193736,0.0005382437667651819,0.47579320224505445,001709.npy
0.0007457456215918571,0.00047713673498854227,0.6413296824043693,001710.npy
0.0008841175952547874,0.0005463080309309356,0.6244392636862099,001711.npy
0.00091807158652408,0.0006015263025777642,0.6534678089850647,001712.npy
0.0012024399744717277,0.0006085111509329784,0.504090078400182,001713.npy
0.001173518564422363,0.0007087646666376826,0.6074318098794382,001714.npy
0.0011585287208798895,0.0006545439476830068,0.5645165314052645,001715.npy
0.0005161670222680218,0.00043393775389182566,0.845225958890054,001716.npy
0.00030819694453404056,0.00034811535087204233,1.1404749267046124,001717.npy
0.0002500219636013936,0.0003503556324695118,1.4153499981118964,001718.npy
0.00023608742906099504,0.00045918381225526603,1.972726683358426,001719.npy
0.0002755700891072166,0.00043707425408770733,1.6016555156720964,001720.npy
0.0011750575972861825,0.0006524796830211042,0.5523491978574345,001721.npy
0.0010120518106615836,0.0005258078207985695,0.5173665090049303,001722.npy
0.0011566831583257082,0.0006904690024101413,0.5949198695276974,001723.npy
0.0022846805462901185,0.0009152842770951246,0.3998231489873692,001724.npy
0.001144646957861735,0.00041677653996885657,0.3637755319794168,001725.npy
0.0010881589504660855,0.0006146790159864286,0.5663543865115779,001726.npy
0.0013534368653790791,0.0005782834894052772,0.4285646524221377,001727.npy
0.011089922447834015,0.002423192326034537,0.20630915839531336,001728.npy
0.007906298055098886,0.0007044514853022096,0.08722334663335335,001729.npy
0.010264268521715338,0.0007089401779641529,0.0672333559488844,001730.npy
0.010169480311847752,0.0007925799116367023,0.0759634896960386,001731.npy
0.0009072272296918155,0.0008888339144335381,0.9889495592310953,001732.npy
0.002531308730855473,0.00208610398750496,0.8415200286650312,001733.npy
0.003982002205386514,0.003055701289557605,0.7756593910862842,001734.npy
0.0036468597908409063,0.0027263655678989784,0.7537768617246315,001735.npy
0.0011106552276472206,0.0008943537186802412,0.8072946386052372,001736.npy
0.0011887971034408116,0.0008214252103136769,0.6908887716518268,001737.npy
0.0012784161388470674,0.0008482117217884311,0.6597924658618062,001738.npy
0.000962737884068105,0.0005916746284852057,0.6129244600714624,001739.npy
0.005407733262568831,0.0011310835803856674,0.20647380410920693,001740.npy
0.0060492194895866835,0.002525438326745564,0.4112118844570702,001741.npy
0.004908311623783691,0.0019238513661826483,0.3875446766576672,001742.npy
0.006065258086549385,0.002408802950084173,0.3953328756818904,001743.npy
0.013311114514495027,0.0009554235669732271,0.06971444581373487,001744.npy
0.007260397681206394,0.0006307696129109319,0.08621238866389243,001745.npy
0.00724738216357518,0.0006584779440300169,0.09065462817235959,001746.npy
0.009632670210575312,0.0006738418599330471,0.06944214357302476,001747.npy
0.009994645881690674,0.0007647730113997583,0.07524899993596977,001748.npy
0.0009952070738871704,0.0004926185998977083,0.4992157164704929,001749.npy
0.0010041620225786747,0.0005509797943093792,0.5557786871124926,001750.npy
0.0008286565330606308,0.00041498243479499996,0.5061439541626804,001751.npy
7.6643642603962e-05,0.00034639853153014123,4.591131124250434,001752.npy
0.006542106077274512,0.0012941357705136766,0.19627314784442104,001753.npy
0.009143353366618904,0.0017726599939137922,0.19065602587077898,001754.npy
0.009141206141188001,0.0016197125107034636,0.17516136978434374,001755.npy
0.002625587572567299,0.0009699925883046562,0.3669478743171383,001756.npy
0.00041159064280235424,0.00040827077246627976,0.9972924447698944,001757.npy
0.0003875424479349354,0.0003816068666427116,0.9953611751396358,001758.npy
0.00038079113268003916,0.00044080441058328085,1.1619012362612022,001759.npy
0.0009556889410032805,0.0008638923834809482,0.9199053254510181,001760.npy
0.017086901209973335,0.001815979508426624,0.10310328019846786,001761.npy
0.018577236868969258,0.0016318044521579603,0.08403835190270793,001762.npy
0.012949405954427947,0.0013258166925520485,0.0997748488217972,001763.npy
0.0027075755141927975,0.0003457652664173347,0.12867345258091284,001764.npy
0.0028328549832646404,0.0009307568813543911,0.3335095950506227,001765.npy
0.0026128225486371087,0.000825541495053736,0.31783647744083793,001766.npy
0.002635709843685419,0.0008039905871328837,0.307583038586591,001767.npy
0.00016632866591973123,0.0003410280603029902,2.0714429580346407,001768.npy
0.0002751085056045851,0.0004286468181599701,1.5736971716825876,001769.npy
0.0002708993060117957,0.0003027819739623515,1.1294003158277381,001770.npy
0.00014394951311847966,0.00023347859315436695,1.631968697711054,001771.npy
0.0038370719260371585,0.0007551972847391291,0.19494685401479278,001772.npy
0.01828588316465702,0.0009734954231887586,0.05252045682556744,001773.npy
0.018282328106985886,0.0009145720130963728,0.04933670036389129,001774.npy
0.018436515129155947,0.0011878078051716968,0.06323692691768724,001775.npy
0.0074884137575109795,0.0007482256333263737,0.09771840412223395,001776.npy
0.0023588443280609986,0.0007490007503296075,0.3159445271947577,001777.npy
0.002806406617720148,0.0007873486422984963,0.27661106922827483,001778.npy
0.003436116458587885,0.0007859331391370977,0.22517999164191163,001779.npy
0.00016766363884576678,0.00036188744629938013,2.1908755247187823,001780.npy
0.0029743227039606868,0.0003231322477727527,0.10935949876144485,001781.npy
0.0029255272201594977,0.0003423567881954186,0.11808026811425969,001782.npy
0.0028529464046673824,0.0003276220075074496,0.11553949249702934,001783.npy
0.0026931124094562056,0.001267944558469013,0.4680500744426114,001784.npy
0.0009723196431817625,0.0005453392259863105,0.5604776546013762,001785.npy
0.0009790936074579822,0.0005595326063789369,0.5723131294586898,001786.npy
0.0009677093497461721,0.0005484745329576849,0.5648197335529795,001787.npy
0.0014909614376930507,0.001279384296886869,0.8513905808122673,001788.npy
0.0007245259243066689,0.0004991774632695139,0.6909565987580267,001789.npy
0.0010281169348931795,0.00042419676419056576,0.4096913501500731,001790.npy
0.0009300478553072192,0.00039139896364677397,0.4202727881501296,001791.npy
0.01557312586798158,0.0009990611170528827,0.06287991815349525,001792.npy
0.002660853159664818,0.0005690215938966378,0.2137168994482872,001793.npy
0.0027517414686800057,0.0005273001151866835,0.19094265768483723,001794.npy
0.0030527127870218994,0.0005096745782836454,0.16636931939620664,001795.npy
0.00341290343092534,0.0019867910033616928,0.5690484624871528,001796.npy
0.0014624569381818866,0.0007935681176620169,0.5438345658571354,001797.npy
0.00442002443830884,0.001872636859068275,0.421753593490523,001798.npy
0.001592012563855505,0.0008335243594128471,0.5253942309464337,001799.npy
0.0006974807759592824,0.0008963247966364763,1.295846519361526,001800.npy
0.0013047630802446879,0.0013286347314826448,1.0307562904707974,001801.npy
0.0012998110604185342,0.0014449454650070385,1.1241594409730706,001802.npy
0.0013693617930748913,0.0015336752087690912,1.13356936808263,001803.npy
5.0280780284245683e-05,0.00020826280376561225,4.1820408635812125,001804.npy
0.0009406752203679995,0.0005277310131941579,0.5599944900877687,001805.npy
0.0010200875998279326,0.0006683732058613711,0.658444309873063,001806.npy
0.0010728803715715834,0.0005849451316076725,0.5456571021808262,001807.npy
0.0002767751742839956,0.0005424851662387858,1.9663250008946818,001808.npy
0.001399433230931257,0.0012044984454084955,0.8578089966801712,001809.npy
0.0037404979020548746,0.0042531298454520725,1.1172555157210025,001810.npy
0.0009629059048895181,0.0008019781525675019,0.8322738309605905,001811.npy
0.0022768604576681017,0.0007488128633335953,0.3292261204279651,001812.npy
0.0012938236227808065,0.0007133960761248818,0.5492545320891514,001813.npy
0.0014209314617165993,0.0006517990360269967,0.4540300454411707,001814.npy
0.0007606364268395269,0.0005487319331770001,0.7225732807863156,001815.npy
0.0007799511284795879,0.0005840124996352091,0.7508100339168453,001816.npy
0.0021531194472320346,0.0009388400745136926,0.4382453726679872,001817.npy
0.0018016118587887223,0.0010826150427449698,0.6032841494485575,001818.npy
0.001957390494701154,0.0008864476606661569,0.4547068936255009,001819.npy
0.0022233111488403055,0.0005507872274551824,0.24684510062933707,001820.npy
0.00546353419383986,0.0008719254074731866,0.15816073176693704,001821.npy
0.0067664302886801244,0.0009700163358937774,0.1421648978283245,001822.npy
0.004193748945434102,0.0006287552555455458,0.1503805382949799,001823.npy
0.00404710474524033,0.001337309359240943,0.3347016779352101,001824.npy
0.0059304013628769464,0.005432961484281863,0.9283529823907765,001825.npy
0.010987477752747303,0.009148329546113203,0.8416240438690188,001826.npy
0.026174903615590307,0.016290066916042373,0.6165574919539017,001827.npy
0.002377496636165856,0.0007345672256792392,0.3107447134945903,001828.npy
0.001671801050698791,0.0007771351256398579,0.46147731807543196,001829.npy
0.0016111225601793163,0.0007075787183868493,0.43785306737298435,001830.npy
0.0014690301592708613,0.0004945804296849058,0.33640987525684646,001831.npy
0.009683768062356279,0.0008411644334524206,0.08499527898595538,001832.npy
0.008599356608114249,0.0012464096212243321,0.13709200822563092,001833.npy
0.008582532430862332,0.0013127864444634502,0.14567887731150725,001834.npy
0.008912116295421033,0.0014552276663783478,0.15585995972397398,001835.npy
0.013423644447827643,0.0009011418140752006,0.06478902996976778,001836.npy
0.007106410081994623,0.0007572308177184974,0.10433807323792553,001837.npy
0.007104696488071437,0.0008609109895569875,0.11891963286346552,001838.npy
0.007885809505711498,0.0007241973588425137,0.08879833704371919,001839.npy
0.0015520805249313269,0.0005093153422690113,0.3287169685829698,001840.npy
0.0015312503661969107,0.0007144053583249229,0.46729186522566263,001841.npy
0.0015677791880261325,0.0008669330008156677,0.556741017086399,001842.npy
0.0016433863385023624,0.0009996619188369993,0.6117384676583829,001843.npy
0.0007533084929532702,0.000580757497288249,0.7753028946016541,001844.npy
0.002998408883849516,0.0006978792850767329,0.23274992321522342,001845.npy
0.0032742408545761554,0.000738322980033011,0.2256224758107275,001846.npy
0.0029392770614849457,0.0005429257783033383,0.18423069652416063,001847.npy
0.02708702671440139,0.002563742846981627,0.08704189523124385,001848.npy
0.00035597434602634777,0.00029301663720350497,0.8278254728816916,001849.npy
0.0003711774297494258,0.0003069544167591723,0.8329471154700222,001850.npy
0.000742107282530241,0.00048365301041933853,0.6554456438820708,001851.npy
0.00033928372009078194,0.00032466659876625493,0.9623129616504418,001852.npy
0.0005438785858812907,0.0005978703626817839,1.1021658494802329,001853.npy
0.0004009563478112912,0.0005097941082774912,1.2785316951522485,001854.npy
0.0004694076559039421,0.000575655017502524,1.2291808042313739,001855.npy
0.0017908393245287906,0.0014102261551527577,0.7920158904468485,001856.npy
0.0005315040249892274,0.0007299555143412529,1.387425886671392,001857.npy
0.0003803773778197304,0.0005192480552900179,1.3764116700563191,001858.npy
0.0005701445425922054,0.0007628102714477892,1.3535108538042078,001859.npy
0.0009682427198189246,0.0009925008418625494,1.0391770050432627,001860.npy
0.001535991999738863,0.0005926332367518132,0.3896158561423846,001861.npy
0.0014246788753861821,0.0004435041752679207,0.31363689042969134,001862.npy
0.0016888153721392608,0.0007349025657894806,0.4400100236226475,001863.npy
0.006345912115390571,0.0007947495585505987,0.1244624353462593,001864.npy
0.00047489630579537897,0.00038718455963669923,0.8194486748978076,001865.npy
0.0004949885085712905,0.0004514012646954331,0.9247986753906122,001866.npy
0.0004767159691216661,0.00038768555560119377,0.8183393038978847,001867.npy
0.00019844270668635232,0.000452918443374561,2.3076227923643544,001868.npy
0.0003077653687940692,0.0006053115694224099,1.9847462383373564,001869.npy
0.00019374703149868092,0.00035960936121700785,1.866966740394302,001870.npy
0.00024211519493648183,0.0004266367751051828,1.7798586190330135,001871.npy
0.028173428423071023,0.0016676393691283204,0.05474626153869658,001872.npy
0.02663920550460065,0.002291641354881441,0.07806116218071076,001873.npy
0.026366081541992662,0.002272121433457851,0.07791910273760609,001874.npy
0.027926478472189698,0.0021631400478125265,0.07012310704441432,001875.npy
0.00158733358026192,0.0007416207876595875,0.4662389125331415,001876.npy
0.0008667581617341602,0.0009229521829322963,1.0715217987942562,001877.npy
0.0007360127077350065,0.0007096689675210046,0.975983614172392,001878.npy
0.0008377707785719043,0.0008409190800575056,1.0128659745501722,001879.npy
0.0003435676050712089,0.00039842206992501625,1.1663207508671944,001880.npy
0.00039387825009639234,0.00048067981986460185,1.2271026910291418,001881.npy
0.00035886681602675485,0.0005316146090872366,1.4939219406872097,001882.npy
0.00036313686620961273,0.00047027056900392374,1.3009631349266306,001883.npy
9.760776778108169e-05,0.00032135945247166204,3.337226861609053,001884.npy
0.00018437224171242658,0.00043400933728764493,2.383362360737676,001885.npy
0.0002620089834432606,0.0003242641922210043,1.2485118656098388,001886.npy
0.0002746844244801048,0.00044680588532440687,1.645747309842804,001887.npy
0.00959964216765659,0.0015378380525042498,0.15505066473947074,001888.npy
0.0004276692083595607,0.0005839098107985581,1.3761936430574078,001889.npy
0.0004014549010477398,0.0005249917832955234,1.3178211574839933,001890.npy
0.000415062086461981,0.0005957897993372264,1.450806885364324,001891.npy
0.001713835878090201,0.00037977840593920043,0.22186859967318415,001892.npy
0.003360868734126103,0.0007560890733896121,0.22491643332810873,001893.npy
0.0033976783270827917,0.0008225073725917735,0.24274175137033782,001894.npy
0.0031961029414385796,0.0007684155059160336,0.23884409898205666,001895.npy
0.0002378561341755313,0.00043421017864326146,1.8514932171000782,001896.npy
0.004287584423585204,0.0006248861714660397,0.14688660123782007,001897.npy
0.003923379698781013,0.0006983400981621659,0.17899066418070136,001898.npy
0.003868787921393797,0.0007322829091352316,0.19119653324028907,001899.npy
0.0007832397441685424,0.0009654100704578616,1.229929660285424,001900.npy
0.00022033582307318897,0.00045744508803013923,2.0881287821823395,001901.npy
0.0007239423389914558,0.0010546113441164582,1.4519167064032086,001902.npy
0.00030063470718384494,0.0006059625658893167,2.0367932141379534,001903.npy
0.000622493794950767,0.0004910244614845995,0.7921508517091802,001904.npy
0.0002680923053039307,0.0005609510904980766,2.1163643933034013,001905.npy
0.00019056080609547568,0.0004996322053406492,2.6488015773038716,001906.npy
0.0001909105665045179,0.0004737799875610632,2.500727003146717,001907.npy
0.013332202031391304,0.0010513534083172297,0.07625498177914805,001908.npy
0.0013241348844180137,0.0007635341042499436,0.5751393911786096,001909.npy
0.0025223132650728838,0.0008057775685879138,0.3155014145184528,001910.npy
0.001149103724521414,0.0008156936487887596,0.7090474640482773,001911.npy
0.0056604367749031785,0.0010444831319894763,0.1793306266572639,001912.npy
0.01323310438466968,0.0018026263995160447,0.1311757536493021,001913.npy
0.013165288274941959,0.0016998152815484318,0.1243011114605495,001914.npy
0.015458233702565657,0.0024207745956531285,0.15018859829712897,001915.npy
0.0022422987138172833,0.0004777085096186245,0.21135594651517278,001916.npy
0.0037889749752319443,0.0010157164802648425,0.2623492543258449,001917.npy
0.0035344440042809977,0.0009127117720344229,0.2550334555881337,001918.npy
0.0033578326725871013,0.0010681943800771223,0.3116206679872122,001919.npy
0.0009522706136693583,0.0008744793369262035,0.9077439633240191,001920.npy
0.00218360534349974,0.0006263231785528206,0.28849850548709005,001921.npy
0.0018071499771409735,0.000737244906074937,0.41313029531590284,001922.npy
0.00180980908198066,0.000586391625358475,0.32345075004121526,001923.npy
0.0010805947821252737,0.0007932294602594423,0.7332317753381614,001924.npy
0.003445063835737582,0.00034985631665027014,0.1021588212536536,001925.npy
0.0027701233806852518,0.0003735798225589494,0.1363120240700652,001926.npy
0.0030131179761785937,0.00025664724528177936,0.08567116390229165,001927.npy
0.006288547294294611,0.000919989187705824,0.14484029079422553,001928.npy
0.0037553515984138346,0.0007780311631716004,0.20531267601970918,001929.npy
0.003745745313196802,0.0007867925824056471,0.2088607260756311,001930.npy
0.0037007814164458515,0.0007177688607317604,0.1923895518181535,001931.npy
0.0009285422571910182,0.0004936959994483743,0.5331746725848443,001932.npy
0.0021239878006080806,0.0008294466811620409,0.3967323242574295,001933.npy
0.0023295398844919383,0.0007036006170225071,0.30472221720512294,001934.npy
0.001427011501982639,0.0005361214780648284,0.37912305309699,001935.npy
0.0002270788992241258,0.0002386719038687348,1.058185245910399,001936.npy
0.005289127764716817,0.0004573296439756355,0.08696417531290083,001937.npy
0.003956501393655729,0.0005192327800424613,0.1327915898672311,001938.npy
0.00408666202857457,0.0004422862228866476,0.10910774709729053,001939.npy
0.007953443626890726,0.0005974922045598317,0.07397672012590246,001940.npy
0.022040548629435688,0.0018443097329159449,0.07757566336305555,001941.npy
0.023406161121222097,0.002589932161480905,0.10134279274353603,001942.npy
0.024593039819021636,0.0027953396127495624,0.10381714816663365,001943.npy
0.001722829735330147,0.0005883252552305072,0.3392126193704042,001944.npy
0.003306513958293724,0.0012068277030307468,0.3620513120171494,001945.npy
0.0030856104158852762,0.0011016413478782067,0.3557277329091542,001946.npy
0.004159251209142685,0.0011613401112848477,0.2761327585370946,001947.npy
0.004145548870184591,0.00071190655813175,0.16982735435826435,001948.npy
0.0008800512007971128,0.0008102864961996849,0.9204791911695773,001949.npy
0.0009478290454589152,0.0007275042275466226,0.7624312383584875,001950.npy
0.0008868360957463925,0.0006732180069571147,0.7521599305462923,001951.npy
0.004657774163290194,0.0007186289727017247,0.15276447751168215,001952.npy
0.009512163182983674,0.0013608215011819285,0.13375012391988095,001953.npy
0.009489611522183137,0.00132282562305682,0.1307945086304491,001954.npy
0.009413051241048336,0.0033681311301611734,0.33931142861093433,001955.npy
0.016526818776400953,0.000961371478578877,0.05717736976308818,001956.npy
0.002522970563281665,0.0010891964916725024,0.43584317397407457,001957.npy
0.0030974573658380544,0.0013286817818603251,0.43135790229870985,001958.npy
0.0025660458288622396,0.0010562272090975447,0.4150141510922389,001959.npy
0.0010124234286514372,0.0008299676701364003,0.8262285377997173,001960.npy
0.0012227342682978482,0.0012906310829609575,1.0568175384849492,001961.npy
0.001680665839219691,0.0016046116985959636,0.9556448845464806,001962.npy
0.0014675034131903211,0.001389306704155144,0.9525677431049708,001963.npy
0.0018230114599020657,0.00054902811848368,0.2998493115709778,001964.npy
0.0007238704477801143,0.0006062063859181138,0.8431884729481814,001965.npy
0.0006465655132427622,0.0005497108683171515,0.8592558146856331,001966.npy
0.0006196628338086749,0.0005459962568556435,0.8869932427455416,001967.npy
0.00045508549931701914,0.0005309447950318404,1.177698984534431,001968.npy
0.000763194685846694,0.0003971494621582093,0.5234748453402246,001969.npy
0.0006294164220083145,0.00041780088727233673,0.6719686237673956,001970.npy
0.0006994529333134271,0.00036005156724581224,0.5181963541994926,001971.npy
0.016158937911919292,0.0016037126265608147,0.09397508605653891,001972.npy
0.017557436574156968,0.0019239597917351423,0.10396893621601064,001973.npy
0.017540773611786957,0.00206329027975634,0.1120875212723438,001974.npy
0.01660492785618138,0.0016911084467779015,0.09730005356042906,001975.npy
0.006823168241487858,0.0006528324783642295,0.09380723078000026,001976.npy
0.009341290410976451,0.00038905536104978867,0.041530604291157985,001977.npy
0.00915302158459454,0.00043572875347831574,0.047529493627987106,001978.npy
0.00972939783455943,0.0005579665468234891,0.057271694198781066,001979.npy
0.002305157048907025,0.0012923676561251232,0.5573518339908515,001980.npy
0.0005427481266129748,0.0007200189394056581,1.3252309972352907,001981.npy
0.0005283379953474881,0.0005569869904586972,1.0527010526312945,001982.npy
0.0005155796944582932,0.0007131801974715551,1.3911678182512102,001983.npy
0.0007171940123370316,0.0007433144936871066,1.0425414488597988,001984.npy
0.00014875926111953159,0.00033552471414882137,2.279804026130655,001985.npy
0.0001477694277134474,0.00029029944468386427,1.978347609844529,001986.npy
0.00013805262004513654,0.0003611600929131081,2.642237195766375,001987.npy
9.037588080300796e-05,0.00026138869956537474,2.918845705137997,001988.npy
0.0003443914211502387,0.0005629275578766982,1.6392597666870135,001989.npy
0.00023828387165966263,0.00047477880832216346,2.0221746145243706,001990.npy
0.00024570066731629446,0.00044291473713179363,1.831629141218458,001991.npy
3.685639434820966e-05,0.0003035418715455348,8.342617492249426,001992.npy
0.005737768822714855,0.0008234216072990248,0.14171422708454742,001993.npy
0.0060007240120701286,0.0010046783092321305,0.16504394893113913,001994.npy
0.005446114915842557,0.0007670712168843525,0.13917175002554036,001995.npy
0.001056870700827986,0.0007552220232634138,0.7137327806211992,001996.npy
0.0022360892336556687,0.0005652314178453618,0.2510513764755337,001997.npy
0.0023066251782957762,0.0006187349431588315,0.2647991297776271,001998.npy
0.0022186470908705,0.000546676057241007,0.24165675030180572,001999.npy
0.008630844206342962,0.0008288939475737013,0.09495455585480182,002000.npy
0.0024996106706830666,0.0006219994835345178,0.2505889934844053,002001.npy
0.002255952775367859,0.0007576724784422211,0.3380262962484222,002002.npy
0.0024203843206452684,0.0006935471623574874,0.28867684793161147,002003.npy
0.0024782002214992272,0.0005428618536860106,0.22026541297002686,002004.npy
0.02853703422318155,0.003363271001494568,0.1006789151258427,002005.npy
0.0334817160844256,0.0030936188754180885,0.07863773338606284,002006.npy
0.028516220247083942,0.003300264421734065,0.09901723329702782,002007.npy
0.001106437815396106,0.0005193644984671785,0.47379927941040895,002008.npy
0.000419015169166737,0.0005370691159122823,1.3022334233858461,002009.npy
0.000621623851391361,0.0005453564643304293,0.8830810033219544,002010.npy
0.0006902638928459835,0.0007000950787743294,1.0232002314691442,002011.npy
0.0008720689523314221,0.0004991698330839964,0.5716278482390323,002012.npy
0.0004880755547181113,0.0006920486149113892,1.4233953688135819,002013.npy
0.0006624792188298847,0.0008224007714865352,1.2439549831835308,002014.npy
0.0007042293712177093,0.0008926780322800345,1.2610744709252328,002015.npy
0.0005953064673163236,0.0006903553460147004,1.1667040995317028,002016.npy
0.0010076777498538622,0.0006117478532925492,0.6054321014876106,002017.npy
0.0011392657098356056,0.0006261503426357243,0.5438547902385729,002018.npy
0.0010305571765197913,0.0005610383285397769,0.5394545168465092,002019.npy
0.001077470898898249,0.0010907533949223122,0.9956357924873671,002020.npy
0.00046507747024121385,0.0005102268414545588,1.108890305684741,002021.npy
0.0005289333607074586,0.0004944470205800213,0.9390562264613693,002022.npy
0.0003924629759689001,0.00037658102548531635,0.966878179366671,002023.npy
0.009808098826302961,0.0012751388184899422,0.1251437015545459,002024.npy
0.0005096658242879833,0.0004484459988444335,0.8942121843875924,002025.npy
0.0005948511569350093,0.0004496028114994251,0.7637235236999736,002026.npy
0.0005634830767355388,0.00047285735331402715,0.8494254879418622,002027.npy
0.01597672069760168,0.0008210729800751247,0.04971888080614,002028.npy
0.00042613793722859133,0.00039431277754165873,0.9373477236091968,002029.npy
0.0003326795988820338,0.00029731040108070067,0.9002575161236891,002030.npy
0.00022183704303295235,0.00028205238252112017,1.2863693138262473,002031.npy
0.009079659508264025,0.0007950171716433669,0.08606275803841368,002032.npy
0.01195847598493692,0.0016634417600058988,0.13523366212919238,002033.npy
0.011787462305952266,0.001260828782694124,0.1045600933033309,002034.npy
0.010906797631500242,0.000974099759241727,0.08697540139284675,002035.npy
0.00037590667420821336,0.00041214529788898864,1.1066248891791337,002036.npy
0.003144732230190077,0.0007574010723266039,0.2412558675139765,002037.npy
0.0037941083817234584,0.0008724992520759817,0.23148654692383483,002038.npy
0.003584393525769434,0.0009201155832101506,0.25924154492937485,002039.npy
0.005781048529727,0.0007856529248865777,0.1359061667139036,002040.npy
0.009248662940823082,0.0007213595551261499,0.0771467381314564,002041.npy
0.008448625957674122,0.0005635137461343083,0.06573758440452618,002042.npy
0.009237799014805396,0.0006598958715708271,0.07036484814881927,002043.npy
0.0029472774582408323,0.0004934649624688958,0.16813139146209746,002044.npy
0.006135712210734066,0.00041234871465458745,0.06647076546089334,002045.npy
0.006145716810831414,0.0004838471153739582,0.07822793777710906,002046.npy
0.005278822450155938,0.0005879352710691127,0.11131788433255821,002047.npy
0.008821643874177693,0.002693753626051307,0.29608118354274937,002048.npy
0.002104389011945412,0.0014777912710247096,0.70003749889432,002049.npy
0.001988666812669388,0.0013188125194785667,0.6596145700477606,002050.npy
0.002119679011363335,0.0014502922869934136,0.6873608224577722,002051.npy
0.001836723874230058,0.0011214238839951922,0.6068214569240281,002052.npy
0.0038944369537438203,0.0007003607909486717,0.17810314601654634,002053.npy
0.003466927098449774,0.0006617873833390732,0.1878055338685164,002054.npy
0.0036223683200157027,0.0007358951189800098,0.20084531057421307,002055.npy
0.001704843854931606,0.0016323392112006538,0.9500347961292418,002056.npy
0.0014938958504476026,0.0015086327542587353,1.004037545425545,002057.npy
0.0023180861738023068,0.0024431389078561593,1.0524951273470624,002058.npy
0.002316181621323905,0.0022130537419030737,0.9489510861362631,002059.npy
0.0018185410838621795,0.0009719281593118428,0.5239118444261793,002060.npy
0.0003507920004476753,0.00037978426675059224,1.0966294491176796,002061.npy
0.0004081533870383649,0.0004224395934168688,1.0435522116157865,002062.npy
0.0003517164381120532,0.00035680519660586914,1.0296187271776127,002063.npy
0.0052973831997445795,0.0006446449686655259,0.12246351266619375,002064.npy
0.003910323337608645,0.0007503892248636042,0.1899519577527001,002065.npy
0.0037080336416899545,0.0008627696351191099,0.23167682566889347,002066.npy
0.0040154431405103035,0.0007516113936915515,0.18506939383372178,002067.npy
0.0040766946702676735,0.0009479641035618547,0.2314880292398869,002068.npy
0.002631306223876956,0.0017092226718178165,0.6574489022010187,002069.npy
0.0026157339723217924,0.0018696004476235213,0.7223682576924233,002070.npy
0.0020943828111291956,0.0010853957131120454,0.5257884671926853,002071.npy
0.00954846312048681,0.0008045163186601663,0.08245356163754503,002072.npy
0.008198546013602943,0.0010112312978695674,0.11943461308262746,002073.npy
0.008291105763032635,0.0009989419134198614,0.11585065439939937,002074.npy
0.008592137539171193,0.0011744294711891615,0.13213919233730265,002075.npy
0.0003031346303715443,0.00040163261627490694,1.3367021338891254,002076.npy
0.0030955011144734707,0.0010650276953606454,0.3292336082691266,002077.npy
0.003255368863837504,0.0010733646026929238,0.3147105771792187,002078.npy
0.003162407110849038,0.001318208341243251,0.4015480690613928,002079.npy
0.007596250072062086,0.0011275443707856284,0.14496954234239537,002080.npy
0.0010477551892222245,0.000486119516589433,0.47003230748093444,002081.npy
0.0011215134815984907,0.0005504154947241764,0.49804164097848547,002082.npy
0.0010375363734668823,0.0004470260346829195,0.4331249637817611,002083.npy
0.00021464200622309636,0.0003823538958561005,1.7961961106077666,002084.npy
0.0004915643328365473,0.0003879638216092155,0.7940774068931516,002085.npy
0.0005196784186908152,0.0003488504931690854,0.6738745912098809,002086.npy
0.0005203503868045605,0.000336933941319092,0.6495136031857363,002087.npy
0.004690882301638633,0.0007085069332890123,0.14885500151610584,002088.npy
0.0009740697490088957,0.0008228712959304197,0.8554128924707989,002089.npy
0.0009948970954755298,0.0008284632710263655,0.8389195560928587,002090.npy
0.0016715147111664584,0.001306804885424001,0.7873502585668664,002091.npy
0.0033685805764960444,0.0008585428724926878,0.2529034354378772,002092.npy
0.000396725756160983,0.0005542479783176216,1.4136605425497832,002093.npy
0.0003408516862810023,0.000497475046784009,1.4687215717132784,002094.npy
0.0003992844084747381,0.0006048767166927281,1.5220005450134464,002095.npy
0.002953716999158818,0.0006403273312714445,0.21181174354346732,002096.npy
0.0008691463032057717,0.00039534423824814463,0.4595040447375424,002097.npy
0.0006825384642486801,0.00035785407594510985,0.5284226407981794,002098.npy
0.0008803204709003186,0.0005264472780781787,0.6054232619791775,002099.npy
0.0022123561315646077,0.00055215930105182,0.2509600753437962,002100.npy
0.0006817586181063156,0.0009001627052307399,1.3344823283557692,002101.npy
0.0006996546478980887,0.000882680819383191,1.266655105485093,002102.npy
0.00042941886915420714,0.0006118816216181214,1.4333149037169421,002103.npy
0.0001719945952884295,0.00035278616934731764,2.0763327255156105,002104.npy
0.00018745312876164931,0.00032626184259160033,1.7646219139382646,002105.npy
0.0004624945695853233,0.0002847830051706611,0.6185618919425094,002106.npy
0.0004541522471998348,0.0003921255793514812,0.8774316354388058,002107.npy
0.0030487591012163828,0.0008487056786879831,0.28171881293365836,002108.npy
0.003025608803028181,0.0009732993457140015,0.31269995759098396,002109.npy
0.0029783411062623668,0.0008886009313531547,0.2928662241920145,002110.npy
0.003032114247162831,0.0009142865706756105,0.29561329041637247,002111.npy
0.000936901863378794,0.0010716354148807728,1.149092331770373,002112.npy
0.0005512901314423995,0.000771891679448234,1.4162391148424809,002113.npy
0.0006550781619855644,0.000770778305737535,1.179918715907859,002114.npy
0.0006197119180159753,0.0007721939711097694,1.2536085503627385,002115.npy
0.00025232659040860426,0.00030608977483678035,1.219888693337049,002116.npy
0.006482126421771176,0.0008147489176631918,0.12368844285193302,002117.npy
0.0066245398634827415,0.0008760941604364444,0.13117408400521946,002118.npy
0.007605040364288285,0.000977676550437443,0.1267029106658899,002119.npy
0.003953230132583281,0.0014242073493392995,0.35717937305589464,002120.npy
0.0012844630972651818,0.0009438821009999695,0.7479396921806111,002121.npy
0.0012838527119125062,0.0008304671447936698,0.6479071322623718,002122.npy
0.001010833073923528,0.0005506629527011868,0.5443894920166671,002123.npy
0.00357540188253815,0.0007553604040202248,0.20726017753442494,002124.npy
0.010000509320634317,0.0014691124165071856,0.1403750445881135,002125.npy
0.009227488324672333,0.001260573335112014,0.1301773238792047,002126.npy
0.008604705972955045,0.0011920588962509209,0.13147396005017262,002127.npy
0.003947321710001493,0.0005019848632690869,0.1257577184654135,002128.npy
0.00020933284014565726,0.00029608368299718067,1.4293640091113722,002129.npy
0.0001828478168919193,0.0002807530179217302,1.5460795083245398,002130.npy
0.00018820824504007792,0.0003448422053843404,1.8552701545343109,002131.npy
0.0019372246353172346,0.0007053096593438592,0.3624483058475098,002132.npy
0.007460151491940872,0.0008918061947374328,0.11828797550205113,002133.npy
0.00793353936205584,0.0007546789204729,0.09274756827529514,002134.npy
0.007434596806171174,0.0007309896891591865,0.09633975733260808,002135.npy
0.00557232708645408,0.0007161406784042712,0.12660140959182886,002136.npy
0.0007986173864088732,0.0008226341032849174,1.0303074618330268,002137.npy
0.0007869767168964301,0.0008612877934561253,1.102203428054474,002138.npy
0.0005917613512861305,0.0005840124453473637,0.9938913519623456,002139.npy
0.003114219486096401,0.0006105106634253614,0.19514773335255042,002140.npy
0.0001424061084418825,0.0002775888555816498,1.9643152884750819,002141.npy
0.00021243614353805767,0.0002695871151980168,1.2809707260551484,002142.npy
0.001510110475437685,0.0005778661237133412,0.3895022852482798,002143.npy
0.0006685938754610663,0.00044435089981373696,0.6695303254571547,002144.npy
0.0029202458591554323,0.0005911984012356411,0.20256376207930626,002145.npy
0.0029609680633090776,0.00046753441669411376,0.15737110260534978,002146.npy
0.0027747468673440133,0.0005591960751469116,0.20105853159543957,002147.npy
0.0006296118902120163,0.0008167554559338208,1.3010549885261793,002148.npy
0.0014548384697310763,0.0016043330769205722,1.1093687409557658,002149.npy
0.0017440231222081895,0.0018046032427351877,1.045999795301086,002150.npy
0.0014477651949282673,0.0015488878599913217,1.0721718442987762,002151.npy
0.007163163769189393,0.0012973257971186784,0.178001718409104,002152.npy
0.006655436073014092,0.0007867379103615481,0.11804588722737341,002153.npy
0.00610039412227715,0.0008028229182935123,0.1317593742616811,002154.npy
0.006201596800167001,0.000689833939338056,0.11099020268813561,002155.npy
0.0009629478523982539,0.0007656101646613525,0.7970114096962579,002156.npy
0.0012852312248558323,0.0007330786771295087,0.5733276795600867,002157.npy
0.001170101529893412,0.0005802996725019478,0.49728988655337764,002158.npy
0.0011390336156072952,0.0005990493928439725,0.5284196839717675,002159.npy
0.0029973306021895134,0.00047164242458423814,0.1572745404944477,002160.npy
0.004022789161044293,0.0007716471285699875,0.19078198566335433,002161.npy
0.0036750577905648673,0.0005984947954210498,0.16195926379242714,002162.npy
0.003201469332185427,0.0007083448965307862,0.22203373401250404,002163.npy
0.0027083423769769903,0.0005769008195724651,0.21273267901922144,002164.npy
0.0002651275968340372,0.0003818159529865171,1.4548965523897097,002165.npy
0.0002782149784980999,0.0003159428777219924,1.147156002240869,002166.npy
0.0002666848322198475,0.0003680032968273771,1.395260387119039,002167.npy
0.0003016859586369403,0.00043702866306116544,1.4639089430211563,002168.npy
0.00039814760619285466,0.0006674464550532876,1.697702543157747,002169.npy
0.0008954178170011005,0.0010693485552476171,1.2034303960201802,002170.npy
0.0007561271513289757,0.0010190991714472482,1.354934264969487,002171.npy
0.0018387429648317143,0.0004635060022679113,0.252112300230947,002172.npy
0.0023381282325523793,0.0006303054819591657,0.2661806789162583,002173.npy
0.0024285031500366283,0.0009578209675535256,0.3908431591433047,002174.npy
0.002304765648113889,0.0011842355854593607,0.5083754893836445,002175.npy
0.0015171932760499626,0.0014908707261876803,0.9732078927010593,002176.npy
0.0054637373847551286,0.0005811913369413665,0.10641145535615933,002177.npy
0.005695878236030193,0.0005620056795343951,0.09794444693770293,002178.npy
0.005343822080932678,0.0005454171128802913,0.10152331725820489,002179.npy
0.0023985788443946525,0.0006396969610422426,0.2669244381686148,002180.npy
0.0002919146429449244,0.00035704256828074393,1.2307481527271562,002181.npy
0.0002886990272443852,0.000405822543189018,1.4166551752788157,002182.npy
0.0002791645255821004,0.0003801917329062732,1.3746832021277486,002183.npy
0.007697699048911818,0.0010959610573338014,0.14001651538981946,002184.npy
0.0005900017736038451,0.0007387755856233924,1.2654250459843275,002185.npy
0.0004230123357157809,0.0006059297839185157,1.443059595873796,002186.npy
0.0005854458292112048,0.0007787207457533828,1.3498649943801404,002187.npy
0.003033807509528176,0.0008384505279781602,0.2727722732109437,002188.npy
0.0024474858145090996,0.0005137998490402423,0.20991606555311668,002189.npy
0.002919390850927425,0.0006007880099030132,0.20674378363038268,002190.npy
0.002204301023393736,0.00043024185988171476,0.19607385096136332,002191.npy
0.0012409122617104097,0.00037331208528053013,0.3038034045637743,002192.npy
0.0013199089805972753,0.0003779577593157675,0.2881212358162474,002193.npy
0.001952552640127293,0.000744901407288019,0.38325005774903453,002194.npy
0.0013344712840968748,0.0003751422094660854,0.28407582562016853,002195.npy
0.003356669473112334,0.0009655736518114788,0.2864010002261278,002196.npy
0.0031622564371980508,0.0017158574673841694,0.5461516453451508,002197.npy
0.0021377912670130002,0.0012727686617536693,0.5972393275315846,002198.npy
0.003163708701235799,0.0019068462591150504,0.5940146768454868,002199.npy
0.0018944735235706066,0.0004866892055044408,0.2589410708836587,002200.npy
0.0013827030835397703,0.00043842887642821915,0.31558308471355495,002201.npy
0.0013758887529008602,0.0004267567463792917,0.3090482331241637,002202.npy
0.0013893257692425033,0.0004133840617962648,0.296106029091411,002203.npy
0.006579543413859553,0.0011304384806717117,0.16198051187960305,002204.npy
0.003400200099389665,0.0007343958981563492,0.21304170773128459,002205.npy
0.003585978900789599,0.000825322978514743,0.227076327531807,002206.npy
0.0036471108526790713,0.0007279842838214131,0.19642786610507207,002207.npy
0.002791167571054614,0.00039648517911669464,0.14206978170578713,002208.npy
0.004568517264928788,0.0007015864606057684,0.15123711554790564,002209.npy
0.004672796044497008,0.0006481917940060302,0.13652322908294467,002210.npy
0.004564150526445519,0.0007945992613622699,0.1719271863491841,002211.npy
0.009496497673528104,0.0004261952847254217,0.04474646314455056,002212.npy
0.0048879693835655325,0.001299031043292514,0.2602148909735567,002213.npy
0.003672411757416384,0.0008837791560134291,0.23567339333544682,002214.npy
0.004042508803067641,0.0009454778901221148,0.22802148900254915,002215.npy
0.011933398313526276,0.0025441866161999573,0.19328393348019315,002216.npy
0.006542963041188709,0.0027946784404077204,0.4243228531695334,002217.npy
0.007142924708474771,0.0025817604332432657,0.35527044032343064,002218.npy
0.012583345980872894,0.003398636451468672,0.25862333914674807,002219.npy
0.0006326087405994872,0.0005705587003261417,0.910079988372393,002220.npy
0.0006467310771253343,0.0007647701993346097,1.1966788051565709,002221.npy
0.00034997169747556615,0.00042230863279374273,1.2150949096098687,002222.npy
0.0003751472784376548,0.0004529171680339159,1.2149211311505075,002223.npy
0.014818156312744671,0.002966899247410864,0.19061396553813895,002224.npy
0.019904090082060018,0.0019223735773305623,0.09253308106149381,002225.npy
0.01937917960099546,0.0025101001073844944,0.12458309718143587,002226.npy
0.01949423291764413,0.001672280451914587,0.08072361033203139,002227.npy
0.01115664630453802,0.001398366153097357,0.1192630947595428,002228.npy
0.0002006914907801706,0.00039627367159875794,1.9848989695728552,002229.npy
8.519285549554237e-05,0.00031312686317317307,3.7223145725523046,002230.npy
0.0001665045966454058,0.0003455374991178931,2.0924467761703607,002231.npy
0.000146573014671586,0.00038087992075102304,2.633400683970767,002232.npy
5.2354561417164555e-05,0.00021013701835498173,4.0355152707625495,002233.npy
6.0140133084394305e-05,0.0002306884296477794,3.859523419883917,002234.npy
6.158018481375937e-05,0.0002983460108357108,4.887298190893491,002235.npy
0.009305770669005238,0.0014976346305731606,0.15317735756989825,002236.npy
0.005592033998477642,0.0011878608514837806,0.2080790263470967,002237.npy
0.0061303746587322554,0.0014430034582161029,0.22955299904353219,002238.npy
0.007904000898779582,0.0012938985771833217,0.15861120022247935,002239.npy
0.0008962405421151424,0.00043163309396364443,0.48225792043175864,002240.npy
0.0026426338157760497,0.0006200011672936632,0.23580216129749768,002241.npy
0.0025373895183345486,0.0006500183877271282,0.25731892886751817,002242.npy
0.0028325886072810232,0.0007121494683090166,0.2525114060006508,002243.npy
0.0024932483467720026,0.0003736418974372981,0.1500134623283384,002244.npy
0.011737787098904908,0.001806572764924513,0.15027617934664092,002245.npy
0.008050195329675849,0.002053491725751189,0.25200312078071385,002246.npy
0.010709113141904437,0.0010470831430816423,0.09518646718073182,002247.npy
0.002248087575634471,0.0007898263750365684,0.3461843269519181,002248.npy
0.0006539432092105123,0.0007374689920352266,1.1289244158593945,002249.npy
0.0006902062531552707,0.0008037457484127623,1.1680217105099513,002250.npy
0.0005466023880067604,0.0006213086637785245,1.1369919442188974,002251.npy
0.001645137988104439,0.00044670193751345855,0.27238355954170185,002252.npy
0.0016030973654904876,0.0002910397023429655,0.18086549805491967,002253.npy
0.0015150027755819735,0.0004152884331181531,0.275826616090621,002254.npy
0.0015703936658915773,0.0003580656991416615,0.2281575296033198,002255.npy
0.004924978218659287,0.0006960275840440299,0.14114937445489353,002256.npy
0.009481218345543352,0.001743157070983464,0.17082083189760505,002257.npy
0.009355962973446206,0.001661299625818338,0.16415878230812914,002258.npy
0.010162707305965924,0.0020162368180013635,0.18274704403666925,002259.npy
0.010361813070969431,0.0008836181746422012,0.08273850225355077,002260.npy
9.909163001416024e-05,0.0003212993893663921,3.279169703304831,002261.npy
0.00010384248804845477,0.00047019657143711245,4.584335605149246,002262.npy
0.00011011098703919785,0.0003284192355053738,3.0081437524918537,002263.npy
0.001399544726671366,0.0006821177763734214,0.4811778324355311,002264.npy
0.007526943422964094,0.001351164350782058,0.16951516508620088,002265.npy
0.007874350417237797,0.001352675826970919,0.1625941285539518,002266.npy
0.007384878471523041,0.0011289383345222074,0.14422488252840962,002267.npy
0.0009003071970955706,0.0007227565770646904,0.8015745074059647,002268.npy
0.001374025884540253,0.0010479927027411177,0.7627559373464056,002269.npy
0.001147044014269464,0.0008081650602947544,0.7059911642899507,002270.npy
0.001140073161004325,0.0009237949171033504,0.8168108700694083,002271.npy
0.0011064848340171462,0.0009805212661974272,0.8800076936608556,002272.npy
0.0028051863880130734,0.0013775213793283524,0.4972462054271966,002273.npy
0.0023398566669771527,0.0008163735408736241,0.3532322332487951,002274.npy
0.0023212139854132,0.0008414833016013563,0.3572883124875791,002275.npy
0.0011326647763638573,0.0005852091650961747,0.517771035393891,002276.npy
0.002239761518563869,0.0005704228014138338,0.2591719019662091,002277.npy
0.0018018687711805323,0.0003591607948122551,0.20055403706676866,002278.npy
0.0018496466083137634,0.00043661173129144656,0.23800381321428274,002279.npy
0.00043036810943349117,0.0005741962832647206,1.3369540430792748,002280.npy
0.001393007133307192,0.0007483599513712238,0.5321656104831811,002281.npy
0.0014615502823379968,0.0008577375844371473,0.5797930587094456,002282.npy
0.0015087661492130104,0.0009345490471825335,0.6153580272008174,002283.npy
0.00872580327982873,0.000786493712218073,0.08833642942049398,002284.npy
0.02172009782213096,0.002018101252079639,0.08563690151340667,002285.npy
0.019278071670279177,0.002093372898721263,0.09967349943371534,002286.npy
0.020178841901580806,0.0021805055500407006,0.10066822126047854,002287.npy
0.00047734741943290197,0.0004931340572489393,1.0389636016247166,002288.npy
0.00032770581976199144,0.0003892714339206548,1.1970563489153059,002289.npy
0.0003885204254980334,0.0004643964271812725,1.2029565453272335,002290.npy
0.000319353676748178,0.00042373300377013425,1.3364573178925103,002291.npy
0.0023887903504593287,0.0010026914186498427,0.419665977567244,002292.npy
0.0069558258332173325,0.0006105731997495126,0.08483833284191583,002293.npy
0.007136178796751725,0.0006244201490895996,0.08385634661791419,002294.npy
0.007620240529050009,0.0008280796157714736,0.10312200928798151,002295.npy
0.0011274769962651943,0.0005310794750078673,0.4708657157704315,002296.npy
0.001711377323830518,0.00046728491021970906,0.2737954931807857,002297.npy
0.0016585729191289037,0.00044791277900112534,0.2705289669701527,002298.npy
0.0016597151833789262,0.0006720841822822112,0.4090862650742124,002299.npy
0.0007483604789934407,0.0003565772774623733,0.47803919059788363,002300.npy
0.0004923541358110867,0.0005312548436571525,1.0898166684460713,002301.npy
0.0004050390674635837,0.00036276582630859476,0.9038218817290428,002302.npy
0.0004348413348610832,0.0004351716330566026,1.0158854868377003,002303.npy
0.0014194122461526684,0.0005564686147717094,0.39430123535268635,002304.npy
0.0008596775433355507,0.00029642319730558775,0.3464132602382076,002305.npy
0.000949035551760129,0.00028337538721604367,0.3005483682487405,002306.npy
0.00098709565174029,0.0003037479599495299,0.3107568627393185,002307.npy
0.004518050054938919,0.0012983023377356564,0.28222146703069284,002308.npy
0.0008708978436710407,0.0005494277737589161,0.631438857219371,002309.npy
0.0008867232381779964,0.0005470145554450598,0.6189245915125424,002310.npy
0.0011432927129941053,0.0008359730679724832,0.7356371094725394,002311.npy
0.0004851648087912403,0.0005726372158796823,1.1951579075768806,002312.npy
0.0021377296568503186,0.0006363206862814271,0.29228589110510483,002313.npy
0.001396581273674966,0.0007777184002746581,0.5538343719341225,002314.npy
0.002236601666559148,0.0008014878052482087,0.3527026472511187,002315.npy
0.002542219732527075,0.000728787194106931,0.2866128778574017,002316.npy
0.0020230570001588677,0.000634040228136108,0.31258218964261947,002317.npy
0.002022308154408256,0.0005492251921115492,0.27021118279062356,002318.npy
0.002018216204780788,0.0005099381165372985,0.2507300007615457,002319.npy
0.0011034476305748545,0.0003199174698066336,0.29054325755017085,002320.npy
0.0027203430951484803,0.000773579681299727,0.2815054270169876,002321.npy
0.0027197018418366053,0.0009124676202765337,0.33346639062561995,002322.npy
0.0027499213479145403,0.0009409506541342288,0.3404549013450071,002323.npy
0.00026008721426384825,0.00041208219062812513,1.5973354120686405,002324.npy
0.00015670846943558774,0.0004570405489979896,2.9482213313220984,002325.npy
0.00017763097528477554,0.00048044304392027404,2.742027429871248,002326.npy
0.00016648697175615556,0.00034107872445165836,2.063871934254196,002327.npy
0.0011304771225381133,0.0006070357891019408,0.5384246870349566,002328.npy
0.15167670242557293,0.0026801134877091665,0.0146216421370076,002329.npy
0.15047763837897757,0.0028230129923378965,0.015619729058624222,002330.npy
0.15091344391521297,0.00291922333653731,0.016137647821862947,002331.npy
0.00015253547000124818,0.00033495563402559576,2.2290489865325056,002332.npy
0.0018202087273260655,0.0007647483484782147,0.4247904417274979,002333.npy
0.0020210585808930074,0.00040007161172655255,0.19955382842265082,002334.npy
0.0017151748474601733,0.0005526694886342318,0.3263880371065622,002335.npy
0.003567442656149794,0.000578473781366446,0.16108080333322153,002336.npy
0.002836395679961439,0.001136976247367863,0.4038724112333779,002337.npy
0.0029330564540318567,0.0008688936248280801,0.2988974118521146,002338.npy
0.002986083710854929,0.0008751883828839958,0.29554520356598607,002339.npy
0.0007128667058910546,0.00041816320806644275,0.5926375265271752,002340.npy
0.00016853017099641846,0.0003226231794592035,1.930413181101576,002341.npy
0.00014969115757254968,0.00027087186454208143,1.82518101649073,002342.npy
0.00015363272628889888,0.00023684713743235143,1.5487961688313385,002343.npy
0.002782541019076659,0.0015275017108106884,0.5501411050212773,002344.npy
0.006885816953936539,0.0006084683268916199,0.08880542195752684,002345.npy
0.007196477781136055,0.0006425044306929351,0.08961782578391561,002346.npy
0.006709963505967466,0.0005040295583960997,0.07480986507816059,002347.npy
0.0018889825251082665,0.0008639451948859796,0.4536719101276572,002348.npy
0.0005170737019216554,0.00047676369778836176,0.9285228939392052,002349.npy
0.0007410071568805497,0.0004011589672937053,0.5420739143694816,002350.npy
0.0006673772453157363,0.00044702803590680875,0.6727081484718725,002351.npy
0.003967458645722544,0.001907979057702934,0.48055310303299,002352.npy
0.0007357627572852314,0.0009361148728844213,1.2814011160448973,002353.npy
0.0008870586805778321,0.00102510533532982,1.1618287935090204,002354.npy
0.000885913677693633,0.0010985676705889177,1.259745436827525,002355.npy
0.003311187395753802,0.0017413644473822584,0.5218708591396363,002356.npy
0.004611525444199079,0.0025349355593620154,0.5532684967376348,002357.npy
0.007051386948029262,0.002919240467428848,0.40453617638168915,002358.npy
0.005573446355296128,0.0030178576376566142,0.5441262367155477,002359.npy
0.011024990928660956,0.0011598212202232408,0.10028497770389928,002360.npy
0.0034526489187089995,0.0011984443120783069,0.341190505135238,002361.npy
0.0033894012832621796,0.0009975546099339127,0.2903276242638587,002362.npy
0.003229876215095451,0.0008719051765901816,0.2664868941881175,002363.npy
0.0067172352499636784,0.0008373885309062354,0.12150554736917911,002364.npy
0.000618599256837265,0.0005930953206775386,0.9621896697710284,002365.npy
0.0007769057640957599,0.0009242136939003455,1.1891171009696853,002366.npy
0.000744630812175188,0.0008082253449958823,1.0875266865305824,002367.npy
0.0005999548874084397,0.0007167191373378973,1.2101643565600606,002368.npy
0.002567982257828711,0.0030255809743208193,1.1807215447097998,002369.npy
0.002748090849353474,0.00283647954628927,1.0414244855943284,002370.npy
0.0014501421148104686,0.0015449111264827333,1.0686025625291458,002371.npy
0.002052733714457317,0.0008680552481873661,0.4216074020436215,002372.npy
0.0010245878596520477,0.0008245173469013764,0.8104195595603737,002373.npy
0.0007376376237650591,0.0006560161640153487,0.885482611379416,002374.npy
0.0006536451128345963,0.000507625051218307,0.7821318391033629,002375.npy
0.0008564901476261072,0.0009649508851678342,1.1353749127826835,002376.npy
0.0017331700189287499,0.0003904338047868122,0.22689628944161117,002377.npy
0.001736117116257883,0.00042720962474742974,0.24704661174654124,002378.npy
0.002302415291196494,0.0004914541418665562,0.2145722567596767,002379.npy
0.0008980638777362909,0.0007411823806428422,0.8240884655628463,002380.npy
0.006535710852496564,0.0011827558980134014,0.1825645593575118,002381.npy
0.006907867809734422,0.0011258175135862084,0.16445411654814948,002382.npy
0.007352310565317052,0.0012343533824073442,0.16868666600363424,002383.npy
0.004327454101132657,0.002452134375488038,0.5685314914254266,002384.npy
0.005424569324076944,0.000616106183822726,0.11396729573587376,002385.npy
0.005691226636625704,0.0006606782593148625,0.11637737564743376,002386.npy
0.004813989033537434,0.0005455248879473564,0.1141955032069868,002387.npy
0.0019804534591403105,0.0008782673588157089,0.43985591731362245,002388.npy
0.0014940021112134435,0.0003049186263807541,0.20477859469189685,002389.npy
0.001407831936424863,0.0003255069487524852,0.23166409949377348,002390.npy
0.0006972902126452993,0.0003381138504849294,0.4895149239575169,002391.npy
0.00021973070800110475,0.00027782651722462896,1.2746025299348192,002392.npy
0.008178146318822648,0.0008429644562897395,0.10032665908061225,002393.npy
0.008316438209622964,0.0009584661583354683,0.11167348843079158,002394.npy
0.008815735236960559,0.0011864061824670119,0.13130374789577812,002395.npy
0.0010952739853262797,0.0005651985081046592,0.5112616602394292,002396.npy
0.0001931058511105987,0.00041782327479142394,2.1927719004775885,002397.npy
0.00018350623243972497,0.0003670662520658769,2.031070254591047,002398.npy
0.00026268209495009,0.00033276176624233965,1.2792466397637605,002399.npy
0.0034091835836660873,0.0006381821438195896,0.18665698105144066,002400.npy
0.0049920513890777465,0.0006310675248730734,0.12503530898314166,002401.npy
0.004814544747081512,0.0006270131420647484,0.1295467677193898,002402.npy
0.004352030528335312,0.000634452069005803,0.1453644800366081,002403.npy
0.002536078831045561,0.0007358378720798758,0.28861409225305223,002404.npy
0.0002812516422846479,0.00043161033211379493,1.5445938418714849,002405.npy
0.0002460865270256625,0.0004937167814157182,2.035971101899684,002406.npy
0.00034838996709338985,0.0004617098867641145,1.3323711215781466,002407.npy
0.000537176335821887,0.00047302998443111245,0.885078678749299,002408.npy
0.011631703662880672,0.0011084029879017264,0.09233118321817002,002409.npy
0.011174303706425906,0.0008500593281273466,0.07342655767198489,002410.npy
0.012628488074470812,0.0011186802701937378,0.08518344340527628,002411.npy
0.0018442737071417026,0.0006653792220609275,0.3594039835933809,002412.npy
0.00031050461688649763,0.0004880048805452038,1.5774233458511355,002413.npy
0.00024412449607163833,0.00047677498675634494,1.9777299410339624,002414.npy
0.00023389470611533488,0.0004512334062676074,1.9532681759657256,002415.npy
0.013060885599611015,0.001318612364829695,0.09578590878528408,002416.npy
0.001463460460745889,0.000759589645300415,0.5198069022215982,002417.npy
0.0014557557265565367,0.0006807216130831857,0.46721143799402376,002418.npy
0.0013886794646542325,0.0005805088289782323,0.41665141024202085,002419.npy
0.0005318076456198753,0.00036404101682578865,0.6883501893928743,002420.npy
0.0003317455964865525,0.0005200731224979342,1.5871877337438656,002421.npy
0.000338291807877055,0.0004420079665165061,1.3205967397131202,002422.npy
0.00035447988636287946,0.0005092687745198138,1.4508045121276782,002423.npy
0.00048790272426923483,0.0005358742149234414,1.110498111336377,002424.npy
0.0002972354365674468,0.0004775750995825061,1.6248209569574967,002425.npy
0.0003801532538790713,0.00048549393055851364,1.2840350016791888,002426.npy
0.00039100944620955417,0.0004978516067541209,1.2839693178435148,002427.npy
0.000219009959666253,0.0003805182375875946,1.7616705464275917,002428.npy
0.00025453980545566866,0.00037459163782863243,1.4948848644410175,002429.npy
0.00032661307673173263,0.00037460689294587315,1.1566666003725639,002430.npy
0.0003005802770016305,0.00042780908230159883,1.4432046662305766,002431.npy
0.0005172120023021353,0.0005013436720770496,0.9816991496107449,002432.npy
0.0033718832935120875,0.0008511898379003774,0.2521736056271003,002433.npy
0.0027278929205907065,0.0007478348849910735,0.27416789353147364,002434.npy
0.0029594841288299485,0.0009289258868682302,0.31565288381194245,002435.npy
0.009171387703330027,0.0008440991455914879,0.09022901051201976,002436.npy
0.01486625602771093,0.0006928699368100005,0.04654184964179319,002437.npy
0.017731883303379693,0.0005539766967854573,0.030924240111894027,002438.npy
0.018295882846316596,0.0005458868799226946,0.029538813521764743,002439.npy
0.00043131138661040523,0.00047624335376699606,1.112946956379005,002440.npy
0.0006636582416071239,0.0004943818016739985,0.73995948621155,002441.npy
0.000660643650127325,0.0004429638998773812,0.6659506572838313,002442.npy
0.000673149351178761,0.0005490988172797334,0.8161618721707695,002443.npy
0.00018798562771357851,0.00032281908887974575,1.740146652125462,002444.npy
0.00011049086985377684,0.00022381449222494236,2.03800054639205,002445.npy
8.838511346997764e-05,0.0003232781801327856,3.6913238100123933,002446.npy
9.5840518296097e-05,0.00038752386432565415,4.090055200455605,002447.npy
0.00012158958576278977,0.0003908808790228252,3.2489945007328473,002448.npy
0.0014284020349892316,0.0009150358594408179,0.6425705146491484,002449.npy
0.001457556331006425,0.0010397738070478878,0.7212648624441178,002450.npy
0.0013041718327351092,0.0008643811128003414,0.668693604522894,002451.npy
0.0006752806709622532,0.0006053190085293161,0.9001221343074667,002452.npy
0.0003555808273592426,0.0006271804161806502,1.7713768833755812,002453.npy
0.00035037792820659093,0.0005879702753915597,1.683883242671524,002454.npy
0.0004070566860220078,0.0004962994858528927,1.2194379982803352,002455.npy
0.00075197123149239,0.00039315928812301744,0.5277749264227297,002456.npy
0.013520967904118487,0.0017926995356310116,0.12414608078104872,002457.npy
0.012871661233251546,0.0014587078265653995,0.1067412671102335,002458.npy
0.013858160640045318,0.0017400340201568466,0.11691727020177757,002459.npy
0.0048875816982523555,0.0014190376579056552,0.2900066016464535,002460.npy
0.0018181347642835964,0.0015168600824111923,0.8366825315075419,002461.npy
0.0017345522020704909,0.0013992193349323145,0.8072879780127679,002462.npy
0.0018203604867276888,0.0013928099354313117,0.7643355359316407,002463.npy
0.0014869098734406367,0.0009705777998952736,0.660355232281695,002464.npy
0.001963626619953536,0.0007863191036374631,0.3978861009296026,002465.npy
0.002462562033814009,0.0010027224883447639,0.40760971911416277,002466.npy
0.002067056121230765,0.0009963755977216064,0.4837455788745775,002467.npy
0.029074942330732906,0.0014708738481588417,0.048080232937379015,002468.npy
0.0008790393934074024,0.0008459211753128114,0.9674981814801011,002469.npy
0.0005238069913127668,0.0006044005812467426,1.1656928772224069,002470.npy
0.0003155127299534425,0.00024322829605927235,0.7800664803562981,002471.npy
0.021878131151920797,0.0028876450657727643,0.11785680859038182,002472.npy
0.026319406481684866,0.002683731429296858,0.09020448983937542,002473.npy
0.026703029146745404,0.0026786413777232353,0.0895059266781849,002474.npy
0.02565397053702348,0.0026689075712401276,0.09361283773538141,002475.npy
0.00036668705104389435,0.00031810580846729274,0.8745113124635736,002476.npy
0.0002556814312576512,0.0003959777753084921,1.5585736618582402,002477.npy
0.00023394892441256493,0.0003750673755216974,1.617662446958356,002478.npy
0.0002542700056652275,0.00037742589777527076,1.491997028182207,002479.npy
0.0010488715654030296,0.0003884529564478153,0.3718517949141494,002480.npy
0.00023351896062791177,0.00036293897842301084,1.578355381693102,002481.npy
0.0001265868879668498,0.0003672429786563321,2.9454200778420736,002482.npy
0.0002683522608054681,0.00035564432249930413,1.3461264303468052,002483.npy
0.0006330724705341466,0.000635070271045371,1.0093136234527116,002484.npy
0.0011451633748063477,0.00044887422692914197,0.39607327387713975,002485.npy
0.0010740586396347218,0.00042597274092225025,0.39876310216881206,002486.npy
0.000985932549330652,0.000547736476794443,0.5650099418875593,002487.npy
0.0008140193506178207,0.0006380731462079708,0.7926281260928202,002488.npy
0.0006557681275292554,0.0003389855292233173,0.5247408606689913,002489.npy
0.0005697989322398229,0.0002859463879258488,0.5068216454808684,002490.npy
0.000909942107199292,0.00035145770517585673,0.38973639377477987,002491.npy
0.006561515274047966,0.0007550204132686155,0.11405747519004968,002492.npy
0.0038311792041090848,0.000592672413009866,0.15292294744992677,002493.npy
0.0038211859406506316,0.0007670840979980782,0.20110654610428505,002494.npy
0.0038243812324852055,0.0007398016112302447,0.1931732071220495,002495.npy
0.007343991464282293,0.0009956611755240726,0.13312634868248446,002496.npy
0.0010720776678127375,0.0007616893170466468,0.7209642690883529,002497.npy
0.0011138843958031718,0.0007928821390933246,0.7190932805005982,002498.npy
0.00105492367010916,0.0007130518441049272,0.6827046446818837,002499.npy
0.003377038491432238,0.002129556155762885,0.62754037961229,002500.npy
0.005211058538913119,0.0005105310750520361,0.097018998897523,002501.npy
0.004980853997161499,0.00047368472948445666,0.09475614240358717,002502.npy
0.005068028333661039,0.00048394897383386787,0.09470678581219759,002503.npy
0.00053924688235738,0.0005226567621076061,0.9772650994246643,002504.npy
0.0007258953663129662,0.0009458824802139057,1.327993148437282,002505.npy
0.0007288053627431672,0.0010638099365939521,1.4807129747774637,002506.npy
0.0005825733056031584,0.0007272516301310663,1.2594374660166365,002507.npy
0.003291259008637234,0.0011263462046418938,0.34419167614201857,002508.npy
0.0031739831494743635,0.00048735590110625735,0.15430994502289086,002509.npy
0.0040389623486144985,0.0005615315176151389,0.1395017139655273,002510.npy
0.0031781854793012957,0.0005532559706337004,0.175775182664025,002511.npy
0.004447334409149224,0.0011766223192670115,0.259032117086092,002512.npy
0.002841190670191596,0.0015590230206047682,0.5304997999036534,002513.npy
0.0024368204038890686,0.0012940326546398663,0.516083070301018,002514.npy
0.0027170942362433766,0.0014292107145753507,0.5108267363202567,002515.npy
0.0006442327586632737,0.000425601419428203,0.6644966781360198,002516.npy
0.008121312435144358,0.0005004688915149503,0.06127822812123554,002517.npy
0.0065356038483975355,0.0005557492424540451,0.08522553293082868,002518.npy
0.008806686690874208,0.000672359761648896,0.0764306979676339,002519.npy
0.005044409573036384,0.0009916089785321333,0.1936825160052412,002520.npy
0.0019418020555592322,0.0009940620394398036,0.5117701560700008,002521.npy
0.0018224010673033044,0.001088703909625925,0.6073186588270599,002522.npy
0.0017554173560788082,0.0009550138050197126,0.5519600378063796,002523.npy
0.0032449757667803486,0.00047967596235829125,0.14706669649508072,002524.npy
0.0011889593015153444,0.0005049079761872017,0.4244548533093205,002525.npy
0.0011800674118176535,0.0006129710239162874,0.5215812317657975,002526.npy
0.001191496564368963,0.0005908095633849228,0.5000235834700428,002527.npy
0.0017477149383821034,0.0009797261848333006,0.5596651745036427,002528.npy
0.0005357535697331931,0.0007149484787459441,1.3409189150970633,002529.npy
0.0007970197792228416,0.0009705973522118966,1.2278536283795969,002530.npy
0.000750972460713815,0.0009736940422579879,1.3093758706092542,002531.npy
0.0008536633490645376,0.0006942220030843702,0.8173155913493098,002532.npy
0.023777041889484096,0.00080330244304623,0.03257291481716507,002533.npy
0.02367676831858001,0.000887292314455435,0.036390485126609536,002534.npy
0.023553937470132635,0.0008559632528751758,0.03534128178615535,002535.npy
0.0021978802538223942,0.0006651273792067865,0.30356421967930614,002536.npy
0.15156511656767646,0.002586917702043005,0.014375480593705782,002537.npy
0.023838871516651813,0.0005283243712535112,0.021708345650921446,002538.npy
0.15072595321389537,0.0023284703931935077,0.01306328333758121,002539.npy
0.006296364198107905,0.0019072794707258311,0.28586363700288536,002540.npy
0.0057727170285334995,0.0019403544148332934,0.28146948947592576,002541.npy
0.006612900630139484,0.0020465465536169307,0.2614250948094971,002542.npy
0.006764704686461661,0.0020086224020660123,0.2481449176325451,002543.npy
0.003267740498790068,0.0008430250626506511,0.2592261564407727,002544.npy
0.00027797840394183074,0.0003527655875298737,1.2761763047198196,002545.npy
0.0003166205937925789,0.0003195217365069494,1.0104848368328967,002546.npy
0.00014389740411767634,0.0004043718092724749,2.8436028174377292,002547.npy
0.000754579954432422,0.0007637857967888927,1.0139745064564978,002548.npy
0.006142005451464146,0.0020061908549006582,0.3224581696598314,002549.npy
0.004840152143581666,0.0014297578762845402,0.2953299353311217,002550.npy
0.0043477176676000135,0.001303463010140025,0.2966717286331712,002551.npy
0.0037804511108825347,0.0009374282150686006,0.24787551445185968,002552.npy
0.0032176841840262055,0.0006967437815241709,0.2191274638886285,002553.npy
0.003518797112715435,0.000739836908315559,0.2105713518195542,002554.npy
0.0029394871197198154,0.0005578189976823515,0.1916152423795618,002555.npy
0.0010318305088347435,0.0005588340864005196,0.539851792186633,002556.npy
0.002143829018247152,0.0008384271318566838,0.3876927509741311,002557.npy
0.0021017122619699825,0.0006952811668837598,0.32769634700771477,002558.npy
0.0024112684153381643,0.0007676589200632321,0.31304980720162123,002559.npy
0.0013187738768763815,0.0008142990667389445,0.6102661611440905,002560.npy
0.0020766796609589548,0.000910003151473133,0.43875402235492467,002561.npy
0.0022908877482188355,0.0012004620760944667,0.5246020502569632,002562.npy
0.0020661285034429206,0.0009250087708965299,0.4470372237727126,002563.npy
0.004583927528324576,0.0005408319852386838,0.11917966743852916,002564.npy
0.0025974496696276085,0.00038204760489469596,0.1478225146840507,002565.npy
0.0026840103868935564,0.0003528249989751129,0.13105233200054184,002566.npy
0.002508777618923508,0.00039561063803396937,0.15867463185142916,002567.npy
0.0010474132736584755,0.0005495941053559032,0.5281541345953976,002568.npy
0.0017739278248673144,0.00038088522190494144,0.21602594825826496,002569.npy
0.003266629337713464,0.0005602556244931942,0.17422646122435753,002570.npy
0.0033942768845831085,0.0004237689886302919,0.1253717171808695,002571.npy
0.0006841971416592093,0.0008487756644721996,1.2479561206536092,002572.npy
9.714334418504306e-05,0.0003943071155627897,4.1330451572138,002573.npy
8.55908212984671e-05,0.00025528889210001376,3.003158744341141,002574.npy
9.679276343132492e-05,0.0003362148567244759,3.5200730257101562,002575.npy
0.0021414861617410634,0.0004904553052860944,0.22915151310393944,002576.npy
0.00033283232434743593,0.0004167649513289643,1.2670386306006838,002577.npy
0.0005427500588055517,0.0005178467180604627,0.9620153167154509,002578.npy
0.000810221599307177,0.0006299788807486701,0.7882656778756534,002579.npy
0.003349769012226705,0.000507888079919004,0.15019065292534944,002580.npy
0.006339451410695354,0.000535822610121178,0.08432987070727677,002581.npy
0.0062525617476814005,0.0005212128663515072,0.08327331451997343,002582.npy
0.006709415946610274,0.0005381526588383454,0.0798000719121665,002583.npy
0.004168495143239566,0.0018268283803345201,0.43151038206395914,002584.npy
0.003944963277050596,0.002299307862949121,0.5783796461311964,002585.npy
0.004183415046885155,0.002463882100045548,0.5753634924877512,002586.npy
0.003380353511573385,0.0014509707358545379,0.4177932470362728,002587.npy
0.0020909821985256984,0.0009816054498442731,0.46245615363082676,002588.npy
0.001892149395842834,0.001329480481488844,0.6935777604351503,002589.npy
0.002333124248227094,0.0016516687800433067,0.6972676890127025,002590.npy
0.0015848318905119423,0.0009764515549365255,0.6110791028631501,002591.npy
0.0005448641623919682,0.0004885164284581447,0.9032068788693562,002592.npy
0.000526658985693953,0.0003913565526835372,0.7474221261884664,002593.npy
0.0007010447538784302,0.0006435232805680179,0.9340224846283,002594.npy
0.0007603480554680778,0.0005348091729997563,0.7097729782843565,002595.npy
0.0035652749118428076,0.0038626476895228367,1.0938194310020644,002596.npy
0.0032175048439038677,0.0009197624487983695,0.2800923728214408,002597.npy
0.0036442834888685254,0.001017049315737979,0.27141576837053655,002598.npy
0.0037047865766143854,0.0010145019693998183,0.26687642633561454,002599.npy
0.0006300038267354707,0.0007045016008177833,1.1232614866801578,002600.npy
0.009061681230170251,0.0014338194820475876,0.15814197211641515,002601.npy
0.008753768137828273,0.0015519890659998503,0.17531797925189602,002602.npy
0.009340561384369938,0.002009189570381977,0.21591592314712665,002603.npy
0.0006054434367920376,0.000285239877082983,0.4754197390847128,002604.npy
0.009805010294235285,0.00039838431052525346,0.0405954100994785,002605.npy
0.003745243696864009,0.0003435200979427457,0.09221451138887789,002606.npy
0.009516687712141076,0.00036918690823111935,0.03879094955651269,002607.npy
0.00019270052227393712,0.00041153701868653676,2.1623971095844245,002608.npy
0.0010724003319009913,0.0010065416388037021,0.9033431977410943,002609.npy
0.001183973179060232,0.001230063003739494,0.9990175417054705,002610.npy
0.0009544728827782102,0.0009763285741096573,0.9961959137058016,002611.npy
0.0005646764600548263,0.00043481323756190465,0.7772626162957517,002612.npy
0.00047423254146336936,0.0007382405722435973,1.572383283524356,002613.npy
0.0005781652674565592,0.0006630818239902561,1.1560399600983589,002614.npy
0.0005433705005783394,0.000632603379939738,1.1739808391527664,002615.npy
0.0006911533145300614,0.0005076393128835516,0.7387820060808153,002616.npy
0.002520466071700385,0.001098669979252814,0.43855029950179164,002617.npy
0.0027181938572331753,0.0013715285007431517,0.5091329130958279,002618.npy
0.0024426496805766253,0.0011391095397173636,0.46717926770259144,002619.npy
0.004931754288413457,0.0006540508357744363,0.1339343472370113,002620.npy
0.0008486225991447983,0.0005331892019585623,0.6286088785637214,002621.npy
0.0007761506682020485,0.0005722401883936778,0.7429358340662188,002622.npy
0.0007912630300998779,0.0005958190311387635,0.7564761512545253,002623.npy
0.003195250190709158,0.0005417429529350899,0.1716245785508365,002624.npy
0.00312728996787212,0.00048300862935263435,0.15702420018101285,002625.npy
0.0030832526457958945,0.00032923005461725334,0.1072593483940271,002626.npy
0.00311835713868567,0.00040858116179292344,0.13213532056865204,002627.npy
0.0007363248660328713,0.000839941420069506,1.1413420958435134,002628.npy
0.0037424021006860313,0.001982916369281568,0.5166121737781165,002629.npy
0.00442554854331074,0.002380096965716394,0.5262990824792446,002630.npy
0.004429219646696198,0.002466478915402846,0.5403458834026863,002631.npy
0.0020123405294702485,0.0010058481345915627,0.4998124054197326,002632.npy
0.02300418212030172,0.001208995388843526,0.051141466255822235,002633.npy
0.023480639377222067,0.0013925808374718816,0.05824264376021586,002634.npy
0.0266342811937877,0.0011559284475651521,0.04233793291317838,002635.npy
0.03730168734826771,0.002538604559275085,0.061464395107928345,002636.npy
0.15150223158233303,0.0025254109358681673,0.014023036220830327,002637.npy
0.15320223068875152,0.0026846462667436365,0.014855737293603836,002638.npy
0.1510405315076335,0.002440561577088439,0.01357164458664156,002639.npy
0.0018000200541407924,0.00045565357723216575,0.25227713301766874,002640.npy
0.003532261633806868,0.0006394121833642317,0.17673309238277668,002641.npy
0.0032333902183230025,0.0005366080996459062,0.16273172093616536,002642.npy
0.003503397536950055,0.0006375541476046235,0.17908163811249778,002643.npy
0.0004501541457356089,0.0004409013368545743,0.9786864366012672,002644.npy
0.0001689473883495674,0.00025595830823411497,1.5298604298797165,002645.npy
0.00016546004389859182,0.00026246385883992664,1.593637247745232,002646.npy
0.0001324989961112893,0.0003718611235712039,2.8484541910473995,002647.npy
0.0006422679763847677,0.0005128820454089329,0.8025408273869565,002648.npy
0.005799993404451961,0.0008250293103441071,0.14276730079247707,002649.npy
0.00554598189139171,0.0008339612608202623,0.15162636629489873,002650.npy
0.004568678850290204,0.0007718261179463766,0.1699804247806326,002651.npy
0.0006981648827769476,0.00030136843722582173,0.4328902335144617,002652.npy
0.008346636251969342,0.000817617576230625,0.09601192477890509,002653.npy
0.00680414663089732,0.0006223551647708771,0.08962911510342474,002654.npy
0.00841208226554915,0.0009051077407770081,0.10601791852446864,002655.npy
0.0008372226203548339,0.0004323025990035296,0.5172790651470769,002656.npy
0.0036855220999235036,0.0005706947333534279,0.15369421361113597,002657.npy
0.00298241960281159,0.0005842672984772817,0.19581492057495947,002658.npy
0.0036900468269395964,0.0004828120144996117,0.12954727188614268,002659.npy
0.0007054365078969467,0.0005588487408259969,0.799080829254847,002660.npy
0.00018844522288881418,0.0003695838329490511,1.9759101248976605,002661.npy
0.00015054012710565893,0.0003598979955976101,2.4131975543143267,002662.npy
0.00018667598079896223,0.0003754997400383637,2.0271408421267436,002663.npy
0.0007038647704161857,0.0006754340064777345,0.9672135962945505,002664.npy
0.0007574818416311899,0.0005889273382641048,0.7771077388628532,002665.npy
0.0010319335902181904,0.0006004449837144123,0.5796350086819283,002666.npy
0.0008636944753284281,0.0007029469221862684,0.8151465046977864,002667.npy
0.0016161715663372443,0.000598133396335713,0.37325350052775147,002668.npy
0.0015943583114347013,0.0004912035091803355,0.31042274831800665,002669.npy
0.0013412074420722112,0.0005986131926463607,0.4504279477362244,002670.npy
0.0016473489035474511,0.00042250127513526915,0.25586866153334603,002671.npy
0.006662182264790121,0.0007540885530482272,0.11135263731558356,002672.npy
0.0010432689385747806,0.00037384389205536995,0.35914849206016797,002673.npy
0.0012777427526699647,0.0004633994095565263,0.36430046488757994,002674.npy
0.0025894757329617034,0.0005910281528203676,0.22756996474600705,002675.npy
0.00010636331488369309,0.0002695682414939446,2.551319504763615,002676.npy
0.00010821482995714619,0.0002727006311544052,2.548408513481708,002677.npy
0.00011069824800751978,0.0002616762958391869,2.3811708098928333,002678.npy
0.00010667671825308757,0.00031609756103783185,2.9884540993187465,002679.npy
0.005067872129946521,0.0009543114573865835,0.1838669119679341,002680.npy
0.013461556218830408,0.001970608376530272,0.13360070296159543,002681.npy
0.015179813310618493,0.0018756255976141896,0.11250033778034026,002682.npy
0.013442443702100461,0.0021302422898440226,0.14445373912518603,002683.npy
0.0030616165750865557,0.0007960873951499908,0.2613791270626841,002684.npy
9.206631105679104e-05,0.00030843927502205226,3.396851254316327,002685.npy
0.00017226792085391405,0.0002597610104478493,1.5172426895931341,002686.npy
8.858261082110328e-05,0.00027393853961734185,3.120813524753993,002687.npy
0.00027404899399427934,0.0003353136844348195,1.2337257796862284,002688.npy
0.000583427286468592,0.00035676430830253945,0.6097183587398501,002689.npy
0.0010214854171713375,0.0008081885834928393,0.7908594248247686,002690.npy
0.0006916340648347594,0.0005870415619226449,0.8532699861110729,002691.npy
0.0002072549843350103,0.0003601171190901687,1.7522316864308807,002692.npy
7.637424904879168e-05,0.00031441999341431904,4.162293648709366,002693.npy
0.011338633328868567,0.0005442680104793417,0.04767931330413807,002694.npy
0.010186625811000431,0.0005503678029485383,0.05385232602071567,002695.npy
0.000542946739558628,0.0008832932007467839,1.648859114024728,002696.npy
0.006982322690472963,0.0006084543350811611,0.08704233835913922,002697.npy
0.007003068097960572,0.0005995160085670169,0.0859617451589362,002698.npy
0.00974719447399451,0.0009098039797247059,0.09320663678971895,002699.npy
0.002994520952126681,0.0006977148449232345,0.23010869705146514,002700.npy
0.00047100125571074655,0.0003750743842393193,0.8037497219073296,002701.npy
0.0006614269986665505,0.0005005600480240346,0.7619680897344757,002702.npy
0.0006399967885778509,0.00043789057606448,0.6901940105299632,002703.npy
0.020348372486838722,0.0014863833563707612,0.06902968641622968,002704.npy
0.01745960088523188,0.0021194897057513692,0.11155812982407602,002705.npy
0.01855701719930553,0.0019230456561706286,0.09599522227644658,002706.npy
0.017484380558203217,0.0021566519457608215,0.11438594832267784,002707.npy
0.0001717981287446669,0.0004327903217019805,2.564678120721728,002708.npy
0.00023665625107350708,0.0003132154127262525,1.3309979230646347,002709.npy
0.0002560118727044392,0.00033573751710005615,1.3237967144476852,002710.npy
0.00022829348641325653,0.00045523886553462954,2.0127109626045345,002711.npy
0.000989443858695888,0.00039786624525599897,0.40305106439544897,002712.npy
0.017083181795555184,0.0005780629101922778,0.0335497395099778,002713.npy
0.01805111803135314,0.0005694013142626243,0.030988951183923245,002714.npy
0.02026861004325481,0.0006883565991315193,0.03339643862389664,002715.npy
0.027167480834424183,0.0017415710764049097,0.0601090420072924,002716.npy
0.010870818088894778,0.0014249430819722579,0.12199944585795429,002717.npy
0.011716340977682002,0.001227793698001063,0.09714422316118171,002718.npy
0.011683952169841614,0.0014397991635593016,0.11545319077680535,002719.npy
0.011494717861755635,0.0016351867164575292,0.13639983485757015,002720.npy
0.0124601434372414,0.0012424286347266981,0.09701919578653172,002721.npy
0.012416797113288499,0.0012386574451103405,0.09722590513991065,002722.npy
0.013479989493536933,0.0012349158485935163,0.08818013390025281,002723.npy
0.0004960211766309175,0.0004880253704342821,0.9867351115986057,002724.npy
0.0010460293870503438,0.0008345097845526733,0.8010600401691137,002725.npy
0.001440483470332917,0.0011534470229405797,0.7970600073134745,002726.npy
0.0014469410026654267,0.001447332156234586,1.0065860538427154,002727.npy
0.012984413091360437,0.0006338614740440525,0.04774449025992401,002728.npy
9.687729571295601e-05,0.0003393813834790491,3.532699634462126,002729.npy
0.00010812822577658901,0.0002885881246935463,2.6992423436945554,002730.npy
7.922177152882461e-05,0.00022839022237429059,2.9125043291580615,002731.npy
0.0009948987609379755,0.0008539154793386518,0.8459167883307234,002732.npy
0.00017681404637225786,0.0003925730318728283,2.23862019476304,002733.npy
0.0001682073823803162,0.0004570870880373602,2.749935667393404,002734.npy
0.0001810412196808605,0.0003364596742290239,1.8692146721759608,002735.npy
0.0011179809609101845,0.0008925782212085169,0.7936749900247302,002736.npy
0.0007094956401084185,0.0006846610799224072,0.966784374712986,002737.npy
0.0007042496637040942,0.0006944703092729157,0.9931249849423195,002738.npy
0.0007356466827511578,0.0007006195271371849,0.957591835491317,002739.npy
0.00016062996182718785,0.000481123236487168,3.0356783489970667,002740.npy
0.0088767474428369,0.0006355200122084122,0.07014035155145296,002741.npy
0.006727559894845435,0.0007088337226160621,0.10379655383548429,002742.npy
0.008852465239700087,0.0007151886587259731,0.07989770821636749,002743.npy
0.004202427076124863,0.0007275620168878854,0.17009722335155095,002744.npy
0.00239091488772202,0.0005526457578922433,0.23358076161127872,002745.npy
0.0022339389407848922,0.0005474350588515832,0.24732165772203688,002746.npy
0.002319892369696372,0.0006237616328946144,0.26978733318191217,002747.npy
0.0011289730328276494,0.0009091486934000645,0.8068788454521582,002748.npy
0.03154075354234374,0.0021910402705258352,0.06200928654887235,002749.npy
0.030561708210442982,0.0021044355397368997,0.0621318029766893,002750.npy
0.03150121940982835,0.002126900862044504,0.0607242453808698,002751.npy
0.001540574871753614,0.0009349369313548747,0.599875242724742,002752.npy
0.0006853899378593944,0.0011782593932292136,1.7433554575819876,002753.npy
0.0011956325583319801,0.0013720804273412558,1.1459110176318519,002754.npy
0.0011800397513008357,0.0014832942753083102,1.2767472463960323,002755.npy
0.0008679109861116345,0.0003898290805912436,0.4541688992771537,002756.npy
0.006592380964834091,0.000461362862346474,0.06982114601394275,002757.npy
0.005903947816811515,0.0004309086993232727,0.07296433840281256,002758.npy
0.007476892053279837,0.0005215812951244631,0.06943863053888426,002759.npy
0.00028860891742410504,0.00023451694967430346,0.8201816440889171,002760.npy
0.0004686834680997246,0.00042845289390208935,0.9192245847808783,002761.npy
0.00022685699209275124,0.00022618761363065351,1.0042804535797691,002762.npy
0.0004407079647488152,0.0004414968916310278,1.008089498065383,002763.npy
0.0016464125209795645,0.0006384589988369965,0.38751474150375803,002764.npy
0.0012140840036612025,0.000845857984977545,0.7046997105676358,002765.npy
0.0012288147549971192,0.0009343087280264326,0.7723367153269116,002766.npy
0.001160836081134441,0.0009308298475849622,0.8090320815495535,002767.npy
0.0019487687454751176,0.0008377002544704767,0.42940205638903717,002768.npy
0.0023159996813617123,0.0004133070180676269,0.17862313796325682,002769.npy
0.002611895205523281,0.000344972908917965,0.13242062774554658,002770.npy
0.0022978890775874096,0.00036454777945644216,0.15841886833767369,002771.npy
0.004121754932143904,0.0008445596187709131,0.20261543273307048,002772.npy
0.0010882649135937003,0.0005712430875775326,0.526199493135944,002773.npy
0.0007378052810991052,0.0006483241069073954,0.8893774346258589,002774.npy
0.0015272434930381083,0.0005910492248351647,0.38617124131418534,002775.npy
0.019356378834633994,0.0011998748254162033,0.05913949920017077,002776.npy
0.017092339610390316,0.0016526030627106007,0.09138106389236045,002777.npy
0.018262387298732186,0.0014649669079179028,0.07511014350130782,002778.npy
0.01686394338540943,0.0011288963982805582,0.0627467022372989,002779.npy
0.0013958808604767423,0.0005783388571421447,0.41859895917426143,002780.npy
0.00410749365380415,0.00101318374621036,0.23824180243512497,002781.npy
0.004096121566305239,0.0009980250603372999,0.23573891359171437,002782.npy
0.003790470186986031,0.001090644870916259,0.2795133655099283,002783.npy
0.0022806846078481094,0.0008379321399243338,0.3695186076106503,002784.npy
0.0015813030244318739,0.0006231664689077225,0.39068619851527986,002785.npy
0.0016014090669415647,0.0006507303149243057,0.4041128897401106,002786.npy
0.0015148444083035166,0.000703000825857587,0.46157207399604916,002787.npy
0.00022097861098973982,0.00028859876713105935,1.3133278210000527,002788.npy
0.0046033797711726,0.0004930876859869079,0.10673087752796587,002789.npy
0.005328205258545447,0.0005068145862503515,0.09507978135577592,002790.npy
0.004345517660357876,0.0004508835911620238,0.10370454006177188,002791.npy
7.501638463984516e-05,0.0003388797456989204,4.583177778999623,002792.npy
0.0006263367243185216,0.0004987571147164826,0.8039770579841918,002793.npy
0.0009294141146439301,0.0007548158674556388,0.8179557045842523,002794.npy
0.0006429274649548338,0.00045790794487685326,0.718723535554712,002795.npy
0.0009424377703687319,0.0004782903536049251,0.5107546805864753,002796.npy
0.001758462042750759,0.0005044314245373474,0.2892356235775036,002797.npy
0.0017603380063445319,0.00046920615544390493,0.26836268738514885,002798.npy
0.001656612159456505,0.0003474613944228976,0.21058580855120818,002799.npy
0.0038321665503363946,0.0005278063862427522,0.13867048298263177,002800.npy
0.0011075812458967995,0.00042064383030604457,0.38533208898720606,002801.npy
0.001151358639028421,0.0003506378356133957,0.3078037691396265,002802.npy
0.0015077579369283454,0.00028587794113402176,0.19073443872070525,002803.npy
0.002538893781866243,0.0007714315704327783,0.30188727058964165,002804.npy
0.006179953539269069,0.0007680281313480872,0.1255099851356773,002805.npy
0.0069727358590924516,0.0006181724774152596,0.08922189796353336,002806.npy
0.006437786401844933,0.0007372557355364811,0.11563857896534041,002807.npy
0.005031186664303616,0.0007814172482042813,0.15398498310161454,002808.npy
0.014119652876374959,0.000977608365232466,0.0674519420843807,002809.npy
0.015208089420078025,0.001009043215092834,0.0647060214065954,002810.npy
0.014894653146583867,0.0013557534904564677,0.08984228039448561,002811.npy
0.0003443216986318551,0.0004899158011602008,1.4266447062174343,002812.npy
0.0004936471430681088,0.0006298217410579537,1.276391385649738,002813.npy
0.0005116053372950929,0.000628946083376089,1.2283171656653118,002814.npy
0.0009759338010363823,0.0010224672995510014,1.0449911966076435,002815.npy
0.0016017564698829583,0.0008882243927918717,0.5531356747335172,002816.npy
0.002051093008034531,0.0007909442702226973,0.38868284357218646,002817.npy
0.0022082126659386664,0.00045836312376519237,0.20651389321114072,002818.npy
0.0018710808720133218,0.0004869816608220814,0.259618741675787,002819.npy
0.006047365985997354,0.0006516909860286666,0.10637756000171918,002820.npy
0.010570113122992704,0.0008054401629919189,0.07435782212763473,002821.npy
0.010701518675815565,0.000929847680109816,0.08582024942070324,002822.npy
0.009578834259440854,0.0009375931445742029,0.09625200733035376,002823.npy
0.001666470752443692,0.0008926210189448104,0.538047242435554,002824.npy
0.002183199326276991,0.0004484822039496005,0.20623943606289394,002825.npy
0.002096089810170604,0.0003945167841283775,0.18898416309188104,002826.npy
0.0028018327320106025,0.0005748057358735183,0.20582597511242598,002827.npy
0.00033187490725016927,0.00045577172866077446,1.3826521133929703,002828.npy
0.0015367278993101306,0.000822447698710963,0.5411624178507254,002829.npy
0.0015141914479674255,0.00097209355724831,0.6529772482335988,002830.npy
0.0014812449856235008,0.0007898678659749604,0.535933844327874,002831.npy
0.0009180343439396876,0.0010249476174226107,1.1192321842599355,002832.npy
0.006547568928354309,0.0011253088233940602,0.16480180157646396,002833.npy
0.007910208974003572,0.0012871307830480674,0.15749973351553445,002834.npy
0.00654800696620966,0.0011465192382563024,0.16867574268929625,002835.npy
0.0008358038788189961,0.0009327501434985186,1.1162823807640383,002836.npy
0.00016078260749543202,0.00040182079326492147,2.5257484366462912,002837.npy
0.0001694620846474627,0.00034856478627582607,2.0801049775590155,002838.npy
0.00012615877858726234,0.0003630225350483366,2.9012693669501908,002839.npy
0.0018068785575289395,0.000635359527356586,0.35117042431081413,002840.npy
0.00018174623672090537,0.0003037849181418083,1.6778528489614204,002841.npy
0.00019682558919614007,0.00033274694116865904,1.7011900516002834,002842.npy
0.00031339463837380275,0.0003851498115142982,1.2362661628940712,002843.npy
0.0008192171507974438,0.0005059828073006248,0.6259137072287053,002844.npy
0.00885809269670027,0.0019900944875515577,0.22471753831943764,002845.npy
0.010664380354849975,0.002060482596968951,0.1912840644252699,002846.npy
0.008108361016898435,0.001573767504321566,0.1944221881529379,002847.npy
0.0008302733652846537,0.0006760736749211238,0.8254102257096261,002848.npy
0.0005383912383542302,0.0006835609551851631,1.2794517708265265,002849.npy
0.0006280838366779937,0.0007722581043806176,1.2394488451036945,002850.npy
0.00015626522547943877,0.0003124391530389721,2.0109766076310662,002851.npy
0.019807106006973985,0.0012646598187530521,0.061787366484918185,002852.npy
0.02451052372753853,0.0025787342103141568,0.09518477379490248,002853.npy
0.025078204307195585,0.0025562668883467817,0.09338899726667876,002854.npy
0.025695463617275253,0.002260548946567612,0.08013406440925636,002855.npy
0.0019368433754751566,0.00043566790465267914,0.22403485390371633,002856.npy
0.001059777077133568,0.0010870776551521605,1.0341759222437266,002857.npy
0.0009686009489557652,0.0012243762750677822,1.28822771505042,002858.npy
0.0010413434322013896,0.0010855235495442971,1.053546280143073,002859.npy
0.0007356429196530628,0.000610050501003412,0.8306923622773121,002860.npy
0.0008537296649616118,0.0007010534454040394,0.8181930240480908,002861.npy
0.0008711877118482153,0.0007347785755051137,0.8419960336815913,002862.npy
0.0008108118908851386,0.0006728221496220191,0.8322054110748506,002863.npy
0.003725912715009149,0.0012460264564620664,0.3328048102392616,002864.npy
0.0026902713600959857,0.0007939918513957577,0.29191324451500605,002865.npy
0.0027335812258919043,0.0008610518068142076,0.310473856715156,002866.npy
0.0030116046645032174,0.0010184888007716097,0.33233119692561575,002867.npy
0.0016628305823269585,0.0005103089499024839,0.3078282808683678,002868.npy
0.0009564041598850834,0.0009266687727430805,0.9777412482981609,002869.npy
0.0012759572585878192,0.001130314786904861,0.8947394205243787,002870.npy
0.0012869315451863857,0.0012172639917025344,0.9619997429751752,002871.npy
0.0013242911527987817,0.0011243549954055641,0.8542286484270405,002872.npy
0.00015100168984444307,0.00032059716406321727,2.1413085215501737,002873.npy
0.00016412411824266008,0.00028748484888994755,1.7650579638261614,002874.npy
0.00018339772555658478,0.0003421764483425051,1.8830077573519743,002875.npy
0.005197892868230883,0.0007884880808206965,0.15178039492659556,002876.npy
0.002680822915168879,0.001117462562267665,0.4137756337026645,002877.npy
0.0038045271035852942,0.001737378391793902,0.4505572268264227,002878.npy
0.0038161730115236305,0.0015897418954832813,0.4135809556315118,002879.npy
0.0005795770223854875,0.000339718179351634,0.5917943426772946,002880.npy
0.000628057032563952,0.00039225529892069364,0.6258433534776542,002881.npy
0.0006087252558418181,0.0004948141457985968,0.8211342115886355,002882.npy
0.0006234033776673709,0.000435145923542736,0.7001262183796492,002883.npy
0.0008018917011197046,0.0003975068305506243,0.4983483507289468,002884.npy
0.0010516959386120397,0.0005762736787254294,0.5497115208246621,002885.npy
0.0011644939555881617,0.0006540360764872882,0.5625898683467736,002886.npy
0.0012449332512994593,0.000928222037144382,0.7492238188713554,002887.npy
0.0004176832336881087,0.0003753581674040659,0.9058228184123643,002888.npy
0.0007333286746356405,0.0004907413555320249,0.675804737870702,002889.npy
0.0007475424043900821,0.00040281887708161685,0.5385028522812786,002890.npy
0.0007430055897261512,0.000508220830463542,0.6899715727083939,002891.npy
0.0005393403383373978,0.00030332888691717285,0.5651916163155128,002892.npy
0.0009760616372922627,0.0009773297789931557,1.016554075499394,002893.npy
0.0008725162797169318,0.0008752977718740376,1.0151369574000004,002894.npy
0.0008880043033460149,0.0008456684796924141,0.9605247239053616,002895.npy
0.00040580177005347353,0.0005594832769956204,1.3939503511459457,002896.npy
0.004703879639465714,0.0006701933712752108,0.14004995246457544,002897.npy
0.00464321561514563,0.0006427761679374378,0.13658299830508702,002898.npy
0.00499110909139905,0.0007235221155299131,0.14276088227099026,002899.npy
0.0048912442221925555,0.0011021606580536763,0.218915092021765,002900.npy
0.0018280043957549978,0.0005809313105711317,0.3157870362865638,002901.npy
0.0015620970746796402,0.000654527370550542,0.4174491566522829,002902.npy
0.0019460856401445807,0.0005931545092575653,0.3017069583357365,002903.npy
0.0005436638584352508,0.0006464935304498167,1.2036385700407692,002904.npy
0.0023784560276499545,0.000938607302582606,0.38852693308089187,002905.npy
0.002197171337135464,0.001031287528937609,0.46090404842943106,002906.npy
0.0022648524195967184,0.000976713472244774,0.4209657383056264,002907.npy
0.0032059849561928144,0.00052720449169147,0.16314976683885257,002908.npy
0.004006547377094361,0.00036745797224734986,0.09184736508582657,002909.npy
0.005144645060327714,0.0011392932063439623,0.22074777229610962,002910.npy
0.004055537636009911,0.00043435220562825525,0.1061337429360773,002911.npy
0.000849403261233013,0.0004955079962034451,0.5856454716851279,002912.npy
0.0025690684657738816,0.0010836746026713197,0.423236426489142,002913.npy
0.003912407569017899,0.0028732487771489625,0.7434593953024463,002914.npy
0.005500254690640983,0.004327707328388645,0.7945742931916213,002915.npy
0.0005987814876494603,0.000610917505829285,1.030755670736255,002916.npy
0.0007570427562507774,0.0008371968289104151,1.12240638835346,002917.npy
0.0007935763902455183,0.0008501870963728446,1.081485478223073,002918.npy
0.0004292035106758011,0.0004648747523941225,1.0917096366569945,002919.npy
0.015994177953457984,0.001521724592759353,0.09057835866840012,002920.npy
0.0009380759396789873,0.00033361809400680477,0.3569691834411669,002921.npy
0.000922206198632083,0.00036460089536100493,0.39954807744565,002922.npy
0.0009422278973156115,0.0003201537445848273,0.34374879529877406,002923.npy
0.01005047923357687,0.0010981729125165297,0.10860422818512323,002924.npy
0.016582211107013498,0.0005240738717968319,0.031388138248630446,002925.npy
0.013127617284982455,0.0006966907620615068,0.05311920847109543,002926.npy
0.013912435754027386,0.0005804646118957696,0.0415848541066888,002927.npy
0.003910814984437916,0.0005861924042138222,0.14819784169672554,002928.npy
0.004926342138431536,0.0006946981321536125,0.14025496430134832,002929.npy
0.005301512291295653,0.000544811059184174,0.10245123956800227,002930.npy
0.004944862706607349,0.0006076999920391179,0.12200735905757146,002931.npy
0.0008599933826208428,0.0007029823120055545,0.8133384280226112,002932.npy
0.0030465681694965036,0.001337942550212964,0.43573258672877035,002933.npy
0.003324468389903247,0.0015218425754841929,0.45442277818755006,002934.npy
0.0032655398029118386,0.0013439104977156307,0.4091232822640591,002935.npy
0.0006173752392725738,0.0008607510101477962,1.4073529154770674,002936.npy
0.000642811680673153,0.0005149796985733256,0.8070899579863997,002937.npy
0.0006079168017440287,0.000586127722861664,0.9754212606182919,002938.npy
0.0005976681893237222,0.000372444326124165,0.6256942917856917,002939.npy
0.0041242207008654885,0.0009107541652463752,0.21916464935108787,002940.npy
0.0025066708695102597,0.0007529114464486921,0.30168947863339735,002941.npy
0.0022368916208351276,0.0007265964105704346,0.3256571804364409,002942.npy
0.002460018595944008,0.0008102175125277308,0.3324362887969483,002943.npy
0.007085670277530884,0.0010258285210232932,0.14363338568224537,002944.npy
0.002883185153539571,0.000545881071650061,0.18790035132125,002945.npy
0.002500473066139332,0.0004847948567103748,0.19203230985491418,002946.npy
0.003204853786624178,0.0006753190719217725,0.2095262326633039,002947.npy
0.0009544990976162948,0.0004893865031925326,0.5128992031812796,002948.npy
0.004981314230915495,0.0005943506157682603,0.12008981294579514,002949.npy
0.003930383574960094,0.0005089723826217983,0.13063497965096343,002950.npy
0.0041698111351497905,0.0005718509123892604,0.1388309743154091,002951.npy
0.0030998229870922906,0.0006897078859593289,0.22087516120691866,002952.npy
0.0002824841510987449,0.000318503759089565,1.1279166623039336,002953.npy
0.00037358631304897484,0.000508249242414542,1.3704701451728554,002954.npy
0.0004662810473219954,0.0005031038279730091,1.0817816449283864,002955.npy
0.0025151744142527487,0.0006848916846708049,0.2732373336813411,002956.npy
0.003387070798466422,0.0007311988561221302,0.2165930510318748,002957.npy
0.0028390817341825605,0.0007698087826340551,0.271564541684492,002958.npy
0.0025779590008777474,0.0006588804653915988,0.25519273708105555,002959.npy
0.004536419148409486,0.0007617027546818687,0.16545330494238006,002960.npy
0.0015736193060190949,0.0013467030934977127,0.8547748677846966,002961.npy
0.0015526387219851688,0.0012906618612974203,0.8410808354314535,002962.npy
0.0017686557705230794,0.001691066420592883,0.9635572329426798,002963.npy
0.0038608314878656115,0.001133291911893113,0.284600364147618,002964.npy
0.002270587840066254,0.0013532977829645344,0.5952594436298285,002965.npy
0.0019461932042685282,0.0009172354999924635,0.4699536703245636,002966.npy
0.0022012388159115956,0.0011164553218465142,0.5042015433517643,002967.npy
0.000932823759968815,0.00038114773742689773,0.4119848802043767,002968.npy
0.00012720688533202667,0.00031810576732829395,2.5163204952696705,002969.npy
0.00011662918887886167,0.000384200112825999,3.3301575276880757,002970.npy
0.00014557277234181955,0.0002664039182343786,1.8398287258414416,002971.npy
0.0025222848091445292,0.0018212880694906803,0.7270168249212737,002972.npy
0.15200275994359222,0.0024267105482936938,0.013378168540363116,002973.npy
0.15175931849911437,0.0024970667703422367,0.013825683587932154,002974.npy
0.1514908624024095,0.002519662295542244,0.014006942156632353,002975.npy
0.006684697412177325,0.0006711011293434337,0.09830014402431334,002976.npy
0.032157120186502984,0.002151969162401587,0.06296286039245506,002977.npy
0.02333324227760675,0.0021675312578730574,0.08654249054425565,002978.npy
0.027925126862918644,0.0026358428313204055,0.08895121295425283,002979.npy
0.010894499239620633,0.0013485322812702546,0.12253622299223338,002980.npy
0.15326279596431522,0.002336477842945588,0.01275443585735266,002981.npy
0.1526719097683087,0.0024927644466359424,0.013763463094559234,002982.npy
0.15238157342790154,0.0023877768505138936,0.013144284263938408,002983.npy
0.0002620494638755368,0.0004935988200394815,1.9023931155896914,002984.npy
0.0013952004907899164,0.00046887059621304473,0.33900127261237184,002985.npy
0.0011134279216392078,0.0003617528453791935,0.3271619360510484,002986.npy
0.0014528006511312283,0.00039288551224778747,0.272289012034541,002987.npy
0.0010380568662847036,0.0003340921918471887,0.3245469524222407,002988.npy
0.0032391822798460623,0.0006861451066942063,0.21265247929590583,002989.npy
0.0028098941099423463,0.0007268920487470349,0.25952153822771346,002990.npy
0.003691931339422158,0.0009033710987368332,0.2452855580124685,002991.npy
0.006966370699320059,0.0011957313997611027,0.16509827793468246,002992.npy
0.003368806108199501,0.0009058990931682386,0.26339835304170856,002993.npy
0.0033754545154585187,0.0009234825748688084,0.26976095752451607,002994.npy
0.0033572386344734723,0.0008118285545874167,0.23875037758503756,002995.npy
0.0011337889273404177,0.0007462033569256428,0.6593764775012999,002996.npy
0.000498426446746145,0.0003391221356517861,0.6847959915300087,002997.npy
0.00046556897005763207,0.0003534216448862713,0.76907338881818,002998.npy
0.00045079842268499944,0.00026083308256480626,0.5812911407271278,002999.npy
0.004866058875972857,0.0014077857820239967,0.2830823134044402,003000.npy
0.00044039057090096466,0.00044399593121940034,1.015239074787499,003001.npy
0.00039457548639640285,0.0004752290292532531,1.2213682842893967,003002.npy
0.00047223714162339874,0.0004621150078834243,0.989289141816942,003003.npy
0.016944305530571656,0.0021943528878038197,0.11960525156012138,003004.npy
0.012095500832512469,0.0019273359940371116,0.15137991019440994,003005.npy
0.012378507431110911,0.0019691281336645947,0.14965916015089148,003006.npy
0.009367318825789825,0.0016201268111756357,0.16644890524532138,003007.npy
0.00048622390853168314,0.0005874853571351227,1.218927133753195,003008.npy
0.0037995493866142347,0.0006409313561209195,0.1700288444152838,003009.npy
0.0036196793362959514,0.0005840640331310451,0.16074017879447683,003010.npy
0.0033826458561553247,0.0005292580057309729,0.15682800113689244,003011.npy
0.004389928967596069,0.0006258346925318544,0.14132592435052818,003012.npy
7.215893776374786e-05,0.0002346865996070573,3.276240395401531,003013.npy
7.074264281879965e-05,0.00035476335814324875,5.077894322208968,003014.npy
7.093841847388775e-05,0.0003241569123471228,4.623675001400914,003015.npy
0.0018501544321892262,0.0006730550711243596,0.3600146118714127,003016.npy
0.0036052043552653903,0.0005696886434991429,0.15893287659594602,003017.npy
0.0036954041539872086,0.0005374892765897115,0.14662349502446467,003018.npy
0.0036977269245470736,0.000596863997304231,0.16363070762908807,003019.npy
0.004624220743423519,0.0016765639456314224,0.35410118370344223,003020.npy
0.005837663534958241,0.001305528589296673,0.2137901459347239,003021.npy
0.005876792480057209,0.0011739013718554687,0.19024794825728014,003022.npy
0.005453981370638664,0.0013232074976878908,0.2317731798750043,003023.npy
0.0018195614392299219,0.0006597786297732365,0.36823729985331083,003024.npy
0.0020855771835059994,0.0005370693038245158,0.25924071477024246,003025.npy
0.002111318951159753,0.00043923191818635615,0.20910840569374944,003026.npy
0.002089407023085822,0.000604128249199135,0.29320368833405364,003027.npy
0.0019830987585088937,0.0006169511992486609,0.31180169102388083,003028.npy
0.027104120759333113,0.0027928921111376637,0.08973881201531389,003029.npy
0.027219578216657936,0.002601868542608977,0.08370712038189326,003030.npy
0.025659961202902867,0.0026049405884296267,0.08898766865769174,003031.npy
0.0010824155317182768,0.0003664630127747493,0.3393413486040473,003032.npy
0.0016944744753995013,0.0005133161998264782,0.30573351652323016,003033.npy
0.001714987595968039,0.00043858526051647126,0.25721202246449565,003034.npy
0.0017187070743696796,0.0004296139519437081,0.24948126465695883,003035.npy
0.010057533577377558,0.0008984281720016523,0.08654292064079219,003036.npy
0.00251498917012358,0.0014407593017430114,0.5508161602879733,003037.npy
0.002665003608943754,0.0017399662361928183,0.6314039255203489,003038.npy
0.0025773920939394924,0.0015507511734280072,0.57946164300591,003039.npy
0.08645225890807175,0.0065873212509008905,0.05234425814783887,003040.npy
0.012410514874881344,0.0014204901476240356,0.10794571489270727,003041.npy
0.012586948027186818,0.0014699817725035938,0.11072705443263044,003042.npy
0.015181228640970702,0.0014268697421142241,0.08715741808206606,003043.npy
0.014687034372434944,0.0006290509600037278,0.04259698481033621,003044.npy
0.001387155345505756,0.0003723067940590882,0.27001141608032314,003045.npy
0.0006591453008613338,0.000446787363515953,0.687436067180164,003046.npy
0.0009386297990332834,0.0003399679586821415,0.36580541351000323,003047.npy
0.0008304006025523499,0.00047299754244414815,0.5712475186333024,003048.npy
0.00010838336815505375,0.0003776020396947572,3.5334626924385852,003049.npy
9.317667417551707e-05,0.000383482329869217,4.179740857492614,003050.npy
6.977655662299748e-05,0.0003326737955504713,4.832407639286864,003051.npy
0.0065179983624273205,0.0006843147428666991,0.10252484731400174,003052.npy
0.000893829409568788,0.0004895509962553197,0.5467468654669125,003053.npy
0.000926922927290552,0.00045496793725105153,0.49026680318521565,003054.npy
0.0008821605215306111,0.00040528151588182127,0.4567209691269231,003055.npy
0.00559034460221594,0.0006580098118462769,0.11712941769887135,003056.npy
0.0007429651066930442,0.00026896628810757527,0.36625744362383733,003057.npy
0.0008684609961237753,0.00042481312311708235,0.4960588559955532,003058.npy
0.0007462603842300872,0.00034983251958866816,0.47300326681620325,003059.npy
0.0034279247621688933,0.0009476169541465949,0.2720668680552821,003060.npy
0.0001468294295986548,0.00047300725418379153,3.2608459700409242,003061.npy
0.00022458085810305988,0.0004874803690843688,2.1908531547887526,003062.npy
0.00024177101194667387,0.00040736638426545994,1.6991569575093262,003063.npy
0.0004893409192442862,0.000439871630827048,0.9023090190603167,003064.npy
0.0024661520226537843,0.0007379598372745429,0.29905682945103323,003065.npy
0.0024058950468179813,0.0008184583221427825,0.33944027444418234,003066.npy
0.0022526635019447763,0.0007527200670689842,0.3341524105265734,003067.npy
0.0007547507416830536,0.00039552634471958534,0.526937115766454,003068.npy
0.009200171086352769,0.000421208465211067,0.04550049457704755,003069.npy
0.006021333357893618,0.00040251101961510705,0.06681591488208098,003070.npy
0.005971951309754566,0.0003991737082978157,0.06678041665214624,003071.npy
0.011152207817280038,0.001237241023545155,0.10792528683838314,003072.npy
0.0008146961487694904,0.0007741639030539153,0.9623831305841031,003073.npy
0.0008421731757323758,0.0006177229810483882,0.7424911133512743,003074.npy
0.000835585229704117,0.0006628876427075338,0.8023413012070489,003075.npy
0.0008810780843229826,0.000567285219762783,0.6381501246937649,003076.npy
0.0003547206756276096,0.0003816755821400806,1.0801252886223984,003077.npy
0.00027722480788463935,0.0003798182194803194,1.3888073548219655,003078.npy
0.0003481071124065448,0.0004396734467694065,1.2744522752986105,003079.npy
0.0006657027384946674,0.00045569717198154866,0.6858345117355007,003080.npy
0.0007028317999152806,0.0006055611219484906,0.866803088390044,003081.npy
0.0006698393917566409,0.0005232042947595402,0.7868188234330913,003082.npy
0.0006492346020829248,0.0005795778898921414,0.9050232824004275,003083.npy
0.0048961478457120915,0.0008003535816551524,0.16117594321866913,003084.npy
0.005982845959252733,0.001327415494145794,0.21475640173246216,003085.npy
0.006235642433250086,0.001429424587680391,0.2216784847354022,003086.npy
0.005645219382389063,0.0013185271569533404,0.22886171701937696,003087.npy
0.012001171992576927,0.0012237674152052094,0.09887728967849399,003088.npy
0.004554503675471161,0.0007286486990738429,0.15741072436166204,003089.npy
0.004558994008267254,0.0007009822932193185,0.1509379328544708,003090.npy
0.004932135920864902,0.0007906896133410059,0.15818608780904775,003091.npy
0.0005114249232123832,0.0003821384246824948,0.7559574040925312,003092.npy
0.0007525355580412732,0.00045384315029532604,0.6104722860259713,003093.npy
0.0009770916605689327,0.00036648624340945146,0.3765693015987534,003094.npy
0.0009750039790483504,0.00037575562406343523,0.38597330804086205,003095.npy
0.005636669897393369,0.0007210045796019588,0.12528315914127552,003096.npy
0.0026706214725041116,0.0007122862441401033,0.2654789909735688,003097.npy
0.0037055817394010325,0.0010501035097771729,0.2786024293432388,003098.npy
0.0025486606687070822,0.0006489779466798234,0.2538430405548237,003099.npy
0.012306434379052208,0.0018467384707497542,0.14067914032172196,003100.npy
0.020401817801045684,0.0016435627771513694,0.07670233916207188,003101.npy
0.0218076091288615,0.0016212304531599189,0.07002359857102733,003102.npy
0.020095653860634465,0.0013801627955988764,0.0649504362302534,003103.npy
0.002557530245784691,0.0012314337804453887,0.4830619807496307,003104.npy
0.0026652937450547193,0.0022533646031948473,0.8436103600472802,003105.npy
0.0026384341996353467,0.0016442911849582917,0.6174384332164826,003106.npy
0.0031961518584472737,0.0026212755158269347,0.8164464027190066,003107.npy
0.0003901571023960865,0.0004953196628696914,1.283348876853633,003108.npy
0.00034025270924849515,0.0004004642759902618,1.1861244066319783,003109.npy
0.0003427408050943607,0.00045598235702291277,1.339877297475529,003110.npy
0.00044949903315529715,0.0004812497304080102,1.0806466375493202,003111.npy
0.001737289537225379,0.0007787175561842039,0.4486696864087317,003112.npy
0.006711371216900113,0.0009811233244053589,0.14169294353739972,003113.npy
0.0063250968766228105,0.0013125757916392002,0.20126171352369687,003114.npy
0.006721229882948021,0.0013350071581393046,0.19333120279443813,003115.npy
0.0003665614897759483,0.0003936731382835496,1.088964079308487,003116.npy
0.002638259233245499,0.0014028713512795519,0.5369056833926295,003117.npy
0.003513685468128297,0.002853401220203194,0.8183757534534065,003118.npy
0.003241514922367338,0.001994671864196646,0.623247968868456,003119.npy
0.0008388565907605292,0.0007457963869918728,0.8920792555435101,003120.npy
0.003034572608902757,0.0006987608759038591,0.2314778063054629,003121.npy
0.0022378713847475487,0.00048215988602328053,0.21625399424895814,003122.npy
0.002264409939361521,0.0005237690822476714,0.23321172908663895,003123.npy
0.00012970904909975263,0.0003110761064660039,2.41800791812452,003124.npy
0.000504000435486895,0.0006332038353009351,1.2701931335586365,003125.npy
0.0007297866458557726,0.0007651481442418745,1.0593946996804804,003126.npy
0.0008533084892803482,0.0008217438843335199,0.9755605720966438,003127.npy
0.0002642008478066473,0.0005459215985616909,2.0599586978587436,003128.npy
0.00018761772816066547,0.00023740238725426446,1.2751560777811866,003129.npy
0.00018994134494632514,0.00037543638485921664,1.9970317794744776,003130.npy
0.00031696369555405074,0.0004629977689989336,1.4792242314995814,003131.npy
0.0019486846346057265,0.0005575981855749613,0.28641329204059357,003132.npy
0.0025459188565295325,0.0006489463618816637,0.2542405789373227,003133.npy
0.002536261373682016,0.0007610185525875441,0.29936523742573456,003134.npy
0.00245634981457414,0.0005287168788871795,0.21316662635674963,003135.npy
0.02129944663079093,0.001495470888381412,0.06657616064954178,003136.npy
0.011985788786247595,0.0016496881028323707,0.13077109929225034,003137.npy
0.010246011740592616,0.0011749417974784818,0.10884244725190331,003138.npy
0.009464409162658997,0.002057565395109104,0.20753396282370998,003139.npy
0.000527644231847599,0.0006275368595483847,1.1972675924921319,003140.npy
0.0034763939071045364,0.002036475722594167,0.5952737280508917,003141.npy
0.0033942893407621255,0.0022386777470495976,0.6683749565805776,003142.npy
0.002139558832959965,0.0013884093631830819,0.6611365827582758,003143.npy
0.00024011477774138416,0.00039725630579481673,1.6680807811767115,003144.npy
0.026761134155372127,0.002434037525570905,0.08319782303961233,003145.npy
0.026798018057146936,0.00224583572652291,0.07627306600292658,003146.npy
0.026792380833830915,0.002168964323600677,0.07330591287697828,003147.npy
0.0014271328524107915,0.0007048896029111879,0.49465981974363893,003148.npy
0.0011907535240417268,0.0010243885189205712,0.861725222823347,003149.npy
0.0008708415669524406,0.0008778912381780595,1.0139029091607727,003150.npy
0.0009434127236120534,0.0009557567537857488,1.0192642395344313,003151.npy
0.0003349752158065787,0.0004157556287956676,1.2447602172412195,003152.npy
0.0011819001675704727,0.0007107537954572434,0.5936240488864377,003153.npy
0.0011128302566652433,0.0006991662032994813,0.6272280358827528,003154.npy
0.0011076977140795593,0.0007585646953035804,0.6815781085270379,003155.npy
0.012739456659982124,0.0009195139662574558,0.06997557896496474,003156.npy
0.003645322425955157,0.0009121167027848036,0.25257677864567984,003157.npy
0.00354771951144691,0.0010115439752621325,0.28719594506759183,003158.npy
0.003493043767673197,0.000816816210583229,0.23530712447847899,003159.npy
0.0021518448745119086,0.0005939204023229137,0.27742729062449806,003160.npy
0.0019157443350828487,0.000491496066589694,0.257226252577652,003161.npy
0.004196058124892703,0.000569428221484247,0.13505479192841885,003162.npy
0.0029482007641612783,0.000548894759958513,0.18703655683058928,003163.npy
0.002646676315213463,0.0007028273185132447,0.2601538040075821,003164.npy
0.0008157475372313595,0.0005869973133899089,0.721278288406282,003165.npy
0.0008231590439209514,0.0006890683766440286,0.845621981977288,003166.npy
0.0008734596714525386,0.0006455463658515053,0.741348191130326,003167.npy
0.0019233870354266372,0.0012092398075882467,0.6294803217945897,003168.npy
0.0056802311367054,0.001881382292430358,0.3291400195187972,003169.npy
0.005604929267270181,0.001733894864160262,0.31189331554739635,003170.npy
0.0033642013561087586,0.0010035693908256086,0.2964326396472406,003171.npy
7.202090276976493e-05,0.00028180096985728635,3.9504203658752632,003172.npy
0.00035652890298936216,0.0005060730038858236,1.4280462915614016,003173.npy
0.00029148708785044545,0.0005299688392597261,1.8268467511123072,003174.npy
0.00030164206936957223,0.0004798054782692758,1.5976327978660123,003175.npy
0.01037586072128014,0.0012625239758559123,0.11793373275154571,003176.npy
0.005928328909368474,0.0007816158704293727,0.12947014213638205,003177.npy
0.006003506865325106,0.000826060701681317,0.13512185811072402,003178.npy
0.008034556828695104,0.0009460393159803923,0.1151411178661328,003179.npy
0.0005003366876784531,0.0006906285171084514,1.3944301757177644,003180.npy
0.005230885129696053,0.0005640249313867997,0.10884018489454815,003181.npy
0.0057127295644277525,0.0005269701138258541,0.0925226966901423,003182.npy
0.005006009266878997,0.00041684323156508305,0.08341219704103131,003183.npy
0.0066280873120248655,0.0012254921060931426,0.1793062182003429,003184.npy
0.005473236805089621,0.0014594506564443467,0.25787409623950913,003185.npy
0.005470230919377628,0.001433019715213324,0.2544224161470993,003186.npy
0.00551220952977371,0.0015714198783580995,0.27922266251739325,003187.npy
0.00019124093877923164,0.0003426113646490833,1.811767186952525,003188.npy
0.00619278658184614,0.0006442733841622076,0.10503931320765228,003189.npy
0.007438316965451866,0.0004921723615608768,0.0656950275216933,003190.npy
0.007338172319490466,0.0006216632362794208,0.0845358512367209,003191.npy
0.0010899367713513768,0.0008490577322794789,0.7824212327057699,003192.npy
0.001552427615031771,0.0011102924408500977,0.7143740025603688,003193.npy
0.001418931586606906,0.0009930547277563863,0.7037966043155091,003194.npy
0.0014030611257608546,0.0010347927859367498,0.7380591563715472,003195.npy
0.0038397857892753413,0.0011558201250490407,0.30333287669620596,003196.npy
0.004428699494666479,0.0011074450468326477,0.24175496041633227,003197.npy
0.005051202963518263,0.0012857202166725772,0.2440491030025354,003198.npy
0.004101073245616121,0.0009443457819003316,0.2227357345166903,003199.npy
