L,scale,ratio_mean,ratio_std_new,ratio_max_new,ratio_argmax_flat,n,file,L_old,ratio_std_old,ratio_max_old
33.240507431892546,0.0300651135329273,0.999379629831963,0.17286156278977366,2.3567978849118485,2700,10562,000000.npy,59.19787337518417,0.1346916766290981,2.6194108980204933
29.02845702740896,0.034379085576242044,0.9979718082915575,0.18458782692044312,1.9374739028472925,3514,16001,000001.npy,65.38192254769564,0.1247378911638663,1.930374041968564
33.48648713886417,0.029742043317195176,0.9959565510247973,0.17160145552164213,2.0690133078449535,798,15868,000002.npy,72.82885102238235,0.1182231922130435,2.2748941075040343
42.088721476977945,0.023689542639756613,0.997062562081709,0.15342645842194041,2.574040171835843,878,15989,000003.npy,89.84715290622061,0.1064295787857713,2.274382499074893
15.301388164593137,0.06443517947288925,0.9859476925699022,0.2455635129936281,2.518095294244232,5591,16374,000004.npy,12.296128710719213,0.3611576190474187,9.433537803519092
32.16655801640654,0.031029661339645517,0.9981174017111546,0.17210556488640072,2.3476084633282213,13663,16374,000005.npy,40.06441542731889,0.1729858047641361,6.087555015305063
33.88999964786064,0.029438194867904284,0.9976604137069292,0.16756196757373107,2.5521354932765368,15842,16376,000006.npy,41.43216465704515,0.1694928894636004,4.316553431292269
32.543404737952216,0.030724706585645457,0.999886561871486,0.17203893556641453,2.261410942411062,14811,16375,000007.npy,40.03732139440074,0.1743027837473837,6.473781482746541
21.42089935335546,0.04646123133571074,0.9952413602752247,0.2122086551603853,2.629903682926632,1694,16349,000008.npy,23.6692927665032,0.2295498950689194,5.208356159259067
24.97788639529605,0.03980187987405895,0.9941668338134646,0.1974048963798488,2.419033541173142,1949,16356,000009.npy,28.339659202155413,0.210938831328009,4.655336398911383
20.93378023985139,0.0476569038244871,0.9976391515735461,0.2153871189048715,2.5328106741357996,1154,16346,000010.npy,26.772903445042388,0.2176127185523379,5.361011399460286
32.26384991811461,0.030866048647008527,0.9958575611123076,0.1729555708677021,1.9789492960658217,3433,16368,000011.npy,32.565391296843465,0.1954737920236059,4.462437108695969
26.62596544632613,0.03752169649559459,0.9990513943792378,0.19298336691766835,2.159169431000514,1909,16373,000012.npy,40.949588853275415,0.160685407273435,2.995880684329805
20.8519763054011,0.04775946299280581,0.9958791906846675,0.21602661265962472,2.9531640438921567,15479,16381,000013.npy,26.495370863557795,0.228730083863469,7.598675277812614
26.562608838476393,0.03752786301713957,0.996837945868203,0.19154640943020498,2.5986197503721162,14460,16383,000014.npy,32.13437425166168,0.2107866290931177,6.712775698923864
25.563893939036912,0.03890160992770877,0.9944766302497323,0.1944339989477495,2.869167907419273,14970,16382,000015.npy,27.048539803443266,0.2307663800716332,6.2399159270712685
26.849011371780875,0.03718212340434135,0.9983032541101208,0.18792130624531583,2.3241150661873125,14786,16319,000016.npy,52.47849096185772,0.1507875221553791,5.575887460013024
28.98026617605066,0.03423941471754659,0.9922673522266865,0.1815091381010613,2.0859523318896183,1502,16383,000017.npy,28.47249796980018,0.2270606393418001,4.843576543024494
26.40114206530128,0.037636346897843696,0.9936425412689326,0.18976231491454187,2.468915100786986,509,16383,000018.npy,30.160054401190475,0.214698361826141,5.494514659247383
28.35028908762189,0.035013930057970655,0.9926550392372414,0.18272656075910096,2.2812834381287974,644,16384,000019.npy,29.412565997108736,0.2209029151610322,5.756154158826533
46.53261752437243,0.021429883454093333,0.9971885703612021,0.1458674141802768,1.7023915438426813,1129,16383,000020.npy,105.20386396915671,0.0978844338367591,1.7936621527837824
41.13712013946946,0.024221445048144694,0.9964004948970859,0.1543117924123953,2.0254725356494934,1796,16325,000021.npy,75.25951773687687,0.1184838211721744,2.934821995828485
37.1362919131397,0.02680802980194316,0.9955508203411098,0.16223728194999146,1.765737660938438,13910,16229,000022.npy,66.72539914441029,0.1267137266284905,3.6763443702573713
43.214509871042026,0.02307796248820946,0.9973028377502653,0.150513000741092,1.7264973261620309,3075,16252,000023.npy,74.94616116268746,0.1199075645085075,3.26388426092523
14.659610344726529,0.06742461190170652,0.9884185381234284,0.25474479021206303,3.0630767500276352,14094,16336,000024.npy,13.577401892497315,0.3110653153630813,6.105966034383903
17.3515256435049,0.056867390736635916,0.986735988645951,0.22992113278820364,2.9220123504469844,5384,16243,000025.npy,14.525630851765316,0.3114756847805955,7.450076861323464
18.603024197138236,0.053199033536294946,0.9896629081400634,0.225041533507166,2.6230839674955284,766,16247,000026.npy,14.742584947678726,0.3114352698725881,6.724381873304092
16.12895983636093,0.06123017707732119,0.9875790668533811,0.24084753459357736,2.66688830380888,382,16246,000027.npy,14.112345671959044,0.3155403966487838,6.76221480980911
43.85651565120677,0.022803777930451092,1.0000942437134719,0.15032327488460875,1.926725358155616,16176,16344,000028.npy,81.60786152751595,0.1133224973598008,3.047385964260385
24.357703984963866,0.04101586581346784,0.9990523181714488,0.1991936493526346,2.1261469295986952,4807,16355,000029.npy,40.58685381649139,0.1720627791087446,5.032987903749671
34.2322556208386,0.029168695646984003,0.9985102455139986,0.16878108000312744,2.326088370716801,15,16366,000030.npy,48.20437630837671,0.1593665566517223,4.276925101566933
26.66993640766469,0.037518134602608534,1.0006062639857738,0.19121381886745492,2.869461486153698,1790,16354,000031.npy,42.99726835167192,0.1687738580588849,6.5971860127980415
36.52709652766021,0.02735361673893782,0.9991481990038039,0.16189534134854858,2.2454390335082928,16275,16301,000032.npy,58.19794318096632,0.1482188109288609,5.300528475158838
21.53191367737229,0.0462090011799576,0.9949682245244413,0.1981064489397382,3.3281557940092155,1168,15720,000033.npy,22.83363164679412,0.2704768799500446,7.190009077403322
24.548738233798186,0.04057067073087554,0.9959587757418813,0.18574576730175038,3.025271567689739,154,15805,000034.npy,27.94253823919675,0.2434722592918507,7.828275522898636
17.000562836721016,0.05849276224167469,0.994409879982973,0.22234519190672325,2.8868674238961614,1678,15638,000035.npy,20.615460302826524,0.2844446069880657,7.01735882245306
31.434491957055894,0.03174326766761375,0.9978334921882768,0.17695811860998184,2.1447685342512197,15239,16383,000036.npy,52.02772586996215,0.1600566332764409,7.240603083398462
38.1228963501547,0.026230098094698354,0.9999673109185756,0.16146436345338414,1.7799589325627465,15202,16346,000037.npy,69.04671801444643,0.1227741596444411,2.6397675506913707
27.797773493060507,0.035920959585513515,0.9985226982114854,0.18838765483943226,2.0754023802033474,6638,16351,000038.npy,54.18464233995496,0.1381641808459865,2.5909655270799017
45.08673146711889,0.02218202973003342,1.0001152178336645,0.1486736721601017,1.7982632248939794,4961,16351,000039.npy,76.5480701985712,0.1171243266743153,2.933370287520258
24.12346717086692,0.041353860162052676,0.9975984880078992,0.20153028549928112,2.142427709880609,5729,16357,000040.npy,42.92029461795559,0.1578241434912076,3.3882744703998853
20.731683262852542,0.04773360076802929,0.989597892118238,0.20611579601277594,2.7285514048205703,14714,15301,000041.npy,25.13804444945899,0.2331211885628324,5.370233774206723
14.534384901464321,0.0682583710462869,0.9920934375337018,0.24818033993860186,2.4881276347855663,14776,14798,000042.npy,19.384703664359755,0.2666779576288295,6.131390240458091
20.708868820680923,0.04783695590475272,0.9906492446122217,0.20735226384537211,2.303031252977519,14748,14783,000043.npy,23.15412066831628,0.2445784256943503,4.875406735579538
8.929812117966524,0.10871006679934705,0.9707604718497596,0.3027216449751953,3.1766693459102657,384,15525,000044.npy,6.746976904745992,0.5249007666240711,8.508882674100144
30.090104885306076,0.03318242277484729,0.9984625816437239,0.1805014656646619,1.9824915931488325,15582,16380,000045.npy,43.43054633820549,0.1696823288909496,6.077640077043122
30.056040954030486,0.03314343051786609,0.9961603050020471,0.17945627896667923,2.0034474124646677,15396,16375,000046.npy,40.30554010326766,0.1783482635920145,5.8059835490066245
29.484403296107047,0.033738246530189,0.9947520671995768,0.18187778657696071,2.1325493248377736,4249,16375,000047.npy,42.27614037570056,0.1686107219976381,5.397921715730992
23.55994988009354,0.042433787113969425,0.9997378976276787,0.20406476197921045,2.505011226395727,132,16383,000048.npy,37.52180372959869,0.1784250868904416,6.442813498402189
11.53383116310742,0.08601400599597013,0.9920710228200288,0.261396574302585,2.622482553159531,16025,16365,000049.npy,6.106317671259155,0.6725374267897193,13.589831474387331
11.073707704825502,0.08961089483098125,0.9923248565261448,0.2671068793734625,2.765595852554915,13044,16363,000050.npy,6.0770753816519285,0.6755833002938312,15.172380775102264
10.523464213915789,0.09476679036889393,0.9972749271147148,0.280305615803094,3.600655722859416,1424,16363,000051.npy,5.762965986248795,0.7042579616026112,11.418224702566867
41.49544921959089,0.024080814380614133,0.9992442102971678,0.15474108196003075,1.746513907961509,14765,16384,000052.npy,74.71002351588487,0.1168271710500634,2.6185508063226703
29.908382911717972,0.03328526640036157,0.9955084928205544,0.17234752559817057,2.109651065727708,12546,16327,000053.npy,36.40200217068693,0.1954868355761035,5.3082849424283
27.8689791447995,0.035734091857617195,0.9958726607382832,0.1803289732906861,2.6540431248180383,7806,16344,000054.npy,37.89951750341923,0.1876506616465067,4.620193331480412
23.886575280320937,0.04170310419631585,0.9961443378083665,0.19649437282778337,3.5751193190320283,13784,16309,000055.npy,34.164033804304104,0.1962610078265584,5.203181737155306
26.209316949515113,0.0379380510323506,0.9943304039537559,0.19029662932419122,2.496564646184702,15190,15772,000056.npy,37.72914131329282,0.1834486812052365,4.167277135112661
31.372572953878038,0.031847155110284645,0.9991271970708748,0.17775743765196836,1.9430558151493353,14454,16382,000057.npy,63.87197662741821,0.1260559891004533,1.9819690453079453
48.58429043906989,0.020607869438866947,1.001218714148344,0.1431996988003896,1.6791640534257968,12671,16384,000058.npy,93.2013204102992,0.1043363412627555,1.7515692573519182
33.24624377520154,0.029992842023171217,0.9971493374134593,0.17215085993010307,1.86566697408285,11256,16383,000059.npy,67.31138051395062,0.1222617908804325,1.7991233783543916
33.800764681380066,0.029482789833728932,0.9965408413204562,0.17163426293247694,2.664872269749099,245,16068,000060.npy,59.06530844334714,0.1374567149214558,4.972417427076315
31.888362139632353,0.03134300358629138,0.999477048903455,0.1765914795487838,2.143730450093001,16123,16376,000061.npy,66.83784315984401,0.123907378757018,3.235748755170037
26.593894603526877,0.037506570081455894,0.9974457716860324,0.1924755092369952,2.1592998409852098,3066,16380,000062.npy,56.275567430096345,0.1345982025635232,2.7852941725215574
30.283808741666604,0.032962180263823956,0.9982203628179824,0.1804121947100566,1.831819873055197,11392,16384,000063.npy,66.54048765417022,0.1229357038605765,2.267791323493648
37.387321716264495,0.026778606304503946,1.0011803690196777,0.16242477548200449,2.0552892197392802,15051,16344,000064.npy,63.98055357952956,0.1329868316338668,3.904543346411569
20.74502114905032,0.04806070088505869,0.9970202562987239,0.21290234480913117,2.120256844026059,955,16205,000065.npy,38.74628791711601,0.1704071809508524,3.966523163111547
22.001070663270024,0.045268783128240196,0.9959616964446585,0.2049676598931147,2.057420460884142,180,16151,000066.npy,40.73902390382949,0.166076936951963,4.337402536560221
36.37216057937192,0.027408001435062068,0.9968882293557336,0.16397881094082023,1.872411886365111,738,16380,000067.npy,56.73413451810527,0.1404271895611831,4.01007747155577
39.07243460897635,0.02553586502452567,0.9977484163544256,0.15780427611168568,1.951900673927709,16077,16207,000068.npy,66.82816949630474,0.1314952643220006,4.247193648655428
28.248805265073734,0.03517431840224974,0.9936324708768522,0.18453829547050313,2.281372821009007,1403,11500,000069.npy,51.26611694469384,0.1457956181018197,2.6816940249735195
27.071594843165975,0.036645933527748684,0.9920638651128044,0.18866489326377092,2.3879468530998973,2100,11694,000070.npy,49.56487420317779,0.1498365996456614,3.002064848469142
31.50117565906247,0.03161028527499044,0.9957611490805496,0.17602878953390438,2.130186847363405,1813,11515,000071.npy,54.716462490462455,0.1418828451694107,2.9670813320352023
22.423175011245625,0.04431017292521591,0.993574762280674,0.20407037942449022,2.2621262598550005,33,13775,000072.npy,28.63428611603271,0.209918750340992,4.734183887152084
29.182780264752154,0.03406860323508366,0.9942165621364707,0.17576275726798365,2.011594791181181,928,14602,000073.npy,38.84010033327313,0.1822233539340255,4.8502973469166175
25.850869378970273,0.038564559787144494,0.996927397714962,0.19029108989662788,3.0895077090716905,2710,14762,000074.npy,35.73832896908494,0.1932793219360358,4.562289498172863
20.57190237564663,0.04833477530700862,0.9943382789645967,0.21373738671418696,2.886611126880189,8915,14765,000075.npy,31.491579490146837,0.2013112511394739,4.115974295723124
25.6680658575666,0.0388517940739269,0.9972504089741714,0.19586302154001828,2.0703328960324536,11211,15818,000076.npy,51.5553056119872,0.1403219057489074,1.9069737837564245
25.9231849229406,0.0385388907417604,0.9990507914236584,0.19490535231655243,2.027683359807293,13257,16301,000077.npy,35.57459302737023,0.170799780583407,2.0697985452104417
25.673746134239543,0.03884481685729474,0.9972919666252138,0.1942515674223431,2.0832299208675757,3326,16384,000078.npy,30.19837289478338,0.1910477147600373,2.6439512083280765
20.711665015581932,0.04846904169606835,1.0038745552352408,0.21707653364382465,2.3277348118779484,14020,16190,000079.npy,31.272512091006565,0.1833554117142526,2.453869018136079
28.393467656896487,0.035096756245416943,0.9965186133162258,0.17796755540098225,2.42914543740092,13808,16366,000080.npy,29.627770500993496,0.2370964151516197,8.66058230745607
17.17797826689299,0.058037060767969995,0.9969593685465363,0.2233841011013906,2.537782653990955,5694,13622,000081.npy,16.540633685281342,0.2888036427858901,10.753945359570654
14.902330211507019,0.06725203553596294,1.0022120409529243,0.2442426959307295,2.920944746348295,7240,13025,000082.npy,15.545810683856164,0.2892942224582102,8.66220329312118
15.118506658552292,0.06625312159278356,1.0016482599503729,0.24648023152099832,3.104711378974512,4650,12704,000083.npy,15.185684325511572,0.2919155550732402,9.40403657360405
22.189295904721362,0.04465508804410935,0.9908649622621275,0.20554384181795285,2.1294526499901227,755,16279,000084.npy,17.537337772945552,0.2766070456929976,6.292395319593551
16.70370905920968,0.059358281353501186,0.9915034619835947,0.23828133771059895,3.4462381151772568,14971,16383,000085.npy,15.569344622513926,0.3157869354049646,8.15178749026463
16.449284161614212,0.060086463696525455,0.9883793156106635,0.2367221719372322,2.9137874506116668,13310,16383,000086.npy,12.218756602979834,0.3675685302714849,7.791107229230575
20.82696038255915,0.04756831197987308,0.9907033490700304,0.21234102167815244,2.649239356465824,1268,16384,000087.npy,15.550950927043786,0.3135386675413948,7.493034479256323
30.079344247421567,0.033235135922382454,0.9996910945191885,0.18137437814002164,1.8301441432088803,1136,14504,000088.npy,69.73892619690034,0.1198979531638056,1.7724109168087447
26.582426646441256,0.03764400529342286,1.0006690093906594,0.19341198891106146,2.0604315240611313,14964,16367,000089.npy,61.457873081046834,0.1284755202946937,2.006527695538307
41.44994329003824,0.024097704555471295,0.9988484872443814,0.15457614293998437,1.7722842025117385,5368,16367,000090.npy,93.7808233412,0.1038552814987688,1.8462896482371576
38.13417838902568,0.026165612276884333,0.9978041262247874,0.16067154995574084,1.7698007378925737,404,16371,000091.npy,85.67722696971282,0.1084240777025674,1.805115249174572
22.736353932619803,0.043881322683089696,0.997701283554225,0.20743718449405696,2.2249334011934647,2313,16380,000092.npy,33.03592950713387,0.1854371940353578,3.98867728142835
29.65284356819691,0.03368625442811621,0.9988932329554103,0.1819557000410247,1.9065450140933367,3562,15739,000093.npy,42.88508579387253,0.1550751396206978,2.142015913092808
25.012588292826173,0.03999470709196061,1.0003711423833859,0.19858792454777047,2.089083805936809,1026,15679,000094.npy,37.576816402099006,0.1663280966290393,2.975175797017765
32.16320949799167,0.03110080947491657,1.0003018506988661,0.1762723905163416,1.9504129537864259,3506,15626,000095.npy,44.51862150689884,0.15291774735496,2.4055118858491293
15.907388209765887,0.062319974746602294,0.9913480315170092,0.23958899779255508,3.20216637607644,15353,16103,000096.npy,15.90114622679477,0.3209499454626223,12.355398691947515
31.805766387601278,0.03147320183346369,1.0010293049849703,0.1764854326494271,2.2235643987698444,15339,15973,000097.npy,38.69112209657675,0.1699300065886669,3.3587530034057465
32.965683450753176,0.03033910104947667,1.0001492013774613,0.1728797227729173,2.099963188753418,3281,16057,000098.npy,40.46470747568121,0.1645030362275171,2.8248750403453045
31.182284470204312,0.03200037800404812,0.9978448900762974,0.17708348720829192,1.9574023905470415,7430,16006,000099.npy,38.14915613204356,0.1699516653710444,3.3499025545926093
29.51621698882562,0.033958376137840196,1.0023227986726493,0.18280369235079028,2.5109878210920105,14470,14960,000100.npy,42.71773797898199,0.1679771056081975,6.357044197087908
46.94579628227872,0.021298958011733867,0.9998965438436663,0.1456152668439699,1.75599894959368,4237,16344,000101.npy,100.36391214282744,0.100055508822347,1.7071086132647575
31.55737648498798,0.03172264582463876,1.0010834773880573,0.17732609698638496,1.9189340968963382,1523,16332,000102.npy,69.46998445602918,0.1202868699924284,1.855038805268014
36.160529003480676,0.027667325339749034,1.0004651203967307,0.16568787997707946,1.7375667249263653,15745,16323,000103.npy,77.99447462559083,0.1134693964623864,1.9187024972367144
24.726210118714473,0.04032797662018464,0.9971580235732901,0.19845511493228346,2.1954484006863915,12784,16337,000104.npy,47.72800660492749,0.1521047206537101,4.248051170707486
45.29094199582502,0.02206035009419726,0.9991340365238812,0.14794069669476576,1.7150626397695727,14058,14291,000105.npy,103.196579658651,0.0987780353147338,1.6168843886760256
33.26241401338835,0.030046006905763964,0.9994027211486465,0.17104179678639603,1.7682726491466476,2563,13344,000106.npy,78.12389523513401,0.1130999197861335,1.5897307599112784
36.75231548199595,0.027176573399945145,0.9988019993144033,0.16467774058505108,1.9033004546296732,905,13775,000107.npy,86.33174755177969,0.1082323226667685,1.6234210940027347
9.220099638332776,0.106208386458209,0.9792519055712405,0.289635763871846,2.700604370647974,975,15821,000108.npy,6.099231805924548,0.5950329660399727,9.387476919148874
13.974306389481885,0.07031975518237571,0.9826698041518749,0.24844566584485517,2.6348461772523715,181,15009,000109.npy,10.451041430224288,0.4087185732175994,14.439543919693742
14.185829142350132,0.069438758668445,0.9850463663274448,0.2475011768269823,2.8478595946595444,1755,14016,000110.npy,10.753192355884268,0.3790464178513651,9.077204747406636
12.905680698537086,0.07625157300335399,0.9840784539424771,0.2604185804236541,2.561633330015122,9495,13865,000111.npy,10.579926388776713,0.3776290794883434,7.915966718931812
26.088845016386184,0.03807049284830078,0.9932151876167578,0.19000775356785332,2.37924315156976,15888,16216,000112.npy,30.241608276102305,0.2086788574712388,6.628670683346306
31.047717002246923,0.032217027014789415,1.0002651374089258,0.17884460453646392,1.781009915917802,13434,16382,000113.npy,63.19844729928712,0.1271869713473434,2.4952937292170057
25.122774071953177,0.039839075898865955,1.0008681030426043,0.19875038253645777,1.960298718459455,10080,16382,000114.npy,52.99936144306261,0.1387575534807491,2.257098285102035
46.721099563738,0.021397846161697587,0.999730900970222,0.14545443793002885,2.0362249381067126,15247,16384,000115.npy,87.17256033270715,0.1163658339979969,6.650037154877452
38.68705157656875,0.02584811456657471,0.9999873413941337,0.16028804546960543,2.1688988237415563,1679,16383,000116.npy,49.90102144943021,0.1542086323047631,3.6322560141649496
31.613890619046334,0.03155158246794625,0.9974682769994728,0.1768098039096867,1.9756747196459692,888,16380,000117.npy,48.00555651765384,0.14981955355387,3.84494593764004
35.16727601949904,0.028365508674692053,0.9975376729963898,0.16744333596766112,1.8596394650771688,2295,16382,000118.npy,52.92825749389502,0.1419799619083392,3.04152318608149
29.72319130427839,0.03368043226316264,1.0010899313687731,0.1837949687646086,2.4569819124712673,14075,16382,000119.npy,49.32267747395092,0.1469092193187311,3.006261046832765
36.72802678520748,0.027140664151090736,0.9968230399095811,0.16056052250079483,2.2892417735019572,1321,15801,000120.npy,50.10687340524335,0.1672055031086204,6.5406003832249535
34.37939949164863,0.029234357418246513,1.0050596525635385,0.1668243947921628,1.9447517990579617,9048,9403,000121.npy,48.74464836926668,0.1618684267274507,3.785889762182679
22.175060971757762,0.045450202566710285,1.0078610130955417,0.21044442651022854,2.1063324311805203,7642,9874,000122.npy,36.885575308279584,0.1819463836107272,3.718033032980248
24.024374692663017,0.04185117216585856,1.0054482414397352,0.20079551651488745,2.038919419775635,8137,9895,000123.npy,35.48998161616116,0.1886026596047794,4.471260647931835
22.52939442260692,0.04408656547861523,0.9932436224058088,0.20280577967757424,2.4836256862719464,14616,16270,000124.npy,18.258505877162776,0.3085318622987206,9.404031844769518
23.332072467976133,0.04275291607404633,0.9975141360569505,0.20382891573951156,2.633182695834789,11095,15760,000125.npy,37.8369933892569,0.1787593747138587,4.330024599650455
27.24959116611646,0.036591366483154905,0.9970997768755079,0.1888810683897096,2.0473007133842316,3272,15681,000126.npy,40.68685986332134,0.1744777355902853,3.795655081997647
24.612815764615604,0.04055232054390813,0.9981067943748472,0.19996287213109049,2.183461047050587,14760,15652,000127.npy,37.68849973963246,0.1807054813538794,3.999748313307619
30.641276716416698,0.03263114570704365,0.9998599651832373,0.18023183043065238,1.9197860740455905,15995,16367,000128.npy,66.30903935581651,0.123418625530634,2.145078157506344
24.940834363473016,0.03987762446383178,0.9945812265612078,0.19759380338206914,2.2642179634733997,8302,16352,000129.npy,29.54308675921402,0.2044478440744198,4.387401596496081
28.548887818112235,0.03480676798147888,0.9936945144143015,0.1837719321623648,1.8877381132838158,1780,16355,000130.npy,31.222714674236094,0.1997310421159323,3.859573995253335
31.49777654789567,0.03152289467400523,0.9929010925846671,0.17557291200071523,2.00801490536499,10980,16346,000131.npy,32.571145639251675,0.19556397351391,4.863503774039117
38.208302543336465,0.026136495244948703,0.998631117741475,0.16059256978346975,2.254514450925992,15997,16384,000132.npy,77.47593657911288,0.1230933961473255,9.243204659322656
37.177535687191835,0.026842417546054664,0.9979349362489516,0.16317371187181653,1.977525735963173,15874,16384,000133.npy,43.29038226352478,0.159686789966569,4.458927377603228
31.530119212847637,0.031804875531959674,1.0028115170724694,0.1811530760229646,2.702190604337762,15616,16384,000134.npy,31.369443376151047,0.2352035559720663,10.78635889610622
32.942771886248075,0.030260947019736462,0.9968794747330167,0.1728293853836034,1.925497099197657,11787,16383,000135.npy,37.15721137444835,0.1721286918400684,3.4911776668597234
27.545505906672666,0.03600870247308757,0.9918779266640524,0.1858313741535373,2.0390200025126863,10958,16089,000136.npy,36.69677482400604,0.1802644296960371,3.666454709404338
14.044313905611546,0.07098947549024376,0.9969984777797004,0.2592163104396907,2.6614338591801783,8866,11475,000137.npy,11.114382557151744,0.3203994520050036,4.961054831772062
12.355124771317739,0.08068418974553128,0.9968632313787142,0.2749961183861986,2.6508730495551904,475,11292,000138.npy,10.832758499193629,0.3225593909061092,6.743097690267254
11.177680713350837,0.08965822496277556,1.002171011959687,0.2934110910300154,2.6781096642402757,2312,10660,000139.npy,9.932581009188254,0.3374071167982481,5.261825145261662
15.234611631815314,0.06508268129333054,0.9915093734611024,0.23489190676751512,2.7875347314104553,942,16275,000140.npy,15.76430341990262,0.3347893095339726,7.525981264545853
19.701182137508113,0.050198946092964256,0.9889785800884401,0.21089282454311448,2.9693597719886093,14199,16215,000141.npy,18.89081262412413,0.3052695677400883,7.268548186137117
21.488035577461886,0.046044700540624456,0.9894101633705169,0.20574707698667152,2.67770867802662,16237,16268,000142.npy,19.055814129350058,0.3086432658105962,7.008461232685735
17.051220735735505,0.058176835926042364,0.9919860710816158,0.22775075321268454,2.632513056143277,481,16244,000143.npy,17.405810136939447,0.3185866495285422,7.92270634107943
35.8132522351601,0.027896239733385647,0.9990550699842355,0.16580686910153722,1.9542789860424874,8076,16380,000144.npy,49.39332948898971,0.1532308075454263,4.479455613614573
37.638288055131106,0.026473736616482967,0.9964261246668578,0.1608451435719235,2.036047411835492,124,16380,000145.npy,60.66074370144727,0.1309103247103984,2.720134488609202
25.576184947623414,0.0390506610459602,0.9987669292384314,0.19635537690572102,2.6072990361407733,103,16381,000146.npy,45.65267722402662,0.1511182242313334,3.29405752195456
35.546743155484634,0.028087870803651955,0.9984323292418518,0.165845801665168,2.160725565022781,125,16383,000147.npy,58.97364236035432,0.1322768133826444,2.511788025033323
22.524544580384312,0.044413515003324834,1.0003941986639577,0.20909095971582733,2.2254952861741195,1271,16374,000148.npy,36.61196530117311,0.1770814495803659,4.814629556497121
37.362270034337264,0.026735917951514965,0.9989145861203873,0.1627465497914123,1.920622841776239,13949,16380,000149.npy,61.38958006124906,0.1303614515729596,2.8455685457413065
23.552882677588933,0.04232872610089094,0.9969635197460808,0.20382717066059222,1.9316577606463456,1037,16380,000150.npy,44.44236607621441,0.152025879821883,2.643237784654133
26.1001285735258,0.03827318510428847,0.9989350521402814,0.19480057359663347,2.013553175317933,9827,16380,000151.npy,47.27933834894196,0.1487542173080329,3.74873865220276
17.616723834073582,0.05651909748244217,0.9956813316992671,0.2329156074416493,2.7078653088555185,14495,16011,000152.npy,17.946759516741626,0.2744118527552587,7.033979870355519
32.73868277559802,0.030430132563522696,0.996242456816565,0.17277021414281937,2.101182049607922,14964,16377,000153.npy,55.07244593287773,0.137174848675124,2.382639903433439
31.19693538634492,0.03199801376913276,0.9982399680470099,0.17811789024464342,1.8032773422830464,5594,16327,000154.npy,68.30114360680545,0.1213047308571727,1.6956676950231144
24.14702006252068,0.0412794016683218,0.9967745402538162,0.20135731662006634,2.007799259988653,15418,16353,000155.npy,43.09878438403716,0.1543554227890167,2.527978161126154
12.020569967744672,0.081367141622743,0.978079418951572,0.26824967263985783,3.900994235965122,835,14514,000156.npy,13.01658176989837,0.3472645933132481,7.030259871456237
20.325832469193877,0.04902582165392287,0.9964906376022138,0.2122308578967059,2.6362880040324796,2311,11908,000157.npy,33.80224933214572,0.1972337965341534,5.642793990147352
23.37237892545504,0.04265547632992123,0.996959956028697,0.20023547161962477,2.891682565164556,1125,11826,000158.npy,36.731883423552496,0.1920618859174091,6.026430755639338
27.86794686760921,0.03576300719938047,0.9966415844582606,0.18241388935599018,2.304507767956702,608,11869,000159.npy,42.14441852790532,0.1837445886110668,10.104441556520166
40.08385038125052,0.02484639152929144,0.9959390405740883,0.15659744631904293,1.8912927487341553,2292,15973,000160.npy,74.35740769920478,0.1196630884516005,2.2302609482931346
26.79206530756258,0.03718534265453669,0.9962721288844396,0.19148416792718026,2.1855701682365667,3830,16217,000161.npy,54.807297049378434,0.1380301088727719,3.0341013630616422
26.39514912434402,0.03788316886982749,0.9999318916218037,0.19372250727734894,2.0497101823272637,742,16042,000162.npy,55.10782416120071,0.1382764906551611,3.037728768236282
34.58334969815949,0.02884733717263778,0.9976375493020477,0.16908765087037203,1.9533555454752272,2725,16019,000163.npy,67.68719164337973,0.1246230960909561,2.6092963948135885
34.45286631172676,0.02899335665428193,0.9989042407381887,0.1694481492528288,2.0596307632121635,895,16381,000164.npy,62.70693638175568,0.1301053927451564,3.02500507789031
34.48439169314494,0.029004519736842906,1.000203219476844,0.1700866228049932,1.8268938925093023,13672,16377,000165.npy,80.37074826230635,0.1121008994874458,1.659598774434708
28.745145102034343,0.034692073147909216,0.9972286765270398,0.18555220712675988,1.8769169361842306,13566,16371,000166.npy,66.06542399728625,0.1233326094405425,1.7405592173421665
26.375830648148618,0.03793672208684797,1.0006125571085813,0.19364769114961866,1.8705732931238672,3704,16372,000167.npy,61.78879307822399,0.1278104158950332,1.7260260061972383
24.57729381438925,0.04061565078781251,0.9982227828746983,0.19823151391619026,2.177907537649731,7266,16274,000168.npy,34.98483747329912,0.1924088037555993,6.056179308332219
39.98674968044528,0.024921460150986438,0.9965281887286868,0.15603878639558086,2.123506636289855,15541,16384,000169.npy,83.66993130878528,0.1180187662200962,4.606991080125361
34.729784485412615,0.028758791503301292,0.9987866309705694,0.1687049951253913,1.951835803356614,15915,16383,000170.npy,78.6355090946533,0.1149290909420493,4.5241168109718375
30.046827990339537,0.033275647810883345,0.9998276660407301,0.18138475063405562,1.932915000587591,15607,16359,000171.npy,65.32003851218988,0.1264271499034568,3.402498637855056
25.801927589691346,0.03878134256094992,1.000633392588645,0.19503781300893028,1.9640870396561159,10259,16372,000172.npy,48.21042995470092,0.155437182470926,4.748939243460477
23.388873239509806,0.042628976846042235,0.9970437357820804,0.2057032803050657,2.4986432948218176,2308,16384,000173.npy,26.324440969052564,0.2091801554674831,4.811805858036946
30.917783282479938,0.03225155241522778,0.9971465080975549,0.17851559678541767,2.1849190762519877,532,16384,000174.npy,29.490346435663163,0.1975617917707738,3.852250448668606
22.584426943741267,0.04414720903511487,0.9970394172236261,0.20796098233693142,2.407764686244524,2306,16384,000175.npy,24.98287222919425,0.215189875540704,4.471187188168303
25.82656193711415,0.03851292896228819,0.9946565452242133,0.1906226340691039,2.2330116145235834,9211,16009,000176.npy,25.781942206421,0.2338062977443493,6.144395166272965
24.596877046828457,0.040595279788674235,0.9985171056436205,0.19989875775769173,1.9988171887257835,1395,16384,000177.npy,41.19680294103136,0.1602387282988287,3.93629325325906
42.965109394263095,0.023265472801361348,0.9996035840197429,0.15199635505280043,1.7885839047800982,4370,16383,000178.npy,93.12194644081691,0.1037501759961889,1.615749744209524
38.971394241025415,0.02563616354779456,0.9990770364485065,0.15927311252714235,2.000686083870035,1400,16384,000179.npy,50.67451226265992,0.1454221223330103,3.266656206779369
27.77824611042518,0.03632731358428954,1.0091090572749868,0.1910885069136205,2.1151996469632857,9156,10265,000180.npy,39.400292846447456,0.1650350007651793,5.384876556475505
24.53319227466486,0.04055724956906707,0.994998801809491,0.1900087022377087,2.1879874551081,10891,13464,000181.npy,33.8756320538973,0.1842800226725533,3.872361978605988
23.31956473508142,0.04276072130266455,0.997161408536261,0.19723684528843635,2.718740177297452,206,13203,000182.npy,33.201849050181366,0.1909448618287788,6.722153115207568
17.966403753372983,0.055329292155666544,0.9940684022570377,0.21378182334944573,2.7486042594372755,8263,13458,000183.npy,30.958283676060777,0.1944756449484071,4.535094938317797
27.159908052239725,0.036689455488779506,0.9964822375619935,0.18955621708045722,1.8771093728839352,15459,16370,000184.npy,33.92988462271149,0.1812802767548973,3.503478729234447
33.74904950987245,0.02964290438919473,1.0004198478473483,0.17147130813013176,1.9099782233308007,12492,13736,000185.npy,61.7536462894264,0.1280436871245092,1.8615760726928103
27.754437789455565,0.036001323751076196,0.9991965003872934,0.1892860139788634,2.1362675023390305,11598,13841,000186.npy,51.4710242103271,0.1401922294420033,2.013822897386924
24.014301061671443,0.04155923687799387,0.9980160262814632,0.20209994105949397,1.9903061296323226,12126,13699,000187.npy,47.14616890570602,0.1461946152401016,1.913099322709903
20.722712342603735,0.04802670548630892,0.9952436025557284,0.21508266467289733,2.706972148754073,16065,16333,000188.npy,25.65708202553534,0.2201291487742352,6.010011497346203
24.87951358538706,0.039888470267525324,0.992405737921204,0.19446799729391537,2.3032450859714224,257,15732,000189.npy,25.14716452446178,0.2331388947756418,6.9285473101261
25.41167614643671,0.03903014099060002,0.9918213028028922,0.19309281969944644,2.2615314451647732,11198,15604,000190.npy,26.25870483131236,0.2248519115855178,6.795532219363951
24.632691096418228,0.040317492702142105,0.9931283435139627,0.19644461503438318,2.4272344538278805,1613,15783,000191.npy,25.33881614200236,0.2318953308464809,8.380431385075731
42.27516032200986,0.023671031125601802,1.0006966358221017,0.15190923661883485,1.9787178971836032,526,16384,000192.npy,72.36903779516945,0.1306600021739491,6.034051130179291
16.463938911921367,0.0607452295893708,1.0001057491500391,0.2419568499166894,2.6893621226926516,1935,13617,000193.npy,22.502856092076044,0.241098482613098,5.524504871348046
20.48244949703023,0.04863101094580784,0.9960822256870334,0.21566098150711102,2.0558812573310274,5430,14063,000194.npy,25.841126184308557,0.223984638065661,5.116584789402017
23.679808233979212,0.04201759086789334,0.9949684942055105,0.20125236159694296,2.2122756485040567,9057,13965,000195.npy,27.467702250331392,0.220854872237215,5.477939763480283
36.370260656850675,0.02742750408706768,0.9975454728134888,0.1636940428863728,1.7981458486832986,12823,16380,000196.npy,49.722278951020726,0.1554548800793844,4.62278810049309
45.73657713756973,0.021812979883794003,0.9976510370554013,0.1469965788041475,1.8515926695609601,13789,16379,000197.npy,97.4242790319928,0.1023400147065494,2.300352977711383
37.130996197366684,0.02686522831262479,0.9975326903174588,0.16328212251675975,1.8629383878997245,16001,16380,000198.npy,81.42204191057797,0.1115110658212021,2.2002605327715377
31.128863499485373,0.032052002951018156,0.9977424247473465,0.17808783671765416,2.114370692679648,394,16379,000199.npy,68.9494971510182,0.1213853958204795,2.073742032938361
39.40784580156977,0.02534841460711592,0.998926414151483,0.15844313928566925,1.8647555332513528,1040,16384,000200.npy,50.56262394377041,0.1457303906568114,2.9275942975482145
24.692527549381712,0.04040570173028637,0.9977189031271965,0.19985582809252492,2.351128326441792,14831,15204,000201.npy,53.26783668605926,0.1371343315086954,2.138510354195993
28.66928747372832,0.034814317900562414,0.9981016880929897,0.18524265206545396,1.9734245053935802,4014,15188,000202.npy,62.86554098146935,0.1262389828462555,1.7796358027765724
35.63124319554739,0.027931936461460943,0.9952496209808923,0.16549052437658165,1.8324504583076795,14075,15189,000203.npy,74.67701179768142,0.1152437550083147,1.832447513169008
21.462182872947913,0.04637936745887053,0.9954024659339289,0.2069083087515274,2.7704316476005535,14914,16249,000204.npy,25.940821910153826,0.2594166469519982,8.309217912189029
20.251276709024776,0.04903627298798647,0.9930471330589911,0.2132534737932302,2.643444391007324,14430,16175,000205.npy,14.56824770109495,0.3448641169521106,7.892456424919412
14.781653697648407,0.06712990359975045,0.9922909877680323,0.248855226537301,2.7461303467857623,773,15902,000206.npy,12.004737716263993,0.3868303960254443,8.550888618229054
18.13919767000674,0.05487099048671683,0.9953157427876159,0.22543176474238258,2.8118813020348914,2147,15855,000207.npy,12.896794966145826,0.3732293614404456,9.092619726408596
37.27118872065543,0.026840746563098483,1.0003865305565272,0.16326219153370794,1.8269619997701319,9580,16371,000208.npy,75.0976434431994,0.1161444667066272,2.436526979797494
25.283081619162562,0.03942981384606208,0.9969072016983737,0.1974989512059103,1.975631424504356,1805,16365,000209.npy,55.11176362213547,0.1352157385775678,2.42147282072013
27.258642050419546,0.036528040519357506,0.9957047813203875,0.1890246013016281,1.865191792225539,2817,16364,000210.npy,59.03706205585108,0.1302850566687756,1.840664829427763
34.986511757348126,0.028485496748466444,0.996608166904123,0.16784371485016703,1.9641704741429882,8686,16361,000211.npy,67.03063089811302,0.1235228787126475,2.086555009800481
22.486733916639526,0.044601778776995026,1.002948331567107,0.20919888961533636,2.0078301331646484,482,15191,000212.npy,41.36089562435319,0.1634343445565795,3.74017742664842
25.554182400977325,0.03911365350846475,0.9995174361239348,0.19630735708938946,2.3115017758353713,12810,13178,000213.npy,59.6110605681599,0.1293158918973153,1.871574901737225
46.065219146105804,0.02169602375069613,0.9994320886749336,0.14697392938401024,1.8204747910087002,12307,14630,000214.npy,109.69637043991966,0.0957274729604395,1.66143911561592
35.35695314210575,0.02817031463227815,0.9960164944518345,0.1663070185518428,1.6877013642711824,11741,14196,000215.npy,87.20857396189496,0.1068180588569713,1.8328833943821496
25.155656854538304,0.03951901613056814,0.9941268090095361,0.19592515043412426,2.2582702888924624,386,15013,000216.npy,34.0063277063494,0.1821930187159625,3.2692377961215104
29.74249371279648,0.03360209830401376,0.9994101975438986,0.1828643331910094,2.241715089233232,12690,16355,000217.npy,50.20130138949932,0.1462477964731662,3.2507243037836777
26.197143327301227,0.038017232937329275,0.995942900166612,0.1940925774031132,2.3409194694810767,15068,16323,000218.npy,47.2600159332621,0.1498087427044416,3.171718416811139
34.96876744338217,0.028602831672494472,1.000205768977665,0.16807434463594118,1.9908558089384716,14956,16330,000219.npy,61.14090810463411,0.13201646693609,2.6871713777625623
30.27170234800128,0.03300241668763914,0.9990393347329224,0.18124944314822353,1.9595928525502,15374,16365,000220.npy,57.87786307979632,0.1324405638288322,1.988513971882312
18.8566439523123,0.05269746611135328,0.9936973556508322,0.2222084085039936,2.5976513436290376,76,16212,000221.npy,23.6313179819852,0.240135410981244,6.2415258499014445
25.771661047496234,0.03854715714637525,0.9934242683209552,0.1899902351578947,2.0518335125963643,8519,16108,000222.npy,28.433407191146912,0.217392670596364,7.095361823959862
21.31086856252322,0.04643724923146099,0.9896181147767975,0.2087349101482338,2.972023995401664,12539,16182,000223.npy,19.3239416455208,0.2834518798738311,8.568746146029028
24.21341654581747,0.04099386503151601,0.9926015298311179,0.1951112383554349,2.329782729277772,11261,16379,000224.npy,26.46849138922106,0.2303679683219035,6.376945307823843
21.732506018285044,0.04588501250039784,0.9971963103139805,0.21183439333966791,2.314631686366442,13812,16383,000225.npy,20.03151784368673,0.2454412404255801,4.072195278864698
21.54002053879632,0.04626616969867663,0.9965742455609307,0.21273844059301247,2.1122276176716674,16382,16384,000226.npy,18.785432795046383,0.2591660171686847,4.660375054746928
18.50201675487928,0.05385499511744835,0.9964260219969712,0.2294916379088326,2.553857307985932,16368,16384,000227.npy,19.179186369527983,0.2510686647057276,4.7181809749194015
4.97937403371801,0.1952790441947897,0.9723674019928075,0.3682887525098426,3.7853282122100365,10843,13510,000228.npy,4.874013566661377,0.6594731970424139,12.019335851611832
22.986775724697104,0.043309368118107476,0.9955427317092836,0.20213657344978958,3.046465809099636,2047,16365,000229.npy,23.281537195505663,0.2598801712959837,10.296998375983245
20.824443670053714,0.04776577176630825,0.9946956235041283,0.214137585039656,2.6641328795941255,1065,16380,000230.npy,23.20921511668239,0.2554728645347976,9.958185231705835
23.120656873048137,0.042939648932245174,0.9927928892115885,0.20200930114770638,2.4540163068669174,1538,16359,000231.npy,28.68224572560753,0.2102674890840302,5.672710095308436
15.083137956672909,0.06536880122261521,0.9859666469030339,0.2477387827814952,2.762986974860667,16141,16378,000232.npy,10.619201830863869,0.3977366549154805,8.097553945445734
18.547958977642814,0.05351345884742278,0.9925654394537746,0.2239603514320605,2.3479754289889057,1519,16380,000233.npy,13.540811301388269,0.3363086959744761,7.715046051383115
20.490895710257707,0.048421457332906676,0.992199032347284,0.21457468367740382,2.3607996576027155,1763,16381,000234.npy,14.98015807172838,0.3127318635007841,6.625028076323431
19.6365269358794,0.05044781143918255,0.990619808181673,0.2182316431804961,2.4156850447330567,16122,16381,000235.npy,13.827536985187416,0.3320246703610521,8.104344431654134
30.597592787670553,0.03271229503689586,1.0009174826890759,0.1798534352673725,2.569619484029541,12258,15961,000236.npy,50.30545121508275,0.1489958373252801,4.96399553855207
26.311590617141267,0.03793973774270785,0.9982548476078322,0.19395945396556155,2.332172279237695,1120,16254,000237.npy,45.85266429451775,0.1545417000308673,3.6041504259885553
26.590954757264345,0.037505532492236586,0.9973079176481708,0.19307592984150107,1.9888875592898874,7195,16292,000238.npy,49.28190916048322,0.1470669458337727,2.903104409409751
38.706729931562776,0.025788580605037588,0.9981916247975278,0.16068012173743215,2.1443435369471033,3572,16301,000239.npy,73.45916989831491,0.1198616185338001,2.4036086668551886
17.805378780341055,0.05585061546994409,0.9944413635575303,0.22903907002679802,2.9791636621242925,108,16249,000240.npy,19.409451448947888,0.2822344554616192,8.903319259062553
33.59693880525669,0.02975499559828515,0.9996767662662684,0.17167929735372292,1.9087266206251732,920,16362,000241.npy,80.70923114668496,0.1115111737130258,2.0182388290012154
47.836410515073055,0.02089051855998833,0.9993274217083546,0.14399979173778374,1.725088956503384,3812,16341,000242.npy,110.7306048744278,0.0955738328511592,2.4760515474978466
48.46385304167762,0.020654933368345608,1.001017655349145,0.14291523009853904,1.7221619919438136,14713,16363,000243.npy,115.85599010973267,0.0932223968013127,1.944957571390927
11.026090586187575,0.08916910343908577,0.9831866120084897,0.27608050165512893,2.5798342867412543,226,15687,000244.npy,8.822342014113412,0.4338750360967407,8.697812955005599
28.189593353875654,0.0354097797022559,0.998187290556914,0.18581819349114923,3.1577702719584173,16264,16380,000245.npy,42.90016988325492,0.1830688387108136,7.487217264009565
27.181986689266015,0.0366922488523458,0.9973682199036997,0.18631041498039838,2.733886266055299,14853,16377,000246.npy,32.02465242514663,0.2206926661390042,6.264377977058103
28.15967539899639,0.035465691743329926,0.9987023672930371,0.1825042105679982,3.180005777484595,15877,16380,000247.npy,38.0658532487768,0.1980529954740029,5.675620848536139
32.17206517274117,0.030987366716837692,0.9969275815457328,0.17186149584350766,2.211280758656041,5117,16329,000248.npy,40.927993353275205,0.1733933447917466,4.324099203026922
8.511277933699168,0.11588693022100106,0.9863458719941416,0.3187675328088705,3.2874798763736446,8951,11488,000249.npy,6.9849305815355125,0.4624546238321561,6.540582628102382
9.474854231940489,0.1033810476544487,0.9795203568711945,0.299642083091287,3.603409569808203,552,13122,000250.npy,7.173462284562711,0.4586088878302778,5.941230580242537
8.920797557918599,0.11012287052517011,0.9823838344519236,0.3100652956261189,3.1497480942673377,8949,11490,000251.npy,7.096547939265187,0.4561095913177024,6.352241745202282
45.12270055938726,0.02210581694621007,0.9974741586844654,0.14714883070450957,2.2856828778042773,992,16345,000252.npy,87.01602338158972,0.1124992075938022,3.232501678794863
35.86691037854098,0.027824281293343238,0.9979710034956562,0.16370536991592682,1.7535179021019842,15873,16380,000253.npy,76.40231479217424,0.1204038551350204,3.8741681811518207
38.176293309872236,0.026146204816900078,0.9981651840299717,0.15997760285350285,1.8704911596671303,14833,16366,000254.npy,77.88696563030398,0.1163858135773808,2.9606685130826222
41.98689183176268,0.023739132370906555,0.9967323830371494,0.1503514386973511,1.8530371814732398,15891,16384,000255.npy,89.35098326088206,0.1110386758347553,3.4895425753853515
39.94495466021804,0.024995729367163842,0.9984532762704402,0.15708222580604542,1.8554022401885426,16057,16383,000256.npy,54.84300188206182,0.154352484504822,6.944766453799836
14.580005305547228,0.06793524339796295,0.9904962091759422,0.24745636348954822,3.2065571062028,347,16364,000257.npy,12.691358949278158,0.3816410292438973,10.66372512985259
19.349719554060496,0.051118944732900407,0.9891372444811407,0.2097998025211923,2.550350223053139,477,16364,000258.npy,14.025703155927324,0.3645478524463603,10.387426443085708
19.354611431905006,0.05098164555855192,0.9867299399448781,0.209633638653637,2.1196098436083677,2025,16363,000259.npy,13.149623501990586,0.3774066580221472,9.62244494649789
17.403332649407467,0.05700030741617445,0.9919953110821714,0.23463876684758422,2.471099606020868,265,16279,000260.npy,21.33754446671888,0.2372330100024114,4.489081207950168
25.24098179061412,0.03953418149651696,0.9978815552604183,0.1970133411056286,2.365925127199914,728,15358,000261.npy,37.10616194407583,0.1748081088241885,2.84236125265266
23.625966039500636,0.0421238510184149,0.9952166736140546,0.20497104442677902,3.065289784814094,975,15011,000262.npy,31.655768379626043,0.1907524329659989,4.103341712747183
19.816008493225162,0.05032249958611206,0.9971910791987163,0.22242278723649891,2.693421576640172,1660,15105,000263.npy,29.47265091371226,0.1967057085166748,3.2212901860177148
23.451947954940344,0.04227109774626441,0.991339584343589,0.2010020838796202,3.3817328195113494,1409,16366,000264.npy,20.82021421512737,0.2559358043732085,5.733922701210041
38.91997210615681,0.02566793370206462,0.9989952637070374,0.159671651755956,2.102667439549532,5366,15942,000265.npy,76.75540461749847,0.1177374233502145,3.826086161060344
36.889864050477506,0.02713514278089879,1.0010117281776525,0.16469308648058312,2.4217140117603893,515,15877,000266.npy,72.77084399947553,0.1209631230625138,4.000413747621528
25.11692197322776,0.03989988733233845,1.0021623568669236,0.19833852055106316,2.2525428477346456,6241,16097,000267.npy,52.68921952569174,0.1408424095239052,3.194944550860666
29.092137823804702,0.03429109447232277,0.9976012465179217,0.18409023420954168,1.9017555354429587,13182,16366,000268.npy,67.44616249136249,0.1218929166962551,2.5302831367014518
15.984893023011923,0.062166690683125705,0.9937279001644364,0.24204400226636083,2.824002717822336,1931,16382,000269.npy,16.20735122178247,0.2998627205858989,9.609306690613783
24.788419794817965,0.04012690205040148,0.9946824930908937,0.19433894952613395,2.323649225268298,2437,16383,000270.npy,18.757523408408243,0.2845617445176144,8.59953417403152
19.96483630557641,0.049777516937068715,0.9937999773466341,0.2163936415967347,2.8291837080205724,15363,16383,000271.npy,18.254110432339782,0.2850905667865196,7.206828872786822
17.37683548733949,0.05693075996885749,0.9892764501480493,0.22293310392726715,2.532820195793746,3956,16365,000272.npy,12.748017782425128,0.4105305529487624,10.305224002537331
25.34989043361362,0.039336513571983686,0.9971763090901417,0.1963068292917192,2.1683153240951225,387,16384,000273.npy,30.239207675668272,0.195430129449946,5.158066310190988
21.015486308396653,0.0474958345120873,0.9981480598946438,0.2162715370574505,2.2507596982447713,2908,16384,000274.npy,26.031448547395915,0.2125213132602005,4.805323977375007
33.51824550027057,0.029757907222122276,0.9974328398453689,0.1699316982255518,2.05900631042912,2184,16384,000275.npy,34.360240225796666,0.1836284822580088,4.27310844258896
31.43531121005161,0.03202721877019736,1.0067855892335604,0.1775319552917284,1.82457885579297,3506,9017,000276.npy,69.35699151724546,0.1199625883513879,1.682719554691231
40.9196938278693,0.0244609227971157,1.0009334716051228,0.1564286495692855,1.82943347972155,13347,15536,000277.npy,90.72964640243003,0.1056255129185365,1.7947469291705014
29.127038220122003,0.03428610278504668,0.9986526262390861,0.1839051100735579,1.8142717151974528,3615,15553,000278.npy,63.802908860713295,0.1257313256528062,1.8710628236051428
22.705822165887163,0.04419153555435304,1.00340514753462,0.20856036253748986,2.113983597774827,14821,15540,000279.npy,53.22355775899537,0.1379590951437471,1.8651429781470523
27.640017795110804,0.0359871787182671,0.9946862601687354,0.18530739868763968,2.234360835606,2123,16373,000280.npy,22.86769749625384,0.2682838703954572,8.237487687543307
30.72335897003232,0.03240992068859412,0.9957416275059542,0.17640236884194993,2.0015962831067524,12396,16235,000281.npy,34.82827962247263,0.2070765493766976,8.615584963786775
25.924900318853435,0.038425061050958914,0.9961658774919674,0.19275023882685277,2.2084432008112764,14448,16203,000282.npy,35.41416309226835,0.2024883037159482,8.875254346576444
31.126898609939204,0.031987269982291816,0.9956645095475491,0.17376732332765749,2.212729667471961,14867,16379,000283.npy,37.19741299662884,0.1931356170837327,6.26284668238502
27.103176881893173,0.03674890128389353,0.9960119717125975,0.18936025129380996,1.9804808857808904,1570,16384,000284.npy,27.96387048659546,0.2159641335534322,6.985718530580473
32.29102640768652,0.030914645532019384,0.9982656352587062,0.17501281516511416,2.0649222870461332,4489,16363,000285.npy,48.35030228401933,0.1471622381820058,2.275280867995076
28.09551727427436,0.03551738334522054,0.9978792573126681,0.18698093373585323,2.1972190083465564,2830,16363,000286.npy,44.54174694317492,0.1533496919370477,2.9583906081969444
23.261225437318952,0.043154853310185606,1.0038347715626574,0.20556941260277434,1.9826947548926581,1943,16361,000287.npy,38.58841476727796,0.165270074708815,2.8930147967090165
27.884650379963798,0.035753549447488105,0.9969752261859537,0.18791401588434312,2.1078944373348807,15803,16261,000288.npy,54.69973233110554,0.1381055567314324,2.939136937499504
30.93228466402485,0.03230680977490173,0.9993234365437609,0.17920224795270942,1.9824909087386366,1668,16379,000289.npy,39.76471314694453,0.1672228524800802,4.497721227540642
18.813879236648752,0.0527131385880282,0.991738623579892,0.22623515865301977,2.554892737241909,14962,16374,000290.npy,16.72876962950335,0.278518611631456,5.41716486297278
21.3987794920387,0.04633374531449035,0.9914855990250604,0.2111392133842479,2.063971545172141,15869,16375,000291.npy,19.405213397460887,0.2528232007892561,4.687619324890394
26.051185878405978,0.038495588782515196,1.0028557388719834,0.19245677954258872,2.2785204923392985,10583,14683,000292.npy,33.794569539224014,0.197154181664433,4.855602668306938
34.59167802473998,0.02887088173029479,0.9986922451047052,0.1681455495289422,1.9851067285535238,274,16383,000293.npy,38.79879978873829,0.1736919925806659,4.427617744054376
24.53356183818802,0.040675616842816356,0.9979177611196772,0.19989240609868622,2.4410065851128206,520,16384,000294.npy,31.928976169632094,0.1894680782257457,3.746593443778597
22.982501840738845,0.04334829288978123,0.9962522211322837,0.20610379414471633,2.3620029347712266,9,16384,000295.npy,30.882481881426997,0.1925486022330168,4.11878259728301
24.108415558843298,0.041270961399137364,0.9949774879233844,0.1959329583816877,2.2861146775771464,10,16381,000296.npy,22.06046525866348,0.2570437623238949,7.085296414902356
21.215596035204136,0.04695855681244569,0.996253771729031,0.21178989841519255,2.1401496143368175,3954,16384,000297.npy,32.80417509268276,0.2108688931630879,12.103355243281918
22.077274801685586,0.045150877105895326,0.9968083214039856,0.21020767775409888,2.403474292795229,4763,16383,000298.npy,33.42328733988373,0.2087904303643569,14.725734550311744
37.57590350297926,0.026466220879793462,0.994492161867654,0.15986715434919324,1.9727854911809628,121,16384,000299.npy,44.374493129451984,0.1836250367078839,10.025459354736554
4.010139963598862,0.24695874901778922,0.9903391487966177,0.42390781617478546,3.3206037136314523,1298,16048,000300.npy,5.759531637876174,0.3765780394417224,6.35786725471117
20.387084646104082,0.04851946625693202,0.9891704655638639,0.1932874391050176,2.6199869888858096,8853,8911,000301.npy,36.60936632476175,0.1906930953101542,5.134881647056568
24.75284169184112,0.0401573450039539,0.9940084036475176,0.1810481907439553,3.1730671661640826,841,7217,000302.npy,44.962726773672735,0.1695029837177227,4.772894989441466
20.217877352614956,0.04932402176472788,0.997227022576979,0.2037362416475894,2.535423044119546,852,6660,000303.npy,38.09766675945789,0.1824781423546135,5.629932051494956
30.770854431097273,0.0324563613535811,0.9987099705741351,0.17831366948204652,2.167262312372789,12925,15831,000304.npy,44.452080673643216,0.162825013189426,5.649485024402125
30.233106664277624,0.03295959326457489,0.9964708987790991,0.18006976821479947,2.6834222110493684,15983,16235,000305.npy,62.06220391613302,0.1299253345354718,3.2509971081773688
27.52337428421111,0.03629082234013177,0.9988458863492568,0.18894605734027076,2.2930602899133548,14285,16196,000306.npy,57.36170115449385,0.1356659145652576,3.5137260900413296
40.21848666262182,0.024811366742488815,0.997875622414205,0.15603542091087796,1.9428031990792938,15309,16198,000307.npy,77.2802173681792,0.117862816151475,3.16814469047609
33.39291613404061,0.02998967003798353,1.0014425364659345,0.17311734124926878,1.852661841536478,3589,16349,000308.npy,78.07051811222391,0.1135282293807947,1.7106408494099394
29.701513455175785,0.03359255106467794,0.9977496074412116,0.18231850101601021,1.9727845994802455,1799,16367,000309.npy,59.090850869864326,0.1319714117842661,2.674377723205183
43.164435530378974,0.02310568070345392,0.9973436651097582,0.15134758637705129,1.810627095115549,2047,16369,000310.npy,79.74746588174902,0.1137823311884864,2.7686674942301543
33.74653530957324,0.029578536609910576,0.998173130111852,0.1713469053269236,2.083474496710957,12412,16371,000311.npy,65.20572548757895,0.1258096666024802,3.615470424878276
15.210635882217218,0.06472220478365712,0.9844658904585057,0.24235485389752173,3.2199825066079697,15079,16352,000312.npy,16.33993349168677,0.2963344241083552,5.767716126044548
29.541759190100706,0.03364632903933855,0.9939717501110319,0.18179784238667054,1.8149218404794196,1587,16290,000313.npy,67.8735488994644,0.1209491271410582,1.8584812253825096
47.13625402720857,0.021184357935685016,0.9985512770597607,0.14484513223181808,1.6219213061245839,1481,16324,000314.npy,102.51049082586977,0.0988966004477669,1.789210397094949
32.71257136046245,0.030454420442956674,0.9962424019817466,0.17366006802056372,1.7488896521090858,11981,16323,000315.npy,74.48826158103203,0.115955733943124,1.7702206818136443
27.538620403491652,0.0363922902074051,1.0021934656354357,0.18994615415483573,2.106548321232776,16336,16383,000316.npy,61.11827099436094,0.1329733660713394,6.016921750554219
21.859265925531087,0.04555773063575574,0.9958585489306991,0.2072593782385922,2.5145642069997876,16348,16379,000317.npy,36.136789519379256,0.1857227464573102,6.272749707105313
19.452798118394103,0.05114663887001471,0.9949452403728047,0.21761982432731547,2.7414987054986955,15946,16307,000318.npy,27.842809288481764,0.2231482352827016,7.150283572970408
27.49194546681947,0.036191320986133035,0.9949698229229283,0.18223181716805603,2.4543123303137935,13310,16300,000319.npy,31.231835700475045,0.2167649578716435,8.418379286783901
29.361522652941666,0.03380811239237253,0.992657657861844,0.18118175444542609,2.306743973136215,16036,16313,000320.npy,31.02806745960164,0.1995671297230611,5.001597185459827
33.923184088585735,0.029258832107655782,0.99255274780503,0.1684770768897345,1.9677843107199477,311,15516,000321.npy,45.926443674783904,0.1566910035566484,3.613686923321057
30.370616786434958,0.03275750391250874,0.9948655982069468,0.1788439303821626,1.8907402403496643,3108,15684,000322.npy,41.869490431779454,0.1655487945203252,3.7318305891293577
26.41627715290027,0.03766145239605752,0.9948753644750153,0.19064130390648246,1.8701902109005346,4072,15626,000323.npy,39.36334102945086,0.1695016676448336,3.5885817916207303
28.275604619363058,0.03520347801126445,0.995399625472955,0.1817464025764309,2.54906505157601,2465,15495,000324.npy,31.48952804562797,0.203833678677455,6.317942135667272
17.956193625947392,0.05568869917764739,0.9999570652109738,0.2291950596288477,2.584494682123712,8812,9277,000325.npy,28.776417901271888,0.2049478353086288,5.684194338137712
14.667182948014986,0.06832738502756866,1.0021702565588095,0.24882457137270647,2.5813127406617364,8693,9315,000326.npy,24.322656609524387,0.2215657841213749,4.08268495822848
14.013680487544574,0.07156503375221812,1.002889517083928,0.25390665838597604,2.6258777362079733,9003,9171,000327.npy,23.538882592296996,0.2261742157284368,5.223119121525491
28.197104531054386,0.0354686145181577,1.0001122311401658,0.1873744455069172,1.8756812504026779,4715,16382,000328.npy,60.50211915364321,0.1293057449130926,2.1878418666608703
30.184801616351837,0.03302670911153713,0.9969046625727079,0.1814037275742576,1.976194202218537,15999,16258,000329.npy,42.40357571427255,0.1600937470077394,2.313193319051916
32.964177838238065,0.030189111297970753,0.9951592336046698,0.1729434426334681,2.0680360756641636,1120,16264,000330.npy,44.7367169407013,0.1554510640430862,2.373573727610809
29.318560630710408,0.033962839896443546,0.9957415806949905,0.18327112417710142,2.130819796624854,13824,16253,000331.npy,41.99692343166295,0.1604800953456216,2.2078848327330167
25.625916765734896,0.03910155378728271,1.0020131627638127,0.19522368810337581,2.013127864839334,11915,13559,000332.npy,57.42312529386734,0.1327704616545317,1.921094592677583
19.06655223954828,0.05223849111566634,0.9960079197720311,0.22311146780468466,2.834429423569279,6401,15806,000333.npy,26.83866105811829,0.212764419446657,4.692105851784811
25.89322433780934,0.03854108678919362,0.9979530064555703,0.1933014530683471,2.448698901314346,1259,15868,000334.npy,31.45753617762731,0.1997714089162287,5.041631914870785
20.954736121701476,0.04746378016905306,0.9945909887809543,0.2135167636419024,2.796565081330061,1259,15869,000335.npy,28.39444922527425,0.2081335852375849,6.727969308800768
39.66540375923263,0.025149740578241007,0.9975746144758864,0.15762748098267962,1.7637029798531885,6634,15649,000336.npy,86.9787372092067,0.1087429561576448,1.8691837492945047
28.099121555032237,0.03561337499577399,1.0007045529911989,0.18802458480972356,2.07490458830953,12241,15304,000337.npy,63.949135110277,0.1254759215145408,1.8902249077400803
29.706324039372777,0.03359453815939824,0.997970236516158,0.1822283389723762,1.740988577194001,13781,15650,000338.npy,66.61066776742473,0.1226231445302678,1.7239073252810169
30.62361367886024,0.03265694211749639,1.0000735793391096,0.18047744453581652,1.947465373842892,6280,16003,000339.npy,67.87896614390101,0.122048387253988,1.807139820485402
36.127515777105714,0.027651179310180556,0.9989684167841272,0.16512518829487494,1.9151536011168446,13932,14977,000340.npy,62.75156426325126,0.1323056023766991,4.3917465046597846
48.50990590849537,0.020532503114326073,0.9960297941418459,0.1427272185616894,1.7743499506490188,17,16376,000341.npy,103.9551222433667,0.0988384536601423,1.875751941492236
34.596752934801835,0.028751583206582276,0.9947114206825245,0.1686507513590168,1.8498739834173263,934,16364,000342.npy,77.47143702459765,0.1141701510872901,1.9174966494144847
29.457440241506166,0.033772436401547735,0.99484952710866,0.18260250340922396,1.8716760085569852,13432,16352,000343.npy,65.60011859878742,0.124220579685325,2.0132064194270094
25.24628985709439,0.03952864653492933,0.9979516680794557,0.1963478357836687,2.0640075251973444,188,14080,000344.npy,44.47655313059162,0.1612812540334987,4.549568726791577
28.081775471154256,0.03550455178820269,0.9970308515202763,0.18740144990108912,1.8332907693208904,3096,13854,000345.npy,57.14983603376758,0.1338658366605976,2.0852802219837043
35.03335912864952,0.02857957971344601,1.0012386798470205,0.16874085829025012,1.871390688427266,225,14877,000346.npy,65.59063871670762,0.1265139827560417,3.823042640829844
29.381056874653137,0.03420144143404928,1.0048744959689202,0.1849437583515175,2.1033640737000914,731,14730,000347.npy,56.97859050435721,0.1361854290999185,3.9036275024857434
17.651061996692576,0.056644724577942014,0.9998395453108302,0.2261063891656289,3.0650798854755776,5373,13106,000348.npy,30.995887302634884,0.1899127715988351,4.8307762314417495
16.226343934328753,0.06133810697511931,0.9952932200589354,0.24021552870594776,2.4957599198779286,6360,14749,000349.npy,17.095793889713356,0.2686663081494895,5.266693470248839
18.243623065949006,0.05455287262719056,0.9952420453751918,0.22227765819831485,2.47335898697276,1814,15045,000350.npy,18.35134578816233,0.2620535844989299,4.987135381568642
19.605940335302677,0.05077779557596022,0.9955464304204723,0.21986778963343412,2.5010580657035293,2368,14900,000351.npy,17.267220125798065,0.2710037704962484,4.8554250943912205
4.090850907589405,0.23945982653026987,0.979594448692556,0.41253219663649376,3.2964324429191,1647,16138,000352.npy,1.918677680876293,1.4463329848958868,17.468596224901912
4.078430511901539,0.241152472241005,0.9835236008082037,0.4200198303331287,3.293116586440946,16130,16133,000353.npy,2.6294400651445806,0.9445427634767182,11.57627744793683
3.9767462885194442,0.24860665660732342,0.9886455989644014,0.4350224774999543,3.359524362936398,1965,16138,000354.npy,2.4126622529886586,1.0523524795240655,10.885052123531125
4.159812849911071,0.23762507510377337,0.9884758408777597,0.4150610171062055,3.557012003486149,1255,16148,000355.npy,2.397365882463005,1.0730243180832577,12.780850805002228
22.558219884847826,0.04403934532496267,0.9934492354252531,0.2003757291768411,2.539677603951922,2582,16207,000356.npy,24.11663490562877,0.2442096423239264,5.400701762984377
34.003138126167585,0.029324381645138925,0.9971209995441123,0.16970099261217206,2.4285883780511752,16249,16363,000357.npy,43.80718538155837,0.1634019099298823,4.28925862740614
22.92947983573509,0.04342631686578639,0.9957428569142917,0.20347343035210974,2.3503317691094883,13563,16364,000358.npy,29.72717498983909,0.2064688061676293,5.887254046797223
30.113335593739638,0.03304675503626894,0.9951480246912722,0.1780455748447907,2.6221194408850987,15108,16364,000359.npy,37.75495548896425,0.1825246719737521,7.126167261234493
28.954815015402943,0.03437072876940268,0.9951980934626425,0.17870301328101199,2.20923013079184,369,16384,000360.npy,28.28496420815157,0.2337086299620793,6.540296206497497
36.056984558034195,0.02770239728930486,0.9988649112809938,0.16545525784069814,2.2216701105504657,638,16384,000361.npy,58.29605578750742,0.1393590861708755,5.454098470994961
29.59266073667526,0.03373605946254889,0.9983397622675123,0.1829138457430435,2.0405308866138268,883,16384,000362.npy,46.15217946226903,0.1561257509151912,5.043118904077631
24.115088071709124,0.04144441993964529,0.9994358369254438,0.20170463859293442,2.0193105269479577,1175,16384,000363.npy,34.11555518382323,0.1856700061226992,4.4660877007947954
36.35627754557424,0.027392127917098573,0.9958758051179081,0.16204049417349278,2.276715865547593,16246,16382,000364.npy,41.7870604805731,0.2028757943367334,9.516418190582392
16.19998972041506,0.06161840779548397,0.9982175728751836,0.22854249258664283,2.9739731902907556,8698,14051,000365.npy,23.41437797494008,0.2292633595793394,7.327482431678283
14.809047357596144,0.06731197407165479,0.9968262117604195,0.2383949408402502,2.7340149386684867,6493,14110,000366.npy,23.43314505366554,0.2238893596455358,6.7295359089935785
15.582553802723128,0.06396181266885687,0.9966883872321599,0.23144190719872793,2.5999730417516718,7165,14051,000367.npy,23.31751499800809,0.2293638939092956,7.872526712571368
40.92929451430597,0.02445030046038975,1.000733548506563,0.15599138603558826,1.873487014018203,15708,16345,000368.npy,83.3228778582384,0.1106900883346896,1.908433755975136
39.73329423124113,0.025105881936231155,0.9975393939070742,0.15758506407057538,1.8398151197965167,3217,16383,000369.npy,57.73299189859408,0.1370780815210098,3.607080806466642
28.453000899293738,0.0351235737104503,0.9993710743698523,0.18629544370602408,2.0771098072217695,16113,16384,000370.npy,41.0816312354948,0.1656531059052612,4.1458635255818495
29.918561627401385,0.033335160939878546,0.9973400669390997,0.1813545793232515,2.0571672255305242,8827,16384,000371.npy,45.29675360365516,0.1553530843529056,3.257545160736924
33.791273310723874,0.029562079828851152,0.9989403191301465,0.17118544779504918,2.111734223552732,1926,16364,000372.npy,63.167931132878586,0.1275581259821566,2.5100237526010907
23.05271686493552,0.04307010591462043,0.9928829569925295,0.2039902458100024,2.0760899111833426,13662,16384,000373.npy,17.429961344333016,0.2788997693841323,5.115727466653668
20.25043485101862,0.0490229709398125,0.9927364792200521,0.21788371949526975,2.399072404089976,14822,16383,000374.npy,16.37316788105309,0.2906289471084951,5.949702951891369
16.922993647017677,0.05862139965759924,0.9920495739848361,0.23798191416779127,2.2896974926693314,3362,16384,000375.npy,15.056472390503432,0.2992841429835463,5.582908248815098
20.278595368102767,0.04911358206095055,0.9959544576921271,0.2185636370320853,2.4201776972190223,14712,16383,000376.npy,27.36965563256725,0.2208824152365995,6.626793215097747
25.998767033899558,0.03829333510684293,0.9955794983938565,0.19102183636879078,2.5864646840362786,14447,16379,000377.npy,24.949482373524813,0.2359877157794692,6.737996470065451
27.37200168915871,0.03645822739246327,0.997934661770237,0.18927969903805325,2.6699256856705493,15342,16382,000378.npy,25.0229697406177,0.2298175488678682,6.1412942041861225
23.907060306865937,0.041570230689939376,0.9938220120747098,0.19815874422299787,2.6862613929023063,15087,16380,000379.npy,25.13944150565143,0.2315459151307919,6.135717953660846
24.18248824405326,0.041368467433161825,1.000392477376936,0.19974771715326325,2.6084142750227954,13694,15840,000380.npy,32.03925620082659,0.1987976289263142,6.133035672427463
29.759128853566676,0.033557348800502484,0.9986374669382345,0.18195612039468034,1.938219988816108,16257,16383,000381.npy,43.09832239612679,0.1568955717947748,3.4958876062084707
30.33033763551528,0.03293762605446768,0.9990093191443497,0.17986478450758897,2.349984573566175,4225,16383,000382.npy,38.88620533081806,0.166389829802267,3.371326023624874
27.09377108062333,0.036906362848935816,0.9999325464474884,0.19049545584147207,2.473033827396195,515,16384,000383.npy,42.70826376986725,0.1585773508563489,4.342300326379968
25.669798790974426,0.03906702216840223,1.0028425984254226,0.19518450619619512,2.9484561014090165,913,12835,000384.npy,46.44773026972816,0.1607382307798849,5.786433866281182
12.864137193264007,0.07703327185773257,0.990966577623875,0.2495563638126959,2.6890722773907565,8969,16333,000385.npy,11.971692098960665,0.3544298429922423,7.692165742982945
10.660275235699372,0.09356312101960824,0.9974086219800731,0.27975193015636723,3.0283140903267487,4616,16301,000386.npy,10.52150050932224,0.3821507205538453,7.836117008982861
11.064505086294576,0.08972361519759194,0.9927473967144933,0.26806808749610705,3.089295601441515,1686,16320,000387.npy,10.896897377076836,0.374723784815276,7.684999763432065
24.94391838263885,0.03992238147987571,0.9958206252745924,0.19843000996728752,2.0561975567551443,16210,16313,000388.npy,45.12266186847671,0.1564981129628985,5.582048850983117
22.14992237044809,0.04519288485555818,1.0010188912472129,0.21065501590433555,2.098987955820218,14223,16212,000389.npy,32.06376002997308,0.1812798913535521,2.8554461391115127
18.94569728736941,0.052671381912814584,0.9978960574276095,0.2252836214460049,2.9048456988940083,759,11613,000390.npy,29.800055027131023,0.2032551476034091,5.8580060965621135
31.3882018064105,0.03188992728849258,1.0009674733229623,0.17719800213806317,1.8752802481591204,13298,13913,000391.npy,45.13826256815917,0.1506525774925055,2.4037922494643653
29.162034220050014,0.03428277375351058,0.9997554213581081,0.18504469555882577,2.1564475274809984,14157,14809,000392.npy,61.01934470611532,0.1302233663366118,2.4933081911909865
42.57023919892147,0.02344365184027245,0.9980018665366338,0.1522372356827774,1.7012111572597521,14860,16383,000393.npy,90.55895588634635,0.1054126014168516,1.8319519813149088
43.932904773498926,0.02271095381939372,0.9977581714627559,0.14993236311160552,1.8187360855078465,16252,16380,000394.npy,95.52426489815338,0.1026427939518294,1.751681755995408
42.458633093695596,0.023502086028851354,0.9978664476354691,0.1526748003893889,1.6008939188366504,2399,16361,000395.npy,98.028501756429,0.1010414331329056,1.6839208564375987
30.30675498344026,0.032800636119458354,0.9940808421734051,0.17928760791759601,2.1759767328824164,1115,16339,000396.npy,39.44334017672898,0.1692481393660379,3.2736575783387187
29.14947924523046,0.03429049735904548,0.999550141076126,0.1842314768554386,1.8186843525090048,12035,16384,000397.npy,59.68749097861274,0.1307730771475241,3.4746236063568645
28.90845700295431,0.034535016824742804,0.998354048974381,0.18496487023267055,1.9649339394724679,14598,16383,000398.npy,48.15591154711254,0.146790190251286,4.579404673784734
33.221621539114196,0.03005150781287587,0.9983598192390956,0.17118260112669326,2.0624549591315957,15360,16383,000399.npy,44.435850931730215,0.1557676526941425,5.207663657416007
27.108003011814798,0.036992809720156845,1.0028011973095035,0.19171033443440497,2.1518575135549485,12101,16306,000400.npy,62.77930053297408,0.1269609864599695,2.273277081537319
42.97394970570136,0.023252057487975628,0.9992327490423413,0.1512963982634341,1.6918631391802208,4352,16384,000401.npy,102.3228962562548,0.0992793031973025,2.9577823768775127
44.77788437978681,0.02229457059379015,0.9983037043457303,0.14819205524049786,1.9523647183764934,675,16384,000402.npy,89.71400020446009,0.1131621174157749,5.874725023988331
27.22822830749143,0.03672033089133314,0.9998295530358492,0.19125568341680396,2.832089540218101,263,16384,000403.npy,60.56401522706519,0.1346300833289488,7.830243832242803
27.470706555435815,0.03608603364921164,0.9913088411270756,0.18521108264626981,2.6988672690598063,12757,14847,000404.npy,29.981966196477256,0.1979836432847417,4.548329724989901
4.0134068375266745,0.24638043750793384,0.9888249325271552,0.4268949989947017,3.5289715671941835,15238,16131,000405.npy,2.597860976275401,0.96111706525926,10.47687514219662
4.107217515675695,0.24185080897593636,0.9933338788063025,0.42767243270186844,3.704007785640059,5096,16134,000406.npy,2.683513036172056,0.9275671078135508,10.388034012071998
4.104335925179642,0.24057710417887634,0.9874092514570476,0.41880399738133406,3.783896960819385,15115,16141,000407.npy,2.487355800395869,1.0271567475927652,10.27666832907201
26.071474397768608,0.038217027183453336,0.9963742457722305,0.19317306088389047,2.387649007179445,11601,16326,000408.npy,41.89269316102871,0.1665119019363573,4.928620399633776
28.794106997830294,0.03457646215616394,0.9955983509310145,0.18372901685874884,1.9065152012567839,2829,16287,000409.npy,56.87572611140674,0.1324776074844507,2.3038144512736607
31.487632166890705,0.03166892464866597,0.9971794504581726,0.1772266373079849,1.841818943588287,842,16067,000410.npy,59.6753679469879,0.1295029236611388,2.007473427971346
34.24402521213345,0.029122963952274674,0.9972875118337475,0.1694463680938664,1.8629264925652422,1086,16186,000411.npy,64.83880363933406,0.1247956555744067,2.0643076070331223
45.02565439894474,0.022194434986182232,0.999318959267689,0.1480986024234859,1.721452497076615,12931,16384,000412.npy,87.45849172436078,0.108298905175804,2.551367093734032
22.862452757720558,0.04351706114147649,0.9949067545018434,0.20592923447599293,2.3013464828178574,2425,16354,000413.npy,30.69491695999588,0.2009587401507179,6.015265505742025
30.788529539791263,0.03237878820982165,0.996895277260739,0.17725361913508092,2.136367271053048,2406,16357,000414.npy,37.41176426471948,0.1842532833143311,5.555835759519629
33.54611130839152,0.02978580241337523,0.9991978431688421,0.17054281158566986,1.859084491743531,2831,16354,000415.npy,39.34535909910816,0.1789047120641627,5.427384209968615
23.112710954278356,0.04308965507447239,0.995918742855834,0.20510903240261627,2.1039154197510315,6260,15623,000416.npy,31.66014507090664,0.2014785395825309,6.133668450046277
29.07212143871039,0.034311940988852346,0.9975209152257801,0.18370175209502623,2.0511610715150055,773,16384,000417.npy,37.40333542497684,0.1713484200168901,3.247529354600029
22.10400017177653,0.04527529278269665,1.0007650794459595,0.21162624738952673,2.1938767255092992,3078,16384,000418.npy,31.11234507606062,0.1893857846595372,3.945249083786623
24.06297560228762,0.041568251813341686,1.000255829214189,0.2028201702196815,2.4530545477414267,769,16384,000419.npy,34.37185721689457,0.1789950176367583,4.012527328306119
38.467020905060565,0.02597427939079469,0.9991531483195832,0.157511791952367,1.9905110953550285,14471,16375,000420.npy,81.59212442801848,0.122435662547334,7.256666841303454
33.54001987500894,0.02978910979024882,0.9991273344237687,0.17152392670384398,1.9478249383790327,2434,16384,000421.npy,70.21994789999108,0.122199900668562,3.097916395243522
27.968866771286883,0.03575588657142793,1.0000516278055136,0.1879376924710431,1.968273783672419,1039,16384,000422.npy,60.807620760647886,0.130384596300781,3.166015387628428
28.900410587692086,0.034492945389115355,0.9968602841242744,0.18468201802178796,2.1784463905891123,1543,16384,000423.npy,62.59349043967408,0.1281159029501993,2.775654475397648
23.177967181212207,0.043226592242928734,1.0019045363622443,0.2057025168643027,2.188933912960938,10257,15388,000424.npy,46.348173414263336,0.1549327368498086,4.2021877145314575
21.223009590264976,0.04745389985693658,1.0071145717592387,0.2138679310335167,2.2060254299148276,3507,3692,000425.npy,20.720509220418588,0.2258306574594718,3.0096226902386007
16.124209682808058,0.0624736081611406,1.0073375576318198,0.24408591950802647,2.1853047555021736,600,6170,000426.npy,23.41752029294366,0.2105086720296702,2.694862110917257
21.568687167417927,0.04664282122017074,1.0060244195036652,0.21178969034275807,2.360371142479827,171,5416,000427.npy,25.43367401109965,0.2031025213112587,3.004563483743973
21.271681153808778,0.04660663486242117,0.9914014764454115,0.21372780641502034,2.1354209150329524,10219,15614,000428.npy,30.01219241635861,0.1966837605780931,5.701279057283483
17.884511521893582,0.05517484060151673,0.9867750724564678,0.22231885393040587,2.5479754858516874,13960,16110,000429.npy,16.513110480102885,0.3184009814281314,8.02480236541348
14.880373103974968,0.06629650614114488,0.9865167468702036,0.2460504475277957,2.6494449050196893,111,16247,000430.npy,15.370986775750014,0.3300368886471743,7.363970914664944
19.042767297940383,0.051761645642505315,0.9856849729286785,0.21640498278230505,2.4507320560148815,15408,16159,000431.npy,17.341820335758875,0.3068831308495194,5.982727349663994
32.30506249071766,0.03090378531301091,0.99834871573654,0.1742065027414583,2.318867608613461,1479,15056,000432.npy,39.73888845016645,0.1720413035576667,5.280828669436425
33.19087016252036,0.030148940764442918,1.0006695784501423,0.17372602585595096,1.9424299925746211,1764,16153,000433.npy,50.18335381436494,0.1444544600910665,2.442075545732964
30.305530423200537,0.0329616146144099,0.9989192144948107,0.1794823547522354,1.8890612151307244,4275,16093,000434.npy,46.72135548049536,0.1487695091736294,2.4611139410327
35.84216110566689,0.027883106723953107,0.9993908033264309,0.16649646080066768,2.0276169164196927,2692,16171,000435.npy,50.92849050806202,0.1438108257523675,3.205122123335696
34.12099174018557,0.02914690736757097,0.9945213855408431,0.16961501326291292,1.8102107701173609,17,13512,000436.npy,61.67278898647668,0.1299665943539535,2.3139866202283907
32.15337604683849,0.03111253776998261,1.0003731266897167,0.17649621389768572,2.054151263282739,13041,14909,000437.npy,65.39563759056652,0.1245207429023835,1.8417844425355168
35.99530126780154,0.027819659532523768,1.0013770260408599,0.16667660185725844,1.8547707370942572,14002,14661,000438.npy,67.33634538200812,0.1227485510970804,1.9307216117285857
35.031901280497266,0.028602519983579235,1.002000656438198,0.1691702397770988,2.1504821505108263,348,14423,000439.npy,69.91710059290565,0.1201944004410701,1.8894582722096256
22.630767364910923,0.04406106541311783,0.9971357212143923,0.205914856356696,2.2646501068692104,3842,15992,000440.npy,42.22703057498057,0.1628311571804404,4.135952638225792
36.94369950108436,0.027061840452373392,0.9997645016187714,0.16393748845689693,2.06403387956177,11560,16125,000441.npy,74.3304300229058,0.1187793518293224,2.5944455023788087
33.964992976247075,0.029372946770761493,0.9976519307605933,0.17025144069451761,2.3172788038465293,14511,16269,000442.npy,76.60585368171596,0.1149283367665021,2.070142767688166
28.54367801720537,0.035015994860686364,0.9994852827555496,0.18605264920780523,2.054962825650144,14539,16144,000443.npy,61.51230944644461,0.1294381153713915,3.5245578831344555
24.40983668776849,0.040848697775416866,0.9971100416059377,0.20102184339948573,2.7810341434146584,465,16277,000444.npy,40.578188332873374,0.1651620262361231,3.850589065936479
41.67753468965938,0.023997238089340563,1.0001457229245068,0.15490336174711122,1.7788970305172005,115,16363,000445.npy,88.26254804057506,0.1073569289084074,2.0089836047851093
32.71527708966734,0.0305288849606435,0.9987609307260301,0.17437817560292254,1.8456319345770145,13146,16365,000446.npy,71.4131909313106,0.1190129752368796,1.703393265699155
46.86123991523127,0.021357676069659538,1.0008471823321092,0.14612052558576152,1.7365344042227837,5,16366,000447.npy,98.19371195267888,0.1017721371281016,1.8423219898401115
27.358603541473407,0.03651899461510757,0.9991086954079302,0.18965935357627364,2.2233201400985205,2974,16384,000448.npy,27.08102356752369,0.2074528822339457,4.244314464562878
31.00674456391934,0.032303415515846375,1.0016237534419972,0.1790119259699766,1.8960949256861628,14274,15904,000449.npy,57.24267578302618,0.1337490491510242,1.9563298447498008
23.142106295148363,0.043162805018998496,0.9988782217464265,0.20629820017757639,2.0534467470096085,12855,15929,000450.npy,42.917976669401305,0.1539831597052057,1.9852661027101284
24.908557447435808,0.04018212457748852,1.0008787583983951,0.20029375048784762,2.1148734526440696,1567,15925,000451.npy,45.51720115580815,0.1501277781467845,2.077315578583152
37.30683155904771,0.026796754107850464,0.999701991830797,0.16281332787869368,1.8592887436941106,6236,15795,000452.npy,76.82753076157172,0.1157575587653834,3.202425070727464
39.063797983755514,0.02560321777088941,1.000158926736123,0.15956802872599368,2.034809041481916,2126,16380,000453.npy,71.11081077786834,0.1236920774656189,3.3135749862767048
34.926873629092086,0.028631724585788953,1.0000166263908197,0.16867268043546563,2.1791430781714958,2290,16375,000454.npy,65.14255661580704,0.1286453773341012,3.067596661572393
40.829221368020164,0.024455057058139572,0.9984809381943446,0.15600664581149362,1.874245293725182,14745,16380,000455.npy,74.44839667158867,0.1199702045375279,3.1408557955382066
33.58979576799954,0.02974988172396894,0.9992924512302588,0.17168241491159228,2.43485268575127,14540,16338,000456.npy,51.05989385053165,0.1473063281555318,3.388547677420953
18.31975645531167,0.05431032208033718,0.994951873521313,0.22543229026984715,2.6167396669955547,14475,16379,000457.npy,20.466750323414065,0.2746740946782836,8.794965977243903
21.29604328597532,0.04666330665638947,0.9937437984212104,0.20775214810916756,2.7489288327196824,14095,16380,000458.npy,21.6754415820516,0.2694800375232316,9.216530719889404
23.692927385121365,0.04193584121788592,0.9935828408093506,0.19669612910333983,2.7236549493578632,16123,16381,000459.npy,23.07375174739097,0.2609608325564744,8.920273677222164
30.434612899535757,0.03286355567736024,1.0001895955427995,0.1793294948447922,2.040991885357818,8855,16153,000460.npy,55.81633275025101,0.140343391814194,3.161750089094824
36.99976090848854,0.026985652937514544,0.9984627066474896,0.16337465684836927,1.747020121649764,15337,16247,000461.npy,86.74598519828159,0.1071845401130256,1.6612236507629488
30.72151947168227,0.032514757647033876,0.9989027601703812,0.17839455447391198,1.8889327199348172,1389,16234,000462.npy,72.90868654725472,0.116807065628025,1.761086818765295
43.15658694442339,0.023165410885388014,0.9997400689785398,0.1518240318943171,1.7048253384146304,602,15880,000463.npy,101.31594008143216,0.0994952837788352,1.5934743704698302
23.39692126929258,0.04246715343374195,0.9936006454202285,0.2026959029797448,2.7224856507013833,16198,16208,000464.npy,25.759280247459508,0.2142256433246595,4.336727225195016
32.85077453776815,0.030392462590934533,0.9984159362223433,0.17336176525995345,1.973751808204735,1577,16384,000465.npy,44.5746135322264,0.1557031234211392,3.162294524282815
34.75764378885593,0.028672138139348748,0.9965759641123542,0.16797819273348352,2.1820930454149847,501,16384,000466.npy,40.57402127933008,0.1678269721487201,4.418718558326917
27.6804279768031,0.0359615457644254,0.995430977466686,0.18665419564285254,2.447947746130076,127,16383,000467.npy,35.39180656739212,0.1782272077944068,4.097859210950433
21.277612144573578,0.04679501858875417,0.995686255829622,0.21348684438006377,2.5560603644949174,12823,16384,000468.npy,20.60345464446708,0.255214114546122,4.684052018400417
16.11703243397642,0.061800602007296174,0.9960423069908606,0.24060079161796546,2.572875435157892,2146,16311,000469.npy,13.894225155443486,0.3201676505389941,9.277427666619705
18.347940955404017,0.05414383664746381,0.9934279179067063,0.22569412894036364,2.907577914063406,15811,16314,000470.npy,14.257188976967887,0.3180061676370417,8.860864769706525
21.105536136141552,0.04712392341719214,0.9945756685583158,0.21261455169123092,2.8277912510273744,388,16317,000471.npy,15.126985238012374,0.311232753758932,9.336468938271288
21.02778041874106,0.04733688794944396,0.9953896855074574,0.21093921028062165,2.201165103178557,16094,16220,000472.npy,30.294681879253552,0.218888904869907,5.620713352839504
42.92186013336829,0.023284531406552542,0.9994154003030694,0.15078587888968648,1.7010346080673242,1281,16163,000473.npy,84.31881804227476,0.113011329049525,3.2841126179734506
24.93086085208897,0.04003678044796597,0.9981514023138759,0.19856725810601655,2.1088595945376687,1007,16263,000474.npy,54.17291896450402,0.13883339519546,2.9574742983359994
42.47373615732751,0.02354041904501804,0.9998495475510238,0.153043501086217,1.9428014358491115,1041,16293,000475.npy,86.30973785390772,0.1111960988018248,2.7492497191282816
19.784501992770476,0.050493815326647006,0.9989949899526321,0.21914417798745728,3.018917595309071,11867,13754,000476.npy,23.34878140088461,0.247661141170174,6.279689514837701
22.468426520225314,0.04448326975765597,0.9994690779292541,0.20953320420270669,2.20865035485084,15863,16384,000477.npy,28.675390278553927,0.1996704259029924,4.283448065459408
22.39059187203927,0.044521018453788926,0.9968519539263166,0.20883872616797616,2.1903525895122997,6863,16383,000478.npy,27.897341917057584,0.2031729509482753,4.701194586140189
20.777852344285193,0.04812020130060659,0.999834437401284,0.2178923768242711,2.2338609144498953,2070,16384,000479.npy,26.07203440179161,0.2116051018104905,4.728157239161874
12.12734811160051,0.08163557527628561,0.9900230396662836,0.2699780496327146,3.3755464989877617,15618,15864,000480.npy,14.306100800342044,0.3031242911228189,5.258610617433299
39.65834315003382,0.02521057720979798,0.9998097219965905,0.15822337733786485,1.9220277089785585,10799,15904,000481.npy,83.91405742317421,0.1101186959669913,2.0447415606170893
42.514064328499245,0.02353667082447834,1.0006395375105834,0.15303647654410832,2.3820892096086133,3921,15460,000482.npy,86.29557563942505,0.108898541614185,2.08730555112298
31.22481931264823,0.031983988992231545,0.9986942771801599,0.17830123210405777,2.671772425589184,2646,15906,000483.npy,67.90827733596612,0.1221649357298376,2.249319730383261
25.195260253846104,0.039655921554570754,0.9991412641735155,0.1984039112593933,2.0302755521564175,3518,16368,000484.npy,47.45742258423181,0.1488511578750498,2.5018405083325024
26.150905098781013,0.038125329933176196,0.9970118849422058,0.19454764378048853,1.9297351045572901,2759,16360,000485.npy,60.09193640066977,0.1292182341671734,2.0598085755712003
48.99734374924027,0.020384219385985673,0.9987726043150675,0.14192628461297663,1.5712839579751274,9451,16367,000486.npy,109.7094563567384,0.0953201687889575,1.621447813835554
41.84356555913905,0.023863430753407244,0.998531029196171,0.15424654126103024,1.8076654383741875,15519,16367,000487.npy,94.47519483435433,0.1032730108232028,1.76447892659177
16.507795938956452,0.0602203157360184,0.9941046835497199,0.23270228153915967,2.6062702845979686,12747,13519,000488.npy,15.509374517273631,0.2950971842778462,6.69274402141109
30.428523096162007,0.03269826426936451,0.9949598895247668,0.17735677597762478,2.182072223123916,1098,15903,000489.npy,47.264397840590505,0.1559178486026503,4.443789589428266
27.217638350316964,0.036699855403018455,0.9988833918682823,0.19023802131347106,2.4397699866259925,4281,15901,000490.npy,41.32428753601462,0.1673139336068381,4.456529464354431
34.05411401711884,0.02926974383817621,0.9967551939171143,0.17006066965836156,2.4217623920054643,3165,15891,000491.npy,48.47118423444781,0.1541210781206053,4.480215160171874
24.368615292533747,0.04077516502787546,0.9936343100538731,0.19642250566637148,2.2521586366029718,407,16332,000492.npy,21.58108994472072,0.2552383438836498,5.5715057196577815
25.08002207082113,0.03980171434132658,0.9982278741369885,0.19612277876528217,2.477564369453435,16266,16384,000493.npy,29.62602142618825,0.1977065825628629,5.291371096903942
31.821542776333423,0.03140405603885964,0.9993255125909439,0.1757356491403431,1.8574291986242168,1410,16384,000494.npy,33.450186130606475,0.1859313472022127,5.165267984676937
35.69043157479552,0.02798430556875373,0.9987719430697741,0.16547090833814188,1.8283641759909433,16232,16384,000495.npy,37.04305174751507,0.1762534482633405,4.831459756501193
12.846565525941461,0.07714362364309056,0.9910306160395298,0.2616760013645821,2.819203397524127,998,16372,000496.npy,9.495506332093218,0.4795199765330181,11.35582233304199
18.268818273940692,0.05431400464072787,0.9922526805114289,0.22601936673412715,3.633883167253742,5361,16327,000497.npy,15.315370196481132,0.3116311983173879,7.652369987550074
18.565063038805228,0.053315195721579826,0.9897999694973683,0.22126747139214212,2.279452451488712,400,16357,000498.npy,15.860312912234487,0.3070051537306427,9.04167193881582
15.391077303762563,0.06436518265082503,0.9906495018496448,0.24621790262286777,2.8463511166919404,3892,16282,000499.npy,14.657058714566448,0.3091000905586048,5.517283214515052
32.433400211081434,0.030717274680202585,0.9962656630967289,0.1729566548408634,2.0118794735952727,16354,16372,000500.npy,61.12595905902322,0.134721823369789,5.853984887199568
25.496453646812377,0.039171248145022895,0.9987279126173616,0.1970013843929427,2.039085580166347,768,16369,000501.npy,52.54488787680472,0.1407535642606023,2.937473587202285
30.86697396692645,0.032300902346958454,0.9970311118518,0.17777891058897596,2.0308280177689637,15151,16370,000502.npy,61.33815729324208,0.1308699580891358,3.683930509025707
31.334673657325446,0.03196060799783347,1.0014752215018174,0.17748289516617136,1.795013704822563,452,16364,000503.npy,60.05680622966371,0.1329681425329572,2.782604842175509
20.71742502680445,0.04810145785297557,0.9965383467490155,0.21111653258284588,3.0921416925001664,2291,15324,000504.npy,28.68500694952745,0.2237614799025251,6.451524951563937
15.182473254460996,0.06519590730703329,0.9898351189893511,0.24223411161647937,2.4270512511336064,14445,15185,000505.npy,14.487836768511569,0.3275569471456019,6.2589377642218444
19.085979460469655,0.051635643474667356,0.9855168307856351,0.21599083838561686,2.935644578415531,13957,15223,000506.npy,14.347955145353865,0.3359000430649653,8.102230179170284
17.919773562449613,0.055210074899658866,0.9893520405677699,0.22409911878022756,3.6541215325779146,14584,15215,000507.npy,14.366367415461776,0.3352656712219282,7.741725809765861
27.42907118399058,0.0363721084156091,0.997653150843565,0.18927983877866553,2.0233748083709537,16311,16382,000508.npy,59.91120807734551,0.1335407202453249,5.201787433946836
10.959596695619986,0.09001022289975473,0.9864757414641704,0.2828983760215,3.563233178320619,15289,16249,000509.npy,10.368053100916718,0.3806196740062157,9.04696915652208
13.271112633377017,0.07471604189676347,0.9915650075320642,0.2638789420183239,2.578703790216474,148,16302,000510.npy,11.99945247071268,0.3444043474188859,5.692685101304048
15.264787933871979,0.06485680615103723,0.990025391963827,0.24507973084709034,2.404666373612939,12632,16318,000511.npy,12.895084364043845,0.3322734898664367,7.589159144995035
30.35341864658771,0.03289200646549815,0.998384842373535,0.17978234810626575,2.2179098937602726,16121,16382,000512.npy,56.66834413038988,0.1447845128399436,5.957138826945807
15.551152593677637,0.06342800726547984,0.9863786196983708,0.24183270815871408,2.629182675820769,1286,16077,000513.npy,9.691633750207547,0.423288078957584,11.195302684580636
18.312426461528414,0.053855922165524345,0.9862326141739627,0.22006596727107375,2.4439208159444523,831,16015,000514.npy,11.22083516083102,0.397843321019972,10.813380025396892
13.813073630722814,0.07144888114337768,0.9869286560662387,0.25624901667249156,2.73434696593745,526,16113,000515.npy,10.094968223333447,0.4110640708120207,7.733099136980598
39.34374899023988,0.02539656501879216,0.9991960793136656,0.15721294418408535,2.3038398994554665,375,16379,000516.npy,72.2437608755447,0.1236904069784307,6.011740416517135
27.910003584520226,0.03568081229539076,0.9958515990629495,0.17981183844705825,2.4863250242595716,14716,16023,000517.npy,42.37145101293423,0.1790429140065336,8.789337632267387
36.165335160037806,0.02756912312273668,0.9970465778021201,0.16019284599624967,2.3335209337201914,15874,16356,000518.npy,57.17522104612714,0.1453819488869703,6.084911441403455
33.94331497574558,0.02940441694759113,0.9980833861302372,0.1652612789252842,2.666384185069992,11374,16103,000519.npy,48.16408219227462,0.1760834127312113,7.223419085709605
21.12961123018444,0.047142656069424964,0.9961059951052444,0.2023633796904972,2.6821583091921872,15043,16325,000520.npy,24.992791944488168,0.2797221673748407,10.748524119886424
29.555267722343643,0.03384360674334937,1.0002568579894053,0.18310388256528665,1.968665172554243,13765,16359,000521.npy,63.28489688127462,0.126988919664556,2.4408682590932926
43.71037386287169,0.02285787673441466,0.9991263377727014,0.15030372355735963,2.1627274294879366,337,16339,000522.npy,85.82927296860187,0.1090539098182241,2.354377148581884
29.712161283651522,0.03356269291068258,0.9972201448758685,0.18204787004742273,2.022969914449483,712,16360,000523.npy,61.6832056363268,0.1285339236902371,2.6445224130584424
18.910663591228545,0.05243475689489143,0.9915760481271433,0.22237286822196545,2.2497727808890695,12510,16358,000524.npy,15.689201042760274,0.3089005279022079,7.339996827850249
27.59438324002876,0.03622789541614513,0.9996864300927898,0.18957285049167524,2.048178425895587,3847,16382,000525.npy,54.33096387977993,0.1370116247092996,2.080728144264118
47.81938530932863,0.020893460442870118,0.9991124353628221,0.14425180308969773,1.6229038633039228,12704,16384,000526.npy,100.13408447915972,0.1002054090277058,1.6576008816403427
44.667882142879265,0.022379996051249306,0.9996670259753073,0.14936326722129925,1.6715889192234783,12949,16384,000527.npy,93.1835892578963,0.1039886800622918,1.689343177309538
30.695842888657367,0.03260851464249184,1.0009458422984128,0.1817457807060619,2.805528669894936,14593,16384,000528.npy,50.14750214050509,0.1873619276645667,14.457611709782787
25.47170769099454,0.03910529308862564,0.9960785947241413,0.18548567474355107,2.726484541305659,14592,16268,000529.npy,23.99524286331363,0.2580596426316756,7.60511831943896
19.900048685776586,0.050145823931085534,0.9979043376169827,0.2154670567526527,2.870750045592577,13117,16261,000530.npy,19.189077802921428,0.2958495968441129,11.503269465634144
23.31289512438238,0.042626063823918904,0.9937369554922512,0.1972780119581111,2.2161572694481184,13683,16355,000531.npy,19.202147966951006,0.2993064138706927,12.014278990363644
30.10028739799528,0.03309934609222967,0.9962998300618251,0.17830119345046339,2.871995044690254,3333,16384,000532.npy,27.38588647249612,0.2352981158979755,9.464907950229394
20.992993910201303,0.04745844027837682,0.9962947477516169,0.2143584977533917,2.468246360864537,1534,16369,000533.npy,27.856840079082307,0.2123080679279874,5.108158051281475
30.34856931633595,0.03282872291265586,0.9963047728815225,0.17696695555204797,2.109475268047525,9462,16357,000534.npy,29.998192492847814,0.2108543967347148,5.690976101263786
29.80987046810826,0.03346104275024345,0.9974693501125901,0.1775589069622393,1.9795381215352832,2833,16367,000535.npy,31.18721405929264,0.2052937268910562,6.360230302503302
44.98304851254471,0.022189744502344563,0.9981623534299379,0.14858607290403836,1.7767167789965312,1022,16153,000536.npy,96.70406738060694,0.1020538606034242,1.7614801977896375
29.719321258502607,0.033585091959110074,0.9981261374291449,0.1820629087647257,2.0043448997472413,771,16317,000537.npy,67.55976858460589,0.1218980381056677,2.017248705848055
32.31204000999563,0.030917362754212308,0.9990030623176567,0.1749520465301851,1.8929599069707648,11217,16319,000538.npy,73.95526793002483,0.1166293477646738,1.7718103778267689
37.370789854329665,0.026690998848463293,0.9974637089680768,0.16269304182839497,1.9791547943890093,15656,16326,000539.npy,85.67326741440755,0.108319348647046,1.8983910909546309
47.08128622190074,0.021248297435539343,1.0003971732907073,0.14536665353298453,2.0180037666153416,14844,16377,000540.npy,106.9509962715098,0.0976602215449673,3.1570091194888
40.15151716079465,0.024866207659823197,0.9984159635772745,0.1570377797534764,1.9561881014961142,11121,16260,000541.npy,65.09241499922022,0.1246901862894988,2.0113775835035064
26.904913362467752,0.03718555265642452,1.0004740725565844,0.19253147560811207,2.245552884457982,10882,16266,000542.npy,49.12540288712078,0.1438429097370403,2.2608972119086044
30.65491842569337,0.03261340027285572,0.9997611249488779,0.1794357929926981,1.7926936638369544,13404,16258,000543.npy,53.71444446089141,0.1375318132802824,2.008880837114655
23.882041659475703,0.04185080228980011,0.9994826037674873,0.2009913283810641,2.8273163772808214,13052,16383,000544.npy,45.92462389666464,0.1703016389237246,7.227869754412777
25.70220147947465,0.038637619088383264,0.9930718704968223,0.18544299839373965,2.352253654107321,15662,16140,000545.npy,35.52756600092895,0.2008095334768865,6.649120990037129
23.9068968063795,0.04153123871153751,0.9928830381178406,0.19560763094005987,2.7465509634903063,14813,16194,000546.npy,34.89188378321304,0.2018070992610498,7.489392368965869
21.951075001389963,0.04529475612427687,0.994268588853669,0.1985336495259424,2.4530101750413453,13027,15832,000547.npy,28.02609139626064,0.2255078589652882,6.334291018852981
42.553485035929825,0.02344007922734318,0.9974570606417577,0.1492396413460658,1.6986370052414361,15360,16323,000548.npy,94.03191122085374,0.1096699952318199,3.672238409393357
10.450597535909292,0.09488617089113831,0.991617183706798,0.2812457373738881,2.665810538128957,4047,4325,000549.npy,18.61415067384268,0.2671332098737976,5.215138493925545
9.764842068711053,0.10306246038097605,1.0063886488330211,0.29521241355905276,2.459487730045456,4040,4099,000550.npy,20.396762420392708,0.2447597202572962,4.578712648633628
9.870186939527878,0.10116657408270972,0.9985329982279411,0.28249231146257386,2.310887566218044,3963,4213,000551.npy,18.52951053442538,0.2663787192841655,4.692506785373734
30.763041897962296,0.032443906595784326,0.9980732579396885,0.1693183106552265,1.9162363738736892,15462,16205,000552.npy,27.439304097015764,0.2495050346440515,9.773847692670705
41.80307910701401,0.02393087324375857,1.0003841873087644,0.1542684649541952,1.908433321902352,13970,15958,000553.npy,80.19689865764308,0.1129909743161491,2.598171434485162
41.19175640092585,0.02425523000752521,0.9991155259184052,0.15318291066701625,1.8206139719747743,13326,15753,000554.npy,84.28523662892688,0.1092647027163346,1.838568812344434
42.83255607454321,0.023360420055903483,1.0005865019693698,0.15177961053732106,1.8598529935062387,13904,15754,000555.npy,86.18528187056434,0.1084601431464756,2.364759331281293
44.56970444420643,0.022407677678293176,0.9987035714025686,0.14894242373450353,1.8373681511445894,14134,15495,000556.npy,103.16096399812896,0.0989022379302986,2.261695087621136
38.61624355837142,0.025880215563273835,0.999396707534537,0.16013702529770052,1.7437017822256369,1673,16384,000557.npy,93.0349694930498,0.1037666117584574,1.6620575347627715
34.212352307453735,0.029160085126400975,0.9976351056597718,0.17028902111528624,1.9507110237348375,2288,16380,000558.npy,81.64922033162591,0.1110229406324649,1.8377542200065256
33.31062851320413,0.030017489871826647,0.9999014540192849,0.1715798655397263,2.0779577242270784,15318,16384,000559.npy,80.66384320392197,0.11152646243782,1.8658849950342424
19.207744554037507,0.051565296309579,0.9904530393676464,0.22035229917726118,3.0098227043792143,2936,16355,000560.npy,19.66726234477129,0.2704605585641712,5.553566599067049
18.587595533784395,0.05333028234585561,0.9912817179472865,0.22221099902588073,2.569365187202189,331,16371,000561.npy,18.190382187504515,0.285216766229724,9.035803649391449
18.086658665562272,0.05494662962936346,0.9938009349293673,0.22780330091855824,2.8781527711201025,1407,16378,000562.npy,16.863362265130178,0.30560887691276,9.525399012701971
20.958617977365346,0.04734071590038805,0.9921959793312184,0.20770472951082772,2.342602277488928,3049,16338,000563.npy,17.46804226726924,0.2974129761800345,8.579887866484686
42.82805882750975,0.023357114711209083,1.000339882892556,0.1516886209669444,1.8452556118201882,16099,16384,000564.npy,90.5348174846082,0.1070071959173456,3.4344712495085195
24.6585417572959,0.040492433590969615,0.9984843645574554,0.2005534491170271,2.269647665201219,13812,16384,000565.npy,42.46828808052522,0.1579037065639487,3.0741129238200107
24.8600510112177,0.040202104155667565,0.9994263600681828,0.19934112876353344,3.350952851464257,15609,16384,000566.npy,43.20701402658787,0.157305066205286,3.214955028183929
33.51289552474727,0.029831826972284634,0.9997509006345127,0.17224236178309957,2.0658218909443944,14425,16384,000567.npy,54.618100584898734,0.1412207394305615,4.0465109131223
26.263057699158164,0.0377598471638746,0.9916890447762324,0.18763665595752108,2.0603207267736217,2288,16383,000568.npy,24.598555158367592,0.253738915001962,7.17000244744931
26.30052769755712,0.037792538052693676,0.9939636938158514,0.18713638181482223,2.4163244125483403,12340,16034,000569.npy,27.96570392387822,0.2294127323276528,5.970156800333845
23.00992211683458,0.04310930483487766,0.9919417467614154,0.19827063703398842,2.2654505889522065,15908,16004,000570.npy,27.042281424887246,0.2279635454060765,6.515031737458134
25.9365086698461,0.038271013070512276,0.9926164623071351,0.18725088484466093,2.4916646711746013,14955,15997,000571.npy,27.86052154794673,0.2298081357167257,6.709049193734533
13.30970218264443,0.07467512972157021,0.993903737044439,0.2617490887329124,2.919742153603127,13174,14441,000572.npy,13.136312943638313,0.3228369730835357,5.766710551415986
34.26157031281598,0.029178560040223407,0.9997032864448369,0.16993564438347053,2.112659869554081,16209,16383,000573.npy,75.58848627165062,0.1186299723539759,4.594798521019735
28.138436061812836,0.035543258458761544,1.00013170557035,0.18779017067294712,1.9670499304410485,3198,16384,000574.npy,66.67982269675092,0.1233396674050757,4.813334486812435
30.801189221780795,0.03249629820780491,1.0009246301060153,0.1788641922078429,1.844056497250347,15217,16384,000575.npy,73.98592780785941,0.1166839534350444,4.105474704651667
22.747165477456388,0.043576709254288304,0.9912466163703012,0.20411630937067438,2.2004067749862415,13178,16309,000576.npy,26.81755805155567,0.21989987098979,5.099389820650018
30.243297546232707,0.03289512720300389,0.9948571198216202,0.17717638201500532,2.8167446039068564,13820,16384,000577.npy,26.199296924044607,0.2457402350077847,9.288300143633192
18.836004843868402,0.052805018511230886,0.9946355844581056,0.22173924356758093,3.187330324566771,15812,16333,000578.npy,20.448044372201323,0.2818692349666709,9.127520932997076
18.76455230965502,0.052975596159845754,0.9940633452765852,0.2223122450415627,2.7140963135435503,12884,16360,000579.npy,23.484675570322835,0.2544796270710643,5.987327333995454
30.415450410630452,0.03286633666447352,0.9996444329973798,0.18062612609176312,1.935555341768676,2165,16376,000580.npy,65.53303990071628,0.1241527901119938,2.5221067447898307
40.31184274184712,0.02476802305897849,0.9984446505799841,0.15723030171413846,1.9311701078899732,11855,15429,000581.npy,75.57715180911222,0.1191172001063431,2.4078120373667327
36.46183805113397,0.027390826668556457,0.9987198860755868,0.1642885137514936,1.7834073120300857,5493,15403,000582.npy,72.855931114482,0.1204307760300975,2.258802580898487
45.37884852654186,0.022008819479936458,0.9987348854280403,0.14782419317263448,1.727569924340896,2186,15711,000583.npy,91.44669767285188,0.1067215002378347,1.9313612185475184
32.9234580343478,0.030246802399950173,0.99582932948797,0.1730340972533633,1.9132281001329554,15605,16384,000584.npy,50.90306612275932,0.1427561609617915,2.25795157388741
25.209870483183433,0.03945803134162924,0.9947318596438659,0.1965557119403722,2.2801473565070496,1162,16384,000585.npy,33.08560448430771,0.1823450917841896,3.973842996484524
25.750243219254322,0.03871675076743666,0.9969657489207453,0.19482767802389542,2.1140222585590775,3585,16384,000586.npy,34.28411306705586,0.1789519832757614,3.7712525520008233
29.248747491955697,0.0340959933129416,0.9972650988976388,0.1838321580509375,1.8841869532523394,637,16384,000587.npy,36.99233159182312,0.1733818131311669,3.3799501709918345
32.45439239326555,0.030857740844489275,1.0014692297367525,0.1732891830711182,2.1233073074969226,14877,15072,000588.npy,61.9394028211014,0.1325015671028401,4.318377426895598
25.00785392348415,0.03993800790549572,0.9987638676955921,0.19905345812997988,2.193924969250161,12929,16384,000589.npy,55.585012618705626,0.1347465034692403,2.7223173161711003
34.42165362467403,0.029024342074213172,0.9990658495626188,0.1696828422136047,1.8130388594539426,16023,16383,000590.npy,71.79156350096709,0.1187841452062354,2.4845302956494355
46.4412370601102,0.02151161652961298,0.9990260827979414,0.1463163669691336,2.043270556005687,15264,16384,000591.npy,95.48634562943752,0.1028493996486112,2.1497985846659278
30.892393301485388,0.03234375644395258,0.9991760449140356,0.17879344973830724,1.8083275783202035,140,16378,000592.npy,74.16904813760063,0.1163912884349147,2.731434359169269
28.725933156853646,0.03461822819641549,0.9944409091789376,0.18315514017804077,2.065775370632919,14225,16375,000593.npy,41.96897160954271,0.1760094590982057,6.519956554807231
32.44797690813162,0.030781812602223096,0.99880754450737,0.17363068307423687,2.2859863110910883,15990,16375,000594.npy,58.51890019834156,0.1449657833692106,7.814945955291913
34.52590379516548,0.02884201367134531,0.9957965892757158,0.1669610819483641,1.912088669341065,14206,16379,000595.npy,47.7792946509838,0.1669673276713448,7.630568602361831
25.52260295083071,0.03903897228650346,0.9963761892769114,0.19481128881920579,2.275488399022433,14740,16333,000596.npy,52.51695622848245,0.1441936655391577,3.4070027101844444
43.37805293616839,0.023044099133691657,0.9996081520875888,0.1513319919918661,1.8612452548788783,893,16377,000597.npy,97.4316172935086,0.1016189332836261,1.9806230047227944
38.341288513078844,0.026016369613502472,0.9975011334141958,0.15992371182822931,2.007578589173141,15729,16374,000598.npy,69.58573168905869,0.1209635752194984,2.104147159207586
25.683373558534676,0.03878863792505854,0.9962230776560238,0.19567825383348658,2.3272298726661926,16237,16373,000599.npy,50.78360401992331,0.1413724380440477,1.9928087398055772
25.893605047506444,0.038409325672182124,0.9945559090965339,0.19399609253231243,2.004202271806326,11234,16242,000600.npy,55.75755151087892,0.1350739632907413,2.009796177762471
31.988358707511374,0.03131166634593121,1.0016088148035593,0.17622022363138948,1.929840632433231,7809,10198,000601.npy,53.61336131250786,0.140138867365278,2.477980735071506
24.67685424964404,0.040425041024978646,0.9975628454092791,0.1980527050682697,2.091043842395072,1300,10110,000602.npy,43.83329142217864,0.1543475596822065,3.2303387967227604
39.59049183089299,0.02524254397351065,0.9993647309742304,0.15761438334938893,1.7610301813295994,9373,10594,000603.npy,62.5393583388936,0.133573275008907,3.4536341515503066
7.349859633619607,0.13505502991507481,0.9926355126900968,0.31175825242462424,4.146330057946111,11831,13667,000604.npy,10.36857046271719,0.41794265888997,9.535614159326409
14.561774904297652,0.06795090036813298,0.9894857157051088,0.235544075025566,2.9313162592107918,522,14245,000605.npy,13.373856016629851,0.3696546827781559,8.933266277788572
13.685233821994064,0.0719197956471915,0.9842392198618466,0.23778887494802325,3.1222943147774056,848,14252,000606.npy,13.888517369137285,0.3553838967707461,9.492053430937869
15.886524998962386,0.062257929447874547,0.9890621525572955,0.22230329350381658,3.903214283229201,13106,13722,000607.npy,13.952418941586604,0.3697521523253484,10.247576556952264
25.1876456693731,0.03943084315780566,0.9931701059034337,0.19380300657750224,2.7160454827288967,15073,16317,000608.npy,27.11884525846908,0.2254644532341402,7.303285180281096
34.13606094136916,0.02923462186594719,0.9979548336138567,0.1694963225349842,2.1265256770320726,12741,16344,000609.npy,46.961344064146,0.1537751438707029,3.767705695826319
26.49621343544011,0.03756053867252945,0.9952120494174428,0.19144526106431844,2.0991578905808987,12383,16337,000610.npy,39.70002222737075,0.1667391947128218,3.750682118366656
31.58952723597416,0.03161695377051512,0.9987646222522233,0.177389636650835,2.26369255613754,608,16358,000611.npy,39.78369939562955,0.1679725870009003,4.952232908674403
28.19003573848386,0.03540936174458924,0.9981911730568738,0.1859235177493641,1.9241285994872033,1289,16022,000612.npy,64.19865329027276,0.1248855699872866,1.816033455161764
11.614242057548797,0.0850139538693095,0.9873726385074477,0.26916842587407375,2.3544130504664054,2634,14550,000613.npy,12.232694659174072,0.3463521495345028,8.040771751230688
14.959486734386859,0.06619440753993228,0.9902343614842144,0.24362854300720543,2.6775419360158437,942,14918,000614.npy,15.436881709865997,0.3003871684066627,6.823734516366952
15.26640731914562,0.06490916197722824,0.9909297054887657,0.2444528434756506,2.845842459244451,215,14910,000615.npy,15.491430085526684,0.297848166792432,7.39543333189878
36.2470060564579,0.02755186793168666,0.9986727237865745,0.1649641183450309,2.7118959050019855,14838,16379,000616.npy,57.21771016518026,0.148764800771364,7.278270938648098
24.602047266850967,0.04049892216356585,0.9963563973245652,0.1973134970975407,1.879805570480916,2101,16298,000617.npy,40.06047184820795,0.1694454420581007,5.250925070772973
39.42813072688096,0.025312156205172145,0.9980110038367584,0.15711832920644925,2.0282146375921104,4317,16306,000618.npy,55.01462747978149,0.1458498831568665,4.949229586778582
30.389096306511934,0.032868939530195755,0.9988573688760359,0.17918443920855354,2.024094899448182,15811,16306,000619.npy,49.25656080467468,0.1519759180163644,4.16483533333041
46.91516126201818,0.021285728924091408,0.9986234050533531,0.14517506203740743,1.977758579993812,586,16353,000620.npy,106.00357709039083,0.0974745765530408,1.9297042446315973
28.13519165327915,0.035485846181300594,0.9984010832896762,0.18724581259395465,2.0580549365197407,6,16383,000621.npy,36.69060185539436,0.1837251291944051,8.579843508423641
39.40077067496607,0.025338047245192702,0.9983385888592934,0.15767173122794945,1.9810756235383213,1666,16384,000622.npy,41.86634042448343,0.1738396770987602,9.371857591499674
32.227320125531925,0.030893168634103768,0.995604035263304,0.17366941308543768,2.292666899720973,23,16384,000623.npy,34.82221204796568,0.1932304048751819,9.016050453495682
10.215216334631531,0.09551571291725094,0.9757136708062778,0.2754727630189037,2.4257252149951776,447,4533,000624.npy,7.324120141039669,0.4829168016858014,6.945434110553425
3.9880618929778495,0.2481635106581492,0.9896914400833673,0.43710996187270973,4.227075362736623,13583,16151,000625.npy,1.876101225313834,1.4882452506249535,18.249476030060965
4.110366561599421,0.2392153708383786,0.9832628613146767,0.4169135302777958,3.400908647105933,13841,16125,000626.npy,1.8812895922404893,1.4798694119939335,19.50802849260959
3.979234013644218,0.2493772898247471,0.9923305939010458,0.4307850900542455,3.9645385567461355,15630,16133,000627.npy,1.865566331273537,1.5009569627980188,19.74332657952804
28.871387420642158,0.03463152916331768,0.9998602954434122,0.18565248294237757,2.1275004990507833,2834,14618,000628.npy,58.24665483726719,0.1355969539095645,3.3377369058262825
41.89082880807177,0.023769117614049803,0.9957080368890835,0.15300901912213674,1.8545889022150712,15743,16384,000629.npy,54.78667081311614,0.1394034170399618,3.0893183354158813
31.680934062381176,0.03150472621353319,0.9980991538243167,0.17565235117050648,2.312527225778095,16172,16384,000630.npy,41.93222518085458,0.1640613991619045,5.321001339513732
35.64801352873575,0.02802073520324393,0.9988835476103618,0.16556109488337142,2.1284280854330992,14565,16383,000631.npy,48.130662160165045,0.1503952596815534,4.030093803800756
25.343202034975945,0.03939532293021785,0.9984036282536316,0.19474431439413897,2.3905905828488865,15716,16329,000632.npy,45.82966254842316,0.1589911623745772,3.784926153376564
26.703503633338848,0.037390453300578705,0.99845610556419,0.19288072576161802,1.861843449431557,50,16320,000633.npy,59.268402461059,0.1308458802982795,2.4209816544544527
45.713918255878845,0.02181902890932856,0.9974333039837032,0.1472337253303162,1.714016972971731,16104,16322,000634.npy,95.74974337983218,0.1032999660580386,2.6468432083392845
33.368350898704975,0.029875676989869402,0.9969020731343282,0.1718110035417819,1.9668382800034332,16163,16322,000635.npy,72.81961509795374,0.1179480692113166,2.721557683934618
18.810331550586817,0.0528888627054552,0.9948570428230784,0.226790730648526,3.0125460098062162,15249,15250,000636.npy,17.83635564430096,0.2651185919740532,5.681715739947438
41.550644445248764,0.024012698651253626,0.997743103829144,0.15433098197344994,1.7818416148658909,1946,16378,000637.npy,72.4059506274408,0.1202016526256421,2.091139101533725
36.31834476445668,0.027476928036290708,0.9979165454901716,0.16495600677333858,2.019337257111702,15362,16369,000638.npy,65.53879516874458,0.1264668699675557,2.3185666778853404
28.47694874803886,0.034943917904457854,0.9950961592209239,0.18651073307968727,2.090572589506542,13690,16374,000639.npy,52.03942060080972,0.1420451336859134,2.3522592495831787
20.964371328558855,0.047588177468940375,0.997656223308224,0.21664029685711503,2.444632337605592,918,16308,000640.npy,32.968147939864366,0.1856714510694511,3.817731181707691
27.740820276368552,0.03590661426032221,0.9960789329284907,0.18834629254473156,2.1852721767028362,256,16384,000641.npy,29.927361460608747,0.1937102389240924,3.708493285548115
30.95414267215425,0.03217311370260047,0.9958911517577358,0.17826811467533463,2.068760954503563,1260,16384,000642.npy,28.398367328963907,0.2023890423152047,4.997405763364078
48.27481229399701,0.020719115388169177,1.000211406261532,0.14340571708534303,2.8366865127982024,16133,16383,000643.npy,112.10234839777738,0.0965838249715052,4.7757243007069246
34.68338991709054,0.028792775600595368,0.9986310629507398,0.16804805422819655,1.9475728144004985,375,16383,000644.npy,49.77641344835298,0.1588774559691171,6.1171688727783495
29.791871272701,0.033463416430108486,0.9969377946305796,0.1816929812523048,2.0432295323067264,562,16382,000645.npy,52.01677526649362,0.142274122274717,2.72806634006724
40.17953905186357,0.02486097194414294,0.9989023930969759,0.15577321948100817,1.760469144749084,282,16374,000646.npy,66.12118584540514,0.1273297005843976,4.163773769910021
26.6375309907847,0.03741763724219278,0.9967134716408501,0.19206422609115192,2.618013926006774,6264,16373,000647.npy,50.959251232212,0.1431328115334909,3.4276391757816267
33.396906580447116,0.029839434223348126,0.9965447971705539,0.16905746946900846,1.9771898473403093,15467,16372,000648.npy,50.99602397411502,0.1569805709387279,5.788265855917776
17.642825437403392,0.05617014202475505,0.9910000105369097,0.22764483390681395,2.7038194247247285,833,13859,000649.npy,27.37732153041897,0.2176239398879199,5.211699882663575
21.090998234201308,0.0470455098290585,0.9922367647317731,0.20775671197062795,2.7006150685459676,13322,14061,000650.npy,29.6705841625288,0.2119008515387112,5.416145092892616
20.260435224942828,0.049021846290305,0.9932039413718284,0.2139093243201117,2.720751017967386,9,13859,000651.npy,29.59737926484244,0.2091917318805782,4.343484857207439
38.540127466462664,0.025890222620026018,0.9978124799108977,0.1605501596826687,1.793078914890738,1545,16273,000652.npy,73.9059047899789,0.1186513289455265,2.3608776672459246
26.739173654151074,0.037217407596097575,0.9951627246693744,0.19153869830753328,2.1853074000833357,13986,15771,000653.npy,31.08118733953189,0.1900718561162773,3.5290631964767813
23.03663354908328,0.04304679030824699,0.9916531337953157,0.20478091481291677,2.2235944579403504,209,15768,000654.npy,28.10792278640508,0.2000144666090344,4.951261822167058
21.10284125989163,0.04720193400936438,0.9960949205594966,0.21281045881578595,2.282474644082307,12644,15796,000655.npy,27.114056892024507,0.2034631407755315,4.272193851852096
19.58481436194711,0.05087066237987385,0.996292479179116,0.21845426260237275,2.51168850141577,447,15870,000656.npy,33.62897055748658,0.1945875060746408,5.7488962763846665
29.954657462949463,0.03328989992778247,0.9971875493125899,0.18023547819980418,2.571687352149707,16373,16384,000657.npy,38.37585425068304,0.1858905839553957,5.010178759414933
31.60744958378174,0.03159405015502333,0.9986073474223716,0.17555083072594535,2.6621595632926893,12662,16384,000658.npy,39.501235705193,0.1843737640513779,5.101499316088254
26.161304955437924,0.03817873126099101,0.9988054313304968,0.193367398020558,2.0560921074164162,11882,16384,000659.npy,27.82261461284936,0.2313147957041649,6.409110831654759
29.178073772710707,0.0340913846370747,0.9947209359544221,0.18180464274138827,2.1799267818329504,1258,16298,000660.npy,53.24716832001979,0.1476890483143599,4.148486111526578
40.066270827682594,0.024925350514428606,0.9986658441860142,0.15627513809826082,2.0114548914477317,15868,16344,000661.npy,77.73735330606358,0.1144853849688473,2.0737321555305965
32.08002240177214,0.031114958562162783,0.998168567704394,0.1750381835131525,2.120062492276304,15724,16331,000662.npy,64.00214719627539,0.1259982063808782,2.155897834431877
25.05840312329827,0.039742052185758436,0.995872364617892,0.1973591049648116,2.037590470678478,14728,16338,000663.npy,53.09984899197864,0.1376510580230807,2.474336962164494
6.479886964619573,0.15022153431608706,0.9734185620199645,0.330080314121143,3.9333437641566125,1790,16244,000664.npy,4.184489408576572,0.7992128062284649,13.651653903963386
25.335322640844907,0.039323876716924826,0.9962831041120994,0.1948826637868283,2.0807073805683385,10770,16384,000665.npy,21.03575421304179,0.243693111197714,7.895862889974562
7.704454891889725,0.13222973809451208,1.0187580525155606,0.3134764386729789,2.207538138537786,215,521,000666.npy,3.165043735526548,0.7449382926235785,7.516877731693667
5.547906485723884,0.18535291496038264,1.0283206390565343,0.35130432095827585,2.104675661374524,463,511,000667.npy,2.582436021520504,0.8899130919391148,7.234671025420737
30.23044876970056,0.033023029478455285,0.9983010008687537,0.18068264361895442,1.833325823633649,14956,16303,000668.npy,72.2870423764634,0.1179252696018785,1.6686822720387364
46.78719104008877,0.021317184297731363,0.9973711741747379,0.1454662434666764,1.7405134815961716,16084,16345,000669.npy,92.24325435338017,0.1060138165159449,2.4726927972650614
38.62182748779491,0.025833105288484027,0.9977217359258724,0.1594484721758135,1.8883141232302487,3045,16062,000670.npy,77.58302808811311,0.1162404982473614,3.1949150667697004
33.23338669251132,0.03000579564784477,0.9971942097812984,0.17225947282840443,1.802147592162365,15044,16354,000671.npy,69.75432450456726,0.1211075651513678,2.147210330305405
6.313966556579969,0.1549290751638534,0.9782169992264347,0.32143065380451863,3.676766836828925,12010,14991,000672.npy,8.624714220490763,0.5060688705851059,8.623715971447734
27.109282938378428,0.03667404641149606,0.9942071006644687,0.18658649220145537,2.2364510532243718,15716,16358,000673.npy,31.953439853820992,0.2075691479171909,4.587632469726359
22.09533115925237,0.04501642151423426,0.994652740961499,0.20886816262858077,2.4550859411889405,13425,16377,000674.npy,28.5354221802029,0.2174321436829982,5.020371242632766
27.845401246657477,0.03567969879882566,0.9935155294131834,0.18283529680604765,2.311349727542987,14970,16374,000675.npy,32.42552041613953,0.2065834633190679,4.733269510592635
9.338461661206962,0.10615570289927506,0.9913309616433569,0.28095808463668337,3.183328696816412,12088,12919,000676.npy,10.7263805151442,0.4221505821952148,9.62099403205158
10.14726638599327,0.09718687036348597,0.9861810627992867,0.27877321380701686,3.375030508754141,3035,16279,000677.npy,10.052067226197876,0.4490727833632526,9.272684365464515
11.906542988531667,0.08267813161645064,0.9844107283027487,0.25559409328567817,4.226492354343444,503,16275,000678.npy,10.62630408221326,0.439476455631841,10.952785759881133
10.587924634580162,0.09304203630266264,0.9851220682204634,0.27864835847284647,3.2981788525877005,2139,16268,000679.npy,9.887123818828622,0.4572609872206266,10.264716110405796
21.825003409323042,0.04568605242867649,0.9970982500143756,0.2113375348838345,2.176662056157718,13670,15487,000680.npy,37.86785086545112,0.176239642139949,4.358391278978891
28.294093741756132,0.03525488180801917,0.9975049307306273,0.1817956388702996,2.0506538735733613,3353,14746,000681.npy,40.94953732998832,0.1784450952981446,5.113201153777383
20.900869882663233,0.047704493349602986,0.9970654083184256,0.21241609322551613,2.2843722155162056,1624,14680,000682.npy,33.80245450657146,0.1914401159292181,4.981806964165853
23.911599036031436,0.041691719188693604,0.9969156723628593,0.1966504587434663,2.1162684790262474,10819,14975,000683.npy,38.14383608286509,0.1812147413134861,4.979952400262321
29.634888895900392,0.0335600264880318,0.9945476563162966,0.18041419094031477,2.1179786339022404,13337,15549,000684.npy,38.5916147746936,0.193247115747052,7.680692230296749
38.96534190993034,0.025644836118539648,0.9992598075830281,0.15875093164240878,2.0649146416519715,572,16235,000685.npy,79.09593686550741,0.1158901523143543,3.1689690208739973
30.976695017127923,0.03222334598740224,0.998172761083152,0.17795816589931107,1.7938325479763622,2355,16315,000686.npy,67.07337991094393,0.1251399707998211,3.411724052189045
30.768653490760983,0.0325055944087987,1.0001533708755448,0.1794606901282158,2.5425496775480885,16176,16304,000687.npy,62.3994834586873,0.1316726144767092,3.9977105162133233
30.4740928260885,0.03266078883512145,0.9953079107347659,0.1776770601396927,2.4455185177858705,652,14180,000688.npy,55.1276697561889,0.1457273439965238,4.424072775569546
35.77851834367119,0.02791748248175302,0.9988461590825195,0.16631592516612131,1.944445093542018,14612,15922,000689.npy,64.21735309612436,0.1312280967270356,3.931950735420573
25.582304704440876,0.03896992829772872,0.996940580022709,0.19645035980883582,2.195682075240921,14970,15952,000690.npy,50.982788978695694,0.1451674838907329,4.035168338862576
30.593140346434822,0.032602971956532355,0.997427296777073,0.18010281973673753,1.9425517615174712,13527,15941,000691.npy,58.44118378282852,0.1364931763721606,4.138600299527181
28.329088368888968,0.035216189930671354,0.9976425565615668,0.18391978900190084,2.5668257190662596,15436,15910,000692.npy,43.36383441665039,0.184667212251455,9.29222264111363
38.747461845500794,0.025752063561593257,0.997827100295746,0.1592488677049971,2.048537127267862,357,15292,000693.npy,58.52776295699692,0.1395524992912682,3.775076030761131
28.849834444220143,0.03456035981962854,0.9970606591289612,0.1838184746073212,2.4921310727704773,2309,15762,000694.npy,40.51516389556365,0.1726552217929808,3.951116435657068
26.464323143946704,0.03781945349944543,1.00086623853679,0.19152486649287007,1.9289456272097987,12193,15365,000695.npy,42.4115348053006,0.164316237149013,3.891795182858647
28.049114551042642,0.03561866076919575,0.9990718960699002,0.18822841036183788,2.1154065634125367,15493,16383,000696.npy,52.050844683739165,0.1418073161254404,3.125284630375651
25.896242389235134,0.038656561986939286,1.0010596991482728,0.19565121531162227,1.887488720831057,15315,16151,000697.npy,60.13019218418912,0.1302588010810831,2.231745941439216
32.96613882364548,0.030239637437398298,0.9968840857379794,0.17259939493521692,1.8192881059601613,633,16117,000698.npy,75.12111318436222,0.1160093144807301,2.140939342202193
32.920720785507044,0.03041157870638637,1.0011710912394172,0.17347412552576688,1.8059493288106392,13608,16119,000699.npy,73.26018692050192,0.1183865522519364,2.565180328593493
36.996310614284724,0.02707215284407232,1.0015697756166912,0.1645789858366985,2.1910210368081073,3806,15509,000700.npy,51.882200542746,0.1421804961007243,2.5204098248925417
14.844798340754403,0.06686661128835052,0.9926213603051754,0.2508173478554256,2.553315549448508,16033,16382,000701.npy,14.071677262993076,0.2940117891776291,3.935055341249668
20.49774946726508,0.04845529505616527,0.993224498423684,0.21644985870910532,2.189940322146181,16111,16380,000702.npy,16.06292915185682,0.2753378951350294,4.065122633068904
13.883200469481793,0.07165473322775621,0.9947970259881778,0.26142510106599365,2.782921140417039,14597,16384,000703.npy,14.264272104037218,0.2905925551873956,4.289620017031478
22.042238496462453,0.04524278931129781,0.9972523522448286,0.20856566606061328,2.1312286790181107,10198,12919,000704.npy,37.28961002726316,0.1666927851593293,4.641159287035108
19.15841760384541,0.05200268207134937,0.9962890996429159,0.22310075533410478,2.419749957621424,1397,16384,000705.npy,13.417665756352353,0.3171802704091947,5.061599888689145
21.36435512606658,0.046509848392435514,0.9936529179155092,0.2108204869163867,2.334480090462755,12427,16384,000706.npy,13.753816654221708,0.3133809593774309,5.440214411660208
15.714125954500194,0.06334453671448427,0.9954040284608677,0.24657331678536612,2.338944079526369,15231,16384,000707.npy,12.666349237899803,0.3237630043543372,5.210139892655314
25.25508521850281,0.03937260522810569,0.9943585003102785,0.1954688058059898,2.8731694755914865,11367,13976,000708.npy,39.17905001082603,0.1733131518768378,3.7165091831270014
24.303104261512388,0.04109009388390246,0.998616835775814,0.19813401265776856,2.147939924982298,128,7808,000709.npy,46.362017058629554,0.1499640870800306,2.360459374473617
25.1820756880902,0.039521488601826346,0.9952331172771852,0.19295164499106837,1.8454678430112703,3858,8742,000710.npy,47.94848253252518,0.1475027512335736,2.465703351329647
23.765718590780462,0.04203210785542619,0.9989232470693917,0.20041931844636154,2.37346020345796,7223,8731,000711.npy,45.05759091508362,0.1520153310716172,2.7385535075591685
28.78318839554784,0.03483743435698574,1.0027324363146515,0.18573701798974915,2.1373968921629043,10739,12913,000712.npy,41.12414077426644,0.1671686843794802,3.5724638036561696
37.941964316734605,0.026336954064550052,0.9992757713286365,0.16203512751637938,2.0050861949511707,1094,12751,000713.npy,74.96987508565353,0.1159999831187786,1.8818672123022155
37.25353409095649,0.026911488579746103,1.0025480572439578,0.16448142031631666,1.8492048231714935,2365,13106,000714.npy,75.5059608489392,0.1162950249561994,1.8382519673540476
36.73887266699368,0.027309033697112732,1.0033031116568643,0.16589986814435498,2.126822027627684,1567,12978,000715.npy,74.30777010704553,0.1171089406386949,1.9951953395694384
14.814232639397959,0.0667367780437141,0.9886541555434465,0.2500495299091292,2.8257433302143298,16240,16381,000716.npy,12.92797133663344,0.3412157100432431,8.664648368374017
19.415170276596186,0.050735753747432284,0.9850432981178509,0.21847425405500587,2.1057845910520023,16372,16382,000717.npy,14.202702706192587,0.3255777567600506,8.106812461891176
16.178055503901177,0.06090400639972048,0.9853083959446305,0.23938374353554215,2.4354974756330368,15755,16381,000718.npy,13.053966474025168,0.3394214099627986,7.008850612702314
19.157491951716608,0.051558438532846015,0.987730371236073,0.22174525847182802,2.5057654942477314,2176,16382,000719.npy,13.587241860795515,0.3334526920650248,6.239972840094984
22.717490405356674,0.04368892558294299,0.9925027477508491,0.2058703578097062,2.341560030672085,1159,16378,000720.npy,18.301437690399197,0.2825398762060066,6.48995358361407
21.925706060119808,0.0451181128440857,0.9892464802067391,0.2057690943035616,2.3111281416324188,12495,16097,000721.npy,23.606528882074883,0.2452159574841275,4.106354481740986
19.798713574869744,0.049731359925932216,0.9846169508622874,0.21570405266609902,2.4086152491898707,13420,16246,000722.npy,20.575130229095056,0.2651673930233416,4.118327431918472
14.352200982944282,0.06903176618471833,0.9907577824906943,0.2551679088787605,3.0129976803151224,14166,16262,000723.npy,17.544863811936505,0.2870933325974627,4.6446918711613865
23.293071548606367,0.04255712659330807,0.9912861946410236,0.2005905308422401,2.2308480005902784,16122,16382,000724.npy,18.3303746720957,0.277292310295046,8.502479153203533
12.435468713727749,0.0792469505027482,0.9854729736352568,0.2591724000588916,3.049294040557096,4855,16218,000725.npy,11.447763649756007,0.370237146928212,7.919274234953771
11.403362232497924,0.08646369788070019,0.9859768668948874,0.27136694041099574,3.190573762474972,11026,16229,000726.npy,11.195131024369648,0.3760814009876029,6.873621877369058
11.150307952192367,0.08873816859663575,0.9894579069660546,0.2770004860822185,2.595443940957846,15633,16224,000727.npy,11.212772379647795,0.3733604257307654,8.348044373849566
43.90926120215299,0.0227563797700137,0.9992158233369217,0.15010462537923175,1.8387639850472908,1159,16360,000728.npy,90.97243839137376,0.1068509243052228,2.4175921856021905
25.911274351604167,0.03859199319719784,0.9999677235078349,0.19514020581019514,1.8866990565402755,3089,16350,000729.npy,51.42534006584872,0.1426839618079222,2.514735132629524
32.49885890549472,0.030710687611462634,0.9980623035756488,0.17482446440939395,2.241156593276636,255,16312,000730.npy,58.436210584883376,0.1380462474842442,5.434095983290371
36.5523693595561,0.02733948610078901,0.99932299405649,0.16444769549155988,1.8107399500562602,14052,16355,000731.npy,66.80041618898493,0.1257923746603298,2.871430905793944
27.138860204060947,0.03670785383195945,0.9962093135366505,0.18675778862840314,2.1830960777394672,11882,16360,000732.npy,20.871335279569863,0.2669631544460475,7.834362579309401
43.9304968105158,0.022735097764388087,0.9987641398252157,0.15006856496018908,1.9763411541527074,7050,16384,000733.npy,73.36546375704111,0.1285725050003393,6.249183354667824
24.821905292570072,0.040240786037207356,0.9988529799141371,0.1990720545200159,2.1172995095908385,4538,16383,000734.npy,49.84228583709925,0.1494099577632203,5.320949363150245
37.8855650117121,0.026392088896787978,0.9998791996941461,0.161698687737037,2.0102301763202397,342,16384,000735.npy,66.53536464474894,0.1319423433035196,6.049116848141775
24.048315366775174,0.04155135478069686,0.9992400836829594,0.20118744861911841,2.2529770490884746,361,16252,000736.npy,44.74855617237524,0.1578064212075176,3.930349650951184
48.01561273491347,0.020841965691494112,1.0007397532771343,0.14373212109242448,2.308732817596656,15980,16382,000737.npy,114.01312175049404,0.0949793723409362,4.290822550395387
43.684817610332125,0.022839511418083554,0.9977398906080781,0.1499156617290263,1.8501568457476745,4064,16355,000738.npy,98.1535091630124,0.1010354571147011,1.9285926992210565
31.750534232103103,0.03138563241512528,0.9965105963926398,0.17599020744940613,1.7879347532200742,2769,16361,000739.npy,72.39922932443658,0.1176475022074513,1.8222215313185564
31.578643813129034,0.03165778097806538,0.9997097894203784,0.17685682767576338,1.9879213369233457,13707,16236,000740.npy,65.69436687029804,0.126213215504346,3.9169434122683495
37.48749128846569,0.026653030156703946,0.9991552358106526,0.16074798401498888,1.9697766687190266,1897,16384,000741.npy,59.8541051630901,0.1489780122259725,5.151816202702579
23.1766450992177,0.043070780609097255,0.9982361963233146,0.20463471880286177,2.365817942823882,1269,16384,000742.npy,46.25316775901249,0.1633265172596521,6.46781427837795
27.48534668760722,0.03633363508759775,0.9986425568036343,0.18869690309307494,2.1752785444994305,2408,16384,000743.npy,48.249161004934464,0.1630457584428342,6.158535888908116
16.070455084121406,0.061386198731269874,0.986504149495823,0.239025975772041,2.6905854247728707,11520,15905,000744.npy,14.069506181935887,0.3129204093412221,4.920374335467533
40.625213096841044,0.024589416005630707,0.9989502651556214,0.1559540169239814,1.8085458645594799,3162,16373,000745.npy,83.1769546977986,0.1103253086161988,2.343922213593986
27.013356820362997,0.03699648282929865,0.9993991917662771,0.1910549626240976,1.9890237651753255,126,16377,000746.npy,57.9979173298037,0.1318846336335639,2.4539214043728803
44.954703520113064,0.022197543145731788,0.9978839709912904,0.14836709359293393,1.9370090588022122,1271,16375,000747.npy,90.19124467244482,0.1057666970392467,2.232668288962484
30.149189173523084,0.032949828565323226,0.9934106146510847,0.1779083952855881,2.2356047486494126,2799,16277,000748.npy,34.63674427131137,0.1887119742472904,5.14512125977237
28.63817927856291,0.034757019534480356,0.9953777566169616,0.1848321587796287,2.321408764269878,14009,16327,000749.npy,34.1727919324894,0.1824108114877552,3.4780267060166614
25.773405716586115,0.038577252861447614,0.9942671894294219,0.19462940045841712,2.1002101172647114,11708,16331,000750.npy,30.64067588032708,0.1937974999164191,4.015457232285838
30.44228296679675,0.03267421450466173,0.9946776836687271,0.179324019691024,2.093369132677642,16087,16330,000751.npy,35.4382652300617,0.1787963951234445,3.5993446180026223
25.38443370121457,0.03935003626260631,0.998878386648519,0.1962523252166093,2.58920763146531,13213,16384,000752.npy,45.31158934338816,0.1541596558946691,4.253511946373922
22.62991203214349,0.04406875527090245,0.9972720551465822,0.20873334188867948,2.2138629228490094,1305,16383,000753.npy,27.949545350239777,0.2024030937239789,4.366273331610825
22.127663111079077,0.04504428852726055,0.9967248416094657,0.20958341769641242,2.2265680463524227,6900,16384,000754.npy,25.985928173584224,0.2119629737630376,5.455800184359775
24.925596299712165,0.04001510654618032,0.9974003916600602,0.19745543789694456,2.1469080581203936,12278,16384,000755.npy,24.576963399272685,0.2235394253803511,5.554326474898446
28.21433704235585,0.03545383088608148,1.0003063340625886,0.18732314158418745,2.0284194135784968,10471,15447,000756.npy,51.49478178635499,0.1470873314669066,5.477656848697078
34.20380743179897,0.029296196861007925,1.0020414759179885,0.1706316013235086,1.8148995932323921,10601,15438,000757.npy,71.87056633273659,0.1184402701235348,1.6309777682357025
38.378163514542415,0.02613892437077902,1.0031639135960149,0.16186248183179736,1.9593732079652633,305,14810,000758.npy,78.34528962479348,0.113673123490979,1.8861302666430135
26.713968067260037,0.03753365140932418,1.0026727651963558,0.19132859397746851,1.9526352938088922,9546,15516,000759.npy,56.21653621395857,0.1343926926889951,2.589198341392488
31.175166287460524,0.03204250461780345,0.9989304097267441,0.17801428604911243,2.424283992091161,14727,16384,000760.npy,42.98572839479507,0.160237174119066,5.047704432156548
34.627002313903695,0.028827013316484965,0.9981930568128575,0.1688326619082701,1.8020959221434683,14587,16384,000761.npy,31.772279343371306,0.1923176633157678,5.75960743934797
24.79550408231144,0.04029044190195745,0.9990218166581178,0.19982270926317725,2.2079840354549556,13939,16384,000762.npy,28.691149413541208,0.1994035466535414,4.726764624482778
28.937465712754097,0.03450927110780669,0.9986108494542916,0.18469250430138576,1.8729981631937056,501,16384,000763.npy,30.56033325055196,0.1949069226821961,5.8784163283148185
14.042699211203402,0.0701943634544846,0.9857183323132158,0.2587566600590321,2.7365447283642395,12571,15945,000764.npy,12.43153416203717,0.3493194345881573,10.04206108568286
32.514627841287236,0.03057952785748203,0.9942819678483038,0.1706554713239882,2.2127330772668463,518,16239,000765.npy,55.96689002558299,0.1441450770305845,6.693240862775398
25.640021051074815,0.038803494589072965,0.9949224181190985,0.19085427218093332,2.3598445865665822,434,16168,000766.npy,46.23123425183047,0.1572218676194839,6.885436899185415
28.158088024204204,0.03527781446356618,0.9933558049666409,0.18418929612468599,2.3460686499049745,421,16256,000767.npy,51.14363782227898,0.147892843907218,6.279608902261611
22.97284105634464,0.043389278751702925,0.9967750043123031,0.20161736820571166,2.8504918282140417,14020,16346,000768.npy,24.234118762781595,0.253409252078374,8.378974285362903
45.299286040521196,0.022080958697597793,1.0002516640914167,0.147774526652577,1.7541623016850638,4621,16383,000769.npy,85.51911886944606,0.112510461721445,2.642348299910257
46.31052051464376,0.0215562321504161,0.9982803312202683,0.1463381585506948,1.7285935614963903,9485,16381,000770.npy,88.07521364294541,0.1108571954991986,2.590110641685114
31.508570483573255,0.03165539159653488,0.9974161373045318,0.1772177987992057,1.9153560392068865,13032,16380,000771.npy,68.01764138511528,0.1227990929550091,2.169269131797104
38.36278071290973,0.025971660512082502,0.9963451169751579,0.15897425746528498,1.8466671296224308,10150,16181,000772.npy,71.83877519840712,0.1226596293768324,3.819932758108068
26.93440770457799,0.03716450258318396,1.0010038647133186,0.19188920037165189,2.050139374492189,11442,14225,000773.npy,54.02367708753247,0.1373791701004796,2.451851892960396
23.025466601884084,0.04357096449225986,1.0032417877284068,0.20776322014372336,2.3541954582965574,1271,14223,000774.npy,47.77823303676864,0.1462939739547127,2.688136877937485
23.09564590401264,0.04340488500629896,1.002463854609868,0.20759123447353822,2.638905925802046,1344,14230,000775.npy,47.77250373563111,0.145774665618914,2.5430827931878897
25.812614847963626,0.038545974013225785,0.994972381143012,0.19128912702532266,2.3366359020633705,14341,16366,000776.npy,25.77501852403246,0.2363801406162062,8.80443291855162
29.35030675318003,0.034065245037167076,0.9998253914630973,0.18370443595786703,2.6080284988130282,4694,16311,000777.npy,48.34970594179082,0.1460022111761226,2.9559969453706896
32.12634502533148,0.03110060598186942,0.9991487982704251,0.17614806163324362,1.9428930364177217,14967,16286,000778.npy,48.925614560464645,0.1454560593109243,2.476648744448019
36.991009790196955,0.02699645819683252,0.9986262494596746,0.16348240911865508,1.9999679157921335,14791,16307,000779.npy,51.079900932158445,0.142258322681706,2.3067308399137114
19.438504043003743,0.05087289135064592,0.9888929041988208,0.2216328731392475,2.7736645854970035,585,14977,000780.npy,16.4201879686437,0.28199700687998,5.482764847591041
35.6899188642803,0.028001057391273773,0.9993554664086172,0.16697213353035006,1.8348415768880901,88,16380,000781.npy,79.93193774690704,0.1121581149520715,1.7563065820028791
48.37256982007133,0.020662964940108473,0.999520714255083,0.14359333545958042,1.7861590915758516,16375,16381,000782.npy,104.90212721936864,0.0979308077280023,1.8470004396698605
47.6418658264865,0.020992136901231702,1.0001045696597168,0.14472321480734202,1.667506498129788,1272,16381,000783.npy,103.44995267122124,0.0985260787047375,1.6655385593054823
25.967758870303676,0.038405964370210974,0.997316821947113,0.1934129458978639,2.3829325632019818,158,14914,000784.npy,36.360475711488405,0.1885614513602494,7.0932797744783045
29.038363406123516,0.034433268387509756,0.9998857606970929,0.184805808501764,2.170329088078958,6221,6719,000785.npy,42.62124830532352,0.1606167845085735,3.387731143887867
29.0109080708481,0.03469216355825214,1.0064511677672792,0.18669036168153685,2.1150624219315777,3721,7616,000786.npy,39.69274554745888,0.1622948420699457,3.759828570730931
20.954552027895147,0.04804669054247218,1.006796876740411,0.2189444707751226,2.461385157707189,2040,6787,000787.npy,38.826702838890746,0.1643137895131065,3.6475565311444287
33.034184952717254,0.030291138481272368,1.0006430710187222,0.1735208634002858,1.973476863497376,14193,16002,000788.npy,75.89437962956335,0.1154380955802409,1.9067969567278875
32.534102085218535,0.03078380973908448,1.001523608623319,0.17491061069993039,1.9000574194378472,416,10259,000789.npy,73.54939710229212,0.1166313115591351,1.811200229520576
35.55027421152717,0.02817848436304319,1.0017528459714158,0.16821766198741875,2.176312238740044,201,10006,000790.npy,76.2996275986224,0.1151480144106112,2.0635088177482066
39.811661401924724,0.02520289264166636,1.0033690281990812,0.1581890919271157,1.6409965540588336,8809,10470,000791.npy,88.9436368342768,0.1062298671386254,1.64492852705875
25.224707823900808,0.039497569309602326,0.9963146455889902,0.19743212222353038,2.5576760529144504,15237,16384,000792.npy,51.22156646667735,0.146827831095805,5.235022478047561
29.709024000196596,0.033557097125168696,0.996948603868565,0.18120195199971123,1.9775194032604666,635,16330,000793.npy,41.70509479220844,0.1680557703570597,4.366417597792652
27.5908000354057,0.036122695946650726,0.9966540806038002,0.1869817039366255,2.259645496653124,12232,16340,000794.npy,41.38201127498643,0.1674920890939036,4.50291701365686
29.451338235827286,0.03390676632620416,0.9985996435561976,0.1821281930248769,2.204080794790532,16317,16337,000795.npy,43.2780157715177,0.1626415653175317,5.207326099382483
37.856383151435466,0.026387490705387127,0.9989349585480771,0.16121665263686538,1.8671586692193909,9729,16384,000796.npy,80.27130026680119,0.1251417507778643,11.783990658220445
17.904301483229727,0.0563941099092764,1.0096971456940778,0.23674493655554402,2.8532296143666303,358,10099,000797.npy,21.6810853297204,0.224442265059493,4.605500247389102
19.978509180879573,0.050088972106754545,1.0007029890956165,0.22032061062385933,2.5783632921280053,171,9917,000798.npy,22.778213302240644,0.2188411461141418,3.9075422400371376
18.23693195290829,0.05488237222536811,1.0008860876882222,0.2272358289423558,2.764125442478099,8894,9913,000799.npy,19.65817028254429,0.2378159364600515,5.032874304545162
30.62466282633272,0.0326012863563547,0.9984034023680839,0.18004058343377569,2.2148611247832073,14974,16384,000800.npy,37.10882047221147,0.1715532177346654,3.264894934000963
36.9697745668362,0.02697172592088817,0.9971386269737281,0.16307625697390626,1.9799102379244333,1792,16301,000801.npy,73.42555979339407,0.1170832211302861,2.2610601188164825
29.361609295444737,0.03400942493680237,0.9985714473571465,0.18289580514127635,2.018880673172476,9723,16320,000802.npy,61.83581902164595,0.1274464396891618,1.921188501737259
33.94801369917041,0.029426439753778018,0.9989691798790689,0.17137632720047016,2.1102595088172196,11657,16243,000803.npy,68.11563365584165,0.1216543961205791,2.000898785570422
17.499674422815783,0.056765496278179284,0.9933777033176985,0.23376204755346724,2.352594921831052,2402,16373,000804.npy,15.57357790240826,0.2977926576532766,5.693785414125656
43.927774126661156,0.022860034862219564,1.0041904479551806,0.15098392913702163,1.6215414081678496,421,12411,000805.npy,86.95645287763658,0.1074536238139057,1.5688900025197228
29.088595231064833,0.034458105731523796,1.002337890053531,0.18399023114799945,1.9741042075994224,10771,13260,000806.npy,63.23933035311093,0.1255214988809609,1.709080380087103
23.623606119596637,0.04253456646536987,1.0048198446457015,0.20314267833711494,2.0094858664671906,1081,12873,000807.npy,51.82210849209695,0.1383244436562431,1.864190173181235
29.223733097697494,0.03412631867642377,0.9972984286067773,0.18200689989430485,1.9627969400639314,588,13920,000808.npy,41.22026088890125,0.1614441489704502,3.4425785942037064
44.0914095582728,0.02266236268420221,0.9992155146672782,0.14847334869392162,1.8322847327019292,14720,16384,000809.npy,91.37278991844016,0.1145187044789466,4.694170312738824
29.949198716961853,0.033318302386338323,0.9978564590802708,0.1818618944624841,2.9898129988738233,15196,16382,000810.npy,65.94201467852064,0.1320784387531477,6.590860560796117
37.79052315960301,0.02643092230855344,0.9988383816310566,0.16109662136916325,1.907188771215789,14588,16383,000811.npy,76.04995467910369,0.1252169011100537,8.371634069514222
18.077572024133445,0.05529564341864434,0.9996109765213436,0.23145953976633465,2.492809584448097,8741,11421,000812.npy,21.9214196844877,0.2265757501391467,4.04863832381342
18.855021651765576,0.05252266654624416,0.990316014937897,0.2220126462499599,3.085720978803387,609,12754,000813.npy,15.22823683466976,0.3010637846335767,7.089304969724465
17.05328787980487,0.058042169624013984,0.9898098277667761,0.2318383516383044,3.154083996209084,1066,12873,000814.npy,14.65190923154107,0.3053083162809731,6.219940044826254
16.309012937984804,0.06069321983394297,0.9898465075197318,0.2341318269896516,2.744187897375918,1411,14004,000815.npy,15.209973921946748,0.2980872281645117,5.531444611761306
36.81519410845579,0.027089351663039458,0.9972997397470174,0.16297237784666332,1.7898242442285985,976,16011,000816.npy,76.7467270180576,0.1156683914564907,2.3336489728537737
19.590122623732857,0.0504306799980341,0.9879432051597199,0.21751765941657186,2.409098366148465,14704,16336,000817.npy,14.186726762385383,0.3121071892913564,6.751459326126481
20.468264673157808,0.048380032983736325,0.9902553200072197,0.2137526122902563,2.430042508392722,13190,16347,000818.npy,14.481792559789206,0.3126307880308314,7.130619380730357
20.937069488312844,0.04735397488893241,0.9914534627973993,0.21197116370180122,2.4489137431554173,15327,16380,000819.npy,15.141976232502955,0.3031321351281583,6.647203723159179
22.68453553284072,0.0436390735888558,0.9899321154466503,0.19895798712357046,2.5371616138979465,6536,16062,000820.npy,25.200778386286128,0.2542506611108844,8.32392226778789
24.51137563729805,0.04091307094989966,1.002835650528417,0.19888422494270247,1.9447848297822798,2433,4971,000821.npy,37.50644565823436,0.1610512139897993,2.412453560832751
17.716245567216507,0.056504050654440585,1.00103963693651,0.23368200925669536,2.2781770945063666,6611,6973,000822.npy,30.974882726463967,0.1771206502309469,2.7530712241974338
24.6140589083252,0.04055707406667064,0.9982742102263396,0.19391898767235557,1.7968343294088527,678,5373,000823.npy,36.944396014567474,0.1609537514601316,2.722116792590086
32.79209587743927,0.030431495723921276,0.9979125254727098,0.17382037001597225,1.9726907935409714,784,16379,000824.npy,66.54348908010525,0.1238319879872057,2.4483390586376776
25.307092022350023,0.039403994143102805,0.9972005058276441,0.1963920148063138,2.0783132429406055,2071,13897,000825.npy,45.23938019423806,0.1547986779415914,3.2550031732364886
31.258732004649435,0.031932280472100755,0.9981625975746979,0.17659381485224293,2.4439860552896384,1560,13825,000826.npy,53.4824485447071,0.1422798873992846,3.1999526113210885
21.01412263276966,0.04750596351774113,0.9982961431496937,0.214225896940709,2.935838351589857,244,14268,000827.npy,37.17086804520545,0.1757830821603506,5.154961054955542
26.10612724890197,0.03836642180468123,1.0015986897180553,0.1947340217982595,1.900276827462051,15468,16223,000828.npy,56.558736985401566,0.1330535514975573,1.9393423509909908
38.295604111488984,0.026124233612646118,1.0004433081459494,0.1612282643266739,1.7827073194179912,12279,16380,000829.npy,81.67576556233419,0.1113339528126814,2.1622309873339187
41.78127253695335,0.023903828185407157,0.9987323600910035,0.15401751164132998,1.8394912328526978,2292,16383,000830.npy,88.06535042500167,0.107006870616307,2.3225107345699527
44.846463875367405,0.022276297341768402,0.9990131640145596,0.14860232297478346,1.8516618191812741,3182,16383,000831.npy,97.49809308434295,0.1015677360410991,2.240408188981055
29.025979984031693,0.03436934855898358,0.997604023337266,0.1804711490354554,2.4534880779092494,12540,16279,000832.npy,35.18720953087085,0.2107000520625483,8.719030792592033
20.8620957381411,0.04754743779122799,0.9919391993039065,0.2118781113251177,2.397227213325332,2243,15734,000833.npy,26.37213992611611,0.224687495967929,6.003844431736318
18.66417573736914,0.053187884208607095,0.9927080179682837,0.22153465000734845,2.2389664943022294,2174,15033,000834.npy,18.65358592192167,0.2851063691598726,7.86240619322105
25.505764218563453,0.038957608894539225,0.9936435869831278,0.1909942307667472,2.1433617533737794,10544,15514,000835.npy,24.3385105617194,0.2414080254074012,5.858678431654432
17.306493543629998,0.05704424790196033,0.9872359080165055,0.22943936838966567,2.5330572080759315,619,16025,000836.npy,16.697231620062926,0.2802029018967217,4.435682294898887
32.2027055361732,0.03095312160983922,0.9967742606270117,0.17491905838226537,2.2883392679127197,11486,14577,000837.npy,35.65486490428188,0.1799059689057186,3.783650263442083
26.975741407422085,0.036897224851217526,0.9953299962379518,0.19057763246489817,2.4138722229787657,590,15368,000838.npy,35.79236950765717,0.1803209392715257,4.217233119839884
20.738243394634146,0.048131847867526195,0.9981699761102608,0.21734531504164978,2.275137388159504,5211,15400,000839.npy,31.74916272340118,0.1893981173720466,4.0094272601614085
26.308282600289406,0.037732001914486044,0.9926641694409598,0.17900214527919872,2.3987537321203574,214,13299,000840.npy,41.27295659844592,0.1664278907237902,5.596602140605081
36.91984704397776,0.02703761134084845,0.9982244751386432,0.16388626202116138,1.8780985671846169,15544,15832,000841.npy,83.7992369951598,0.1096157396722383,1.7394978157002177
40.31904177050849,0.024736186753103444,0.9973393469414766,0.15585087606443365,1.758878555414164,12016,15990,000842.npy,90.99565526292102,0.1049923419300851,1.637228447944724
30.701283582251232,0.032518340123535994,0.9983547817567772,0.17948739824515036,1.948220337150351,517,15933,000843.npy,69.98362583515743,0.1200620151224266,1.944489409302004
23.173307462660418,0.04290642288619066,0.9942837296646259,0.20527745325140828,2.2245046923720144,12928,16378,000844.npy,38.9906573547184,0.1673347471359467,3.589516269522645
24.883547943600725,0.04030413158463055,1.0029097906113467,0.19989399958550186,2.024258566588558,42,10730,000845.npy,52.726025417201136,0.1398745274872161,2.2409670848941605
36.80584861654562,0.027305578403062126,1.005004985090322,0.16430377418720715,1.954105053765858,1533,8496,000846.npy,71.99032372061954,0.1201062544620635,2.10236478095072
30.970768821312088,0.03222473370871616,0.9980247780209911,0.17590770504283978,1.8352080345494048,4479,10793,000847.npy,64.79152504310919,0.1255516484492441,2.6623422258116856
20.367893487723478,0.04879699634704305,0.9938920241174045,0.2129667062730002,2.4667383116822426,1421,13974,000848.npy,32.255241450638465,0.1940645864340042,7.113546215335611
30.660570770443638,0.03264620958269362,1.000951419296913,0.17943346307420782,2.1755841670965896,13573,13619,000849.npy,49.45158704785802,0.1429690935373708,2.287538059984789
31.509141869124548,0.031679942001800285,0.9982077869403627,0.17634845743967387,2.138480711793159,13121,14239,000850.npy,51.13262425303407,0.1404972637164342,1.9445327959974843
37.779724490562884,0.026395230004909023,0.9972045174505016,0.16199993133298787,2.0679509752869514,13153,13563,000851.npy,56.70690482212602,0.1334790191085126,2.1429826153810247
13.706418384411036,0.07266837281611441,0.9960231211320256,0.2582565988001221,2.3395046819727816,4613,11457,000852.npy,10.802467020816971,0.3667515441636919,7.108893485149965
14.902827256200371,0.06631375478569917,0.9882624322813054,0.24798094162825685,2.9235947488605607,15813,16281,000853.npy,12.802352366844229,0.3332849958606553,5.597215523088224
19.996054373274866,0.04959304000776358,0.9916651245312363,0.21349116486300068,2.591171156362686,488,16317,000854.npy,14.70241176719364,0.3101684533338934,5.284780347592625
14.381297443281163,0.06911699560991348,0.9939920722521242,0.2524167265587683,2.641068929917068,6496,16279,000855.npy,12.008561380925697,0.3478307618033428,6.405960964671468
22.10247163737506,0.045116907382221516,0.9971951657816286,0.20892033392880727,2.432358334706106,3695,16378,000856.npy,29.939538291762755,0.2100943021782521,7.175469536195474
36.232309589589896,0.027535235277723315,0.9976651692046684,0.16511287447828052,1.7670195855643571,12072,16381,000857.npy,83.05257165331255,0.1098654142356995,1.6821483991406072
28.387145240694256,0.03513030119195248,0.9972489622852896,0.18656885078468854,1.8785135918576465,10622,16383,000858.npy,63.713617543834914,0.1259206829651552,2.523670687141795
45.45136587534422,0.021998296023599255,0.9998526012027397,0.14639734293217305,1.9072473161367838,1147,16373,000859.npy,99.73346287058207,0.1009738154293819,2.0516732577825887
30.044227638845847,0.03340900045238959,1.0037476147778968,0.18127205696491533,2.1725495129910892,0,14522,000860.npy,44.36635211446325,0.1596896255394691,3.864881282365744
29.621772059902817,0.033727208875170174,0.9990596935170222,0.1825442571450532,1.9497337989660841,16352,16373,000861.npy,62.72147825224331,0.1280150043799316,3.181880852987976
39.408728923682915,0.025341333335416334,0.9986697359801117,0.1584638409509291,1.7304875306892296,15652,16349,000862.npy,83.16824445671197,0.1106530575144732,2.847347388436872
26.434742462929908,0.03781764590075213,0.9996997299406595,0.1939785915026562,1.9973399859340688,15474,16350,000863.npy,58.3946187038154,0.1320564169249601,2.8607021141197886
20.318360546144977,0.04882039180381017,0.9919503226738761,0.2171301982240354,2.3996137278109653,1034,16380,000864.npy,16.657339061674463,0.2990780851261401,9.068855520597053
21.013561362551812,0.04748166614634011,0.997758905162317,0.2151420833083946,2.7291495488527246,646,16384,000865.npy,28.402609997444653,0.202062426632104,6.468572586885764
26.624262316311768,0.03751592755068264,0.9988338961491223,0.1914532027259826,2.0145441082111075,1944,16384,000866.npy,31.2025326204065,0.1936729223049481,5.322865436154606
27.409900972702157,0.03638402665867824,0.9972825677025258,0.1887398148062567,2.166003516514522,2184,16384,000867.npy,30.76037333403272,0.1956328353866462,6.212089232165069
31.67012764454809,0.03146079986405289,0.9963675474941363,0.17553053860283938,2.152786960026313,10639,14612,000868.npy,31.35998124341461,0.2073331357791352,5.278913257612641
21.264878200026576,0.04691530367106606,0.9976482182824795,0.2147479831058215,2.230895681282845,1245,16384,000869.npy,27.470630915634683,0.2030106165073373,4.090809218094193
28.722072902219715,0.0347294691935094,0.9975023460313707,0.1847114590232188,2.4934177228615444,525,16384,000870.npy,31.830844260057024,0.1901233721676246,3.485652851405555
23.40611803963406,0.04265806466339797,0.9984596968538355,0.20551096657520126,2.2026616000395265,13269,16384,000871.npy,29.50006329901121,0.1966621761031805,4.065702390803076
40.79478853166258,0.024526410704256485,1.0005497381208488,0.1559285520825407,1.8558348216635492,14686,16373,000872.npy,95.8588610704239,0.1030102119689251,1.99379747794492
32.24352634941937,0.03097872704680596,0.9988634018051584,0.17537540439083277,2.07071474451977,1805,16380,000873.npy,50.07933227982866,0.1497802054933443,4.709697225420676
22.91484111112536,0.04353907710981645,0.9976910340964791,0.20710591927471705,2.5752765020871524,1025,16379,000874.npy,39.89037917392882,0.1664139995207813,6.105105111837607
30.672331399127117,0.032562222755728516,0.9987592874559034,0.17873402009750103,2.222833669771785,424,16381,000875.npy,49.19767462757736,0.1497431409972467,4.442297136375792
27.13170251196396,0.03677912249927111,0.9978802103013042,0.18959649768618875,2.288527495425187,344,16153,000876.npy,50.39038434018315,0.1431906292437227,2.626262704355804
28.9863634679381,0.03449133792585876,0.9997784576144203,0.18468503570842146,1.8294319323822916,1964,16269,000877.npy,64.30883305123324,0.1247034581411589,1.6955112515502375
45.54486085475876,0.021995181407430335,1.0017674766765916,0.14778842373447884,1.6109818751996128,442,16268,000878.npy,95.44758500930122,0.1024611493096422,1.5967650887300875
40.800954929720504,0.02448155120519505,0.9988706673328079,0.15592888226135768,1.8099945572636913,1792,16285,000879.npy,83.61161551974982,0.109671279249775,1.8787804162486872
38.26482517123021,0.026095169287250006,0.9985270905902774,0.16097310662969544,1.8841225740488978,1312,16384,000880.npy,56.12090372871808,0.1370111400590436,2.904255192240804
30.92433661001504,0.03236465942395684,1.0008556222949367,0.17946164652256746,1.967880097113107,15899,16296,000881.npy,70.04180764271864,0.1199123231489364,1.7487449435728593
41.65888712548756,0.023973035596288605,0.9986899839610824,0.15433383540788226,1.7423907443886382,15750,16270,000882.npy,92.58464142220564,0.1040554054409407,1.5594733798185334
39.27346336499507,0.025473861281917972,1.0004467578203717,0.15936632533733575,1.8331395485257145,14485,16258,000883.npy,86.56439731745613,0.107923272940571,1.847763581736637
23.210202083943216,0.04301772569220986,0.998450106507827,0.20526974757298388,2.069428645801761,13697,15866,000884.npy,34.649516954456786,0.1739044616763026,3.2159316682147243
32.77345749027891,0.0303488055836573,0.9946352896767316,0.17315056648402127,2.791350954513419,15746,16363,000885.npy,51.15186874182728,0.1463721302839576,3.003969388317242
16.076660691095277,0.06212916604444209,0.9988295215172136,0.24105619973231374,2.5324018218336577,12794,13247,000886.npy,26.446271345144503,0.2124843475634521,4.866388609311808
25.627059580495622,0.03881664478469722,0.9947564686123704,0.19318739835088775,1.9524071181978593,5224,16290,000887.npy,41.42857797161905,0.1645684872400577,4.356931675270573
25.332786365601695,0.03939089961320521,0.99788124465019,0.19755145318506018,2.291551690954629,14250,16293,000888.npy,53.63095653914836,0.1382767966006569,3.4217990071634
30.8062989466932,0.032453467004536725,0.9997712063984023,0.17981397142342762,1.9915574509259404,3210,15248,000889.npy,72.16798289494311,0.1178102478237159,1.886479767940971
35.2040955150891,0.028391652685823974,0.9995024529829831,0.16789226988910858,1.768148018283835,14071,15625,000890.npy,83.75043169766897,0.1093313259322753,1.7215290613769445
44.7897493768126,0.022353383532796207,1.001202446157712,0.1492988354337193,1.9020071465481854,3324,15040,000891.npy,103.1456532934205,0.0985407123914637,1.8029981965564936
27.104009091501048,0.036790546817419764,0.9971713154206403,0.1870112697733658,2.143083678199315,648,16221,000892.npy,30.319418628977683,0.215060001922177,7.268998756222584
43.938647741661896,0.022779583467985937,1.000904093701619,0.1494043750402087,1.855758769763939,13056,16384,000893.npy,80.55979263480278,0.1233652367401226,7.615032195667994
35.55980461411299,0.028119367890982107,0.9999192280756862,0.16597119133117227,2.0117611421941555,10511,16383,000894.npy,55.86985506178568,0.1508031941368966,4.947761085000783
29.48099465993739,0.0338928589222112,0.9991951928957198,0.18120150665368479,2.1899773331524006,14483,16384,000895.npy,46.3284846419149,0.1695312855760294,5.991368166677153
36.07178706682088,0.02756451139689751,0.9943011857098445,0.16360243023610513,2.2063716116494825,1143,15840,000896.npy,40.225482968112175,0.1778469460807713,4.340203056207576
34.62167152929445,0.028860402012239342,0.9991953586711392,0.16887813638007887,2.283933412939044,12595,16190,000897.npy,56.86355856317879,0.1439273325248563,3.596292925047027
40.17343950696422,0.024913041135975613,1.0008425510106276,0.15612294413142325,1.95581779147046,14127,16224,000898.npy,67.62496745130198,0.1309572258092541,3.3561284022671085
46.349567903731774,0.021540235760270192,0.9983806200330347,0.1456435265714255,1.8553293469133973,11556,16236,000899.npy,76.79025084313503,0.1232280979733969,3.098113357024825
15.897320965572654,0.06263250701825666,0.9956890669477081,0.24738338887347192,2.370727701534979,10114,16384,000900.npy,12.43306380771908,0.3348408846121954,7.836793413575754
14.48608187151102,0.06871332197425059,0.9953868077824912,0.24597810879212387,3.459697361396417,9698,9835,000901.npy,23.101826909800888,0.2463688478986785,7.296334689219788
16.641642639477205,0.05960086899282501,0.9918563627808915,0.23003414202233974,3.3226847235742554,11008,11132,000902.npy,25.417625069428333,0.2275468898564283,7.204256702960474
16.280540207130297,0.06116004739940825,0.9957186107560608,0.23238020317807923,3.0343293014910717,9278,9273,000903.npy,25.224952912024857,0.234254152552386,6.410809449990844
21.65922225215468,0.045828105103390096,0.9926011138294303,0.20648806441103176,2.357981102475413,14365,15298,000904.npy,23.37630548089436,0.2581829518306738,9.28839706558428
25.725539721089103,0.038874824926975284,1.0000758528092875,0.19611457798859216,2.0025461082088185,6644,16384,000905.npy,45.84304779049891,0.1498939285745242,3.2496772737296222
43.65835985039972,0.022892328695106434,0.9994415239845881,0.15038169021588368,1.9880040555402096,16274,16382,000906.npy,99.92282285287486,0.1002507206260367,2.194067655678527
43.35601346177918,0.02307665308956531,1.0005116820040016,0.15133956285796069,1.7073339859720258,1771,16383,000907.npy,82.0646586339845,0.111117141318988,1.9015018211093184
29.967840358771355,0.03329679543769445,0.9978330501354936,0.1809130801210113,2.3950109450398975,15956,16102,000908.npy,38.33426672149334,0.1731859526456376,3.878095031153909
27.06558285853391,0.036943082110798664,0.9998860499194432,0.19146417916686445,2.0130073777946618,2101,15378,000909.npy,54.6753685879863,0.1356009898558966,1.9153185991151251
34.72589437381694,0.028733410335999535,0.9977933723274598,0.16770854044968073,1.7927797590175012,1095,15557,000910.npy,66.51489320005008,0.1227101974742634,1.855233226840077
46.871002679548106,0.021309467198156084,0.9987960941445162,0.1456364767752211,1.7845297236930837,9205,15600,000911.npy,84.17533254478145,0.1095033831119909,1.7249076266436194
28.91142265781819,0.03465209599071674,1.0018413931668988,0.18523261290641393,1.8762775572170796,838,16383,000912.npy,66.5530563728166,0.1229711171844277,2.601840193215383
15.728656115034983,0.06281611135866177,0.988013014044134,0.24144027370356438,2.8757427649251355,15761,15885,000913.npy,17.99031172666704,0.2759100686727763,7.039146758654586
17.980427738652203,0.05493012277159278,0.9876671031699179,0.22134658257281914,3.278084141728491,15380,15888,000914.npy,19.469941083017755,0.2656291575733256,5.7188743615493545
20.28499738000505,0.04879604955728718,0.989827737424167,0.21030919525318892,2.6739295053815244,611,15885,000915.npy,20.342016554954625,0.260370531193461,4.723804311886721
15.415391470848643,0.06404084976150379,0.9872147691993848,0.2378554332764753,2.661201420064167,7883,16318,000916.npy,14.854882690154389,0.3264448796138092,6.265673155053309
43.40061085545404,0.02304759620670612,1.000279754120891,0.151331747010722,1.804580993695929,1259,16381,000917.npy,81.03745557306232,0.1159569313047672,3.701253198943396
45.02779783108491,0.022174164901461974,0.9984538142561686,0.14864520597832073,1.732964278371766,2661,16381,000918.npy,84.38286279469078,0.1134475439505078,3.581963929033345
32.07921614777559,0.031165950845998165,0.9997792736397246,0.17550666478200977,1.7786087378522992,5466,16381,000919.npy,63.67719595689081,0.1290333249929838,3.218026640288012
12.290146429578202,0.08027092160938903,0.9865413806165844,0.2731962819796339,2.700425387372421,9106,14078,000920.npy,12.348591166622844,0.3258450309672794,5.693917239963326
34.82042794718642,0.028678943080866194,0.9986130711487617,0.1660908440925053,1.9128058835931196,14781,16270,000921.npy,51.47535553760131,0.1492152169725406,4.465649543940858
31.049704706893696,0.03220816633632311,1.000054053893347,0.178917123173933,1.9761732161354257,14177,16367,000922.npy,47.212736805980285,0.1557768913388568,4.233094944158839
29.474320611983895,0.03377898099784252,0.995612515876522,0.1815944920013875,2.206659419785021,16236,16266,000923.npy,45.50517519043433,0.1595959771093963,5.211340606603774
42.60010871448141,0.02335554079428779,0.9949485769221652,0.15099195541959248,1.6567609923931133,1634,12146,000924.npy,94.7228454101249,0.1058791934701126,2.368492661912992
28.11901680547326,0.035511470607281874,0.9985476387932287,0.18554667947595055,2.406587188282585,16110,16382,000925.npy,33.0680411636343,0.1808678375919898,2.555082161506349
22.163246202562146,0.045121233693537224,1.000033011313208,0.21049785173717933,2.306978735966596,14723,16367,000926.npy,29.277455630925328,0.1921268907700012,3.251887530075117
30.327904099188544,0.032977877775001406,1.000149914555004,0.18061764958399176,2.4365671503095268,15850,16361,000927.npy,33.96856816722418,0.1787328884626133,2.814152797772049
33.03305617544627,0.03028928427198274,1.000547628870467,0.1730538561626767,2.2180649915625907,16109,16384,000928.npy,71.85415375246633,0.1246181918311438,6.388791740680415
26.97635409893686,0.03708166738218976,1.000328189880948,0.19035298755449773,1.9801873390528835,1,16384,000929.npy,58.19444916866264,0.1323384222771373,2.529790082894041
36.982312591931525,0.027010573182244046,0.9989134607129919,0.16332645104893795,1.8439793330615553,12950,16376,000930.npy,62.772039551940544,0.1302074026229236,3.689546072462351
41.39288143016939,0.024138339942980775,0.999155443180925,0.1548927257602889,1.8792848168719114,15743,16378,000931.npy,67.81127501352557,0.1271825878539358,4.808047819777247
17.807866595384674,0.05527046356218879,0.9842490417805275,0.22139976601263875,2.420672560871436,97,11933,000932.npy,19.886471949455757,0.2842613952648986,6.29990814555144
17.425391638611426,0.057323769491333894,0.9988891335879784,0.23179925245565522,2.849920843078697,13409,13885,000933.npy,30.82672843722818,0.1806063302797849,2.9302291218620944
26.0266610824089,0.03827443854415763,0.9961558401082786,0.18963088849643278,2.0298169227102973,4065,15645,000934.npy,44.53542923779495,0.1594764049956884,6.406753228951668
16.722173996877906,0.05974691458441714,0.9990983014572256,0.23678282965060446,2.2394566507996645,803,14057,000935.npy,29.213062831386463,0.1856760782589294,3.718836789342961
21.529268595908896,0.04604124491541053,0.991234328273898,0.2057235376854179,3.097085994000388,600,16242,000936.npy,21.9680149418548,0.2406726373586244,4.433362999579879
24.459416339269378,0.04072263784283318,0.9960519534311434,0.20024756681302425,2.1213770824942353,15660,16381,000937.npy,52.671281865873645,0.1400785064398249,2.891398892315345
44.41672823737987,0.022523310529358756,1.0004117627886444,0.14917830487362885,1.6636983555697022,15875,16384,000938.npy,101.06721124147616,0.0998625375221719,2.849492420280788
27.72891359511167,0.03607604208529619,1.0003494538367903,0.18949483330659003,2.3003999121270686,15635,16372,000939.npy,57.64280763997117,0.1358337073467731,3.251625995629873
19.120608525844723,0.05213510660613175,0.9968549638690263,0.22666311402563424,2.3411162387357836,12811,16384,000940.npy,20.990581664775267,0.2406396219127778,5.622980517076969
42.653194947082895,0.02346166019019847,1.0007147658747493,0.15256800042125748,1.6372961443268987,15084,15292,000941.npy,69.5499641866765,0.1198086852238145,2.211646541001632
34.725645982342414,0.028787812217297752,0.9996753756640335,0.16816363167480353,1.8792362134186364,5013,15505,000942.npy,64.87903948860587,0.1235004717634945,1.8958172784338756
34.852841549050886,0.02863965658999296,0.9981734131502557,0.16813912144368096,2.0522746651454966,12846,15159,000943.npy,63.05710243714085,0.1253133689518972,1.897382379847652
36.27544637550222,0.027550989928958283,0.9994244577599279,0.16447535578635186,2.244839608854841,13727,15213,000944.npy,75.93899823676674,0.1154672181002591,3.237522507043546
25.86812767095685,0.0384644069676151,0.9950021902259095,0.19348810037255398,2.017935837846597,7111,10386,000945.npy,60.943737725441935,0.1299022846330022,2.6345800939205777
32.5680894831157,0.030484642036437578,0.9928265497034494,0.17168682655530254,2.1036068424406316,10108,10320,000946.npy,76.97858715151773,0.1181637296737687,3.212333841512056
30.462376587478154,0.032653497291682945,0.9947031313974439,0.17800568976369152,1.9355378475770222,8385,10561,000947.npy,71.61521371750916,0.1198480814497033,3.466617179443348
35.50950246417022,0.0281112911156321,0.9982179611415445,0.16640016927786977,1.8008162759815398,2134,16319,000948.npy,61.692450281889066,0.1334978815523089,3.245635597074246
36.15941820939537,0.02764282105996547,0.9995483271947733,0.163501246392437,2.0047770470111677,11086,12739,000949.npy,69.13067409009184,0.1220613394080909,2.937198583138832
37.20027903362555,0.02683906094330039,0.9984205560912559,0.16263928807102634,2.0326000521799594,132,12764,000950.npy,71.2115454895016,0.1204485775927947,2.490854331457447
32.880277272699615,0.03040747881028138,0.9998063344457899,0.17300896808460542,1.853032397170956,245,12645,000951.npy,66.11597793755888,0.1254257803211506,2.8929318720771606
27.136152834726293,0.03685836222125234,1.0001941504736052,0.19193161965482483,2.228221440889339,668,16351,000952.npy,54.59704947367692,0.1380846280104525,3.0221404608506823
30.933217224686512,0.032247303096677685,0.9975128315998368,0.179065224235598,1.8910092502398896,994,16384,000953.npy,62.56081093648354,0.1274711352125018,2.528446188810248
26.10544715622405,0.03832124478100753,1.0003932305913186,0.19512366230207523,2.302819950022683,3328,16383,000954.npy,60.19824546953488,0.1292212462701568,2.0978898856492183
28.03248650607781,0.03562957829838906,0.9987856728668341,0.1875518668106361,2.080671674730191,6919,16383,000955.npy,57.25551654858163,0.1332218369071479,2.483456487386353
26.25961581205737,0.03801186099458178,0.9981768660190465,0.19214284119177769,2.1062600513620287,16357,16369,000956.npy,28.084295936158387,0.2267506612776517,8.983135261315741
4.033580382939046,0.24404790791926056,0.9843868538804442,0.42565432834142203,3.660961731698598,4223,16102,000957.npy,1.8930170072668089,1.4748753959324024,17.706294777121688
3.7786894898404135,0.2627426236983565,0.9928227907020745,0.4481083286195199,3.890023420177701,258,16110,000958.npy,1.8355705819075547,1.5231885032919052,17.47845250215732
4.060594658944305,0.24260850017175392,0.9851347800119126,0.423000592730014,3.3519043223542373,11861,16142,000959.npy,1.8770833818300725,1.4844459693183285,20.691459968816083
44.96058670242121,0.02224416778065099,1.0001108341251632,0.14783917446165815,1.8290796473705753,9859,16361,000960.npy,102.32249869373878,0.1005358323676836,2.997450061260205
39.90318641073591,0.025029711603382063,0.9987652479167141,0.15706406508672002,1.9047885139389822,15761,16336,000961.npy,74.34704332735969,0.1173541782574171,2.4671712256283804
23.25168734971876,0.04305859488582211,1.0011849860033348,0.20595874855732732,2.2073758438741944,15949,16321,000962.npy,44.85730014728264,0.1512934863041558,2.359571054671514
39.68875211272634,0.025192023540393658,0.9998399775126505,0.15767157582543756,1.9138761485878908,15699,16275,000963.npy,72.13035958593152,0.1189096788158722,2.653124642381891
28.870725837783084,0.03458620209680682,0.9985287585070681,0.18513527068819058,1.8504834013392621,13801,15538,000964.npy,57.64603097344133,0.1346695585302368,3.213266505694067
27.441751247875445,0.03635308976801881,0.9975924465056584,0.19049902201090216,2.0452786871034396,1101,16143,000965.npy,58.94508808929929,0.1314123409598977,1.8666919398276696
42.5517473567608,0.02347072376150587,0.9987203077799203,0.15280085556342943,1.8174457086818643,13179,16118,000966.npy,85.63107600121599,0.1091062579341053,1.91362467280096
23.87834676429549,0.04179285623073668,0.9979443133478779,0.20268140858625014,1.9610187733540072,5487,16148,000967.npy,51.59432682118776,0.1402328888622957,1.8767790355077312
23.723973874336295,0.041820412498114884,0.9921463735192445,0.20298300279470527,2.200631794289328,11949,16272,000968.npy,26.134621303217752,0.2116147192120477,4.442075715378217
27.62183526842062,0.03616550249482299,0.9989575523116557,0.18904216154462905,2.0505160659385853,13049,16376,000969.npy,33.91512352707623,0.1845397886007055,5.431260067098752
31.95171490422331,0.0312676868356404,0.9990562154869183,0.17570314523953817,2.099642324612364,14174,16384,000970.npy,37.72318696207255,0.1752062941198127,5.291133612997799
29.16821148260215,0.03415963445171416,0.996375441855981,0.18318119167353702,2.1456681647784386,13695,16381,000971.npy,35.43403007988089,0.1816986252092833,8.475873613290048
30.267883404473377,0.033113462666553094,1.0022744271096111,0.1812986772613309,2.1928594630262954,12974,16033,000972.npy,58.34491739384645,0.1386292590505372,4.451785670868036
37.28732047877511,0.0268312282922976,1.0004646081740785,0.16225596198135958,2.123431020086148,1679,13929,000973.npy,66.17044654166392,0.1272606464596379,3.081963818125251
29.995973154453175,0.03346477508958135,1.0038084952068955,0.18051621547811628,1.946925204806161,12417,14033,000974.npy,56.49058983773588,0.1379645317921463,3.162022480325009
31.215175565510187,0.03202437286424064,0.9996464213326318,0.17717045217908586,1.8621196679530647,11760,14798,000975.npy,53.18542134701766,0.142664498112181,3.92131236151601
41.769666361850504,0.02387648906028022,0.9973129819402782,0.15401079555094058,2.1456006906588514,118,16230,000976.npy,85.58062739098152,0.1097957684250357,3.347384196328125
32.12770254686716,0.03103062907333368,0.9969428207102327,0.17473692789152287,1.813919125611486,11527,16267,000977.npy,73.19795890449898,0.119559607162745,3.471043249768184
40.32027831562741,0.024692394548091166,0.9956042204583168,0.15559253183636132,1.9372062329089077,1545,16278,000978.npy,94.19688405541434,0.1047346967485395,3.31823672371215
34.25703529502853,0.02914165917399625,0.9983068468792814,0.16969447318755304,1.9032847325611413,2928,16365,000979.npy,78.38084529252492,0.1146196265690719,2.589210286915332
11.336707769241444,0.08711980843003435,0.9876518090835966,0.281774187901715,2.783330580599635,12544,16382,000980.npy,8.808789064694853,0.4178008335555667,7.044035871362194
33.83975233090297,0.029490654584585524,0.9979564472185822,0.17076563949918447,1.9190561837405007,15230,16384,000981.npy,59.89439281935036,0.1355832095095543,5.597649515931804
31.93821613727257,0.03132232751288889,1.0003792660290844,0.17567012851808575,2.114140479029974,16266,16384,000982.npy,57.36386952809772,0.1419160153526804,7.311099625738289
31.06754206924355,0.0320924870904201,0.997034692788282,0.17839083350981383,2.0612440772195817,15100,16384,000983.npy,64.7001957493688,0.1267715047035264,4.931230308853951
3.87490546837689,0.25323679730169774,0.9812686506585987,0.42312986853306084,3.486728297063776,12018,16164,000984.npy,1.8635775029161947,1.4907245371914883,18.670054722843545
26.24222263643183,0.03802573211721431,0.9978797281332541,0.19391583607322005,2.098601502240573,13087,15450,000985.npy,50.7998558970928,0.1448442487833677,3.180940867098444
25.954419001715852,0.03839321821794008,0.9964736724527272,0.19401659203516583,2.4544430876134053,15448,15450,000986.npy,49.20994446649875,0.1469760895807482,2.9391579884104444
31.966138937706578,0.03120774171895082,0.9975910077200438,0.17569813807756998,2.4877044172532994,630,12709,000987.npy,47.14901000767853,0.1527444250835317,2.757155829465659
28.185934018318473,0.03551548441600906,1.0010371003782494,0.18819402174130226,2.7233345309026036,10202,16136,000988.npy,55.98286060627871,0.1427798392805096,4.067351257272689
25.951571073320675,0.03849078677133816,0.9988963885644134,0.19561326564331666,1.9436367153870389,15468,16384,000989.npy,54.92701155644315,0.1369764179171223,2.2651234691009487
33.201968864612326,0.030123638236820172,1.0001640988277487,0.17333261562621036,1.7604950781765343,16256,16382,000990.npy,67.24405400413947,0.124711770368228,2.76017827483256
33.939907791427814,0.02951594232708228,1.001768360958274,0.17097849913363528,1.8925499027203987,13,16382,000991.npy,71.82266179728877,0.1198013142830994,2.4010297289979983
29.76247804610686,0.03355858822193402,0.9987867452136516,0.18044435672760978,1.9428331504958811,1525,15655,000992.npy,48.64286958909976,0.1432290786302289,2.418539212910807
35.95098189519668,0.02779504183978346,0.9992590459582895,0.16583858742633228,1.8782053643467915,357,16380,000993.npy,70.5348521301585,0.1202693390631526,2.34090490697005
36.832882971078824,0.027123064438457523,0.9990206582787358,0.1641503249572631,2.068329824974847,126,16380,000994.npy,69.5705323312935,0.1215260409105717,2.797224484783168
44.07257576363168,0.02269832649873496,1.0003737143231453,0.14870484512991758,1.6340542581061874,252,16380,000995.npy,82.47619865454293,0.1113641820861614,2.488908075354025
25.62074696387886,0.03880781496300412,0.9942852073881604,0.1878567901003412,2.2847239328742726,13785,15679,000996.npy,35.42502554061969,0.2133919254685918,7.484737029718106
28.77423735120568,0.034716081248183504,0.9989287617389728,0.18551087339684666,2.111755386040554,997,16109,000997.npy,59.96425109791053,0.1311888936142283,4.050198999284766
32.83948028937698,0.03042758465687382,0.9992260665927573,0.17399081056836269,2.0424244102383615,14038,15804,000998.npy,67.65406089399805,0.1232864919002744,1.820120651983873
36.53254449264902,0.027288319197897738,0.9969117352268076,0.1631252961370577,1.9684017885066825,14726,15780,000999.npy,72.65451791046411,0.1196475652236422,3.154784067267433
14.921515409226078,0.06588374483266084,0.9830853137380677,0.24288895514618125,2.5562013265470185,3206,16368,001000.npy,9.215737620082695,0.4239219352406095,8.27900102422027
25.74630576103595,0.038792746871157566,0.9987699222552933,0.19626998475143018,2.014187211224374,15626,16384,001001.npy,49.69184942540439,0.1457185890791451,2.951630161068627
40.747122639282985,0.02448153146010944,0.997551964802544,0.15586552655675348,2.037993679038696,865,16384,001002.npy,72.69402951013593,0.1209286284606074,3.870219359730063
25.349352866134502,0.0393222273936564,0.9967930176841766,0.1969215951144926,2.042383327442462,7565,16384,001003.npy,49.422469388826784,0.1454833267177178,3.237849665311623
28.01063048969516,0.035425170071348155,0.9922813489031411,0.1860194691985958,2.0679591159814033,15333,15967,001004.npy,50.43539076695235,0.1456808323310676,2.667352558271613
39.28566681101905,0.025409880628450465,0.9982441040770723,0.1587390707445752,1.7217265434251265,90,16230,001005.npy,80.28500736121042,0.1118970452327659,1.8778388670853172
36.158300609765995,0.027642432216401166,0.9995033736657135,0.16562062122748838,1.8472439915464791,1008,16158,001006.npy,74.3121999761992,0.1167204587535185,1.7179670891647836
43.30260989166158,0.02308301273245697,0.9995546954778415,0.15163589971964053,1.7582096405733232,10242,16141,001007.npy,86.41447802795,0.1081041215048941,1.7979322174986891
24.208527599929464,0.041254589911166366,0.9987128784882426,0.20107842173296683,2.10113641799032,13312,16376,001008.npy,35.54099945388703,0.1833503778598783,5.718016738127994
24.034929261012625,0.041501612074364515,0.9974883104253385,0.20254447819825236,2.249571413336885,15549,16339,001009.npy,49.0839813605745,0.1465520354785253,3.1254634350874952
28.36882114843509,0.035108122021748796,0.9959760344924269,0.1852740991179395,2.064929273706135,1110,16346,001010.npy,65.2659778707282,0.1257121145047614,3.34168744922606
40.03804730365569,0.024901407574021032,0.9970037343762641,0.15658650509798783,1.7884971132535867,14011,16339,001011.npy,83.09435740052463,0.1125855742820687,2.5578989562458814
19.622934185721615,0.05049170899635193,0.9907954825600218,0.22137778078234385,2.751664263639591,496,16160,001012.npy,24.88491631405248,0.2200225799337811,4.228768891107398
32.82083468730234,0.03041205121226683,0.9981489053395823,0.17351555150223974,1.9848511380590166,15343,16383,001013.npy,65.43663182862795,0.1294046952623096,4.019881648873572
29.93908283272556,0.03328135701545819,0.9964133044713147,0.18104105251097322,1.9656121086497094,15990,16380,001014.npy,66.16412634622334,0.1239681311522062,2.7801171392377517
42.53824996213766,0.02344200628703528,0.9971819230519092,0.15220628846935638,1.8877766406742318,15839,16333,001015.npy,82.18313448850988,0.1122543263953663,2.367832376336842
29.045333911862866,0.03426666374023778,0.9952866903807298,0.18285100298604523,2.448108902709664,15287,16277,001016.npy,35.895771553086185,0.1883082993737279,5.330138612151353
25.63728621578708,0.038951790965274985,0.998618213594264,0.19643283371857828,2.3149651534587212,16167,16186,001017.npy,57.15727472597784,0.1331904117167529,2.03799265831303
24.69452789569034,0.040513345833086405,1.0004579488229022,0.2002968083524563,2.869217799030847,16180,16204,001018.npy,55.25475067254008,0.1360035280646086,2.738401095585504
24.466357496625587,0.04095309177907967,1.0019729840590816,0.20157573165102902,2.471293990771021,14110,16126,001019.npy,54.65564110652864,0.1364382079582637,2.159526910311738
25.07604161950389,0.039747415538049405,0.9967078462998425,0.19823034559640001,2.1126287609270045,1752,16369,001020.npy,31.56817795173478,0.1976068168109112,5.121295522295823
16.827695713335203,0.0589117498006623,0.991348999585681,0.2388053088847903,3.349318860368158,15258,16150,001021.npy,17.55811984249419,0.2696935770320117,6.184034193934229
15.929085116990242,0.06206045916862929,0.9885663364965934,0.243850570039143,2.5232579780352036,243,15742,001022.npy,16.468167613332575,0.2792265033561127,8.253401571108828
21.640299790710827,0.04591460765794163,0.993605874490724,0.2073569066825586,2.653009290410859,2355,15373,001023.npy,19.333850824438045,0.2614966698427132,6.992943478943599
27.80708521682177,0.035952442115816004,0.9997326216673474,0.18577278569408492,2.079436560846271,8963,16383,001024.npy,41.88359559214795,0.1768508039712565,6.861137903219211
34.333135711622916,0.029113569469376425,0.9995601316418624,0.1700889914905028,2.4440854689949365,14820,16384,001025.npy,41.85067801944423,0.1634197292274105,4.625390199787042
39.94652149069011,0.024986048592618673,0.9981057270724691,0.15713122775512936,1.9480526071343491,16253,16384,001026.npy,48.164522098405136,0.1500586546977051,2.8677770635857747
26.617215578019206,0.037416235776834166,0.99591601378999,0.1922728481491444,2.015649307430285,12319,16383,001027.npy,46.12920096013781,0.1495205779482763,2.366234561850702
28.044388173536763,0.035629399579931394,0.9992047122096437,0.1832333379515204,2.70049597868171,12774,15565,001028.npy,51.75230970230605,0.1566329460681317,6.156876268846663
48.02178982278344,0.020829092851045974,1.0002503190921708,0.14332844182939328,1.7690423654057468,1994,16351,001029.npy,112.31097897452624,0.0949743479634705,2.299999179819495
35.12950939057901,0.028475603544017777,1.0003339821019774,0.1677223473455758,1.7574363511376208,2630,16353,001030.npy,82.79467667298722,0.1105456259794831,2.7453703340970166
44.18426780763291,0.022626097416805147,0.9997175477057098,0.1498335138736647,1.803743045923849,13529,16353,001031.npy,104.27297053468726,0.0980355769152223,1.7935423895773213
18.54341999847157,0.05346706816710602,0.9914623011095566,0.22610180448239944,2.3550739209259555,12028,16371,001032.npy,17.958836871759658,0.2813077826454448,5.647007074913114
19.25424943103221,0.05155563687576493,0.9926650919817002,0.22291073816044435,2.5575846893740564,8423,16324,001033.npy,20.86164467267352,0.2501718243157551,5.292268247948717
17.234241267277696,0.057411134273861575,0.9894373395038061,0.23360164844110912,2.97454003441872,11357,16345,001034.npy,19.675831312122284,0.2602842648975666,5.582387148303141
21.424871448788288,0.04634014852405603,0.9928317250456568,0.21010068131565568,2.2127730317649745,374,16327,001035.npy,22.172153355170828,0.2430122453422945,4.759813209321174
28.613789291117005,0.03484496837489324,0.997046582934831,0.18359504460862447,1.935760978705496,5636,16316,001036.npy,55.03174276532332,0.1457180862592709,5.173266526783974
30.63097815223352,0.0325787920404987,0.9979202672186749,0.17838617723937536,2.0605116707535753,4458,16383,001037.npy,43.86880256868715,0.1746926233924289,7.60302744126259
32.3383885952144,0.030865936020201948,0.9981546333763159,0.17081040374429377,2.0194392356546156,2538,16384,001038.npy,51.57961187109319,0.1612059224004698,10.164975341166588
38.43110379450912,0.025965924351671124,0.997899133879445,0.15878328201245287,2.265006773301297,1045,16383,001039.npy,47.85169554866074,0.1684116219179691,7.479168294308496
21.79586403628355,0.04569844566957993,0.9960371084836549,0.21194730394307013,3.162784854275696,16206,16350,001040.npy,29.64428737713193,0.2216059746082677,8.657911507851848
11.328595412670376,0.0860975321285572,0.9753641075138134,0.275868390477536,2.746693219124492,2245,16108,001041.npy,9.322246943132637,0.4341882866470485,6.905047911294001
14.182129391714236,0.06895575577320529,0.9779394506790433,0.24632047056672138,3.0260037249812624,2233,16126,001042.npy,9.83305978720311,0.4287340085658138,8.395531967566285
12.20158798287042,0.08031993943044656,0.9800308077394168,0.269682661790819,2.9890100944832905,4724,15977,001043.npy,8.894048491986142,0.4518490306769803,7.88205840593888
24.970176184961186,0.03990915244528223,0.9965385679511719,0.19394170840736613,2.548136600116433,14077,15520,001044.npy,24.920681185304225,0.249718628800977,9.882994922885455
46.773117543306576,0.021390211303994527,1.000486867597901,0.14599011825628577,1.6905928861522217,15454,16353,001045.npy,111.02106302541848,0.0951344672735527,1.569508046232795
46.32238667737774,0.02159354543852756,1.000264561539,0.14652125926790902,1.6620227686072724,1255,16348,001046.npy,107.94870687232728,0.0965122261839181,1.5891574523584715
41.41450601249069,0.02411902782268736,0.998877622778116,0.15462445657115284,1.6703718389917228,15957,16330,001047.npy,97.815666908918,0.1011522623741016,1.629213160071657
27.080039517266876,0.03686047560219234,0.9981831359326201,0.1912650413789475,1.9820161368826836,14605,16380,001048.npy,63.31957281892397,0.1261308657216021,2.258745044799433
31.872324217183372,0.03133745153244331,0.9987974153823029,0.17569872889659402,2.0910721602275117,728,16363,001049.npy,71.78174587357009,0.1189010579801318,2.3749234277873668
26.553270185270968,0.037545507232450856,0.9969559977863128,0.19302690791623522,2.087039758619242,619,16365,001050.npy,61.44589526587225,0.1285022853477987,2.3680435986254253
46.681172308807305,0.021473841946493783,1.0024241160363703,0.14697846941726028,2.092068615511275,1738,16338,001051.npy,99.28743771961167,0.1026747345773755,2.700818759944013
24.19129061778651,0.041336978639126845,0.9999948635203507,0.2031344969272613,2.0642224568777054,13156,15631,001052.npy,53.83609350219214,0.1395833443726979,3.827699843098733
39.23317366985593,0.025466865639191816,0.999145962449299,0.15820676761735317,2.2441713143603694,13503,15414,001053.npy,88.43743596498135,0.1062512966934822,1.7983993977591568
23.933445153750952,0.04157720628701201,0.9950857863163912,0.20131548766910956,2.180559646316799,629,16254,001054.npy,55.78709762686193,0.1335396110234014,2.1027780405845315
49.4245013297106,0.020234060452723437,1.0000583477510743,0.14171150336109792,1.709270388639021,12096,16067,001055.npy,111.7422810896383,0.0948262313755442,1.9866210056940148
22.287149997323674,0.04454612861468172,0.9928062502354837,0.20705338200675164,2.496774040738222,14823,16361,001056.npy,24.85572541484661,0.2253713322235544,4.57873187781011
19.657030716614187,0.05071602725164687,0.9969265055102646,0.21940222293191156,3.249917079677734,14670,16356,001057.npy,22.438245058975628,0.2534774200739529,8.076473156367038
24.025282023644696,0.04138384135441635,0.994258459761623,0.1978649313666097,2.1768764105293186,143,16353,001058.npy,26.943825152076105,0.2263032527357523,6.004678584432031
30.14529272033147,0.03300579069832847,0.9949692220671054,0.17591844950135885,2.1359095405383606,1677,16352,001059.npy,29.172548099555804,0.2210315428882526,7.195380532072275
40.62417561944188,0.024515794765937456,0.9959339520216373,0.15557992479319746,1.8510782498513676,13700,16075,001060.npy,83.1061672610594,0.1122570888428741,3.4251418835540197
33.58089253982206,0.029714167401626402,0.9978282624242999,0.17135240812662286,2.0010437614261747,12908,14740,001061.npy,69.4904340362569,0.1216058001740342,2.0448526325384506
33.90011743695888,0.029448953533554468,0.9983229831830416,0.17038886165433154,2.1195076373415915,12932,14736,001062.npy,70.8279466613357,0.1205251707690074,2.0776900185872944
28.883443560260986,0.034495578215301644,0.9963510864602334,0.18501514224814347,1.9947176347302338,13389,15265,001063.npy,61.37558626738206,0.1293709296637636,3.015744433808909
42.02075026528344,0.02375667522209562,0.9982733166411271,0.1526033532745103,1.8112628479304835,190,15666,001064.npy,91.73212986635652,0.1049468338855123,2.0895232249283047
28.356420032617603,0.035209949407365174,0.9984281147224621,0.18657910214583268,1.8547119771350116,11590,16327,001065.npy,61.1056826550085,0.1281110896953744,1.8030305648639968
31.208008413262473,0.032071719958528096,1.0008945062935428,0.1784889074183383,1.939705784757691,10141,16259,001066.npy,64.7024301116538,0.1245866836817791,1.9342298697834104
39.763447163763566,0.025157182352514507,1.0003362912633758,0.1577314526357944,1.697482035080358,8146,16223,001067.npy,80.10817964670011,0.1118668028521904,2.0249060114667112
33.96336881161414,0.02940538106990819,0.9987058023233487,0.16765284956065213,2.4446307762331467,15004,16360,001068.npy,55.642913673788215,0.1453462147968042,5.2060691885500745
24.510417241262935,0.04046689721072872,0.9918605350942603,0.1939493111391938,2.2914559294118813,14154,16167,001069.npy,20.36263418650693,0.2795999502170088,7.396980518330397
21.420682845328262,0.04634362967613387,0.9927121931938064,0.2057935356341633,2.699214048802561,15002,16316,001070.npy,19.24394755828106,0.2888081193614508,7.318023340830535
17.151723551958547,0.05766101032308088,0.9889857087881112,0.22989456199989206,3.016992108445728,892,16323,001071.npy,16.129196682048775,0.3172321561302264,9.439165295746452
29.32897609676059,0.033962570215088306,0.996087410022878,0.18132686424291317,2.1284287404866973,421,16198,001072.npy,40.20964191052639,0.1687864488619458,4.685270073429632
21.160906849654843,0.04703394935000068,0.9952810209667483,0.21298963576004068,2.387965693608335,11193,16163,001073.npy,27.51130995948501,0.2115647847186851,5.885400989682049
27.20891322798377,0.03657866423692289,0.9952657012179881,0.1879260503032916,2.198843180297951,1420,16226,001074.npy,31.12001303555074,0.2027155500594605,7.736731839160046
20.041534026068764,0.049483064438244066,0.9917165196532216,0.21764462035956447,2.273386547741748,2694,16166,001075.npy,26.93223219991209,0.2131077845329651,6.688110541831617
33.10445714949827,0.030140815737364393,0.9977953430285028,0.17225034837977599,1.9578149691548492,15360,16381,001076.npy,46.00130818694943,0.1563896943099905,3.993565435698339
23.919478987776465,0.04165681884170743,0.9964094029818317,0.20227032919726573,2.510763237518541,15600,16384,001077.npy,23.164672306815092,0.2307707282662557,5.067443391165052
23.83824909245166,0.041732591339848885,0.9948319076328088,0.20220775326921644,2.1256635665931927,1564,16381,001078.npy,22.95666388833518,0.2301855167195015,3.8948772687028432
26.107432225935682,0.03811355407358053,0.9950470298655386,0.19311832330623774,2.0540518998184725,2348,16383,001079.npy,24.055445447838444,0.2264864593463447,4.611548093206221
26.89087021249053,0.03704079890878014,0.9960593160229676,0.1908337905582701,2.3161800385481093,16104,16380,001080.npy,45.41365323228204,0.1631600218460661,4.84920479962659
36.9348746856434,0.027073929952023828,0.9999722100258875,0.16393212803244037,1.8597409906867803,1346,16314,001081.npy,82.60516810317112,0.1102854353669922,1.790904681390217
48.62238571321684,0.020502569104832138,0.9968838231270312,0.1422913619440367,1.7017313869262949,14000,16303,001082.npy,107.40242617546804,0.0963729133077826,1.7209712023550294
26.639137305970138,0.03746573941798861,0.9980549766254961,0.1923175758899552,1.9511630528989965,11450,16308,001083.npy,60.87238701751096,0.1282480531649179,1.778531963771748
37.66901684438708,0.02681314298379517,1.0100247347075395,0.16503926775876177,1.9673996530339777,7835,8211,001084.npy,78.72812159609884,0.1140078312729726,2.419742673940559
28.06284782179767,0.035658095612718814,1.0006677107948392,0.1875110346693617,2.070608321439139,2103,11065,001085.npy,62.696270977445614,0.1273443773893097,1.6781547392888927
27.757207508503615,0.03595685232754726,0.9980618114083505,0.1876835706670502,1.8140983253724061,7663,8221,001086.npy,60.33669992597177,0.1296097260407306,1.8695499392187065
31.36566852223497,0.03182770229376407,0.9982971599705814,0.17767146832110295,1.9413537625529609,1011,8539,001087.npy,66.65261805684612,0.1239993149164546,1.8398640730683649
26.220829680956033,0.03810441338431107,0.9991293334427621,0.19403872045612675,2.239262105519871,14168,16331,001088.npy,50.16278828876015,0.148316117986546,5.468005215605568
40.26893909778913,0.024833410554173027,1.0000150971963875,0.1572063167602418,1.9649107191495598,2062,16297,001089.npy,73.3926597055545,0.1226081420634816,3.125630568999654
32.94103252458083,0.030353487801648798,0.9998752289085804,0.17303263854145587,1.9451558094112713,13234,16285,001090.npy,61.10513918279137,0.1331106191323626,2.7192267965054584
38.979357483133384,0.02560962684691565,0.9982467998755751,0.15918401683388445,2.0244163502564647,283,16274,001091.npy,65.88554311069977,0.1307361874995476,3.6260487271449455
23.283082380034966,0.04272380527404534,0.9947418777841699,0.20565260181336742,2.3554318609468745,14838,16342,001092.npy,41.53644878801206,0.1640114552432255,3.535507257165189
26.235137113947584,0.03805106741073169,0.9982749708526084,0.19378574434273457,1.977383038756497,13385,14233,001093.npy,57.12125089789799,0.1326718958739224,1.767840867027484
35.24855221530744,0.028317614240700287,0.9981549041762576,0.16792919580130228,1.9070853944114954,1470,14369,001094.npy,74.26501947742258,0.1164987112802765,1.7861409512519557
42.871098160599935,0.023302105555526597,0.9989868546196418,0.15223525211609076,1.8133935003548132,1358,14381,001095.npy,87.67910861895365,0.1071763915499628,1.6152221850021713
33.610977457116995,0.029568935220395734,0.9938408151236737,0.16921085956362633,2.007729994888644,6037,15915,001096.npy,39.62438820723125,0.1759022673583083,3.469608559405557
29.227701879524464,0.03394815161589031,0.9922264547901385,0.18060977082375118,2.0231205831365004,6426,12724,001097.npy,28.57246621384496,0.209508285093198,7.407464899462607
23.273771254734168,0.042521083591081456,0.9896259730022603,0.20153776652320032,2.137980025963515,8959,11127,001098.npy,23.50174416397985,0.231439810389611,4.958639272957373
24.60670257972027,0.04056234809105838,0.9981056354117578,0.19815247413516632,2.2179793352455413,8080,10510,001099.npy,24.97212764937226,0.2263410187344737,5.679793642390336
26.771891931407016,0.037185904086499195,0.9955370055754229,0.190951259639098,2.1702755357283867,9850,16384,001100.npy,39.269074320625016,0.1763201448877701,4.920279887420533
31.94620971805825,0.031298083821945266,0.9998551495492296,0.1760720282338942,2.003080706801131,15811,16384,001101.npy,71.61778219649838,0.120990435733133,4.757237268940104
38.5136270197251,0.025875248389067747,0.9965496654992979,0.1598516877298845,2.2651453844359746,14839,16383,001102.npy,55.6689270441123,0.1450520901855367,5.604449402762229
28.50809447633653,0.03497230745724977,0.996993845046765,0.18555849124681578,2.425582288026153,16114,16384,001103.npy,48.5068655867166,0.1522752816128808,5.866505091254377
21.438929983812795,0.046591103378619436,0.9988634032028059,0.2092378690486182,2.2571446643980293,14514,16384,001104.npy,33.274257976383865,0.2177078030701638,9.637765969085647
16.14439322781468,0.06160227920561259,0.994531419225041,0.24059759265768166,3.3945581772878053,584,15253,001105.npy,19.66901015336252,0.2538904578942509,6.912939790174293
13.060357513760176,0.07614619132457455,0.9944964820101271,0.26754757704499577,3.2257307806365723,1752,14999,001106.npy,15.479448009701295,0.302418662793716,10.78452699963794
19.230436833279985,0.051761975063353866,0.9954053918216402,0.22061423684719011,3.2461532157957684,13305,15861,001107.npy,22.22345323673522,0.2433989993169708,9.680770956891129
26.439710880397673,0.03759201739276092,0.9939220712754795,0.18620934978555242,2.3472149292448954,2819,16379,001108.npy,23.130573766572013,0.262186839774298,7.770312974081972
20.184332098170586,0.04920171716767192,0.993103799112551,0.2141210950568054,2.5964889843630736,13529,16259,001109.npy,17.723003116380184,0.2919817865128968,7.085450617464534
18.21665404476051,0.0544524255156995,0.9919409975175878,0.22592492407688114,2.4407404942956084,14910,16214,001110.npy,15.483869113713572,0.3151418727713831,7.50193568955413
17.402767242774882,0.05700007431842715,0.9919590261844579,0.22959997602472015,2.401711830239605,12558,16243,001111.npy,16.56583824882719,0.3020442975217545,8.607829846985958
20.260327780063353,0.049188510010143065,0.9965753358184258,0.21772916149717475,3.640797173264632,14885,16184,001112.npy,28.57895072362447,0.2260603386675128,7.518862572577958
36.92628548403481,0.026843986309860682,0.9912487020074376,0.16088674872273276,1.8540577459274425,1712,13795,001113.npy,65.78213786906306,0.1288059904148113,2.8509862347661823
31.79667339835123,0.031097319665825362,0.9887913169783739,0.17255973805680588,1.836474766325077,2581,13090,001114.npy,58.77983523602178,0.1361644910036664,2.88494709843343
33.74642950305165,0.029397398080845974,0.9920572219084146,0.1674572406711041,1.9136240270244884,13632,14066,001115.npy,62.34461932535129,0.1318951057801527,2.5564388974142784
35.56709294402231,0.02805157042232723,0.9977128124366998,0.1665606965873364,1.9855442843813516,15201,15598,001116.npy,61.53159683448701,0.1331444574349158,2.4485648384896934
29.03100216705062,0.03447406738898419,1.000816725076649,0.18480876298172685,2.0245658414242476,650,16383,001117.npy,66.19178299545707,0.1234768603981634,2.698013090526062
45.1410143138728,0.02212372174982322,0.9986872401849091,0.14851757075666494,1.7345045791954026,11502,16383,001118.npy,99.23130690428007,0.1012758391197589,3.5001435077957805
44.65074056617863,0.022400526199548337,1.00020008388192,0.14942569804318614,2.2590191934682724,16165,16383,001119.npy,100.66500074633392,0.1007310483606172,3.12959829340038
36.98964047555588,0.02695347025856783,0.9969991744330122,0.16090767846424023,2.167143658027827,2671,16383,001120.npy,46.33259212229974,0.1806790911449614,7.561185122040081
18.289520172288032,0.05429938492540216,0.9931096959359754,0.2246928055070215,2.327769306612656,3013,15967,001121.npy,19.754683409481117,0.2663275941449416,6.670952603578533
17.131864834121753,0.05769966003580302,0.9885027767081541,0.23298080945517094,2.9832820747083186,1136,16013,001122.npy,16.794504796748853,0.2925556558641047,7.7971559147513405
21.77188777730192,0.045462444923901515,0.9898032489649532,0.2076646421732147,2.4235905337689307,4143,15960,001123.npy,20.5658735858664,0.2649526640181279,7.400840961802544
38.950518970669094,0.025728766567229,1.00214881026877,0.16023939864550663,1.7687027242629338,6239,15800,001124.npy,69.15109834231211,0.1213572806818372,2.130108860872404
26.225630742293507,0.03817130557283668,1.0010665649044652,0.19459400920609146,2.140886789423124,8084,16301,001125.npy,54.90170243122961,0.1374060725722485,2.1681276196571764
39.15194882210701,0.02548985361097462,0.9979774440598779,0.15840223270225262,1.8038542183125268,1176,16301,001126.npy,72.92535781682598,0.1204143708740669,2.547379939194301
38.81000722499542,0.02568931383539102,0.9970024555567001,0.15897155683815128,1.7589989583133623,1896,16300,001127.npy,73.02325053057396,0.1205938832104472,3.0941317413969034
35.80711244632366,0.0278390446824385,0.9968358033423039,0.16608931629041973,2.0330865685055604,11896,16330,001128.npy,74.38587768794277,0.119381634288042,3.987367278858952
31.55376730228503,0.031650391151198665,0.9986890774112238,0.1766928209078074,1.8141596278916137,15064,15939,001129.npy,72.01744594937972,0.1184982231134001,1.803849859232597
44.592253550002155,0.022418254923240944,0.9996805076857442,0.14947011632770085,1.7645438721925089,1663,15841,001130.npy,100.66422792190394,0.1001991441879028,1.736749305013722
35.37877307196765,0.028251682831414753,0.999509875793827,0.16765831141164622,1.7844351233270233,1590,16019,001131.npy,80.37672882947541,0.1122905265710722,1.6057867775532022
13.402253189214777,0.07395191118188005,0.9911222374858798,0.2523637626161231,2.8150384970355624,14180,15620,001132.npy,10.35836789670252,0.4466719758082752,11.794228401100607
12.34610246323502,0.08072503366729074,0.9966395370044681,0.24990718506040527,2.5864720688923937,13219,14541,001133.npy,10.692845429864995,0.4156070732154677,9.738079911481648
11.714623795539332,0.08475216481801552,0.9928397267005961,0.2613333450778623,2.6381950032330104,2142,14841,001134.npy,11.036818266390885,0.4001300664052511,7.071391564801565
11.136484679665692,0.08887589419916316,0.9897650341405695,0.26734356886932836,3.541459981432014,14366,14901,001135.npy,11.063099703639075,0.4004354774450779,10.054965118808251
24.667553482617237,0.04015660800261082,0.9905652755848976,0.19903217895781938,2.775819944882611,2159,16321,001136.npy,31.28855655400523,0.1939429747262851,3.449078254844687
36.30510089829484,0.02741371815093225,0.995257803467012,0.16397673198652218,1.8880992880901757,4697,16362,001137.npy,60.08844010474807,0.132382073937164,2.630748196117908
34.45856405534281,0.028882195952625787,0.9952389992925186,0.16885741598161152,1.9830952908966804,4947,16347,001138.npy,59.53108352047552,0.1332495996081353,2.598052526387586
25.597946581371602,0.038999040301974514,0.9982953503747019,0.19637198973165032,2.3019108653414193,504,16265,001139.npy,47.37226504134125,0.1495207793265548,2.91663972810164
22.89529695388435,0.0434643794239769,0.9951298738282519,0.19996826756746588,2.202521578133795,7173,16283,001140.npy,27.48396480467476,0.223901809192515,5.722851425683571
35.23579758563628,0.028359581958689612,0.9992724895096495,0.16759085713880512,1.9506191410164953,16243,16381,001141.npy,70.84194174359453,0.1206127093268476,2.33018669939178
45.63021870397298,0.02182121135142356,0.9957066463510749,0.14603406388911166,1.7534341108413412,10617,16384,001142.npy,89.42830456186371,0.1071354854546977,2.3479014705101173
42.504795414519194,0.02351353632701896,0.9994380510518059,0.15229934043370652,1.6672480045899547,16125,16378,001143.npy,80.67997312789879,0.1146844557026374,4.6981789329475
18.545201421421385,0.05377689655028062,0.9973033783438949,0.22418289013088588,2.3758360961472893,386,16338,001144.npy,28.200459775752144,0.2143389940515695,4.664069683434775
20.884188809704952,0.047574539210846714,0.9935556594140345,0.21228457583040197,2.6714523142879485,10205,15634,001145.npy,28.21280164153209,0.2214636745838769,5.103091138718513
19.413387753225145,0.05120719438189302,0.9941051202904614,0.22293419788869565,3.2149534501351806,12064,15683,001146.npy,28.01618357800671,0.2199654569843646,5.396163487390434
21.863580178451134,0.045469712846614094,0.9941307125130968,0.20732814673953506,2.432562178414784,14955,15566,001147.npy,29.24214280988972,0.2159097503700272,5.468971198045425
25.49108454525231,0.039044079444336445,0.9952759301071282,0.19446471992283837,2.7488301510610818,12416,16366,001148.npy,25.319883753479356,0.2351595804799985,7.286856038838886
21.958109537573353,0.045097332530369585,0.9902521675542254,0.20107895245548943,2.4321092904333317,14098,16346,001149.npy,19.315279793698007,0.281189054820544,7.9891705078480655
21.23223256237079,0.04675614662424418,0.9927373788462605,0.2061882205674994,2.334748859104558,4092,16343,001150.npy,18.825203938107432,0.2859650107090999,8.007161183793961
17.990928825558303,0.05520250700198907,0.9931443744651692,0.22611155672323763,2.888418367163668,1523,16341,001151.npy,17.493523173253298,0.2950789824354783,6.954652592785249
20.236493902746084,0.04917213987487467,0.9950717087628789,0.2169366647491137,2.3356793996018115,15956,16381,001152.npy,23.470957158416788,0.2391718738801351,6.624827807990645
31.128250438588182,0.031972796639689445,0.9952572210223037,0.17691739969604228,1.9752611116847478,12539,16344,001153.npy,44.937470906243696,0.1594750673360259,4.291160564074224
27.163457351178298,0.03665673798501768,0.9957237388893453,0.1904062811936327,2.588668949585583,16230,16358,001154.npy,43.21351189819136,0.1637852644967168,5.604909688372968
31.052771337662204,0.032100722682100784,0.9968164012209823,0.17794323142945667,1.9879926826465926,15204,16339,001155.npy,47.780686427739134,0.1548526455717155,5.741205752373523
20.571314977684896,0.04849561145163471,0.9976184982070003,0.21319303553813207,2.6218249173335275,12693,14558,001156.npy,25.65025540567988,0.2195585172027916,4.489181450400114
26.03575133327716,0.03824963677433935,0.995858031644873,0.19413165041698735,1.909597632435051,15263,16384,001157.npy,22.322636102103427,0.2322586271138148,3.465218596067684
18.5019365714102,0.05394685954348023,0.9981213735002463,0.22943125790113347,2.1797482423855423,14741,16384,001158.npy,19.26477513206565,0.2499060541394267,3.7837860607171208
25.525010435277213,0.039093280020519684,0.9978563804729791,0.1953731974388922,2.2192290698017167,11905,16384,001159.npy,20.480641945999945,0.2462921489043563,3.55564019575462
48.42051359561204,0.020729542030291405,1.0037350717085363,0.14397062551554105,1.676689700166625,2947,16355,001160.npy,107.72195228767498,0.0968525398463139,2.036240192697193
42.18874240692118,0.0236873026637439,0.9993375103954693,0.15341313100593434,1.6980711103983055,16250,16366,001161.npy,91.91044113031955,0.1046456015050651,1.878355547590548
46.078279467798644,0.0217195447979074,1.0007992551113494,0.1469202496709759,1.613275083990253,5883,16375,001162.npy,101.17326057856847,0.0996169995225596,1.788609846357095
40.438427173495484,0.024715388510799192,0.9994514383586002,0.15664370993194937,1.8797839495558346,15455,16377,001163.npy,88.64555242370096,0.1064015462897845,1.7753201005169532
17.049263096155297,0.05860516477876026,0.9991748731066175,0.23186372656053617,2.375646467491838,118,15216,001164.npy,18.455948705013757,0.2552316412255846,6.084317947859526
31.563190676193635,0.03165041470752654,0.9989880743942636,0.17624923107007542,1.9640948837624952,14562,16384,001165.npy,72.11980031519052,0.1187465939549792,3.0412254415295448
47.859431361510346,0.020897286478836,1.0001322478756698,0.14424262611600908,1.7655686773946275,15284,16383,001166.npy,108.05357012905986,0.0974724189178447,2.6854169345053247
41.07176588966208,0.024320017026790833,0.9988660457569487,0.15525507522820006,1.6922660179931401,429,16384,001167.npy,91.20970047380564,0.1067559898546526,3.880631410254936
27.316371802653016,0.03653568896510541,0.9980224638369063,0.18908115283239194,2.1413792120497996,556,15757,001168.npy,28.007817989502318,0.2012991057168205,5.873592257074065
25.78015360055767,0.038757763543610865,0.9991810973683825,0.19606574488756176,2.3158005758175344,13681,16384,001169.npy,40.789997837177616,0.1619478906280101,3.1838347594561176
26.78640388458082,0.03722535594570678,0.9971334191089838,0.19201096858209263,1.920886285692733,2951,16384,001170.npy,41.92306362058564,0.1601179790775062,3.703460327253526
26.675392508212333,0.037349632623985704,0.9963161102823511,0.1925981049378503,2.1751546707441136,1544,16384,001171.npy,40.970865198912335,0.162206524337915,4.02150853846833
31.96078681435138,0.03129239232916035,1.0001294801433382,0.17539792923330047,1.988902835740749,9291,15066,001172.npy,62.06859612465382,0.1283704180501223,2.3654194460289606
34.52198747605129,0.02895469527227937,0.9995736275625099,0.16956502472514337,1.9105455371309503,522,16383,001173.npy,81.76980536789877,0.1106790674275334,1.8820718360941229
35.45704563156862,0.028187776972075314,0.9994552943513535,0.16706633681307445,1.7911533729215579,14162,16383,001174.npy,85.48738885813191,0.1081766243403907,1.6565342731106223
50.868177182660254,0.01963936238195476,0.9990185653997473,0.13962840900934764,1.6397787963547414,15605,16378,001175.npy,122.20119448793672,0.0905258530417235,1.5826672306771787
23.463316933866164,0.04231625610965178,0.9928797285554101,0.20116613407474881,2.6301659167746276,11136,16382,001176.npy,22.59019954606336,0.2425115021215551,6.528593099645804
29.344182198839988,0.033892878192495694,0.9945587929236841,0.18036608412521252,2.9999201114197374,13329,15937,001177.npy,38.77408769275363,0.1869565479474456,7.35657017481511
25.375787866333763,0.03927209766756232,0.9965604194780022,0.19653660511974144,2.0882071119744934,356,16144,001178.npy,41.053660244424975,0.1688373075614523,6.971362747331708
31.658487588626443,0.031558273352171595,0.9990872052382052,0.17707243057017813,2.175069004674845,13023,15973,001179.npy,50.27617823555166,0.1509526739740824,6.208043751309032
23.932639799223917,0.04145542893567132,0.9921378484397462,0.19731836321674878,2.39772481778307,12900,16345,001180.npy,25.29161581676836,0.2378030546110163,6.846317108889297
31.660807021293877,0.03154632134181611,0.9987819922349646,0.1772557845789382,2.021343792237088,1380,16384,001181.npy,52.42353787964224,0.1428135543432614,3.883990983641137
39.621336417547376,0.025138175799463383,0.9960081202739867,0.1576452667524904,1.8206565800226882,1888,16384,001182.npy,59.17466239861439,0.1357115955773042,5.620769951904904
30.13463395321373,0.03313243684759833,0.9984338563803463,0.181282915518976,2.0680056695950055,2318,16384,001183.npy,51.57485382938889,0.1432033829533389,3.667579271405192
40.13350889575791,0.024825366630721664,0.9963290725145195,0.15626618106446186,1.8686814952978734,7278,16370,001184.npy,61.24027143389769,0.1325668692717537,2.6264130373444656
33.20493543464362,0.03002468342923516,0.9969676747133678,0.17247742187564877,1.8723312098925218,8447,16379,001185.npy,51.03285684230583,0.1480501686206496,3.551800046124693
40.85840057188248,0.02436653442517952,0.9955776240925489,0.15536120596570765,1.7832038368228214,3961,16381,001186.npy,54.46003826742378,0.1461022060676885,3.472868538428416
23.127067720315946,0.04310949998043256,0.9969963254364227,0.20614006293276038,2.2689266933715775,16108,16383,001187.npy,37.6299627722564,0.173720763459191,3.722987425636444
29.03288396535609,0.034287322544909446,0.9954598569290938,0.1827189481060125,1.8062970600953427,16255,16334,001188.npy,27.14263750896845,0.214672894662379,5.062662673189042
25.80941115935657,0.038443466775000996,0.9922032403870643,0.19321799740962503,2.1189480102961933,13405,16377,001189.npy,23.72374815393036,0.2366454698600533,5.448256368006822
24.819526978902402,0.04002794017760993,0.9934745411480811,0.19550679377983432,2.17309218336279,13539,16382,001190.npy,24.23280692281651,0.2305318943418481,4.7691394550726525
27.0327221133368,0.03668285269206176,0.9916373631489742,0.1882203527504722,2.1329147189296043,15344,16376,001191.npy,22.845033414840007,0.2415025791071163,5.058935806577633
43.21054818554977,0.023110795767634265,0.9986301541237601,0.15150739705208857,1.7368346753063497,16199,16382,001192.npy,101.50176887071896,0.0994638089608323,2.285484648821969
35.08661405688876,0.028512055981594116,1.0003915041945994,0.16834838849414255,1.8962523812997172,1840,16383,001193.npy,81.6651820914374,0.1115134542291621,2.9752736768281616
28.531438543592465,0.03496520445126161,0.9976075819653163,0.18594789937069053,2.1388393183913035,4340,16383,001194.npy,67.73779404521711,0.1221897852244362,3.238760180600958
28.354600493575763,0.03528029308760813,1.0003586157953912,0.18710794961779653,1.9452566885883487,3728,16383,001195.npy,66.77660423158646,0.1239186837513195,3.795955296457009
42.24358166594528,0.02369474179706889,1.0009507601579666,0.15350355647693495,1.7093544308298008,13065,16250,001196.npy,100.71339326051928,0.0996619483297373,1.5908163892314673
30.21207066861549,0.033059024945876994,0.9987815979003581,0.18056592855532058,1.9021589401068717,7038,16368,001197.npy,53.683981617042406,0.1383262075331637,2.103989149643463
42.4717768583186,0.023518793232163243,0.9988849381333709,0.1521225234032931,1.6737193957884702,15878,16383,001198.npy,67.97413686061299,0.1240714926272531,2.655376859632625
30.344902562827997,0.032938681844189494,0.9995210911099217,0.1807323460931701,1.9725244151825476,3141,16348,001199.npy,58.85216944523053,0.1312298583844126,2.2954966997676025
40.26843913379806,0.02477327963786352,0.9975813032418661,0.1562953565051583,2.107002591788633,15951,16340,001200.npy,78.38048569646388,0.1158485007290426,2.8397591673602336
36.780870943312294,0.02715855124631915,0.9989151683981978,0.16400304857728099,1.9353243180588826,1407,16273,001201.npy,77.23912334222533,0.1143206713399529,2.0156056304340253
26.169407144421797,0.03821518440274465,1.0000687197345823,0.19439555555392846,2.0444371934303485,2434,16295,001202.npy,56.06668773707286,0.1351540966188092,3.0165695546152285
44.39308034541325,0.022485304794692913,0.9981919423419083,0.1488982806071076,1.7454043982268836,16044,16167,001203.npy,96.32205090306272,0.1019054811655887,2.036089107314168
15.86768840691126,0.0624340165742131,0.9906835209915467,0.24160191892495314,2.73707561966684,15115,16288,001204.npy,14.711069526439738,0.3298080409818117,7.751059438624517
29.340341671556228,0.033988853094694696,0.9972445628226736,0.1829770176840017,2.331340555745012,8,16383,001205.npy,46.12194396213653,0.1509512352529944,2.757784985379085
31.970821639793723,0.03130146961579389,1.000733702149969,0.1760165944938131,2.725422248309325,13056,16384,001206.npy,75.11859438131901,0.1163249177273376,3.6033920079493953
31.367890792832746,0.0318208945839428,0.9981543462393607,0.17103779787798784,2.4636171811251026,100,16317,001207.npy,46.24955531138482,0.1505431977942073,3.057882922896362
25.83238018867239,0.038592238438108245,0.9969293756651085,0.1950962715951997,2.405645478846217,15979,16384,001208.npy,29.390264560649065,0.1994389263491104,6.18148807986887
21.60769211331204,0.04604025795358575,0.9948237186785468,0.20056442006969133,2.940525723457136,1016,16362,001209.npy,27.074521048011757,0.2383584558066059,8.1119899721293
21.00192516098816,0.047341546896801055,0.9942636249320271,0.20285390999333436,3.335143614150407,1656,16360,001210.npy,25.282298999779165,0.2477788099225659,7.424870661805718
23.56209539874724,0.042192910702807826,0.9941533871303814,0.19222047995444133,2.730587976082357,614,16365,001211.npy,28.391952729284075,0.2330290821150835,7.645077129033926
23.573103079515885,0.041986678813234535,0.9897563076309034,0.20097133470049308,2.553255849943362,13585,14809,001212.npy,26.186348217788137,0.2221314245739724,4.931106175497575
19.42000114922387,0.051149692655405275,0.9933270901504183,0.21940967382285906,2.8351787320560335,11351,16170,001213.npy,18.18180481049689,0.2878130567542186,7.074418998405303
18.58328598406327,0.05348825261306299,0.993987495096369,0.22156047850175517,2.6740105196601864,9280,16057,001214.npy,18.1056517100597,0.2886308302245336,6.563680985560175
23.147778247755472,0.04277964763042597,0.9902537968662182,0.1938414872007908,2.611302493557413,495,16059,001215.npy,19.681975729034065,0.2796712653728329,8.076968612019902
26.829354967979647,0.037101096912564704,0.9953984987686122,0.19051252435893273,2.1132210301281713,12824,16382,001216.npy,25.86157208943809,0.2204357245767991,5.9899503360645046
28.127684544710952,0.03537116138446863,0.9949088694023951,0.18496104035784358,1.9453215022515735,6528,16378,001217.npy,28.61965560549924,0.2070776704035187,5.990866074360004
19.8982551907396,0.05003062313549522,0.9955221065018045,0.2198778440835468,2.4792783559438694,3314,16381,001218.npy,24.98749160570821,0.2215730163541118,5.760575528835589
27.935349494995755,0.03568492423952783,0.9968708303336555,0.18534338793043226,2.188137095355057,1009,16378,001219.npy,28.663182657961816,0.2087592860646029,7.526849160395195
34.3220261216763,0.029192508248857208,1.001946030674528,0.17017107573761547,1.7397503834275154,13321,16375,001220.npy,78.68174975267304,0.1131864311443733,2.4431187228186504
27.94909827043455,0.03570402007758081,0.9978951657978743,0.18824705475987813,2.320501181458048,1911,16267,001221.npy,48.13533663619312,0.1513665760722152,4.966513507160757
38.06625040006409,0.026222523384757963,0.9981931412857328,0.16123196624673342,2.2271649027730698,1785,16267,001222.npy,59.97421056161745,0.1366960708715714,4.541287362565523
26.775311862652195,0.03718163948989285,0.9955499929065854,0.19152672498870352,2.2337108326571102,3423,16228,001223.npy,46.6305739744861,0.1533162525632057,4.368912434870604
11.737969050012293,0.08410426321331688,0.9872132385720008,0.2798325897859488,2.6596170991950445,10825,16302,001224.npy,7.532929377213598,0.4804615235963143,10.713773891617958
45.36956564860973,0.022027223366126874,0.9993655565660834,0.14783257633586153,1.7873333143460293,13622,16298,001225.npy,100.25237171594526,0.0998843154685908,1.7501588489749431
49.15930071029996,0.020358048886016885,1.0007874470626912,0.14240823957104337,1.6757285208825234,1389,16296,001226.npy,107.10262780068668,0.0967718335933641,1.6907363264370048
48.943926881231285,0.0203841417887482,0.9976799452451429,0.1422010084638023,1.7211755957126915,2806,16370,001227.npy,109.32831031205964,0.0957885989895916,1.6800585516692197
21.994709674510286,0.04541353340797518,0.9988574826020877,0.21107334006798176,2.002845375779936,10576,16079,001228.npy,40.87805971032044,0.157182440812282,1.9183480165505755
22.367424452204475,0.0442608654510898,0.9900015641664383,0.20296305883496876,2.7726416034851513,14538,14916,001229.npy,27.82455916267297,0.2248778006084195,6.223797010003175
29.62357040424953,0.03345311783130363,0.9910007913172784,0.17805888843829717,2.117847777188801,14490,14859,001230.npy,32.52726300396704,0.2102162665462383,5.923219349774013
23.69858696193872,0.04173907931357388,0.9891572008239881,0.19618925570079726,2.33340864283675,12693,15148,001231.npy,30.127427918235025,0.2178233636992931,7.90468276462961
16.828001956707304,0.05902392375961234,0.9932547045192991,0.22311851267835234,2.9616018238913115,14451,14783,001232.npy,27.062677599629534,0.2282198755031216,5.344723314583361
40.37672886273012,0.024737243652795986,0.9988089797802352,0.15682435803984654,1.7108144799496092,13894,16336,001233.npy,92.77472522015702,0.1039967364094431,1.632678121131825
25.42234751640639,0.03928594033549915,0.9987408277178663,0.19717752581234438,2.111885354783182,379,16339,001234.npy,59.96216148485282,0.1293681284316569,2.012469200050726
48.12812724895218,0.020799160945780177,1.001024664669945,0.14385467541983704,1.6963788724856848,2574,16324,001235.npy,111.76945505378497,0.0948613327454949,1.6470290916978103
10.60063805927979,0.0928880371296773,0.9846724616486514,0.2898347428185877,3.4768774940607816,587,14856,001236.npy,9.26883034297362,0.4030118532467092,6.828939659415886
28.452611970709647,0.035168262041489186,1.000628913550729,0.18612340309291237,2.024302495012188,14575,14645,001237.npy,50.469006210108304,0.1452031248389543,2.5766341773762527
23.46528417245063,0.0423984133234216,0.9948908170951047,0.2029932669663516,2.311969431073948,15523,16032,001238.npy,40.519934317052325,0.163848374789935,3.5879957149773194
32.22212943551627,0.031020653770761412,0.9995515209758101,0.17581411036462893,2.0518046818000952,3847,15000,001239.npy,55.94527366448894,0.1377706805622382,2.5196668355834544
30.74403961577589,0.03235741555523249,0.9947976656941908,0.17505992791835373,2.0007207532632987,5332,16326,001240.npy,34.37914854055588,0.2009584252709308,5.587333022524658
28.62940403605107,0.03490145004964755,0.9992077149154144,0.1847643569960989,1.835410485974468,751,15052,001241.npy,32.848410654651055,0.1948493887823423,5.676956461573333
19.52052496374335,0.051281218114673774,1.0010362983786572,0.22502052502579503,2.7532747263053245,12530,14823,001242.npy,26.967666511614546,0.2207611129530408,6.718714462008972
26.5748503180267,0.03759654761197538,0.99912262526281,0.19177655406557564,2.113719240840951,11725,15152,001243.npy,31.76746455803556,0.1967276834931505,5.047740854738379
24.48304877885112,0.04076600039500394,0.9980759761895456,0.20015040235875328,3.5179911986892125,16234,16244,001244.npy,35.23980485270942,0.189873340678922,6.834319176994132
35.92184431975251,0.027721355349386557,0.9958022111932023,0.1658034903015017,2.1225316028266934,13772,16044,001245.npy,59.81134456447795,0.1348694246572171,3.4983704678296283
34.739637700326426,0.02862548994018972,0.9944391495165297,0.168301287729605,2.232599707995299,15946,16072,001246.npy,59.66290653567029,0.1347324320495303,3.885346831684276
37.545356414163784,0.02650695991095802,0.99521325731287,0.16177588676375937,1.97913512144413,11873,16056,001247.npy,62.161292165262445,0.132717159742883,3.800604207727196
25.805714845386227,0.038803437579286316,1.0013504451918067,0.19241668325384745,2.2606333610079847,1129,15053,001248.npy,28.815822300722303,0.2154695760362392,5.695428066615519
29.34993407497896,0.03406908077948526,0.9999252748730253,0.1841372954751494,1.9537317873046187,12277,16371,001249.npy,66.0679817274982,0.1237459296871862,2.7274688451394
33.30624565948361,0.030017108403760033,0.9997571864829815,0.1724337217752715,1.9393944914625258,16233,16372,001250.npy,74.53064365866096,0.1164214707310609,2.6475770840333523
26.159749547327937,0.038266758995509575,1.0010488313104888,0.19479977799062992,2.299450254262877,14841,16372,001251.npy,59.14681948475088,0.1306599390315093,2.17060750357624
19.51569737895883,0.05081852174672743,0.9917588916551707,0.22217409773801886,2.298602116047191,14716,16381,001252.npy,22.885646525118524,0.2308202860925883,4.613630041116628
44.70934082451577,0.022376813983881718,1.0004526029721583,0.14910647191122917,1.688219625890416,120,16381,001253.npy,89.25694370633111,0.1114240373633706,4.183960167336414
40.354164140627525,0.024728802217397684,0.99791014368198,0.15367136439028115,1.984923001323142,384,16383,001254.npy,59.29711105081168,0.16243627798721,7.747470911848167
24.69515216549836,0.04061129089274201,1.0029020082335816,0.20093377991551756,2.470132006399435,389,16384,001255.npy,58.14958060993862,0.133485300250767,4.522337999620805
27.748720875905157,0.03594552049291242,0.9974422148969555,0.18816781408404148,2.373234516369422,16135,16370,001256.npy,40.58549710958779,0.1655990803912427,5.015901149329424
31.80384634163332,0.03147073628382315,1.0008904610287759,0.17627198691279627,1.796038985887955,1787,16383,001257.npy,73.01700384224921,0.1192137690143051,4.337809261581341
35.07764823693851,0.02850681590651675,0.9999520607239578,0.16787626787048354,1.8989021600163951,15068,16382,001258.npy,70.79826663851746,0.1271423555112911,7.918066012055059
44.31828341956319,0.02258702670650403,1.0010182511840884,0.1495542568034924,1.8336834471202244,15444,16384,001259.npy,96.88110841332748,0.1075232520112094,7.063225161828707
9.33445567367337,0.10418457130615595,0.9725062627379751,0.3019758554167217,2.6102601575072666,14709,16362,001260.npy,7.53331377652223,0.4847927256240244,8.82598825603281
26.54408709239643,0.03771614086067751,1.0011405277949155,0.19338379079607934,1.9503048645776673,12140,13285,001261.npy,53.232146216816695,0.1392063125392074,3.715475568812312
36.46525329508475,0.02742451570248123,1.000041911586007,0.1645051681561888,1.8656938671385708,2254,12884,001262.npy,71.0304578261698,0.1202266017917185,2.762383610164221
30.527213058784955,0.03285712394061389,1.003036423034024,0.17971794798043633,1.9016666619171791,2301,13226,001263.npy,60.91651789216135,0.1296593720144912,2.937214092295698
22.208576859242687,0.04449416622528077,0.988152110402068,0.19646731353092875,2.2060507904916347,14020,16317,001264.npy,18.989288121210077,0.2911027859814179,7.03660111421662
27.785497274887128,0.03618372226771173,1.0053827164647768,0.18868971355228847,1.8326246639489536,12897,13781,001265.npy,38.57107500544235,0.1710897105707753,5.241407425985627
28.25538229039078,0.03562124830195535,1.006491988432682,0.1879209350250962,2.168988334623135,1791,13609,001266.npy,42.78855231521909,0.1588733034010318,3.847741560377429
22.53882858905729,0.044984186362543574,1.013890865643578,0.21253929718171455,2.562018745427186,2478,12946,001267.npy,34.424062192351656,0.1816018916202419,6.157290043300011
31.55689127301993,0.03179468801919464,1.0033415128813146,0.1777507812267202,1.9963891053388103,16120,16383,001268.npy,57.825047626601695,0.1338362976246539,2.406495751796333
39.094130832491736,0.02553488448991819,0.9982641150414258,0.1589812522548521,1.697540245203442,15567,16319,001269.npy,92.0502233599155,0.1040512189626733,1.630957184991917
40.906470260752585,0.024403119636635072,0.9982454876856,0.15558169478973918,1.7563675072040419,14925,16336,001270.npy,97.22914127911211,0.1014890554300688,1.736350581124965
35.27308256421106,0.02828654706131087,0.99775370995006,0.16755140750260875,1.8915076728469862,4262,16317,001271.npy,84.24446588431029,0.1088054252894545,1.777734292384176
17.779004001679287,0.05559904520327665,0.9884956471586032,0.22762148842031998,2.8680179634582585,13747,15441,001272.npy,30.219618711699862,0.1948063235598298,3.061926071542781
27.087859272771674,0.036901723937095676,0.9995887049307176,0.187215004969892,2.7018224353179026,11462,12475,001273.npy,40.56819292902674,0.1667994702667904,3.0691916740859915
23.00166325542436,0.04333559284999375,0.9967907137097318,0.20502520723740256,2.2300229812821444,2201,12769,001274.npy,33.86729715522291,0.1825778169552378,4.035648904753626
26.850692953349313,0.037155516652132514,0.9976513691494676,0.18817484769180706,2.1333397370645812,3161,12455,001275.npy,40.311642035786434,0.1678676374123108,3.291560060970186
20.56314472241495,0.048298980614992264,0.9931789283312001,0.21118769972877122,3.1310578477327042,15189,16127,001276.npy,22.452319870189907,0.2556113254064826,6.417973797241182
32.6149642574271,0.030560089821919986,0.9967162372456819,0.17345310810132658,1.82396947793696,4215,16384,001277.npy,55.32915180929459,0.1424885917720738,4.178134169448843
40.76338216772858,0.02448146674184923,0.9979473848245373,0.15582991288426362,2.0319417604270287,4004,16384,001278.npy,64.97734020414389,0.1322903506449638,4.313927516578325
39.10339532104246,0.025539806078135368,0.9986931334960905,0.15825461074608502,1.8267866175322245,7318,16384,001279.npy,62.49935471617812,0.1359719242381454,6.241163603099945
20.998924194260123,0.04709168986968482,0.988874825753119,0.21129776606333572,2.2756785499468086,14348,16383,001280.npy,17.093655022148276,0.299461420820402,8.056984018395205
16.09071411150384,0.06147818002144198,0.9892278188205899,0.2396885872142641,2.3426140514577836,1287,16383,001281.npy,9.940358497347672,0.3824055459712634,6.001995787573718
13.121776371468055,0.07561377833795899,0.9921870899524533,0.2690483495047566,2.4723510749328317,11643,16382,001282.npy,9.812881141042803,0.3836436108400127,5.832818549168981
16.00297542547292,0.061894445398616695,0.9904952886873383,0.24227404057045165,2.4609552558445116,3830,16382,001283.npy,10.251071749827856,0.3734120013333257,6.318742875181998
31.0577303345421,0.03211152205257797,0.9973109925406686,0.17834472860234285,1.8683149445873568,3810,16380,001284.npy,72.00486939408293,0.1181061560256099,1.7732187651536002
22.85117695724131,0.043630838712640084,0.9970160162153932,0.2050068963785771,2.1761919049148264,4490,16384,001285.npy,17.35124059921552,0.2759178677625862,8.090064887437988
26.162038497350615,0.03807201681626527,0.996041569618912,0.19205397812625485,1.9736623156552233,3584,16384,001286.npy,20.03258522719113,0.2524967987641378,4.7637611635789785
23.313325581466557,0.04279171266214949,0.9976171294812561,0.20428177024639166,2.3798079883481713,2708,16384,001287.npy,20.266484110466955,0.2481570907791525,5.658999671318948
21.818462411949106,0.04623614966993454,1.00880169364672,0.21324683850753845,2.1204684240649483,7012,9075,001288.npy,37.50495204501308,0.1603709343857248,2.6076782531253198
9.447609228154732,0.10334597667140044,0.9763724028933864,0.30684850384732837,3.5807380360260064,14720,14875,001289.npy,8.739423758687964,0.4014313526889854,5.5604937358373965
9.423545343185271,0.10364130031513989,0.9766684929464027,0.3047118606377256,2.879213558174223,1128,14895,001290.npy,8.653907254694321,0.4043056938035635,8.495743540816212
9.355980453226985,0.10446487104605577,0.9773712915557755,0.30836005532587285,3.130203134914608,1963,14564,001291.npy,8.277793476580847,0.4149326211735472,8.991623563392954
20.716097372691312,0.04815467957733553,0.9975770310748326,0.2154936382897224,2.2533796392453573,14464,16379,001292.npy,28.089744494580664,0.2134183007447208,7.428214762219553
20.14883947800878,0.049425185710056475,0.9958601330427014,0.21471818142019222,2.3572749353442326,16115,16383,001293.npy,23.497727452592827,0.2413851977014085,6.646686679137679
24.968174198587864,0.03992700689316538,0.9969044633367716,0.19484914631697114,2.2253851556854665,13676,16383,001294.npy,27.659910784295377,0.2194052069913417,7.008922836020044
24.60296767025066,0.04044712832397806,0.995119390509312,0.19525275567487038,2.516510711891972,14929,16384,001295.npy,26.554905950933826,0.2262469026013148,6.483930789488185
32.048432550636306,0.031161677035088903,0.9986829046237591,0.1754923596325386,1.8127277279950023,15962,16369,001296.npy,75.52713312984152,0.115305618916061,1.9582817672100417
32.974461262364024,0.03039430882121647,1.0022359588215317,0.17431382852706795,1.840964779085495,4517,16382,001297.npy,77.70620536579199,0.1139624448260995,2.5599610940458573
42.87262402891547,0.023335051347964517,1.0004348831367198,0.15227024897409072,1.7993069708922296,15713,16382,001298.npy,101.7539161594228,0.099279862810815,2.024824676272805
29.701857188073227,0.03365457785143905,0.999603465068335,0.18281591281360451,2.0337442172637936,15245,16372,001299.npy,70.5459206640339,0.1193816464411561,2.178323745611639
28.903875871107957,0.03455885351436774,0.9988848122270882,0.18406889314057848,2.0486802514521165,14955,16351,001300.npy,67.08976241873722,0.1231495806513278,2.00737595478667
40.31002542127431,0.024805426462145803,0.9999073712746478,0.15673446473319871,2.026163655903975,122,16363,001301.npy,89.3616401219567,0.1060805378014662,1.8139595084330096
28.925626225202677,0.03446590607343265,0.9969479165930558,0.18421475626303657,2.295652192470961,122,16369,001302.npy,65.96706219530759,0.1229947587148327,1.94439638489234
25.150047281999942,0.03965743119317928,0.9973862695911183,0.19757202101882923,1.9797652400877237,14076,16372,001303.npy,57.2468649683778,0.1321657640167014,1.9821026049784407
19.43916580227672,0.05129772371959935,0.9971849566646749,0.2173705445233285,3.5883250942076814,1281,16245,001304.npy,29.863813051467208,0.2247879318959928,7.411850036524901
39.83940630707282,0.02503225292953,0.9972700952409596,0.15714067523085282,2.068629330796412,384,16383,001305.npy,54.90756188074636,0.1438892621946622,3.737212221523869
34.71396764930262,0.028690473185098826,0.9959601579907049,0.168238333255278,1.8533192997883885,3079,16383,001306.npy,46.62705797185345,0.1571743941218487,3.738550991664925
26.556467433712047,0.03754569874115436,0.9970811258954293,0.19226597221299443,1.9970107709712588,2193,16384,001307.npy,46.56451907634818,0.1520030634743397,3.658748480801724
14.701302896439069,0.06689028594783465,0.983374354548539,0.2508570497994612,2.331458227602556,411,10688,001308.npy,11.44290383896618,0.3557635825466321,5.616301088727418
11.419772323695444,0.08573802710599471,0.9791087490332882,0.2797939318676922,2.9009384282170356,684,9215,001309.npy,9.562542446081077,0.3863579718821864,5.113702945132365
10.56618221872392,0.09253909652991914,0.9777849562912081,0.2924865840935208,3.0342302119818423,7570,7934,001310.npy,9.391428499511232,0.3911464753987281,4.927560493611
9.796645778436387,0.0992814858722638,0.9726255494474051,0.3040302744558228,3.1157668921152823,2777,8539,001311.npy,8.653124727566722,0.4084584820559738,5.617097691623438
11.697486450801446,0.08440563742261833,0.9873338001223374,0.27152144065407346,3.9004334590667473,274,16363,001312.npy,8.265582124342938,0.4944717948641828,13.587719117023482
13.67475661018729,0.07228555070986656,0.9884873123907763,0.24870358552742486,3.0658457847313865,253,16343,001313.npy,11.371787257769146,0.4099496905437601,11.05978686443461
14.27646467544902,0.06945780017358531,0.9916118306125876,0.24860507397196155,3.013451828191918,15847,16338,001314.npy,10.99476725124788,0.4223385109358651,11.614492231597485
14.686675828371321,0.06734527217086111,0.9890781809468737,0.2399330960150065,2.975684013703548,12396,16342,001315.npy,11.04289792361863,0.4170343011523346,13.202136393737527
20.270312896804732,0.04933998047239066,1.000136842497594,0.21327518857536626,2.7634455747879088,10651,16363,001316.npy,33.65427879393069,0.2071530913336146,6.523054898652369
22.835272700324186,0.04353793814643061,0.9942006903835899,0.20200587934956818,2.7357950095274797,248,16368,001317.npy,30.120397688254204,0.2131918710046765,4.964102942244756
20.019755611570822,0.04958880159119017,0.9927556889263015,0.21326446834099885,2.3084736962981616,11529,16371,001318.npy,28.271511331503827,0.2190715267082436,4.810074054451101
20.571812201967127,0.0483201494294864,0.9940330396343832,0.20833259256997816,2.9163549686351087,12030,16373,001319.npy,28.183453238116204,0.2289580052267669,7.452518218868596
39.92833838498453,0.02500422671575254,0.9983772253614378,0.1570146242533579,1.8102377186557679,2471,14001,001320.npy,60.63227733460359,0.1292512829116716,2.047517665844328
27.13551931339123,0.036846486145487106,0.9998485364314678,0.19321761245509697,2.4096153814416663,3802,3926,001321.npy,30.32059525584595,0.1791059971911647,2.688042106617344
22.440835653693625,0.04440753637007248,0.9965422254662188,0.20700459511744296,2.0869550044804246,55,4036,001322.npy,28.460210741137782,0.1836446744255437,3.0533662378842847
34.276739018512004,0.0292067070795489,1.0011106761558246,0.17118881199043318,2.3552362261964093,3337,3873,001323.npy,51.91219197987277,0.1372250981728124,1.9453651948887989
39.6367492403176,0.02522213592986628,0.9997234771573146,0.15858244575876415,1.8192586718605117,15635,16384,001324.npy,92.56932051182494,0.1041402804439139,1.7272682572282914
14.476658069941083,0.0684827167368886,0.9914008739005676,0.24078404397631045,2.646411766366308,10449,13946,001325.npy,13.415484321998692,0.3462234787057163,10.82974776566397
13.534384702496466,0.07334432639409447,0.9926703291631399,0.2571174111694989,3.215658407111491,12657,14658,001326.npy,13.17837844074026,0.3438697036393252,8.086521466585776
15.213131363852161,0.06506827842523616,0.9898922673028251,0.24014989512397536,2.5538495808309642,2139,14909,001327.npy,13.180855763096543,0.3485166122529494,7.874518410032014
33.43144998252269,0.029888368514463755,0.999211497050501,0.17189800294669835,2.0649827682715935,13057,16286,001328.npy,71.54190771574503,0.1216704357238462,3.8988043919966
43.30235078085888,0.022981852083881715,0.9951682205300587,0.14959527144992374,2.2991978456111166,11133,12894,001329.npy,89.12780312428137,0.1062414745843649,1.8187975361844733
35.3479747482476,0.028162523621304683,0.9954881738128045,0.16637401375485653,1.8957259584445838,1450,12278,001330.npy,70.26236672406681,0.1197932198084539,2.0631052670156955
28.8925848674519,0.03455919548296701,0.9985044884424846,0.18404360107341916,1.9684890941990858,12258,12278,001331.npy,58.93715273474223,0.1310199595631722,2.3300845449282144
18.62963469907282,0.05318437407979645,0.990805460805445,0.21791638492015136,2.6920717134212193,13669,15706,001332.npy,15.094971940807248,0.3322207959272693,10.013181428790134
28.711358854621285,0.03471836805243751,0.9968115240003526,0.18510009262810587,2.167805703456178,1560,16384,001333.npy,26.618836330294293,0.2139751846114628,5.99146995535747
24.080203557897523,0.04136078249890367,0.9959760618875257,0.20200735137256107,2.1537392662949766,14346,16384,001334.npy,24.561617733383745,0.2260293362120688,10.934536242693902
32.853407686109755,0.030385030427261935,0.998251792181686,0.17304771029570964,2.0077975598224556,1178,16384,001335.npy,30.80047620224242,0.1956870097782459,6.44171110286048
36.01184553811715,0.027674393876986603,0.9966059976590566,0.16386012244710535,2.0045699206821803,4597,16357,001336.npy,67.70646520215185,0.1269280112010825,4.29156992564337
32.63925730102461,0.0306030248608921,0.9988600026243101,0.17451307738114638,1.963798054486082,12407,16357,001337.npy,52.86483856493055,0.1417000368228541,2.653388107204611
39.346004103916194,0.025338385382853722,0.9969642152603726,0.1586453357804822,2.1528667102190573,15704,16359,001338.npy,60.11236357914865,0.1326732523879848,2.536456174251652
22.592985412508988,0.04413268984015939,0.9970892177735047,0.2087283142393373,2.2239899145643314,14824,16376,001339.npy,40.93891933200984,0.1603044536730419,2.5726494648641904
46.345591871994735,0.021586027746058015,1.0004172320563591,0.14628892560481951,1.6864690285180943,9853,16226,001340.npy,101.76777340424132,0.0992884511504157,1.6095702707714612
28.954434821175834,0.03445567948051642,0.9976447257379384,0.18419818347415917,1.8127928805641036,12415,16334,001341.npy,68.09812519376695,0.1210886193502487,1.8427562149013408
39.585347739375855,0.025208941040300647,0.9979046972217245,0.1581601325199841,1.8083834753062353,12051,16327,001342.npy,92.72911744682342,0.1039614553247043,1.6405582738314315
42.079643349168,0.023716786280323334,0.9979939080644468,0.15308961866885534,1.7635291884977071,2532,16296,001343.npy,97.8247738353775,0.1011252667197891,1.7420596838947648
22.087887492182006,0.04505785339406655,0.9952327964073732,0.20630702791817856,2.512821118417167,3449,16382,001344.npy,21.27032632020016,0.2841058771945512,8.296421885638015
22.800144880474367,0.043797804644602575,0.9985962913436518,0.20794445340301354,2.251464737128627,14726,16384,001345.npy,37.84000365663552,0.1743680888659099,6.254272345559491
27.925804079017066,0.03571974265178656,0.997502535046701,0.18756944709236256,1.9969853616699655,12439,16384,001346.npy,43.60092451239974,0.1624724162189436,5.586669664423716
34.34418595415045,0.028980466483026573,0.995310529931089,0.16586679654347222,2.0145767679384736,1161,16355,001347.npy,43.3165941494278,0.1679991241910483,4.973030254218272
34.54342197975646,0.028917993529763455,0.998926453306486,0.16866846835634908,2.1690490649049416,14948,15283,001348.npy,75.70407654325727,0.1160696153169837,2.870361949942349
42.942277208504436,0.023121105894567246,0.9928729386916927,0.1464498996245966,1.6861257431608874,1840,16380,001349.npy,116.3427452082968,0.0925423037523717,1.7008019411676203
35.819505510270325,0.027884658046183525,0.9988146625372746,0.16487161112302742,1.806214121908197,4324,16380,001350.npy,68.31240867966568,0.1218384377778619,2.314635494617037
36.99634435923859,0.026868103792369525,0.9940216201822673,0.16067097681966636,1.7387120940032497,14183,16382,001351.npy,90.31956638573,0.1052166998031173,1.8626786816786185
22.853808445927694,0.04357769778400202,0.9959163576701099,0.20768730817821063,2.2580331561832856,4376,16291,001352.npy,31.498034368401942,0.1920403878404905,6.003655698030742
41.98176542455797,0.023868847676810637,1.0020563641223696,0.15412229786386913,1.8438622730905083,15071,16379,001353.npy,73.97208140196645,0.1181570187635003,2.279025219419923
29.339606877046133,0.034113162250315576,1.0008667697571494,0.18405023921905403,1.8341094535531361,14307,16377,001354.npy,57.923465933068485,0.1329218167927763,2.219117934806869
29.333932213233336,0.034133215151564526,1.0012614194757028,0.1839615404665162,1.822546426101313,489,16373,001355.npy,56.014962854993406,0.1354920878809573,2.341664069812216
19.9935639199948,0.04968322988745124,0.9933448325065524,0.21779883657849508,2.731340682965043,15947,16201,001356.npy,18.32696513389414,0.2661011365352211,5.493288216969951
29.42957106686161,0.0338196841133597,0.9952987970729299,0.1806299352178394,1.9454249315531982,15105,16384,001357.npy,26.48037165219672,0.222528757732569,5.9933048743678485
31.13129088269812,0.03199226284562825,0.9959604406429886,0.17687858916747146,2.306846236525264,1688,16384,001358.npy,26.812357592571043,0.2209850997031526,5.515741969816816
23.928037606881574,0.04163252381896461,0.9961845956095781,0.20195646698610542,2.3145272088035282,245,16383,001359.npy,28.854726454577357,0.2034708761826001,7.183736455067828
19.693230503018853,0.05054545873229055,0.9954033696958249,0.21420691543979586,2.9710734428201353,503,16379,001360.npy,16.573070766989883,0.3216394740357769,10.37916935699893
22.33349986861412,0.04471688192391393,0.9986844765725649,0.2099281446940885,2.2906013305597033,254,16384,001361.npy,27.82713078012131,0.2049302620809183,5.945897315927876
24.598042118708836,0.04052455052692322,0.9968246007030017,0.19952013806579183,2.0105231020556356,95,16384,001362.npy,32.81475869203234,0.1828441262806025,4.561073845690672
32.15035641938565,0.0310179662354032,0.9972386698726827,0.17313911233411508,2.2320828580892216,1143,16384,001363.npy,30.793745741581088,0.198016768177905,5.386122045561293
11.070568148986046,0.08903098917689953,0.9856236330545054,0.2642749233299081,2.691721619666633,1869,13719,001364.npy,11.459910930797518,0.3722228565389631,6.678589611929192
19.390781377294356,0.051426632165420344,0.9972025812901998,0.2187771883353738,2.936354301252194,15487,16382,001365.npy,26.461894575508143,0.2414554114987049,8.543512608355677
17.71316915002432,0.056172190197163525,0.9949875064896955,0.21725069569394817,3.629579413950368,14950,16358,001366.npy,15.270914651124889,0.3448119540032378,8.825188867121867
23.658635899776172,0.041975778043112665,0.9930896493318218,0.19056831515365308,2.7600345494360066,14093,16376,001367.npy,21.89663731964701,0.2759025654891462,7.013367487638559
27.70744879585769,0.03618353886187195,1.0025535502682439,0.18813267485616122,2.03017522694044,1301,15606,001368.npy,51.25605976158667,0.1393453330038213,2.258026556693668
31.576176931655326,0.03150904208450614,0.9949350878073396,0.17565652209494487,1.8705059895682183,1241,16380,001369.npy,32.423595078224174,0.1926986911448481,5.072448137630645
20.135757889794924,0.04954239872563704,0.997573746019112,0.22040641838003194,2.3443102105203506,1006,16384,001370.npy,25.147271035425103,0.2222325372438339,5.7226013050756
29.210103743141772,0.03407800974331833,0.9954221999621246,0.1829982135941307,2.21168151653223,218,16381,001371.npy,32.64258779602292,0.1917696816734701,5.873716184163554
32.43332854531719,0.03079129193587147,0.9986640876908951,0.17412254872973923,1.999238275543057,4320,15972,001372.npy,59.92501911966399,0.1338789237685908,3.878580772815776
39.21214873360061,0.02546718874527425,0.9986231929063734,0.15856336969527354,2.5288233760687535,13997,16145,001373.npy,68.29747752308191,0.1278431438696832,4.291037487028008
25.071500605108785,0.039622454607929736,0.9933943946786057,0.1975017862248433,2.2638605383553125,612,16168,001374.npy,49.6837086919253,0.1458315427974446,3.0666382819149107
27.79876521759834,0.0358486739992,0.9965488718659828,0.18782598729237113,2.0642577787630305,14607,16161,001375.npy,52.17790097040219,0.1448285763586685,3.6236463981315055
32.04400838273838,0.031173541042150425,0.9989252104743073,0.17476117184847384,2.1614774200492954,2649,16378,001376.npy,55.25371500213964,0.148328244329547,5.526183771599991
26.225041793637708,0.03802111859420161,0.997105424173793,0.19266710238479212,1.9607482328493975,9272,16171,001377.npy,43.8040883155662,0.1588999330799973,6.312285951095551
38.171056657389,0.026142364726814506,0.9978816851453642,0.1600701119876359,1.7141854124124742,3826,16305,001378.npy,55.33389249535963,0.1424524432544267,4.342098667549843
28.565344963359312,0.034980043057341176,0.9992169967661126,0.18356593271563995,1.8971968482378117,8167,16144,001379.npy,47.2987668564408,0.1525930059143288,4.934251799690228
21.14410703919273,0.047126245375758796,0.9964423765803053,0.20984271256401354,2.579463231194699,12391,16345,001380.npy,29.612471891760567,0.2217289870731341,7.258879830745488
11.20552349396438,0.08839347745341888,0.9904951883174961,0.2646771192758002,2.8024613582962616,14456,15080,001381.npy,10.62158789413294,0.3881733460269424,6.6740436547049375
13.579850908482824,0.07272852682356312,0.9876425510575811,0.24575514496775883,2.734237518644984,11651,14803,001382.npy,11.16218761076938,0.373475178057705,7.558443938722615
10.18112151014962,0.09753439898042512,0.9930095674391214,0.2852469806968582,3.404980585373509,2899,14338,001383.npy,10.071762445100118,0.3894780732320141,7.614945194842931
13.311405679979822,0.07391301169832905,0.9838860837455524,0.24348405130896353,3.008987548582983,4,16362,001384.npy,7.892033993443911,0.5460865075792434,14.377749505705076
8.446750085356307,0.11570334757125013,0.9773172609734675,0.2910234928569438,2.6133157553065516,15494,16316,001385.npy,6.377030030575415,0.6363199888967283,13.626395655256989
9.850930943619334,0.09904427627887218,0.9756783259839242,0.27013598605916433,2.680087365485453,8318,16322,001386.npy,6.733962525614607,0.6192405412842168,13.169047796307837
9.746169309173565,0.10044609139992319,0.9789646132283741,0.2748327976966251,2.681493391662299,16107,16311,001387.npy,6.667699529563171,0.6200104094662745,13.0157203253618
14.697850498549757,0.06710610104585445,0.9863154407125422,0.2505009850830631,2.7274154253160514,2669,16380,001388.npy,11.016344768766205,0.3756488157022341,5.739615058579813
24.388554003792173,0.0409095887509934,0.9977257145265314,0.1997519081470846,2.233099244984749,485,16356,001389.npy,49.01760778490426,0.1439311757864999,2.3258595770235524
45.11767072599846,0.022088587713148224,0.9965856272441569,0.1477547798386286,1.7765128099677752,124,16372,001390.npy,86.18622310340189,0.1085820541418226,2.324105259744846
28.59624056601995,0.03490614542963737,0.998184531938388,0.18554873037778355,2.0584916350446103,4857,16378,001391.npy,55.10281244652663,0.1358793412565671,2.207005211583757
31.630782353815974,0.031536986036429154,0.9975395414136241,0.17648603980284974,1.9965840885996249,3083,16384,001392.npy,55.69594284703964,0.1415547750348535,3.660302882619824
35.31093280149286,0.02827379869499374,0.9983742057618604,0.16739172327766982,1.7627511951743788,10042,16381,001393.npy,77.09895282421468,0.1142752826914315,2.040438145308112
47.91412246423698,0.020878846206783486,1.0003915940637937,0.1441689185929299,1.6915276646325652,6260,16382,001394.npy,102.0851780897961,0.0996661121081761,2.8570326321250907
29.700943959079293,0.033665066672755165,0.9998842586261691,0.18300766539038815,2.1711725933740618,1531,16381,001395.npy,66.50227839876618,0.1233120358988984,2.0060577593956315
25.131750067998748,0.039862797680801976,1.0018218683251154,0.19918163483353188,2.0518873799911503,15225,16382,001396.npy,56.14308406791847,0.1351063472641121,2.4806118532140875
46.32110711045245,0.021585499894435464,0.9998642526428052,0.1460821352275519,1.8662574376734218,14315,16384,001397.npy,89.0848462231491,0.1083153127022847,3.5932150132748224
42.14388947731731,0.023726733149862258,0.9999368195255958,0.15322138546599295,1.8169488499014166,13954,16384,001398.npy,82.565567919984,0.1126248351851831,4.107470172352455
34.73459731420307,0.028778858785799413,0.9996220710870577,0.16888933112917842,2.003182818129911,14091,16384,001399.npy,70.95131662327492,0.1207389545102987,2.817114277888595
38.14269691392604,0.02615215241079142,0.9975136230516173,0.16076929590640068,1.8712619174179672,2286,15933,001400.npy,63.59268836268496,0.1281344725546812,2.2968865641493283
41.476667275192376,0.0240304913004182,0.9967046921268506,0.15424720689770724,1.6944278670883064,1141,16369,001401.npy,93.82298878086834,0.1035016121840116,2.2033686912661063
45.043330261486446,0.022167428956822107,0.9984948235501762,0.14822763046061982,1.774143497237333,978,16338,001402.npy,100.33818543568223,0.100080119796024,1.8758024729070355
27.898864700702205,0.03576294877013274,0.9977456690360776,0.18819359680357198,1.969993408602091,9106,16333,001403.npy,61.556857316191376,0.1277403739950517,1.867877523185552
23.690342511522495,0.042094851663385814,0.9972414538773424,0.2007688583132479,3.055637794472874,15078,16377,001404.npy,37.22983813352806,0.1913222324176755,6.643527595031939
34.43211866905563,0.029000871821608206,0.9985614600676853,0.16868540367041102,1.8356113440917659,196,15975,001405.npy,55.15032138745269,0.1352951851727797,1.891744452027996
29.46706469230482,0.0339647639944469,1.0008418978832323,0.18373967338875966,2.4990492211703526,15372,16382,001406.npy,63.34891210254852,0.1282612123857724,5.378190228685137
34.89114758546408,0.02859465414400661,0.9977002978938367,0.16743644374580205,1.8880953125439917,1976,15654,001407.npy,54.92561117687246,0.1351500092735217,1.824217123821354
18.466307564039273,0.05443141240993027,1.0051472027068364,0.2275228333288593,2.9040728959444615,8152,10842,001408.npy,32.92225221941476,0.1921481081658917,7.150330519662028
31.186658316090874,0.03209687388777243,1.000994238952618,0.17942054191540666,2.0132864028401616,2734,10956,001409.npy,48.13856915217124,0.1421317166064045,1.9836148374845295
18.28743270342859,0.05501282549429159,1.006043344052318,0.2305127532755957,2.1807732738269343,9508,10036,001410.npy,39.07272927770319,0.1598131062286591,2.430537241348512
20.904253458635388,0.04810605045564752,1.0056210716187581,0.21866005900771668,2.12516682465611,8814,9595,001411.npy,41.53676796507512,0.1562988253532768,2.063979587427445
28.99146055076184,0.03424016805726279,0.99267248148359,0.18135589321761517,2.235125384584288,15826,16352,001412.npy,25.794116416438705,0.234090226571846,7.043652817914504
18.04804131866153,0.05498247566593825,0.9923259926211556,0.22459555350552404,2.2733259599117313,14657,16359,001413.npy,16.862314998742523,0.3095584426996021,9.08809743187805
23.275606144763366,0.042487658887706885,0.9889260142833202,0.197325495499735,2.408094602744047,652,16368,001414.npy,18.495483173227512,0.2966492485931056,7.850970843815812
19.786299855188457,0.050050426483424434,0.9903127462811013,0.2147723701401769,2.4165699519855006,13072,16372,001415.npy,17.48157217025654,0.303543339376181,8.124078472971979
43.49788620181411,0.022952246969222927,0.9983742267431917,0.15015482715822806,1.7294076260653866,371,16372,001416.npy,102.09454065432855,0.0999189767994205,2.429661867918705
24.154491838985148,0.04130379328063888,0.9976721377163213,0.20197189113937664,2.1311426184852915,1938,16215,001417.npy,44.90716826244029,0.1513591403722297,2.4699879074506645
29.35230882194497,0.03399523956469723,0.9978387701789951,0.18365043477464235,2.262980391839078,11826,16194,001418.npy,52.81984988521443,0.1399057075465809,2.406762746489832
37.97559608822342,0.026220356672879842,0.9957336742984386,0.1604551992172014,1.8500050611855146,14936,16132,001419.npy,60.52077439862218,0.1305126596888288,2.617830955888302
36.55271865160432,0.027301535484948597,0.9979453453381179,0.1638683117803766,2.108055884754993,9164,16253,001420.npy,54.90498513709739,0.1529143218573103,7.492431591709826
34.98982927613991,0.02850136803733279,0.9972580017627051,0.1679041379950145,1.8848619265295947,14703,16383,001421.npy,77.12810190004866,0.1159411893050958,4.015706493179954
37.54977081712546,0.026596048240891387,0.9986755160866845,0.16201611155006732,2.2735137690005423,13583,16384,001422.npy,84.04357814639768,0.1118712667505139,4.552809610952617
35.63557283367658,0.02802896374698945,0.9988281790583229,0.1669260495007226,2.6757545696626823,13700,16384,001423.npy,80.41703114418523,0.1143083941264096,5.389012845160952
19.777554707403716,0.05022587036483744,0.9933448988675395,0.21533827869929745,2.656402421365313,11906,16380,001424.npy,20.700718419625133,0.2896340336356997,8.362441005969176
21.42197677894201,0.046357169715287284,0.9930622131783581,0.20871422438853954,2.1952987992857644,1627,16383,001425.npy,28.462287978042298,0.2215301930795139,6.60337706368508
27.46229889945369,0.03605709456539902,0.990210708400855,0.18328009665679168,1.9961710389926592,1273,16384,001426.npy,29.933908280304603,0.2195301433255543,6.147165887350328
30.703154215968276,0.032521420703054735,0.998510195168273,0.17809586879500325,2.368107771939947,1023,16384,001427.npy,29.275452204848985,0.2424859925032222,7.439563656752347
24.176317689487394,0.04119599334589181,0.9959674226642891,0.1992629233791324,2.0435767820068302,11531,12439,001428.npy,28.77378535982908,0.2130832069794968,5.5058983830592325
30.728759852103533,0.03248655959196944,0.9982716881226794,0.17768537814240623,2.13478343962125,15620,16377,001429.npy,53.32348627350482,0.1493982109956129,5.695564820998341
37.651793952611534,0.026509565391912356,0.9981326939095656,0.16093525484866503,2.1800969849809526,13308,16379,001430.npy,64.14709524452246,0.1379975992248641,4.570803319228059
33.51959623959395,0.029750491319793463,0.9972244569690215,0.17112620494730146,2.2932375171526527,16231,16379,001431.npy,55.91482481683312,0.1462393600779555,3.808618803756817
45.988150053418735,0.02172691203774509,0.999180490989251,0.14687985703047515,1.8311185500905536,341,16151,001432.npy,110.2054080179141,0.0954215024165491,1.5521193426200552
33.409033610516985,0.02978439908329486,0.9950679900428493,0.17092204583455659,1.784929233012043,6745,16269,001433.npy,80.04775926195694,0.1117116579851194,1.8608538166042043
47.46802052675203,0.021017241790760855,0.9976468647395468,0.14368721036293042,1.5960328955891128,16014,16261,001434.npy,113.61429454877182,0.0942335016154323,2.108967152958702
45.91994892564248,0.021726399330025646,0.9976751475728907,0.14618757371612462,1.7257754574262103,663,16256,001435.npy,109.7247517864325,0.0959287690290952,2.072417438088535
26.16283857078415,0.038203604058030735,0.9995147257924124,0.1906081772679993,1.802830977351218,12941,16000,001436.npy,53.701519065951416,0.1471697467103468,4.956373513932182
33.60224416658255,0.02978951682627274,1.000994618000936,0.17189829072966445,1.925786526385196,261,16315,001437.npy,65.85999824588562,0.12658131167476,3.118729809507796
31.32214095003023,0.03179350231827411,0.9958405609080946,0.17669780967280668,1.8164027485609189,1823,16315,001438.npy,61.2962579579638,0.1307990237572098,3.3467709135572514
43.44413459823077,0.023027269054282814,1.0003997762239367,0.15153373892251112,1.8627163488296865,162,16310,001439.npy,76.68058337310751,0.1178239102467985,2.882776798968591
31.648916148494816,0.031426690150076875,0.9946206813845109,0.1744340851006652,2.52063404225051,7745,15375,001440.npy,51.27770430711712,0.1468453932321402,3.760777342956631
40.843800217647875,0.024404075608020354,0.996755188630357,0.1556849457344257,1.879000936221609,14861,16287,001441.npy,70.52381121741952,0.1218290536883709,2.511770211174879
30.285914076716498,0.03296057250149207,0.9982410666995735,0.18062036387216263,1.8198263151087628,4014,16319,001442.npy,58.90739106827897,0.1329069816494809,2.5456366200872256
24.73553558652768,0.04030526904573592,0.9969724168053734,0.19912198863203798,1.9064405070871437,16106,16321,001443.npy,49.14201684524131,0.1455604347914585,2.995427784829406
38.93316985170384,0.025603869207319236,0.9968397887093695,0.15880201678696615,1.89261038769755,16272,16337,001444.npy,49.5055238055682,0.1540267024878837,3.861761433586796
14.600434828439804,0.06778086829955557,0.9896301502227226,0.24703209642283067,2.2342929445522386,4598,4776,001445.npy,20.31172945757885,0.2515069296750507,5.494270262252016
14.225544102459736,0.06939551311251443,0.987188932294897,0.24888306537260477,2.287856980429487,700,5136,001446.npy,21.94342421265732,0.2354021061682858,3.341643799385431
12.908028156684587,0.0764446350446971,0.9867495015844275,0.2571205791777089,2.5882151445041233,7,5291,001447.npy,21.379840723859083,0.2384786718352176,3.452732011346876
39.16867139840072,0.0254376314379735,0.9963582269476116,0.15766129912483992,2.6763218473969754,40,16371,001448.npy,67.16677727499089,0.1306416988617512,5.958798513570333
43.37625559428169,0.022998845690038166,0.9976038090245393,0.15103589132997108,1.6867077065002674,1070,16139,001449.npy,99.21568475382188,0.1004891446216236,1.7692026684925874
24.482771884875667,0.040957348026691945,1.0027494087469615,0.20153319930199795,2.3196952806578373,1517,15856,001450.npy,52.992743163390806,0.1379348863115526,2.063836804202691
35.13584272585311,0.028385596745196064,0.9973518629186968,0.16773689093228383,2.0248750702482354,418,15950,001451.npy,79.1820862084638,0.1123968616012069,1.797934913824068
23.206429352039248,0.04269816967982392,0.990872058136218,0.19746474595363922,2.959197165554764,1828,16382,001452.npy,24.87173136046816,0.2422887971090086,7.415920478283131
27.202127400120812,0.03665487607360542,0.9970906087898548,0.19000146983177715,2.030548862399874,1925,16169,001453.npy,63.23390318192931,0.1258241313621028,2.354822485584444
40.73514631572767,0.024485890694296065,0.9974363401030648,0.15577047865865398,1.710613184567932,15054,16200,001454.npy,94.62086200796428,0.1029271532387935,2.1055620520995486
36.613943073188274,0.027307290108170616,0.9998275655035962,0.16465317613183197,1.7519186073611277,1015,16189,001455.npy,83.99354354581406,0.1091420222733229,1.8660086866258927
27.195762620462133,0.03660795483040187,0.9955812495882094,0.18718220781370212,2.0903021435645304,844,15814,001456.npy,34.854297932300305,0.1940040333514867,5.7120529085559335
27.994698440840242,0.03542440094942974,0.9916954220267002,0.18185486704734014,2.1629877219599183,1653,16257,001457.npy,26.171098290439964,0.2352347421242005,7.159797736015185
27.662052552034698,0.035945948531045734,0.9943387172985216,0.18636821551980634,2.2505153698869167,15254,16297,001458.npy,27.614160261989376,0.226631534230438,6.749161446169238
19.155753608591276,0.05190991632398752,0.9943735669448951,0.220577142291825,2.960821074782467,15833,16256,001459.npy,22.889823965617808,0.2475832533120346,6.081486956971677
24.09110937131248,0.04125312653340123,0.9938335832247619,0.19974177695061615,2.250715147628289,1586,16153,001460.npy,26.01572570569788,0.2185417585939029,5.517609511751344
20.61984069214104,0.04840509087453699,0.9981052625215627,0.21651879655831743,2.6481856761097937,16253,16379,001461.npy,29.811426938513293,0.2025359023981157,4.853820248252543
25.23749189123582,0.03944275381823757,0.9954361796557815,0.19501968951355514,2.3209889003669826,16240,16370,001462.npy,24.96888368451552,0.2285437765159564,5.279847671120162
27.778514835987714,0.035829803175114035,0.9952987190704249,0.18624855210989655,2.1793512771110892,16240,16374,001463.npy,29.686420716467737,0.2071164835105817,4.841320871942984
24.6618522173005,0.04033315768913203,0.9946903743864514,0.19211349944315215,2.290739376928225,11764,16379,001464.npy,22.05429556521382,0.2672690900275932,7.592474227613234
41.26770764938641,0.024203997185441473,0.9988434797953702,0.15455623674205632,1.8491515081859755,2951,16176,001465.npy,61.1277936095203,0.1345001026079632,4.1615367799955445
35.104803588459255,0.028514611971519672,1.000999852661327,0.16658985439704893,1.9044834210430661,4929,16009,001466.npy,53.88202364590856,0.1426099934846171,3.7391849153042096
29.181375267782762,0.03430870929159325,1.001175320791248,0.184036796340426,2.1421260499041512,5314,16035,001467.npy,49.27653581239193,0.1484578552904779,3.5218641019131365
35.7326102633401,0.027928118450457184,0.9979445719785843,0.16643681438527094,1.9488100944238407,15874,16186,001468.npy,66.51546778732714,0.124139534449909,2.1793996807578893
27.114753401827905,0.03701994732060086,1.0037867425467522,0.1920522670434648,1.9735756074356983,488,12416,001469.npy,41.86781746133269,0.1635735506581268,3.26038504267384
21.58959864022925,0.046273354643785104,0.9990231544963089,0.21299477936849648,2.151819039100082,12437,12527,001470.npy,31.99079020539084,0.1927269202062898,6.428821188970962
23.676425300382924,0.042223603504048884,0.9997039942766001,0.2028662254617785,1.9625268988918558,1663,12656,001471.npy,41.763150375872215,0.1621014169772951,3.154606036347454
34.615757542284534,0.028769226616367233,0.995868573231207,0.16823457413122786,1.784271998162677,2786,16249,001472.npy,82.45293799843071,0.1104051619056265,1.8883578405714807
31.258431237827452,0.03186377933230056,0.9960117552360244,0.17696327179206267,1.9116076067673748,16351,16377,001473.npy,58.40321993809921,0.132332597150004,2.6610858651457137
38.92607897148758,0.025676633710305333,0.9994906715293055,0.1593519313298073,1.8683808751556477,227,16380,001474.npy,84.41885309859836,0.1093565961393199,2.208402071357713
31.17437675148133,0.032029003801159674,0.9984842314719793,0.17761410487744422,2.3004115243443826,16228,16381,001475.npy,57.513865065729725,0.1342015466396271,3.621801389820804
17.01185946089521,0.05830431256244723,0.9918647712764593,0.2357970624405675,3.039097752794887,131,15407,001476.npy,19.9536618061915,0.2676698309142664,5.800466975300198
20.677828363485503,0.04802751606558843,0.9931047339287801,0.21342009145617152,2.5053886855100185,11651,14013,001477.npy,34.08141540333935,0.1877663789474415,5.061002307478515
23.599208551370932,0.04212049327233219,0.9940103050203838,0.1986512477912457,2.031421787673065,8328,13928,001478.npy,36.34975684415679,0.1823183524208453,4.5120518754133805
34.21967953714945,0.029106404154868735,0.9960118226583634,0.16533397130199473,1.8855522626413874,9842,14064,001479.npy,46.41607129795976,0.1632893527401061,3.8295777830576223
29.637048592575756,0.03364462973204442,0.9971275262478194,0.18087477879189448,2.079725201902421,14729,16372,001480.npy,26.312516823283325,0.2265990700637066,6.5350001871697705
29.312220532558555,0.03410429229024708,0.9996725367185588,0.18345415729282266,2.158607622794067,3486,16367,001481.npy,64.73632613902906,0.1268961536266385,3.2528378823742385
48.02971855722065,0.02083860006228359,1.0008720961179616,0.14400282549588592,1.6795120107432846,15117,16372,001482.npy,100.30219025269103,0.102721623865193,3.126855200326809
26.28871376758252,0.03803981683408277,1.000017856522469,0.1939302492949734,1.9966846120249844,156,16363,001483.npy,58.46192532159572,0.1335665492945912,3.3397270683865377
26.337130278382,0.037937807527096586,0.999172979317324,0.1937575010268826,2.0020255862432754,25,15639,001484.npy,58.64675209811036,0.1343650905355844,4.12023080538382
25.915866288838696,0.03862720570667382,1.0010574982056257,0.19594146690292297,2.5485019479263404,13943,16340,001485.npy,60.99057195904171,0.1298591583434104,4.051488315909563
28.725415659009442,0.03491197831087231,1.0028610884581295,0.18670661192818538,2.677768248210006,11517,15547,001486.npy,68.6102736639235,0.1219177643081693,3.44345367549478
42.03915947949507,0.023755012304621837,0.998640750711365,0.15345194063182677,2.3526434554495266,15316,16343,001487.npy,94.73719012810407,0.1053279275885301,5.162865084669567
41.626906745286504,0.023990691124578085,0.9986582621977846,0.15398764794210001,2.23743070159258,5766,16383,001488.npy,67.94384617357576,0.129187615130025,3.795337037581425
16.977275544500763,0.05846082014590421,0.992505452174517,0.22890722733086272,2.5207809667716914,11601,16182,001489.npy,18.759424295609627,0.2890441167640767,8.030286586728305
15.830355268438948,0.06261027236580277,0.9911428550043835,0.23590199402499282,2.399542824247286,14273,16166,001490.npy,19.725879300493,0.2737917835719273,6.61454554806567
21.505709017717646,0.046108169613271285,0.991588879042583,0.20190823680199949,2.2834329157206232,11127,16181,001491.npy,22.092090482977326,0.2644398242073993,7.062202411111651
26.809117379723386,0.03704425323307269,0.9931237331696434,0.18666973840471643,2.0076413157403934,4279,15480,001492.npy,25.884715157674822,0.2384743524896435,8.954755902235824
23.981916494926143,0.04199031315097597,1.0070081835825047,0.20105993142539347,1.9822214961695108,8428,10781,001493.npy,41.75623180217576,0.1743275847544691,5.569478252252837
36.9505619604433,0.027090899114932274,1.0010239463104236,0.15840573500512994,1.6155329253165005,2857,10655,001494.npy,60.939079321501126,0.1478947504996178,4.505012243159882
22.488238395580062,0.04447623117355383,1.000192089567808,0.20339353842537122,2.055409117496735,3504,10208,001495.npy,42.3227281649742,0.1701744034302563,5.166749525208778
41.8003120960864,0.02394087059412295,1.0007358626863567,0.1538441707206781,1.955889633675477,7040,16323,001496.npy,77.09760665369464,0.1205835486395314,3.656139986059274
31.181809249568502,0.03198524747762969,0.997357885647691,0.17581992150027562,2.1611316353424073,12837,15621,001497.npy,58.63164004341412,0.1375335549702796,3.37044102486972
32.217550787665125,0.031019026082496372,0.9993570481967361,0.17470695359772265,2.132715121078435,13016,15256,001498.npy,60.49374691129344,0.1344413287696672,4.163948921243554
40.7242204372852,0.024572501463002192,1.0006959662748143,0.15581213487727555,1.948261234666553,9477,15257,001499.npy,72.05783637632737,0.1248175214389103,4.338773411831058
34.96284822897177,0.02852471034463048,0.9973051185546965,0.16779452295733166,1.9454061309490618,1275,16383,001500.npy,55.75137632269155,0.136954844582637,2.8278126053105104
34.41254194787922,0.02903157877788179,0.9990504225070171,0.16914017643661616,2.2698058777432233,15889,16295,001501.npy,59.54972187443104,0.1354457019456324,3.334057896336667
39.83230888444895,0.02502472636741105,0.996792630415531,0.15655799169154577,1.9168273063188823,14570,16327,001502.npy,70.30552811190547,0.123575116119431,2.726141743447712
35.97213925748425,0.02775451362381929,0.9983892290997713,0.16501802361612697,2.0859056284760014,15176,16322,001503.npy,63.24153851391704,0.1307944050494265,2.9861753189682743
24.124274579459534,0.041333114626203565,0.9971314064668098,0.20103112415705254,2.335239902875355,12169,16375,001504.npy,33.34167848439093,0.1873523373143419,5.221810239343414
28.52470639323036,0.034868102518280965,0.9946023868230206,0.18525861964311857,1.8785802716730813,13303,16383,001505.npy,27.33507132232177,0.2042437263338211,3.3452786366799714
23.88850380070536,0.04169484324432015,0.9960274213117561,0.20140156525319178,2.1435942185060406,1918,16384,001506.npy,23.485245772404845,0.2220885486849603,3.290215580294216
20.530258138550685,0.04853773455459566,0.9964922198663003,0.21870082616901854,2.4340134430950715,987,16119,001507.npy,22.418272531755,0.2237432803466425,2.9318623809291537
18.16769669858642,0.054767889733702134,0.9950064095035253,0.23123298060238087,2.7223545260038353,11632,16366,001508.npy,20.38467940066461,0.256504690110688,5.442851557856353
11.252458531969554,0.08785632418891622,0.9885996447070534,0.27716499522374344,4.026559044486566,14483,16095,001509.npy,8.871225194200207,0.4405511689164917,9.57144453323762
12.44743950324486,0.07939457683319609,0.9882591920169342,0.26415271075533625,3.0494808646710365,14847,16091,001510.npy,9.043322329191762,0.4362095218188543,9.412370549902464
10.798979909112807,0.09143401506320001,0.9873940916770146,0.2826488075385804,4.391884177840138,872,16097,001511.npy,8.767678784374104,0.4409634261422339,9.514381855883252
27.453428721013854,0.03630949946417176,0.9968202554353301,0.1886738738187631,2.3360415382270516,14588,16382,001512.npy,55.41629859233528,0.1393881544809703,3.690087057981677
7.488602095568159,0.13207704748041366,0.989072454538281,0.3321146345729007,3.0896741512251804,13221,13704,001513.npy,8.759896252466863,0.3766589462303266,5.853013844563802
9.834313621842666,0.10115202449801508,0.9947607323977928,0.29916247748506714,2.562762096927256,10942,13037,001514.npy,9.440908054365812,0.3631801629161778,5.366475885097513
8.962139834074842,0.11076493218225116,0.9926908109291515,0.3085719533183208,2.7207609551891534,12422,13038,001515.npy,9.12377089781254,0.3687900526422329,5.873264046259701
24.68608414406694,0.04021734202053488,0.9928086891696432,0.19840526553684817,2.2328754890365023,15351,16374,001516.npy,30.9590610688462,0.1979875943564231,4.588129784780391
30.57677714135296,0.032710616355294854,1.000185226452146,0.18041916239083264,2.10852328352805,10637,15929,001517.npy,61.93207681901641,0.1279383470453368,2.2155936534043543
32.84122303819937,0.03041633372297215,0.9989095998004334,0.17332729404419575,2.008159739388098,13819,15734,001518.npy,62.22143289060836,0.1274473086831824,2.1177607184870246
39.96416131180798,0.024976272106864858,0.9981557674463573,0.1577544977850242,1.917507550609499,15049,15632,001519.npy,70.87632349582225,0.1195988892047775,2.175176214809132
33.55846263369921,0.02980804715053375,1.000312236484731,0.17208156430005728,1.8197517686954248,2681,16353,001520.npy,72.02102592247131,0.1188936621644758,1.981097418976209
28.29917893342531,0.03526134840306275,0.9978672078921235,0.1860602218117877,2.1219931351608206,531,16346,001521.npy,55.93021679163888,0.1353830228070625,2.1265412434826128
42.39657481521644,0.023503174230903683,0.9964540846755751,0.15241522020825873,1.8195704231671912,5442,16319,001522.npy,78.21043470997962,0.1145884909476572,2.230930344699309
40.22661724156589,0.02481533279995108,0.9982368942657076,0.15733842249993651,1.8275641440256223,11708,16313,001523.npy,74.68592644553645,0.1176980969837943,2.276700556053382
27.355488932637694,0.03651819752586129,0.9989731482585756,0.19015604842094952,2.6226827678118827,13945,14133,001524.npy,41.92835759172373,0.1701470164602744,5.400762571739437
43.77110811730961,0.02279167063731808,0.9976166796401604,0.14989989421812247,1.716347521707291,7502,13844,001525.npy,91.64259616984168,0.1042159879128706,1.661653575205473
27.29616190581978,0.03653352664259323,0.9972250582268053,0.18859399523774217,2.0481281644165263,11578,14046,001526.npy,60.150194638958055,0.1283975803140884,1.7086574082223391
25.67006559165967,0.03895068129310877,0.9998665436339335,0.19614796736130163,2.0153425617038776,2522,15142,001527.npy,56.61171102864969,0.1333208219805564,1.8472993550603356
18.78728797675746,0.052875214559040214,0.9933818827535273,0.22048394462277945,2.193919401491073,10657,16382,001528.npy,17.132723932392846,0.3304253510728264,6.994410526788863
35.2151996654191,0.028320730263355704,0.9973201708945484,0.1667391698431735,1.971485111735946,11324,16377,001529.npy,55.389703252786674,0.1381550537753241,3.320263930939249
31.173334678905352,0.03198119809642054,0.9969605916920882,0.17792269671993916,1.9345046458612052,2442,16379,001530.npy,52.592631231846354,0.1414226719647926,3.226882134203647
43.80974901924045,0.02280440207326251,0.9990551313634771,0.15069631597671362,1.84831610082099,4873,16377,001531.npy,66.80509261357406,0.1263058002830391,3.3212965083368746
31.844840247855796,0.031415406165256274,1.0004185906540901,0.1766720476973216,2.04519299191416,2164,16340,001532.npy,67.89796869825402,0.1220309014746248,1.9311398296734763
18.02031322386164,0.05527218317094603,0.9960220533071015,0.22747187578404646,2.82279176550821,217,16002,001533.npy,23.304222269045862,0.2437569768213836,7.254089595482758
20.966746501920806,0.04737625564442288,0.9933259423068094,0.20972114579405074,2.1309790558494166,2912,16279,001534.npy,28.31097822329316,0.2185738919395149,6.536712749288886
23.012010278263222,0.04339660971738535,0.9986432288582493,0.2026697464669338,2.305794077739234,1898,16258,001535.npy,28.784146462969503,0.2216339513336144,6.260815579765957
21.38054008571858,0.046572894037861384,0.9957536278844191,0.2133626413079773,2.673071734156917,12029,14736,001536.npy,27.43651859303682,0.208668763242576,6.298832574703128
29.014900831906093,0.03452313890853137,1.0016854518371565,0.1852685015391515,1.922301223188165,2675,16269,001537.npy,64.09351792859331,0.1260629469232538,3.3581474425987365
31.595958951678,0.031631806545265644,0.9994372611716328,0.17726865703434241,1.9270699264704374,1921,16274,001538.npy,68.78465674965292,0.1214549671535507,2.37658520115633
37.858415915207395,0.026397911563800832,0.9993831152752347,0.16238062754021385,1.7917320385107516,13483,16276,001539.npy,79.79810912753968,0.112914655005334,2.5354311693000136
27.147155407842266,0.03685431600093646,1.00048984392715,0.19074947266287823,2.181057734015457,12364,16053,001540.npy,52.74197402504811,0.1422914162618536,4.616756953715468
28.24398761888281,0.035385503496654605,0.999427722647447,0.18665557163394272,1.989399595081377,11265,16378,001541.npy,61.51479202686652,0.1295434949521522,2.767280175401489
37.79104306855501,0.026442711285116688,0.9992976410252105,0.16147548962378655,1.914438850988316,1021,16378,001542.npy,81.69767625357188,0.1125719908858959,2.590125201135375
42.412981856840084,0.023536031643101724,0.9982332830608875,0.15031351612036223,2.127500532758523,1710,16381,001543.npy,92.48645610796248,0.1061757033914815,2.6280801329203265
16.08551699864103,0.061563640502452506,0.9902829858004252,0.2426755124663838,2.7106785022434425,15047,16199,001544.npy,16.068024517943066,0.2865407247583628,4.85317171752665
22.190748574119965,0.044928649074508664,0.9970003553872894,0.2071866858936303,2.3070710087259583,396,14153,001545.npy,34.610466407832114,0.1764368134158635,3.63269693126434
20.018797452861946,0.049698655679593785,0.994907321729315,0.2196761795988276,2.346627693286805,3950,16366,001546.npy,34.4358913344576,0.177117607271956,5.229435654721046
29.22671818093564,0.034094732075822656,0.9964771258345757,0.18423837168196933,2.2761154609603174,13095,14116,001547.npy,40.24787149632894,0.1642232879832994,3.6591476197593726
25.421600846814442,0.039261451780932974,0.9980889558413301,0.1965507965281399,2.467707685870254,13012,16339,001548.npy,32.530794405837064,0.1978024721470238,4.416436755100078
36.75062354274531,0.02714017060200568,0.997418192680194,0.16205846003404226,1.982199946594868,126,16303,001549.npy,41.84916543758689,0.1799734129582373,6.303384502723988
40.603516719889896,0.024554271991843665,0.9969897933655484,0.15520642594859427,2.1016279173884334,15917,16152,001550.npy,51.70580793021798,0.1585805104750474,5.95595658369627
26.520003362960708,0.037631788221608606,0.9979951501912854,0.19125296172777753,2.0637617879375005,15995,16203,001551.npy,40.33467564656154,0.1760577143080768,5.259918948635938
17.735630433147307,0.05603783985703384,0.9938664179762444,0.22508703787685963,2.225951134531928,11055,14615,001552.npy,16.210501823991827,0.3100414406740836,6.217617604763654
28.199097691561963,0.03533705471706292,0.9964730580985279,0.1872119996678985,2.9108864540156763,13522,15684,001553.npy,39.661927912215646,0.1759409501304215,6.0805560513392525
25.86500818859546,0.038542122484023764,0.9968923136551239,0.19484600449564385,2.600690130452311,862,15829,001554.npy,40.091905994068114,0.17284074579486,6.692079578060454
30.323465125205434,0.03285960988246399,0.9964172342987526,0.17940066992247675,2.4895146565859894,14670,15707,001555.npy,38.87445508969282,0.1792377471096606,5.9478101352710135
30.130283179871583,0.033030746784032484,0.9952257542455313,0.1760517344828113,2.687207613955422,16254,16322,001556.npy,53.84012281595002,0.1538777670562511,8.383356800372605
12.053120734900704,0.08203206598193291,0.9887423954135782,0.2664112210495312,2.956664473998238,11867,14972,001557.npy,10.485466065382452,0.3912151475036436,8.373012444101109
11.077649839504652,0.08906461819283079,0.9866266534293551,0.2750255620609928,3.4931539313702262,767,15165,001558.npy,9.61544396952089,0.4192086673850158,9.069991099957372
11.307420355840154,0.08753966628011534,0.9898478044392302,0.27399953891619455,3.447453982247564,14306,14825,001559.npy,9.657372616987614,0.4147218631527862,9.183728790495936
24.97783602435411,0.039946238752116295,0.9977706013400606,0.1936866794207887,2.294653288534845,10579,13556,001560.npy,29.489562433864744,0.2110682045396791,6.648395973075069
30.959146088875645,0.03207932699550654,0.9931485708866991,0.17312722323580737,2.09900545717073,1387,16178,001561.npy,28.106142116691927,0.2388143426604146,10.66015284616211
24.857886243197957,0.040023429167043954,0.9948978492970698,0.1937615663676949,2.349519314149711,3622,16265,001562.npy,29.709387839339737,0.2319067203487796,7.67076297758892
30.693913842927017,0.03234433666601949,0.9927742829334276,0.17219399583684197,2.2585943448224195,3774,16273,001563.npy,33.58374268508729,0.2184201780083795,6.604386854912075
39.509691515715495,0.025243526647821063,0.9973639506241538,0.156327060817235,2.0977179471897727,2067,13940,001564.npy,80.38628068219016,0.1148867114414504,2.882409262214611
28.769853406532206,0.034693909610996686,0.9981386936078535,0.17894587143340385,2.1766455376740614,13718,13746,001565.npy,46.047805270140735,0.1698628235724285,4.318023997994041
25.132485892553156,0.03970200546554151,0.9978100922687901,0.1908772802275306,2.2509933015023296,13538,13776,001566.npy,43.67053059235887,0.1728075229316614,4.69532627535102
23.39984956965801,0.042504707465546125,0.9946037606960991,0.20030902208350213,2.204518778362183,14100,14401,001567.npy,40.30767613744547,0.1753299660221091,3.918127464471931
28.042477067213948,0.03552049065309894,0.9960825445557143,0.18605939772929328,2.093376579192773,16011,16382,001568.npy,26.743601771322588,0.2051144661506631,2.822974270055404
19.23682851460316,0.05167253058850615,0.9940156098466791,0.22169261683234798,2.151572674464684,13437,16383,001569.npy,16.7802675235293,0.269794726758515,3.708263751069414
20.992810657827167,0.04722358740520951,0.991355828980915,0.21386007708501267,2.156330160924188,1787,16384,001570.npy,18.76875523040594,0.2514280319265299,3.4184032401960245
21.169670763370984,0.04698145149180084,0.9945818600667083,0.21463750564651382,2.1920012824844917,16376,16384,001571.npy,19.013458773642743,0.250508535278691,3.793511115545014
21.29427128814328,0.04650216194806872,0.9902296520073487,0.20980462232005606,2.0505474841202047,13227,16382,001572.npy,13.90824832495463,0.3235364763810746,6.620164600864569
15.731357572807779,0.06316683151534475,0.9937000133091917,0.24386430160753345,2.8234478669147496,11515,16380,001573.npy,12.692743399403629,0.3521733743939045,8.191980178832706
18.0793351553447,0.054719244468586774,0.9892875601948219,0.22778846696957766,2.6385881376257765,147,16377,001574.npy,13.354447955375903,0.3417341088641881,8.439683379892374
15.449466431473363,0.06409779217824305,0.9902766885893218,0.2458905668963625,2.5666054749787697,1903,16382,001575.npy,12.17921831962746,0.362576821530744,10.458968708125251
25.783770139959344,0.0385498848242771,0.9939613692310677,0.1924385585464048,2.8699801744467295,12244,16300,001576.npy,37.3708905183881,0.1839973146213246,5.849200665754551
25.586146515423916,0.03920049511788527,1.0029896115633725,0.19395220708776437,1.9155794319463064,2546,6759,001577.npy,30.1240644376278,0.1985608800407479,4.453834131729103
23.12713101715768,0.04347498706880786,1.0054517219095553,0.20520364737644403,2.1913677214957534,332,8459,001578.npy,32.30940600337434,0.1883650248020765,3.94205617350194
18.103990010271065,0.05497253189684756,0.9952221682998357,0.2290224004869027,2.1479000751188404,6213,7344,001579.npy,26.32044717368307,0.2075284486951813,3.677365073459634
35.96166085501936,0.02778534687773734,0.9992072211562614,0.16591162365333711,1.9943483984240358,13464,15675,001580.npy,78.3565783468868,0.1130213648629423,1.932621477583775
32.472486401460046,0.03073534154317519,0.9980529603049865,0.17453226260624985,1.8606071014872165,6028,15831,001581.npy,71.5267893179804,0.1182439657640185,1.732911102676126
37.47191425537891,0.026680986097018838,0.9997876232764468,0.16310122758571208,1.759077624936799,11144,16012,001582.npy,82.89298056154368,0.1101242128357672,1.714568945790252
31.14278789422973,0.03210974644689787,0.999987022933237,0.1782232124245497,1.9247291365018115,6258,16160,001583.npy,67.1786168534087,0.1222434142007188,1.9045717771658195
27.88525828849037,0.035546699771300476,0.9912289044261353,0.18449135550405066,2.1092285923031002,14578,16369,001584.npy,23.53661782094185,0.2416455277135153,10.084901403059398
31.832608692407526,0.031177997823658234,0.992477004533246,0.17111903024848127,2.0659290629292157,4479,16070,001585.npy,34.909182424613654,0.1882342654666743,5.87607712062908
23.736679826891166,0.041884970064783034,0.9942101239866759,0.20047609980082454,2.0337516784128575,3482,15749,001586.npy,30.37997651016736,0.2000628642941453,4.012499414923038
28.17389268834042,0.035252053013223386,0.9931875586382432,0.18195183126466974,2.0621174496901395,2431,15879,001587.npy,33.587760279474914,0.1907541067755462,5.570235813732531
28.610979691353776,0.03490501263679428,0.9986666076777682,0.18525752975117857,2.111608408172005,1442,16381,001588.npy,63.46586025318545,0.1256547791981021,1.9373838980705829
16.273542890249114,0.0608784135864701,0.9907074745897456,0.23079669182441695,2.6384709866778957,5357,16335,001589.npy,14.353600181483293,0.3474829161940158,10.35610988588625
14.773949167199167,0.06696882119777786,0.9893939601632201,0.2425895913451336,2.6379289358818303,3060,16320,001590.npy,12.077497171949284,0.3892841811921556,10.697462310324225
16.52755291929582,0.059824550088152226,0.9887534174549995,0.2276823787162582,2.633319155177505,3827,16337,001591.npy,12.790385121290877,0.3739956832457883,7.967911326985122
36.944437447834545,0.02697032482125784,0.9964034783067397,0.1632859585089496,2.1251854421170617,14837,16350,001592.npy,57.91445469147253,0.1363433102788768,3.8604669439452897
25.36169798009184,0.039428339532218776,0.9999696390726481,0.19753086719374996,2.1665734733013484,934,16384,001593.npy,47.642105404661024,0.149935865679653,4.300025946077202
29.562899164190675,0.03372109450786545,0.9968933166421703,0.18195456642926808,2.5624688633119925,1394,16371,001594.npy,58.91533553468126,0.139282105586595,3.8594983945014496
39.05456018654683,0.025563577704782323,0.9983742840548879,0.1583404312639274,2.689162354435616,1520,16376,001595.npy,72.81222817428487,0.1271138033918815,3.716565017490026
30.423276242237762,0.032832475820867776,0.9988714816148524,0.17951252461528724,1.9506338147904836,4090,16383,001596.npy,44.71647064697496,0.1553160975829223,3.542180820258012
30.251129824861085,0.032919169841437806,0.9958420805999868,0.1801888348965125,2.213575972995047,2172,16382,001597.npy,38.22617413676658,0.1746988450835206,4.273878896126161
27.869093884564,0.03574976563128466,0.9963135747294315,0.18678831117051425,2.101466437210508,16367,16379,001598.npy,31.129056355346798,0.1977162186256386,4.862393428318447
30.01411536073749,0.03325473054087773,0.9981113187441444,0.18073760152600285,1.8160760542350929,97,16384,001599.npy,40.67149370539876,0.1687794970172972,3.763562195934084
40.07202398808593,0.024926800893050795,0.9988673633325733,0.15653029157246437,1.8934895736899788,14605,16384,001600.npy,48.32289268969762,0.1568622522388851,4.448222563001999
19.709562802451362,0.05056021469624827,0.9965197268611297,0.21993123476920837,2.320665460516421,3314,16362,001601.npy,26.38911696546328,0.2075915643958976,3.323461224052449
24.078768189821773,0.041419571831000965,0.997332268640344,0.19978331406572017,2.1479210037734364,12451,16371,001602.npy,29.795941854601264,0.1984252866059071,4.488917775235582
18.606955296271302,0.05343558682870895,0.9942735753518109,0.22754303206775173,2.4701112225027106,2195,16357,001603.npy,26.339561658497548,0.2068244992064273,3.555556432681395
25.390176622964184,0.03913856798172315,0.9937351538258418,0.19259824493999128,2.010798693759719,9454,14926,001604.npy,42.70868004129005,0.1643562699706132,4.806302628484426
11.693408939378529,0.08364353972198767,0.9780781151063536,0.2753664611683364,2.5993717622185493,16333,16333,001605.npy,11.404890789142687,0.3941116746148349,6.555894472718029
14.937540676607544,0.06553477965837672,0.9789284368795148,0.2373256174926794,2.3769835461515307,3950,16305,001606.npy,12.353327875699874,0.3809480264143984,6.613113427686161
11.899227099095283,0.08226358197746006,0.9788730439348391,0.27064198140838314,2.411891969791972,895,16304,001607.npy,11.524182154142975,0.3905383366519138,7.121355513997344
27.01295622515728,0.03693481354791443,0.9977185015541585,0.18672431738563353,2.197723471631537,4116,15059,001608.npy,34.76037300353754,0.1980710922212377,4.685585614747148
39.450765081814154,0.02525688357067105,0.996403380445275,0.15788981772921015,1.8400437274846395,497,16377,001609.npy,85.27347142874515,0.1090141102095071,2.079339098434221
38.931530924933504,0.02562180778938301,0.9974962023050667,0.1596833744957931,2.057926309157572,1662,16343,001610.npy,74.00301094773687,0.1186389066463966,2.2368738126846544
24.806209489032092,0.04022298173142452,0.9977797111032275,0.20018644371594382,2.056037610280526,14547,16368,001611.npy,52.8523451249985,0.1395517969469058,2.2269819185746127
25.898502994737605,0.038578595387887465,0.9991278681859739,0.19463230372195844,2.112259529621581,998,16202,001612.npy,55.160805505891794,0.1353190622951138,2.4551484072997787
17.159930856480965,0.05771698879184978,0.990419536912429,0.22475269273391973,2.718852964802303,227,13488,001613.npy,20.416824566765207,0.2644364980707211,6.9027292150928
18.82145759111606,0.05276762624810774,0.9931636396126226,0.2197440392049244,2.4277960832097083,10725,12314,001614.npy,23.693379184119603,0.2259556845196256,4.900953584384929
17.763122789028778,0.05579110044166989,0.9910241676804199,0.2231257194142549,2.4073126395126043,1535,12348,001615.npy,24.13386524283905,0.2213300927714541,5.564907408528768
37.06982818792104,0.02698874840200144,1.000468266269222,0.16392798468841202,1.7002472110606854,1988,16241,001616.npy,68.5253472005698,0.1219391810608593,3.0456334185418514
30.25615444198418,0.03306354189601457,1.0003756300048312,0.17965812101078443,2.2882156596546857,14363,16151,001617.npy,61.38774945839928,0.1334773610352114,4.401788036378188
26.77144291012536,0.03729199228929069,0.9983604425775808,0.1911724116030536,1.9160930416538524,2128,16331,001618.npy,56.464232108563,0.1337757975556063,1.9885228552551892
25.295217148532007,0.039566269050745055,1.0008373673958375,0.19867130084559098,2.204428012763212,14358,16129,001619.npy,51.35304107272457,0.1458461248421827,3.876610267495457
33.07466325701119,0.03020410888567271,0.9989907303717243,0.17229442398051267,2.215660551166856,13516,15284,001620.npy,43.98390670606207,0.1738404035260103,7.216467711015937
27.895158660613337,0.035780457833457006,0.9981015482136686,0.18656817911099152,1.8641097959643822,14587,16380,001621.npy,54.39790662743969,0.1417564531560818,3.9634864838375576
37.97160511520069,0.026269631074662694,0.9975000576890969,0.16041112293972742,1.8496747013072412,12301,16382,001622.npy,65.99746460749589,0.1300516202133015,3.5870473033281773
40.613132695677876,0.024536297900931835,0.9964959225112271,0.1543631089231553,1.6583024322430389,345,16382,001623.npy,70.83564246496469,0.1261852254991604,4.276084944830249
19.598063152449086,0.050767237620790835,0.9949395289676479,0.2074792848840137,2.544735490691861,14005,16290,001624.npy,17.36362323160871,0.3304844699681191,10.792809045393712
33.10878364153773,0.030040957537912676,0.9946195635073727,0.17043850019962006,1.9586346804693158,3430,16384,001625.npy,44.14090375583877,0.1679937666165183,5.656737160606133
40.57234237643038,0.0246243816969037,0.9990688450146825,0.1558510189382854,2.000834203888913,15806,16384,001626.npy,45.855775899811846,0.1703506925897681,6.282930121039309
35.23555662169236,0.028338681713619182,0.9985292241043466,0.16736297697849487,2.09200154617246,15810,16383,001627.npy,42.7215604991176,0.1748576346923991,6.038863500907966
40.41065165955299,0.024697195873150855,0.9980297793976488,0.15444499623795527,2.1907698709404593,13630,16342,001628.npy,82.53446942433743,0.1186144232759643,3.328084835615108
35.06139330672308,0.02841442712999652,0.9962494051900308,0.16785065604875887,1.9619602477248133,14691,16352,001629.npy,59.45719455257429,0.1346171013987454,3.781583775598658
32.85817398656689,0.030329055746388986,0.9965573905631356,0.17329639798781418,2.4843162134542265,13959,16372,001630.npy,59.355353288618446,0.133879715328511,3.0893218702315086
36.088559983539795,0.027563465664007098,0.9947257839697597,0.1656893800775663,2.608215600854993,13961,16374,001631.npy,64.03539783412454,0.128542037471237,2.956274210232966
23.875016931288215,0.041537396450056926,0.9917060435267402,0.19849665404435468,2.3365029866332847,12707,15981,001632.npy,24.899035170248347,0.2396834918117223,5.770623181580104
29.158026129249862,0.03425620281767151,0.9988432568465487,0.18339210511536547,2.102752252620984,790,16384,001633.npy,47.299144780705376,0.1507290046807458,3.293636533722976
34.9898435322534,0.028523951171628828,0.9980485884169288,0.16811398178208467,2.6112949707798965,5,16383,001634.npy,52.34320064359346,0.1439823173039053,3.39049197451363
43.543498120724756,0.022941027494924784,0.9989325876127523,0.15091559476060432,2.02890061738994,16277,16285,001635.npy,100.1985909205723,0.1013218694436832,2.945961433832598
14.097635580801292,0.0701352269510393,0.9887408709325454,0.24202403973274103,3.133825546421494,13894,15941,001636.npy,14.486806748457724,0.383260638555118,13.004597963740755
9.577737983699816,0.10360216327816348,0.9922743744227366,0.29210349243238176,3.020314952849687,106,11883,001637.npy,9.054361394135103,0.4175011215112054,7.337818447678962
8.143217071829666,0.12162440402312776,0.9904139231922426,0.31862397389410546,3.3567486618005993,1297,11999,001638.npy,7.231063355519097,0.477152913602451,7.16425644486772
9.141137540055864,0.10824087017286486,0.989444681705488,0.30038887811667436,3.138351521373387,2224,12181,001639.npy,7.7922077516634305,0.4567341601999902,6.9473085675226605
26.856491077107552,0.037071152688468875,0.9956010813959559,0.19203740883182652,2.235109105253106,2416,16315,001640.npy,39.888752713549785,0.1620767505796148,3.026436600199993
31.849311170508035,0.03133133796067107,0.9978815320977636,0.17682916675447213,1.8759073465131622,3072,16353,001641.npy,50.21824874174335,0.1451573832301717,2.601536076778856
35.31805382432571,0.02826275740361209,0.9981855872046318,0.16687927019465285,2.0738828756941112,15073,16351,001642.npy,47.92307974350017,0.1505822813860018,2.958576113663907
28.026917904022465,0.03563822553415591,0.9988296212908249,0.18713863166947758,2.054648392241729,12356,16116,001643.npy,48.04725833920646,0.1470427648721565,2.5374498892237742
25.57808610008484,0.03906888406547185,0.9993072804608716,0.19655478243120492,2.1931808368741006,13203,16184,001644.npy,49.75727311786811,0.1530383794989368,6.156369074415276
32.934406795555866,0.030327100140360976,0.9988050529522078,0.1692543741820115,1.9144487609495402,1738,12775,001645.npy,55.99679998637465,0.1521414059348425,6.675476723669416
30.975812941249405,0.032358501364566736,1.0023308853279829,0.1757067424536606,2.464495072002265,1610,12609,001646.npy,51.50526533927761,0.1601368734217324,7.312311438572408
36.719624136264365,0.02709932979786345,0.9950772045222149,0.16043779603349967,1.891812883905415,13287,13821,001647.npy,58.51137418538966,0.1497392831278085,5.78834420242719
28.012868296255988,0.03556020530474611,0.9961433477896763,0.17849996787483044,2.3992903665736423,9290,15526,001648.npy,37.73824418642237,0.1803200860195157,5.780002884339514
25.79223639290039,0.0386326853849049,0.9964233539400151,0.19459251759886678,2.006630029320868,15106,16240,001649.npy,45.979784920012605,0.1546296728419331,3.474612080152155
27.301315797923184,0.03649771356145115,0.9964356038433215,0.18872335149772532,2.4192441712986685,13024,16241,001650.npy,48.285637717605,0.1507441905354357,3.2653740376413083
35.444275874840244,0.028134285707493933,0.9971993841579899,0.1642955889061781,2.175820168549096,11254,16246,001651.npy,58.28149258497295,0.1377656740383228,3.023161337077116
48.988557732046544,0.02044095004305787,1.0013726612822198,0.1430778469651544,1.7850568044916295,15236,16361,001652.npy,109.72548226976927,0.09588946255075,1.7280180962890144
35.40841521389538,0.028225058830197568,0.9994046024962597,0.16765595674733821,3.0100350247068377,16115,16384,001653.npy,74.16719547168707,0.1181750644429449,3.2512350485753374
37.145744790914996,0.026885793107038015,0.9986928092553757,0.16352539032071486,2.476326930984753,16360,16375,001654.npy,74.25669888247944,0.1190024410692265,3.547735632120157
33.472373386407575,0.029817939119082988,0.9980771918071147,0.17139818928077688,1.9682769177271466,14961,16372,001655.npy,66.87936176832626,0.1255097038952625,3.746045510211966
40.567217783099345,0.024555737499893492,0.9961579509827987,0.15592530483774733,1.7979290965626358,761,16376,001656.npy,92.7088009651874,0.1043815773215521,2.131191608894792
37.05317182879695,0.026894282823546122,0.9965184826731168,0.1627757684877499,1.778383345745891,2107,15796,001657.npy,63.15291008386298,0.1313031962855161,2.919924464003431
22.771356883104783,0.04385398960404455,0.9986148480216656,0.2073533077540533,2.1414357427807724,13420,15729,001658.npy,44.97312216088368,0.1531588504956487,2.655445108433657
31.677428540625577,0.03135963798210598,0.9933926912380499,0.17454098519705413,2.1377401146857196,5285,15652,001659.npy,56.505113865828,0.1383203785588179,3.085570081678702
33.4257499173764,0.02988278707471217,0.998854567593537,0.17230826521143927,2.386263968009444,904,16340,001660.npy,70.7231310719552,0.1224427707412194,2.780601246721035
41.519851958488815,0.02404174774415707,0.998209807160734,0.15458532378408882,1.870272028731329,1740,16170,001661.npy,90.39220218894172,0.1070832618354945,2.099324082372052
28.253598789481828,0.03525549041070613,0.9960944811905149,0.1870591321307357,1.9574844135704395,10360,16232,001662.npy,64.46607336415694,0.1262603683033827,1.974149939166731
26.033103327696818,0.038243537691452625,0.9955979683382541,0.193350873779693,1.9035817047642065,2199,16152,001663.npy,59.2421908962182,0.1310709841636539,2.075617448339873
25.737744648115097,0.038628556313537336,0.9942119185231583,0.19104420184049117,2.2031710842844983,4338,16154,001664.npy,24.98073216426427,0.2461126500579034,7.264903248725443
25.134479140966192,0.039819376895233675,1.000839297979522,0.19800341834034985,2.50278037166332,1050,15807,001665.npy,32.11670700602136,0.2066899390613663,6.9346830429056014
28.68007455053853,0.034744503217007026,0.9964749424851873,0.18391628220398565,2.023066057656106,12473,15864,001666.npy,37.6053977607595,0.1859648164253429,5.855380522087364
35.81511975218804,0.027831486753279983,0.9967880309501577,0.16400822877296514,2.06052180169456,13563,15948,001667.npy,40.35738985733221,0.1859919617125124,5.668500997994361
17.267260970639516,0.057362070862341866,0.9904858473963739,0.2268823761139022,2.277601621078165,1772,15927,001668.npy,16.80883652317961,0.3044769578094265,8.438870893863756
26.941643649091294,0.037076419099551935,0.9988996711644906,0.1911522971898691,2.1946322358980073,503,16383,001669.npy,32.76412820796732,0.1890452733937794,4.515826678078652
29.54775563908472,0.03383454199169661,0.9997347789310023,0.18119529202889872,2.27756144053277,1840,16384,001670.npy,35.229763735187724,0.1841785196943787,6.914819208994744
31.73437896018015,0.03142230068895566,0.9971671978640485,0.175950186369959,2.020781661100192,5166,16383,001671.npy,36.04051921578471,0.1800675449208786,5.271155684767354
27.535186428467057,0.036201354189753586,0.9968110365778319,0.18745917864382755,2.0771066926665713,2778,16028,001672.npy,43.29959561811645,0.1583726822176354,3.4100530208975277
32.03412327219943,0.031058460658996017,0.9949305573950348,0.1746017651223838,2.0412663577272876,440,15501,001673.npy,61.89984412385294,0.1293920626871655,2.7196693886728127
33.62186561952821,0.02962407726028983,0.9960167447479861,0.17066488150270426,2.049901127006868,1793,16004,001674.npy,59.73269042181319,0.1331656464203497,3.130266660911565
26.60993658509493,0.03741753817635181,0.9956783180430901,0.19225312786158966,1.9601496041190087,5859,15872,001675.npy,50.80604156911672,0.1435838138850222,2.256135066697497
13.62393405902218,0.07235339752083214,0.985737916770036,0.2378203376999683,2.6620276053942984,7162,12866,001676.npy,13.582425585277962,0.3538801505339513,7.322582817281294
19.054614556369657,0.05215901302206032,0.9938698887760251,0.21793946944203163,2.608050815837701,1160,15107,001677.npy,26.71709507921842,0.2126898085828004,5.9605105129672085
17.752327820396722,0.05600472248519184,0.9942141930474689,0.22362001664247017,2.651663421806115,351,15164,001678.npy,23.51127418416091,0.233190238811157,5.342834921561257
11.346201709575686,0.087361905123402,0.9912257972629327,0.2726193160908593,3.1419486799062226,630,14579,001679.npy,12.275616982457295,0.3438976685616611,7.559583346464499
29.535203112819353,0.03378144813702048,0.9977419321720726,0.18282818743937518,2.01721996019246,149,16373,001680.npy,62.836687197966974,0.1283521748985589,5.663384526164107
24.48597523337917,0.04097060826459406,1.00320529926333,0.2015655220312204,2.040694599495444,1165,16375,001681.npy,54.05409286250614,0.1397228960693433,3.3226843852664256
37.616618660034575,0.02666825418447712,1.0031695479863472,0.16354108545793034,1.9220570636020988,139,16375,001682.npy,77.20082362991023,0.1189073427775833,3.58588447433466
37.87359357723792,0.026348306498167967,0.9979050517601105,0.16106628150036045,1.9340393809332441,3563,16378,001683.npy,71.83839272740673,0.1271073138163584,4.456953125873381
26.982998265691794,0.03698022385206197,0.9978373160650824,0.18770648577131427,2.1552121046881876,15109,15111,001684.npy,28.71961921039365,0.2087504358480409,4.5420404978710405
26.40491910549392,0.037866018827203446,0.9998491639794168,0.19393688094199085,1.9487363627097618,2287,16264,001685.npy,63.1613090959552,0.1259066267248495,1.8266223148403335
34.631935414075215,0.028915064454972685,1.001384644698436,0.16928501993030973,1.7572651420483247,13879,16248,001686.npy,81.69307085925267,0.1106522354292087,1.6711008870709192
35.55598097017848,0.028105420867341892,0.9993158095180655,0.16725733314309923,1.7728898718631574,13467,16340,001687.npy,83.70845118013581,0.1092696571846253,1.6391896114796352
39.50809797374144,0.025279883211765778,0.9987601026951838,0.1574967996321457,1.9288875292426317,4613,16383,001688.npy,58.24535652302316,0.1430068087359967,4.9095863546689245
30.971998661541733,0.03227467480747539,0.9996111849388224,0.17903448748738737,2.9148232601812736,136,16372,001689.npy,60.72874686395036,0.130493786564354,2.943716674119287
41.74736679363456,0.023919398386578836,0.9985718979275774,0.15359121799801354,1.9250361452560454,15968,16348,001690.npy,77.83388980690138,0.115943881643302,3.261087525319197
41.89924098946917,0.02381300004041391,0.9977466273755415,0.15157517114722732,1.9720652999986166,15351,16367,001691.npy,80.6050018118708,0.1138419553531904,3.895097366267092
22.046250870636648,0.045492239820954884,1.0029333317599378,0.2110519196769152,2.335956670252998,14384,15532,001692.npy,45.16682989972002,0.1556776141233848,3.1603275697464994
23.940412600267262,0.041535090157816965,0.9943671957674379,0.2011457027358654,2.6941682860354144,14530,16065,001693.npy,31.692214552269267,0.2069167777623872,7.745629374436155
25.05491909812715,0.03977200170085573,0.9964842849855158,0.1926850439765322,2.2129866478777696,15117,16012,001694.npy,32.891350903102385,0.2048574320815099,7.764630971038367
22.40829009880377,0.04433777912265336,0.9935338169171019,0.20260497026466795,2.1033279654824866,2201,15995,001695.npy,28.352610185378666,0.2233736119910662,8.055321577236725
24.07511765267734,0.04150268416297731,0.9991820041255872,0.19925785936983242,2.2179842359325574,3831,16383,001696.npy,37.24243595566862,0.1878501126620797,7.091224030958097
14.594853175981326,0.06836209546645587,0.9977347461353422,0.25375364135238954,2.327339743336113,16122,16383,001697.npy,21.600985423033563,0.2199170761909918,4.357498765459698
25.60808348097389,0.03886403011689448,0.9952333276405173,0.19393518017089947,2.459193897468842,383,16384,001698.npy,17.867477248642253,0.2722708410984757,9.742881927116905
25.27925004651557,0.039423410410511533,0.9965942494537261,0.19475134232582247,2.0495098649196253,673,16384,001699.npy,19.38720672771365,0.2556784620587984,7.331558430446295
31.049933924689736,0.032159185982146496,0.9985405998174571,0.17805776006172663,2.02848356614421,1461,14047,001700.npy,61.29729465529471,0.1287311539962145,1.9320375894228008
25.408975032087593,0.03918896245344197,0.9957513685129252,0.19659293920852303,2.3218560543960662,370,14486,001701.npy,49.36678689692399,0.1463447379656633,3.043491634099412
30.16454086430442,0.03311071943763968,0.9987696495232008,0.18235162547680112,2.6850025279283973,72,15559,001702.npy,56.81046231360195,0.1376706652064753,4.145440241534831
23.0488345436099,0.043161823406448016,0.9948297262957294,0.20642020520688167,2.328624258242296,3995,15986,001703.npy,43.57658893605381,0.1564055682328219,2.8964793558880526
32.22539936830491,0.03093055224459111,0.9967493987641685,0.1664486798303672,2.628263239432621,1989,16129,001704.npy,44.39739123830432,0.1773689961511136,6.357895361974773
29.57410061112357,0.03374579086265804,0.9980014141741833,0.182309247937951,1.9110527087031317,503,16287,001705.npy,69.53324556627189,0.1197833769851043,1.8559546636866464
49.64170870040098,0.020155739726243075,1.0005653601312585,0.14158058396347817,1.78031202926093,1272,16306,001706.npy,113.08365286708236,0.0942679129297955,1.6251320338198665
37.539118054286156,0.026640474537189734,1.0000599186737698,0.16241018917088065,1.8327237658233215,116,16300,001707.npy,87.62219781977684,0.1070462558185585,1.8122051461816369
38.07929191607805,0.02619946662243718,0.9976571375613288,0.15991841498008053,1.7932042692651642,13333,16384,001708.npy,46.401205340512746,0.1616190891600551,6.138072492934082
29.002625058318074,0.034336959921741905,0.9958619742527752,0.18359242675393553,1.9207218047338666,13946,16369,001709.npy,48.535064222716,0.1521414002948868,3.863611393584856
30.85072000778583,0.03228676446104704,0.9960699303450925,0.17835246976738867,2.1258376506110928,10367,16360,001710.npy,55.89137613585979,0.1410508736973037,4.418041186035831
25.884064049561868,0.038568147481286716,0.9983003996785736,0.19364676218227334,1.9941334674255065,14333,16349,001711.npy,45.524243852958506,0.157161096012251,3.6013125303019016
27.057553714224024,0.03672278211844422,0.9936286497055501,0.18183084942238442,2.1435144387355876,15856,16082,001712.npy,36.03445192620831,0.2062912088005682,5.83236841086682
32.45831660447228,0.030717835364490177,0.9970492256646774,0.16901679427608984,1.946400512692689,3474,15970,001713.npy,38.52041719889984,0.2073323194767626,5.841551682049636
22.917335870250106,0.043494876518148866,0.996786693801472,0.20217781314161945,1.9623910914701208,14605,15954,001714.npy,31.8236144803129,0.2203514569187115,7.318709369407863
30.559631045661426,0.03260936952904927,0.9965303014393798,0.1754125328725433,1.9208808321385553,14138,15940,001715.npy,35.79087625651204,0.213791571155083,6.057016993819866
39.48698538616012,0.025308753247346827,0.9993663696199167,0.15723660718978857,1.888661480997636,1792,16376,001716.npy,76.71950628818422,0.1200321749502187,6.62120149800676
39.20089028622474,0.025480154946794925,0.9988447585453144,0.1590577666035958,1.8837839687697842,2585,16384,001717.npy,85.96099214819436,0.1082502290794688,1.996896420182416
37.88130229019315,0.02637610244036674,0.9991611097806337,0.16119400176460583,1.8910649905298256,624,16384,001718.npy,83.58381961009702,0.1118575070876095,3.9913093866130938
25.589281125239747,0.03903303659481115,0.9988273465963934,0.19619918073934145,2.399375077859932,766,16384,001719.npy,59.01594711862676,0.1315852355586977,4.234884427238612
47.33501950704896,0.02113102587317049,1.0002375219104813,0.14537222169062633,1.873849016394614,16095,16374,001720.npy,104.5511227043298,0.0988905806142555,2.081573347425973
29.13470261980231,0.03407755762346885,0.992839507368942,0.18044844898664505,2.4856499721308563,933,15782,001721.npy,47.77971008292831,0.1520803917844259,3.892971172055268
29.88024925204226,0.03327696443147116,0.9943239915637028,0.179656048534463,2.0838714435232832,1548,16017,001722.npy,48.0087043626441,0.1529699107694296,3.6799341774363215
21.124590523792765,0.04714334036774449,0.9958837611923922,0.2133252484382951,2.35021327822305,1159,15694,001723.npy,38.09342756276882,0.1696615370207776,3.079723828783968
32.733121293612804,0.030505770135705067,0.9985490740071051,0.17307728719909868,1.9315786733885933,231,16308,001724.npy,53.84159508447364,0.1423064137582194,4.115024576642056
37.48948002275804,0.026604613134495782,0.9973931126188857,0.16001524201785117,1.9255711455757953,13727,16379,001725.npy,52.307923413983,0.1539455059272003,4.955475542977148
25.353885590376795,0.039307652189848434,0.996601716447741,0.19509322487045,2.6160369240031303,16121,16363,001726.npy,42.19184826815815,0.1679100565473077,4.7259582848000425
23.17695318589275,0.04304540631141553,0.9976613669474099,0.20489368036259215,2.9453616472939337,16194,16368,001727.npy,34.64640464134568,0.1908363000289651,4.448035316404062
10.054179270702035,0.09864038236954352,0.9917480876739869,0.2820526538817798,2.4643072917097943,5824,7894,001728.npy,11.439586520702134,0.3697968019298478,9.971429482390588
24.821081081758845,0.0400072296614789,0.9930226912841151,0.1913344806783811,2.9293790526066643,1134,16375,001729.npy,20.64922323202646,0.2687312909880343,8.747583812801812
20.981505910749785,0.047251407157076895,0.9914056785574537,0.20828231707852513,2.7055784471600957,1151,16372,001730.npy,15.3905444705036,0.3227006167668632,7.97799987172108
19.799357233544157,0.05012176835165618,0.9923787967713884,0.2135327583649537,2.4384207345078903,7029,16375,001731.npy,15.303435726295016,0.323495971190699,7.976038534328085
42.92068992549499,0.023356348017374507,1.002470571045681,0.1523611750483376,1.6962274619523237,1693,15929,001732.npy,81.9694873148523,0.1109156301455553,1.795860225675608
21.8593631956926,0.045864679397266975,1.0025726847988583,0.2121019082432476,2.1696775032847295,14980,15162,001733.npy,37.02641352145346,0.1643757364383523,2.0106921982442083
25.833863670567144,0.03869897049044042,0.9997439278413386,0.19543045479979768,2.085720239246165,14049,15780,001734.npy,40.586869326437686,0.1579519024524672,2.013840465725754
33.650610544761946,0.029794750983066727,1.0026115616093416,0.17245779959193083,2.0128765814909744,14175,14975,001735.npy,47.168344166418535,0.1457169637389418,2.1188607657145218
31.6725589741804,0.031428449598380814,0.9954194233717726,0.17431690116667245,2.1371151399007258,5786,15116,001736.npy,55.45257463504133,0.1417291994780949,3.4868050735807743
27.945258251951007,0.03577599096209834,0.9997693066553033,0.18730358853999257,2.200618529086075,1608,16103,001737.npy,50.12189461353899,0.1468514666581352,2.9683912932697782
33.142413329105516,0.030123537454849164,0.9983667292634022,0.17196798495979745,2.174236154380039,724,15925,001738.npy,56.60197118439131,0.1386972947458214,3.0070870621126
37.31343428257906,0.026696082430456954,0.996122517371169,0.16177280526370877,1.81364885639854,11414,16246,001739.npy,65.83994353499473,0.1276114034614954,3.0271496949634957
25.120435878019507,0.039743004458449874,0.9983615950983334,0.19588958868772716,2.956448956624941,14748,14874,001740.npy,39.87279509747031,0.1714050541522224,7.837792115410783
12.741790388937051,0.07978620843081688,1.0166191437535108,0.2812286922903702,2.9268943258603874,5395,5399,001741.npy,15.95464403006772,0.2796599073527133,6.99729235266135
15.57402611512492,0.06427283635548083,1.0009868318934088,0.24664731356358405,2.36484662090516,6820,6912,001742.npy,19.10545542068913,0.2570011711745704,7.626504966714283
14.452499092515605,0.07020727940416358,1.0146706418766636,0.26747139103388023,2.773739158829057,5104,5377,001743.npy,16.701811934077067,0.2748785098226964,6.346111603431549
16.939019116589257,0.05848813149043139,0.9907315774100034,0.2344483540561908,2.412628175666158,492,16375,001744.npy,13.414352226950488,0.3333681638223946,7.629849849095921
21.935244321009748,0.04532543750348391,0.9942245455955777,0.2062409105996325,2.7464368222248843,16005,16380,001745.npy,17.52281034562059,0.3035038856928818,9.297825289818418
19.658326329460348,0.050590857829145255,0.9945315924926713,0.2168154791661217,2.5745249303843365,12029,16382,001746.npy,16.94281896677732,0.3132131856396526,11.387936126455626
21.105984439964306,0.04717926882117196,0.9957649136285486,0.20951692063970664,2.533680097603747,13831,16384,001747.npy,14.720704011715869,0.3338097368524972,7.77549241957035
16.04890184744543,0.061769982592437545,0.9913403877444429,0.23394525496197238,2.391769872694893,1683,16091,001748.npy,13.922653932295214,0.3239677120978014,6.878708186411526
33.79904125024396,0.029594861085748214,1.0002779306324436,0.17158482771238026,2.0039548202034037,478,16384,001749.npy,63.23485788873849,0.1299899588982164,7.747102911637224
33.41779145432541,0.029986436516606613,1.002080481970328,0.17294614060575683,1.940598297770842,2171,16384,001750.npy,65.08618890215497,0.1266593456627304,3.7975237108410096
40.421653612432316,0.024775256793073113,1.001456848248662,0.15687472463247676,1.7074007159623577,3272,16384,001751.npy,73.34616323523736,0.1209481796438279,7.162857513246995
28.68785349422541,0.03488363901580214,1.0007367254307773,0.18573521911718371,1.8678543360584359,16237,16384,001752.npy,68.79063779403442,0.1211247770078106,3.5148136782804795
18.672334605486416,0.05305214042513961,0.9906073175554592,0.20129224329384884,3.2446097636831253,13059,16375,001753.npy,21.345542393126998,0.3025504098180031,8.99552194500456
17.570014033375994,0.05650994097099016,0.9928804558855461,0.21481826300994655,2.934184368766048,16257,16373,001754.npy,17.40861077830478,0.332909144078806,8.579752164177027
20.052854208063707,0.04972402572529626,0.9971086385073751,0.2065091108821245,2.6090734865067926,13445,16364,001755.npy,16.372158779248053,0.3477901702026804,8.701786878122496
25.282801163584942,0.039610485804888254,1.0014640365979937,0.1900458453804959,2.406024106664652,1812,12994,001756.npy,37.17612902781022,0.1868012410341556,6.22865483297081
37.420382072364504,0.026685088921703973,0.998566223085184,0.16240123753654023,1.9234530795130422,14938,16213,001757.npy,81.07577931346627,0.1110734385463731,1.9283108427573288
34.12460951165012,0.02934357723666751,1.0013381148762242,0.17038552285230177,1.8594431099444217,3748,16211,001758.npy,74.71662991179512,0.1160564455708986,1.7215422246029373
36.0129679030267,0.02772894678398741,0.998601670516474,0.16614381940534584,1.9854967592115065,1629,16207,001759.npy,78.58171771870511,0.1129476098808159,1.8319646437165544
28.930292920399935,0.0346310473618644,1.0018863443189805,0.1859285145462525,2.624964797152263,16358,16380,001760.npy,53.408580653733374,0.1412099881733902,3.102692568700242
12.305473433002144,0.08152170771312439,1.003163208476818,0.27035840650051285,2.5358116659036263,4077,13071,001761.npy,10.817079704312045,0.3389120509565973,5.671913686421643
11.94557462902029,0.08310214047201978,0.9927028208398397,0.26845794472095247,2.657478332734306,12229,14789,001762.npy,9.544932428559123,0.3853810090555033,7.11123188702885
12.138247094165761,0.08249860653814434,1.001388471084355,0.2720145226145607,2.6502650136580344,2617,13194,001763.npy,11.739273186145684,0.3185339298692837,4.697854826983913
39.32826067103073,0.025437381237275725,1.000407960087966,0.15941421711698114,2.557915351390988,10,16384,001764.npy,61.483699975789776,0.1323118358878154,3.764802255150139
24.6457517418907,0.04056107890491044,0.9996582810736625,0.19922763746040414,2.122608985639112,1053,16383,001765.npy,37.632771944131335,0.1719851471292511,3.777078692769794
26.46687999887591,0.03763365544178279,0.9960454424967086,0.19250158709576765,2.151006327288938,484,16384,001766.npy,42.891238095567225,0.1585544274216413,3.644666890337372
36.93869421688904,0.02701077843155937,0.9977428850435134,0.16265905082811227,2.3242446537247825,9,16381,001767.npy,49.203366058301626,0.149679248425519,2.859493420395642
38.21564266378299,0.026131000054358682,0.9986129605246652,0.16061546951732333,2.0532167135797206,7538,16371,001768.npy,87.37443273592987,0.1082481625750367,2.5127583621181038
26.15769930739792,0.03816363457697717,0.998272877741983,0.19416681451814438,1.88636534468852,13304,16383,001769.npy,59.94196030660613,0.1295786021820157,2.547436721600328
35.626339897638424,0.028081067733973935,1.0004256637791626,0.1667669781671819,1.9059591037324495,1555,16384,001770.npy,81.40829168915602,0.1115768343338647,2.6474442167554764
48.90649426387816,0.020435822053446306,0.9994444140345065,0.14250790547942563,1.7007781566999234,646,16384,001771.npy,112.04258072177376,0.0949792046508414,2.2895503361413283
21.598994575687772,0.045983236483820356,0.9931916753866039,0.20832816968278842,2.073995440282595,5793,16240,001772.npy,17.666096630450678,0.2955659008939075,6.363132270965691
17.651042772375863,0.05633591823154436,0.9943877023260587,0.23358013887847753,2.8242644887387574,7704,9987,001773.npy,20.029870133122365,0.2330900525484365,3.557647490114059
21.173355831898572,0.04697689329517216,0.9946584776158104,0.2154927605855512,2.7550612747084435,394,9933,001774.npy,21.411692815905656,0.2270744218990745,2.877738813565473
26.794508212532783,0.0373664246578121,1.0012149723667338,0.1935381944646876,2.296463910623626,716,11058,001775.npy,23.59787728889132,0.2163601939625315,3.019414937152145
17.322804166215217,0.0569301599075267,0.9861900112294021,0.22339983805908617,2.2878295482374504,15710,16381,001776.npy,10.796067489250872,0.4338835161864123,10.911247437106764
20.33816465119423,0.04883785069006144,0.9932722485449094,0.21524266672342168,2.2680393295420513,13019,16369,001777.npy,20.96692828201892,0.265822367095837,8.71825565112449
25.28596629319175,0.03925572668306468,0.9926189817227214,0.19230890647335502,2.275397062894766,528,16369,001778.npy,20.80149751774492,0.272327784145748,6.477503763557121
22.601030881367688,0.04396076005508773,0.9935584955734329,0.2050661966869786,2.6964267124163515,372,16365,001779.npy,18.500442378446568,0.2920986681813656,9.145860857740969
26.75435779226218,0.03737400645845883,0.999917540919925,0.19141305575434525,1.85610400519023,4881,16384,001780.npy,57.138791783054685,0.1453874591874839,8.7897472878576
35.51770388231966,0.028129631180028425,0.9990999105711157,0.1672834787489238,1.7327999421915354,16380,16384,001781.npy,60.90784568441682,0.1313684483850032,5.728203253552885
31.392727754338434,0.03185643097612786,1.0000602648584556,0.1778080401133028,1.9440638245773416,14606,16384,001782.npy,56.49229810841256,0.1347476041773373,3.6050884919088895
33.77666824540134,0.029569500164118342,0.9987591972257657,0.17147038128627337,1.9142619413784145,14050,16384,001783.npy,60.46619667476913,0.1302640320209564,4.033181056423596
29.588968564237565,0.03362927948098141,0.9950556934007184,0.1801466210099741,2.373189404239549,5746,15552,001784.npy,39.470667276499896,0.1819596939625705,5.59044079051741
31.9465887863728,0.031107452164927146,0.9937769825046898,0.17301336012641197,2.8018992956865034,15440,16270,001785.npy,47.81261712879266,0.1586418531157936,4.266431580643163
32.023861402818945,0.03107622959445466,0.9951808694549964,0.17310117449116816,2.953425116892332,15832,16320,001786.npy,49.359360841174166,0.155846792269934,4.331593725042652
33.35396828649415,0.029741564707753243,0.9919992060531153,0.16894377346766956,2.094061573303138,15971,16299,001787.npy,50.44478085325861,0.1529016537544407,3.88909479686925
22.665373766756016,0.04393680968476664,0.9958442136240614,0.20641135935729538,2.3550841086323056,13056,15417,001788.npy,34.12757153581192,0.1883022041352141,5.520787369558115
24.224758784866328,0.04111578113619602,0.9960198802757058,0.20165054934648646,2.080167077413885,15625,16381,001789.npy,43.43843811440642,0.1597039070842164,4.1346325081779245
36.57181706168294,0.027183789651771997,0.9941605821878754,0.16310900119345864,1.89241041172508,4453,16371,001790.npy,54.10794902902035,0.1450432501928895,3.745029187877194
38.36790239823563,0.026012548151306766,0.9980469085987427,0.15955843330779237,2.0152764433970107,1186,16375,001791.npy,55.93131940299206,0.1448565295639199,4.672627915920494
19.202428509196967,0.051814617867329375,0.9949664953287521,0.22280978899098602,2.2666692015495324,16305,16382,001792.npy,20.376315567639388,0.2525708601887038,7.572251544686069
21.148420509908636,0.04695034899319546,0.9929257235950631,0.209236534141976,2.580402412666231,15850,16350,001793.npy,19.86144145172817,0.2932521649466362,8.33191426397226
19.5905213260272,0.050590823580729555,0.9911006082595621,0.2163976553299743,2.575887003874256,2325,16346,001794.npy,18.991623632267583,0.2984236713648993,10.738516784487215
23.33741517001835,0.04252421222114556,0.992405195382842,0.1977738064038078,2.5259580938306554,2915,16370,001795.npy,19.00989561519622,0.304216367646424,8.81552148962034
32.98230806159508,0.030269265865268236,0.9983502515666012,0.17390431774183926,2.5612549018207074,4473,16151,001796.npy,46.90879317794366,0.1524788683243741,3.370990772688615
22.616712288360432,0.04392629201476169,0.9934683083923694,0.20116352006786867,2.554133835919741,516,15910,001797.npy,23.711156038578643,0.2464305605763559,6.352469216716323
16.992407571398587,0.05843733940701056,0.9929910885920753,0.23875279831438337,2.990232103123369,2035,15913,001798.npy,17.028758544202333,0.2879943346930871,5.906444602584017
25.01342696388119,0.0397954308728102,0.9954201036332205,0.1924435385505963,2.442336295855959,5402,15749,001799.npy,23.8883973314261,0.2468209948541788,6.404608461138367
32.75381845467666,0.030528438291027436,0.9999229254891121,0.17365266948671357,1.8087730469278276,74,15328,001800.npy,68.76985782165931,0.1215889502585503,2.2152770661079635
42.64101603147261,0.02349047602026436,1.0016577645670155,0.15278477799656986,1.6372925101686522,1042,15605,001801.npy,90.80648216810842,0.1050132683760221,1.579306508648052
36.88891017928897,0.027129733576565045,1.000786305093948,0.16424257951832907,1.9032765785545198,1022,15688,001802.npy,80.14123003628164,0.1118903766652382,1.8009695819832263
31.253408832143098,0.03196069427552034,0.9988806447519727,0.17768718529487665,1.8414936661385661,13419,15708,001803.npy,69.27974290035955,0.1200753562251411,1.6988344698088822
47.408589097206004,0.021101800983689946,1.000406612046774,0.1446564799006142,1.881800058297451,14076,16383,001804.npy,107.69003600225253,0.0974286796851523,2.799947345530125
38.8681388127366,0.02562872506507631,0.996140843422848,0.1592734257445073,1.7957013052327067,14176,16380,001805.npy,66.7856506997449,0.1265530402553604,4.032378170287746
26.55617910088878,0.03757716489434819,0.997905921037941,0.192956151034716,2.0556453019859138,13461,16380,001806.npy,50.06630291516112,0.1454335615053687,2.5901436988288085
41.25149880928941,0.024187268217217405,0.9977610660625074,0.15452768642274778,1.869177459166868,3975,16380,001807.npy,70.15944381474374,0.1236329202323517,2.697142101889193
28.13716013746432,0.03536045382288198,0.9949427517478426,0.18586449845045558,2.3274059272306014,116,16061,001808.npy,45.48456015821708,0.169100192075588,5.29653253164428
28.398102217268562,0.03517650353857126,0.998945943134456,0.18503813509028538,2.7749572038613084,2726,6887,001809.npy,61.96133347722066,0.1320509644916847,4.556920221778208
23.441297971236835,0.04288970358273982,1.0053903215810283,0.20571949326652247,2.119622613603742,1015,6456,001810.npy,46.33537395309005,0.1555370836283323,4.152113147286268
24.163501030646902,0.041211865260796496,0.9958229487041373,0.19830762997622586,1.8623601950331405,5145,6740,001811.npy,48.61261794533126,0.1521415718530564,4.235189838075202
21.570913588191036,0.04627616364148653,0.9982191271034938,0.21053733095411384,2.255069777057735,2404,16145,001812.npy,26.84215344888132,0.2213910078511125,5.887762328688544
21.174994146096587,0.04702515368905056,0.9957573540849379,0.2139825525435794,2.654140969172916,6005,16357,001813.npy,30.59962094172007,0.2007808557753884,4.734861643541741
27.454088122468484,0.03626611722204688,0.995653178073847,0.18698474172616972,2.3629825617124576,143,16366,001814.npy,35.16376100099768,0.1904703533838193,4.369917603475488
26.932581967245508,0.037016044120429005,0.9969376423766304,0.1914163382051245,2.1251025431680204,2326,16383,001815.npy,50.31947084844992,0.1449942369557638,2.5092644491134046
35.399421839862136,0.02818427893723126,0.9977071793513907,0.16694699198499355,2.412322133755771,1977,15593,001816.npy,55.47343736285207,0.1447272346968615,5.086419333010921
30.1635922879672,0.03318044607583338,1.0008414473643192,0.1825947569108779,2.3075523918019583,2180,10662,001817.npy,44.30539577388152,0.1531209353760672,2.413809730275783
26.956176578866003,0.03700984644729372,0.9976439559899661,0.1922275013214177,2.1068621761573656,9023,11448,001818.npy,46.786324300127376,0.1479962970717997,2.310862556664089
31.546988107759628,0.03166319006530645,0.9988782804439553,0.17783684477907788,2.186339851682638,433,11476,001819.npy,50.1596624055163,0.1434707295264077,2.327473629294147
19.442824200313282,0.05105248490897648,0.9926044890743766,0.21212980975971724,2.3587040321367194,5521,16358,001820.npy,23.023241611191665,0.2559919320203682,8.095956040167223
23.47852497194899,0.04242243606734176,0.9960162245779929,0.19879388689853814,2.3569984247879425,13065,16209,001821.npy,21.672714358643013,0.2550294347020252,7.590340995387124
19.08135428241879,0.05204287384659487,0.9930485137421038,0.21974073694200374,2.3403769881073733,13837,16197,001822.npy,19.5887048651436,0.2594917010802313,7.832500871671107
19.918615094262314,0.04985227312441195,0.9929882399391994,0.21574351827481605,2.550483496506587,10248,16239,001823.npy,23.2185039308946,0.2359179473344512,5.803743367323006
24.765772763350483,0.04053176305686717,1.0038004335643362,0.19647628371346468,2.4625110041938765,3115,10075,001824.npy,29.58470715519454,0.215032578885862,7.030243264217405
20.08065945078024,0.05176684898087215,1.0395124652248637,0.23325771680058838,2.075801183626355,26,766,001825.npy,41.66651640644415,0.1620316525639825,2.3275236109259305
19.503774314854287,0.0532679889996388,1.0389268356550958,0.236800898331602,2.0014423002064414,373,404,001826.npy,38.98621826089092,0.1617262152245103,2.1853911177276824
18.69473018622546,0.0566722535233325,1.0594724886640663,0.25494150929673115,2.3484956865378708,38,158,001827.npy,26.88433104589253,0.200328578495783,1.959238971482663
29.55203966364402,0.033805346359352846,0.9990169364548194,0.18100334106226587,2.0584945290152556,701,15149,001828.npy,54.14519397996876,0.135370123934239,2.043212573841224
34.24533606070718,0.029021614981930118,0.9938549580806513,0.1677526291847438,2.076482699443043,1231,16312,001829.npy,37.43010825091798,0.1859575151191144,4.068473388117581
32.111286747216155,0.031013593683331446,0.9958863998271077,0.17480894368280903,2.1481234809898426,374,16313,001830.npy,36.34133378754129,0.18809048016974,5.59790461550502
33.38588484909554,0.029907027989578318,0.998472592638739,0.1709330044826585,2.3077783055681027,2396,16314,001831.npy,38.60938662839215,0.1822128039015463,5.308638836495425
20.98937224792358,0.047339943569739334,0.9936356977809552,0.21155825791339714,3.0036989182972222,15330,16320,001832.npy,16.509445560049034,0.2976770773414379,6.733308050392105
14.515458096344622,0.0678165257386085,0.9843879375984482,0.2443791676221729,2.781919573216745,131,14255,001833.npy,14.456507756801075,0.3155453144959744,6.372337095490194
13.259135103510047,0.07421436572472966,0.9840183017654958,0.2561408584220176,2.520199138574537,42,14379,001834.npy,13.828371687117082,0.3236307136041248,6.783871231309626
12.696016414093421,0.0776711334649667,0.986113985372458,0.2620184199721617,2.5889709493866304,1405,14846,001835.npy,13.21117835096611,0.331892918665566,7.192209171060018
16.72945483895392,0.05922244420835826,0.9907592058361977,0.23146865427748387,2.304216586190023,13816,15750,001836.npy,13.520714513120364,0.3303301029032428,7.129281038610411
19.660022192095365,0.05044367692337043,0.9917238077643515,0.21275957044875302,2.1102859565861434,1069,15693,001837.npy,21.98640907430812,0.2409817918887048,4.532305145679302
17.22495728977188,0.05765345357682226,0.9930782754686092,0.23085909998698045,2.8134544539067496,1191,15690,001838.npy,20.382926308830893,0.250273122751503,5.366573254760255
20.66979128023528,0.047924414206809575,0.9905876388822964,0.2058156809003902,2.704897789485883,491,15691,001839.npy,18.44547813384369,0.2783047944992623,5.7327754189322455
20.37908504469411,0.048855082526668994,0.9956218816765366,0.20527292183292384,2.971173272332456,15185,16074,001840.npy,29.491259453902465,0.2391030222909511,7.346857746143178
37.44542746162644,0.026678138892526335,0.99897431471129,0.1606602210573818,1.8933688855738224,13751,16232,001841.npy,52.811419472209145,0.1491288199347314,4.663702464696381
35.28837185049837,0.0283830084536727,1.001590156549041,0.16718015682183446,2.2827021656656576,14643,16233,001842.npy,52.23889641678865,0.1478170125540418,4.882201821831393
29.284141907414405,0.034082136497479654,0.9980661217000619,0.18395943426835287,2.0768901474777204,14003,16303,001843.npy,46.91830532939082,0.1537251220490582,5.910095892805144
40.616179008273754,0.02451365750071617,0.9956511011966006,0.15541112804255,1.813274686614406,5246,16221,001844.npy,81.32273588584832,0.1120076152584299,2.800794368934866
22.1791533306877,0.044897347972868394,0.9957851648314887,0.21014284344428572,3.0325852034812373,759,16334,001845.npy,37.85754382848276,0.166464300123236,3.00911961083678
29.986788414886203,0.033339891639209654,0.9997562763602135,0.18151656810699687,1.9343053802755195,11997,16356,001846.npy,46.95714777090252,0.1501370949550291,3.266052099504389
37.396255792803274,0.02667718599019377,0.9976268711214741,0.16267814052058086,2.2088309601770884,988,16352,001847.npy,54.14479855495329,0.1394672452273903,2.7496954347716267
5.448248557311016,0.18072159070358754,0.9846161458257727,0.36790141861760745,3.266413660181233,6317,10621,001848.npy,5.14045050079969,0.618748236846425,9.310536171624266
45.56473733094447,0.021896648219701588,0.9977150245587957,0.14756364047914722,1.68848233340263,3951,16383,001849.npy,102.28509731815905,0.0988907216472924,1.5867401669457164
43.69635565502767,0.022850677935759296,0.9984913500394318,0.15055059805196913,1.7366985873625336,1693,16383,001850.npy,97.8444928692134,0.1011865093811149,1.5877025884719282
41.21796741539969,0.024197332801561795,0.9973648749543561,0.15493629644557733,2.059836244165882,14668,16347,001851.npy,82.9065961572141,0.1107061144819751,2.6267420004079507
38.00936314036999,0.026215992235198885,0.9964531689527945,0.1581577775115811,2.0262997666239846,14328,16306,001852.npy,84.51880824953449,0.111743612795963,5.857212732490138
39.99562245451925,0.02494511648634945,0.9976954610720364,0.15738313974379375,1.7405107116057879,13329,16317,001853.npy,88.46167820025249,0.1067754889265439,1.867030070820028
42.48961641547121,0.023518058272940123,0.9992732748539251,0.1527680456751934,1.754734765003812,7617,16223,001854.npy,95.0262673859446,0.1030658730004763,1.7418691028701787
45.85829570594202,0.02177800577775342,0.9987022288419302,0.14682863415067218,1.7626243474279883,2853,16292,001855.npy,101.54789088980267,0.099775421104107,2.158227017724751
36.18373963747379,0.027642431722987113,1.0002065524112118,0.16572344697127023,2.0908954535661146,677,13135,001856.npy,74.3816116852488,0.116793046254041,3.090779525256497
41.45463080955239,0.02409429613414529,0.9988201508570185,0.1543186458217823,1.737864598116041,12127,16226,001857.npy,98.09921539213391,0.1010370615157453,1.6328433654565275
46.71667719964389,0.02136589031965585,0.9981434011463585,0.14576583529291254,1.8484751107590327,3779,16299,001858.npy,104.40666683175442,0.0980172096245897,1.655464196393469
36.30015897544681,0.02758827982852098,1.0014589436344241,0.16520785366497218,1.7841107204714597,42,16095,001859.npy,85.58782570771179,0.108089901691929,1.615641210446079
26.441959087970904,0.037699616143177926,0.9968517076901182,0.1928008958984678,1.93602350211094,12470,15438,001860.npy,59.41502111960499,0.1299669488270092,1.8351704604156052
27.10653969327875,0.03685395782527735,0.9989832706453017,0.19092380517158386,1.8686822154245288,13435,16380,001861.npy,53.24393535187336,0.1380586099560581,1.9654828296215665
43.54471639321352,0.02293657926150984,0.9987668389729087,0.15067945496152424,1.9897599933306547,16242,16360,001862.npy,83.09356547752398,0.1103977540949231,1.988726234707525
34.74803435587292,0.02877365279133317,0.9998278757372037,0.16913509507552804,2.201655833452017,975,16243,001863.npy,65.37226674195182,0.1246531860197401,2.6298377581591104
17.27501579645629,0.05758459293427747,0.9947747525721486,0.23211567409770914,2.4765698963722262,2452,16361,001864.npy,18.21116389868681,0.2841609334104941,8.597266524836796
38.730540072000665,0.025783201885418213,0.9985973338076732,0.16002194958793908,1.8239569731392984,8527,16245,001865.npy,84.17422770331363,0.1090923233949588,1.8429420166706805
38.401960913313985,0.026080510085704757,1.0015427289105252,0.1610355086137635,1.9197447534044014,906,16254,001866.npy,82.3404146776598,0.1103201589303579,1.9012554626906808
48.76042475359961,0.020502966776224422,0.9997333687176436,0.14311926533351899,1.8337110735410977,13622,16303,001867.npy,101.98251486527712,0.0993612849845633,1.803944657247754
27.673660926671094,0.03612378474114659,0.9996773703145457,0.18943259792289874,2.0749145205976713,721,16272,001868.npy,64.18986640669829,0.1258211435423444,1.8111795361653675
29.5221995655675,0.03384331061512529,0.9991289699392178,0.18309452838350107,1.9431802118582535,1565,16361,001869.npy,68.76610841771338,0.1206779098104677,1.764471425212675
41.35998141504155,0.02418893310867403,1.0004538238244411,0.15505443700678317,1.7957318053126021,815,16355,001870.npy,94.73653090821388,0.1031847615954915,1.9167688117501336
42.94575074310054,0.02330284170826341,1.0007580316090077,0.15212277466137336,1.7919646665612738,14948,16359,001871.npy,99.78992757049107,0.1005003239115918,2.0100830746702227
11.029166626925342,0.08905257115121507,0.9821756457828756,0.27572867789212013,2.8348953576509937,787,16294,001872.npy,7.605315709298395,0.4935229045578264,10.298185824855087
8.29244429297062,0.11851060371813685,0.9827425794589666,0.3202284269177978,4.202570700262664,9859,13786,001873.npy,8.34566724303545,0.443033152691372,8.614166228051829
9.175404154011245,0.10695398726447307,0.981346059034512,0.3002070178564361,3.368009656539998,9876,13830,001874.npy,8.7665358842816,0.4362749677630987,9.078642202559488
9.720008609849737,0.10118788270252117,0.983547091080971,0.2860860425912118,3.183921151682077,12117,14621,001875.npy,8.816016626354147,0.4386103456511541,7.645172140752639
35.56507586549019,0.028026613757261464,0.9967686445297951,0.16614789163579435,1.965075881868403,822,16246,001876.npy,53.64939635475848,0.1447606267139609,4.053024400690005
29.37617353163222,0.03408193609544287,1.0011968690337296,0.1838907260689896,1.854278740655109,1604,15044,001877.npy,60.12483140631928,0.1289019134301085,1.6867920629554605
28.062510878053285,0.03565706669343798,1.0006268219640748,0.18837478489694554,2.1124681172270803,12624,15309,001878.npy,59.308311769718095,0.1298235569243779,2.0768009096821496
27.283035318657404,0.03678456933775205,1.0035947044234914,0.19107445554978747,1.9993973925609838,10401,15134,001879.npy,55.89539657680462,0.1335380337271232,2.192841589964928
38.75123129080213,0.025773668064629923,0.9987613723848346,0.1599449043663374,1.9933725860890887,877,16359,001880.npy,77.91944105806019,0.1158947411781766,2.3457153878281187
35.350523146445,0.028247074062636438,0.9985488454705755,0.16762123948438595,1.9962392437639163,4220,16371,001881.npy,74.9669507347803,0.1171612866272408,2.2921117901671746
29.955503675008387,0.03333307022917149,0.9985089077492592,0.18181750165446814,1.9075601470213188,16083,16373,001882.npy,64.5836126073518,0.1259213490426442,2.382442407164425
35.29999241737842,0.02832207198863973,0.9997689264434282,0.16787377366132236,1.8386840514111096,753,16376,001883.npy,75.06750558222649,0.1170463063807557,2.0342024059115764
31.99597538642868,0.031239407528287383,0.9995353143616978,0.1720656133963218,1.9233245231682954,3352,16375,001884.npy,75.53064315983983,0.1186267677592586,5.102185728684123
25.345015531335367,0.03938699346939119,0.9982639612143244,0.19501704378060336,2.169277917851227,15860,16355,001885.npy,59.31799651040277,0.1348140433142602,5.190056383289662
31.973880268775698,0.03125687091636235,0.9994034482563472,0.1725337110824955,2.805044462697748,15200,16320,001886.npy,65.82199317294011,0.1374788030478579,5.376199645821252
23.007441896435182,0.043386096869261113,0.9982031028326334,0.20307368705990772,2.4063520884788745,13956,16319,001887.npy,52.15741246754877,0.148670316505967,6.494781505287775
15.272314160953341,0.06460285776828788,0.9866351395326776,0.24191531158413518,2.332054879249188,12393,14222,001888.npy,15.211956258693265,0.3044705073284977,6.451138231534424
44.57957699638418,0.022450152575661235,1.0008183053272628,0.14944972436269502,1.780923230126999,1150,16291,001889.npy,92.50505658758888,0.1046579875811313,1.922179676003238
43.3381306738556,0.02306494697980773,0.9995916861964586,0.15098285562767466,1.8805042246071288,15547,16294,001890.npy,88.67278782804847,0.1065532630002985,2.0548554682586158
38.215306440994645,0.026204980809089184,1.001431371899727,0.16149011570609584,1.8291722081468773,10601,16278,001891.npy,80.94309442108958,0.1117097187614477,2.005120122890085
27.34588330423507,0.03645083699135365,0.9967803347072519,0.18977497042499836,2.6863088337327734,4922,16286,001892.npy,42.831580801514285,0.1745100249000392,10.063838232203198
17.11177863093653,0.05812287252762771,0.9945857280869078,0.22717489173640362,2.7322454592904504,119,16211,001893.npy,24.241156283132167,0.242796371521123,5.966507811723594
18.27475514826992,0.054588690091456366,0.9975949452861534,0.21749392063663686,3.882603758822196,1099,16179,001894.npy,28.592507635335732,0.2233522723259357,6.558846408249967
20.619067551247902,0.04831686317378888,0.996248665644755,0.19890339991581688,3.834031958057644,2465,16164,001895.npy,34.955263059820105,0.2042530031717452,8.063148699446785
31.413092436063103,0.03182339135592587,0.9996711342927108,0.1778474825421282,1.7659685974966253,12592,15908,001896.npy,72.37566517976934,0.1181745684742697,1.6995105711832406
32.4745677662055,0.03079996306304923,1.0002154876876186,0.1716077342391862,2.3769962266511366,2685,16384,001897.npy,43.72377601066508,0.1587642833926695,3.417955751551218
29.23180271253925,0.03414343785654959,0.9980742393505015,0.183480172388574,2.175092214680203,270,16384,001898.npy,44.870631749810194,0.1536968019877901,2.684480349996188
27.850487963770334,0.03585610713044653,0.9986100800641606,0.1878985974331493,1.9925813957992093,4221,16384,001899.npy,42.320020346348336,0.1584896888717663,3.0630979552653472
31.824076921154518,0.031362077712395645,0.9980691735265048,0.17507983613632896,1.8839534816747572,13932,15597,001900.npy,67.29393905393346,0.1241610373487773,2.346266182314201
43.89161692219734,0.02284366067998492,1.0026452036665603,0.15122489933647573,1.8180974761837383,2850,15048,001901.npy,90.5194840487668,0.1079418423040331,2.314393415744169
34.371223016369996,0.029150151979517844,1.0019263746490872,0.17162555704972768,1.9671052987492057,931,14827,001902.npy,75.44375039529217,0.1175896669441745,2.2107267226424177
33.54321219646327,0.029955030483689627,1.004787943865927,0.17314827635021174,2.0421667927416434,2758,14944,001903.npy,70.47367921237456,0.1218444769333615,2.688458366195281
38.88027473862661,0.02559176800920634,0.9950149712451379,0.15716642787577997,2.09079697881616,16197,16203,001904.npy,64.7782794348155,0.1358700659824437,5.924490777388724
28.757006013180273,0.03470352103545995,0.9979693630952499,0.18543149482965424,1.9326687216594287,407,16344,001905.npy,61.6721303266937,0.1308781362475982,3.175689299384591
28.5200323873648,0.034953171040284586,0.9968655701100178,0.1856834225711224,1.9565380965687527,11018,16354,001906.npy,63.75401696506864,0.1279219096161362,3.03171930928656
29.182738533688376,0.03414638374342108,0.9964849886552446,0.18318946109017373,2.3435491249947176,16226,16344,001907.npy,65.73129333659173,0.1255788862034008,3.0963008166314894
23.691320899288474,0.04185545522250965,0.9916110210622758,0.20033547579446104,2.0683281867385785,5503,16301,001908.npy,16.854796219567692,0.28256097393539,5.107604120909272
29.943642768505697,0.03329690119230113,0.9970305146004965,0.1740717260712843,2.1499730299639914,565,16239,001909.npy,58.44354484774124,0.137598628469425,3.833053129110293
26.940907938777016,0.037008111433530416,0.997032123118744,0.18801399252049378,2.4747158514693552,1026,16148,001910.npy,41.537853364846974,0.1724549873949222,6.105161405415406
31.789549392672633,0.03137065999595141,0.9972591454220366,0.17348622701911412,2.4453507544463435,1074,16324,001911.npy,61.45322886185019,0.134750764751582,4.636610673980196
17.795255628422304,0.05554852562151732,0.9885002132168665,0.23039181586878812,2.332220243658414,16117,16362,001912.npy,17.170705718381065,0.2778917595354299,4.897314007864128
12.2006921002006,0.08118593407461105,0.9905245845115138,0.2745974236293681,2.6206175616190364,1784,16288,001913.npy,12.22464692285866,0.3230683333123491,4.818890822172326
11.873056727335998,0.08312967207273829,0.9870033122444608,0.2786297175004262,2.819075810149671,2712,16290,001914.npy,11.965016837548504,0.3255965241534605,4.863318365463364
13.957452618596136,0.07118116164802638,0.9935076910389606,0.2596587629968452,2.43853023229784,2247,16308,001915.npy,12.336513788269514,0.3214746044810527,4.021550764410351
30.31211118683343,0.03287156752505381,0.996406609704934,0.17818653047477284,2.4340251878764985,9860,16379,001916.npy,31.98137298632509,0.2155806709785807,7.0027736134994925
24.445331982797427,0.04075043083822435,0.9961578102824202,0.19674587460570458,2.287632464554357,1392,15754,001917.npy,29.047814632916488,0.2060620109934793,5.381981930380426
25.34417048939963,0.03928070742026808,0.9955369458034994,0.19353322614620908,2.1105526955999476,12709,15898,001918.npy,31.342300916734622,0.1980017082532387,6.288847505138492
25.842582329321754,0.03841836484124847,0.992829756367884,0.18812631400458044,2.2716412021000862,2542,15789,001919.npy,31.45745560192518,0.1992474876452235,5.533639021616744
30.397959454628555,0.0328014328749474,0.9970966265863711,0.1802867323493843,1.955567720255004,15775,15785,001920.npy,60.768389113721945,0.1306488019194585,1.9958524550967047
30.365034605741865,0.032893907434490194,0.9988246375663643,0.1784735524692404,2.0428986576445927,1900,16202,001921.npy,34.74441719267795,0.1915310286536321,6.409914038687031
21.814330912658924,0.04569778351080539,0.9968665714797573,0.2099944701494,2.0900457872061664,4251,16246,001922.npy,34.824715937895455,0.1791898881284887,4.646174403632137
37.70120306995556,0.026415961097558154,0.9959135136270861,0.160303398792169,2.0643774587545147,4247,16242,001923.npy,48.12171391694198,0.1547044437956348,3.985566252132549
29.994025145308104,0.03319755139345405,0.995728191257919,0.18174585471104082,2.104641251538163,15524,16374,001924.npy,49.033282527474064,0.1500712519457357,2.9556265854990578
29.679484780743294,0.0336202138503829,0.9978306252977742,0.18231412622336518,2.0119623091476284,15555,16384,001925.npy,51.86486766478681,0.1412086722626878,3.1912205488245617
27.031776578747888,0.03696652749646128,0.9992709121764818,0.1919337284550837,2.2113854384850002,11313,16384,001926.npy,52.13779001729719,0.1398445843458414,2.811934355895077
41.84013801379201,0.02388063145405415,0.9991689158941282,0.15408525747280657,1.6480344227154782,1889,16384,001927.npy,69.5148369078193,0.1211908268002228,3.297435009274262
22.988821495666517,0.04329835265234689,0.9953781001812215,0.2042465017191596,2.311479843005833,10850,13937,001928.npy,24.1326497407844,0.2303528845728041,5.136089388919728
20.018446687541875,0.04974496470569532,0.995816923934614,0.22216340953576297,2.179184683012738,16064,16364,001929.npy,29.44644325409664,0.1940405139231237,3.033301628719915
20.225675770788726,0.04932699560393439,0.9976718198322977,0.221673145645622,2.1911248485777963,15472,16364,001930.npy,29.65391302417884,0.194044174590455,3.6056146428523297
21.76834028608655,0.04572743356862667,0.9954103343312823,0.21305633266064436,2.1844824009560875,14220,16364,001931.npy,31.653369456347832,0.1869319619882777,3.2175360296736635
34.249084377914,0.02911767941014256,0.9972538590070217,0.16908778460414103,2.0051279649265066,15118,16376,001932.npy,65.21684903909008,0.1382677856235984,6.907148754336305
24.623791859024585,0.040573442153426016,0.9990719945901365,0.20030700271186933,2.0559731514588155,892,16381,001933.npy,46.314691070369214,0.1495593925234298,3.1267188509442057
33.50897080818762,0.029794368039373662,0.9983786088797703,0.17147976535075224,1.8878647164687223,2295,16384,001934.npy,58.60236024854997,0.1329438775859633,2.8553921983398265
43.28177340896624,0.023092327558622127,0.9994768888779094,0.15154173242176108,1.8423615704060208,2535,16382,001935.npy,83.85847445780577,0.1099127820527954,2.16130540908747
48.218362874202576,0.02071044885098147,0.9986239379842363,0.14323941023369824,2.097607261246582,632,16384,001936.npy,105.13958415493606,0.099972649757321,4.155396837489402
27.934691221099335,0.03576351879296281,0.9990428544613992,0.18819391297228363,2.240062573568058,1164,16384,001937.npy,36.48085507541005,0.1758910126546664,4.881765323445443
24.605795489178462,0.040570770501452455,0.9982760817971335,0.20024367108608282,2.2909780961740758,275,16384,001938.npy,39.8853590481484,0.1624069713049029,2.882726711921719
30.23332202078455,0.03304754743620965,0.9991371436360792,0.1809045002244156,2.0569335039286614,16258,16384,001939.npy,45.04200678328224,0.1539749694525325,3.566262754905556
29.710564640440992,0.033564906310287655,0.9972323185821472,0.17708229579838894,2.190053827896727,2440,16382,001940.npy,30.8349341993382,0.2096556764372773,6.006415066389225
8.732360353368984,0.1120840888504418,0.9787586537210845,0.30481071758187184,2.9344363840240266,12688,15490,001941.npy,8.733790812354181,0.4074921207214084,7.000895131329605
10.445288157116428,0.09413137607358203,0.983229347714459,0.2810168999036554,2.5231702846147424,2178,14067,001942.npy,9.068941212492511,0.4005513564476805,5.993736175132107
9.207610876034938,0.1062941218321138,0.9787149122399538,0.30059918879175385,2.484876662587362,1169,14675,001943.npy,8.582446164301114,0.4119322016802118,5.709600219518791
28.83794798933113,0.034514279690110714,0.9953210025926406,0.18342573906485618,2.109230246383564,77,16312,001944.npy,37.88805469129717,0.1759652207507767,3.608179998545974
21.829109491730062,0.0455318565514418,0.9939198820231697,0.2115598013135595,2.1886819223673837,16171,16374,001945.npy,25.239633035234565,0.2231735497716888,5.571054405128915
27.294983628641972,0.03637918208876358,0.9929691795361874,0.1884096063982015,2.217624638422861,16241,16372,001946.npy,28.181138087428344,0.2127541679090866,5.867733898304148
22.54559932914617,0.04406153032752704,0.9933936085934473,0.20710205735136156,2.1770478032952276,16123,16348,001947.npy,24.532145916484197,0.2263468601583058,5.557666118966074
28.608260322040156,0.034746567919918404,0.9940388603504751,0.18371928228426107,2.34156586630865,15411,16381,001948.npy,31.23761315266129,0.2012540400472572,5.481757169491256
31.53900552827516,0.0314126205676036,0.9907228137392599,0.17441944931440712,2.073437810220598,10099,10822,001949.npy,58.46006795033945,0.136963938806392,3.301473052744208
26.39897340874952,0.03749274955810166,0.9897700986052311,0.18851284982729108,2.047710963384143,2350,10071,001950.npy,47.73594757336061,0.1552718475710049,4.210888564925093
25.076516637838843,0.03940302049822339,0.9880904991048037,0.19203863615556147,2.0836540446173695,9802,9848,001951.npy,44.87352999342611,0.1632843229010284,4.744989241626745
17.60576773822423,0.056348547318464684,0.992059436475227,0.2313603172579118,2.489280909236809,14833,16375,001952.npy,17.28451196864996,0.2823960361619058,6.882285636638372
20.81428738532001,0.047982661295331894,0.9987249017135094,0.2123558312792385,1.8977521137393656,4774,7836,001953.npy,30.945160525827585,0.1940393771442536,5.021273683313014
25.753247185373922,0.038840590272438864,1.000271322111948,0.19342807402806794,1.8581606011123089,4442,8047,001954.npy,34.831266459023524,0.182216023077938,4.112683882454194
26.461902623979263,0.03765459389158002,0.9964121969044748,0.18955964995061034,2.064840130531632,977,8819,001955.npy,35.043369812497254,0.1866653752454717,4.661911037691231
17.611061004329834,0.056346905795294416,0.9923287953661563,0.23227478525595335,2.4154100803801106,1199,16365,001956.npy,16.196522399255173,0.294290972236752,7.066570799728593
28.416550823566244,0.03513891621794855,0.998526798592371,0.1870499413113785,2.1806298034179097,16359,16382,001957.npy,47.422013516721975,0.1487980328027295,2.588896231062397
26.654518068900924,0.037386155199807904,0.9965099493000139,0.18946608583174296,2.1052911120959323,13990,16381,001958.npy,30.73310495698728,0.1937254608958628,3.145670661116982
39.014020538136556,0.02561629758798404,0.9993947602086273,0.15875236989347255,2.1598625026883167,16371,16383,001959.npy,57.966468036413445,0.1342515180156825,2.3406491594580614
32.6265056091819,0.030534534647360747,0.9962351659458744,0.17150445515159324,2.875923376856844,924,15462,001960.npy,55.324713343433295,0.1495801548818464,5.963113366981268
30.65042203869876,0.03262458140113796,0.9999571887807608,0.1778834899756614,2.1731082132837214,12579,13163,001961.npy,47.936882288169166,0.1555697759789269,4.5127350484151005
30.62742964806868,0.03264083681538467,0.9997049332172842,0.1788142358608998,2.1348251191970826,4756,12649,001962.npy,45.24842670399287,0.1620425329574789,4.215517401159384
33.0210481453283,0.03027203961606938,0.9996144776195126,0.17307402675757644,2.293057086272523,2693,12785,001963.npy,49.43776501897116,0.1548982745259685,4.179523790874256
26.948788067209595,0.03684195360327703,0.9928459996366815,0.18957789998822086,2.3665815512682213,16213,16380,001964.npy,35.734057881754374,0.1866678487074645,7.110196484717482
30.46075854162478,0.032813764725230794,0.9995321641369398,0.1799218912526035,1.8242590528825358,556,16382,001965.npy,57.4906457473997,0.1346336223811751,2.576818122409477
38.46298186175336,0.026011264100080752,1.0004707792826824,0.16047430946092728,1.8963909008632371,14201,16384,001966.npy,78.57027023683176,0.1140145631422781,2.3357698103873656
35.27718913597349,0.028339664899930044,0.9997437187249413,0.1678977095308695,1.8786956779951036,791,16381,001967.npy,64.01239037244686,0.1278202180396707,2.565211351531057
36.71383249410293,0.0272151348770508,0.9991719031804616,0.1639285424240264,1.7843609157749585,14827,16383,001968.npy,77.67979618360064,0.1142554035564186,3.4849772133235937
46.32971051268495,0.021527232127123274,0.9973504325889924,0.145927611052175,1.8292238206769,262,16383,001969.npy,91.24260740527107,0.106026429341802,3.132353181972928
30.518404404014486,0.03270497887923526,0.998103771461254,0.18061260124067272,2.0017782283409,2054,16384,001970.npy,64.76859983473865,0.1253550335469032,2.379190660808432
47.187273631494136,0.02113040218491306,0.9970860698430142,0.14475304634158853,2.0246380474059507,119,16384,001971.npy,93.37849507398766,0.1043212837102938,2.386786021016996
9.523846926615166,0.10297438772854196,0.9807123060885529,0.29179530570042556,3.1222929703556748,1889,16116,001972.npy,6.850240058026288,0.583914705503673,9.380349773525976
16.556357475777368,0.06075205507365795,1.0058327411875951,0.24670041624881786,2.6790505384873864,122,9275,001973.npy,12.990438556755862,0.3723064861145228,11.22781257566463
13.802499884758609,0.07346419255542773,1.0139895092801754,0.26809584478426346,2.655982863514067,60,9080,001974.npy,12.650798985652372,0.3697347815234763,8.320015251930771
17.556162766908777,0.05755998452360095,1.0105324571570884,0.24272189096576205,2.9805395899980476,94,9090,001975.npy,15.769238748571247,0.3308080694538691,9.484830885883037
9.29415831699111,0.1069687424322926,0.9941844271351721,0.2620905808949035,3.719480683419341,364,16253,001976.npy,8.021569598370801,0.6587107250714154,16.105237859966568
36.23145338041421,0.027566758386536837,0.9987837213309518,0.16513514148137035,1.77556191219875,14519,16384,001977.npy,36.30479990773728,0.1755121447189569,3.5546782524279417
29.751521027223305,0.0335518271536902,0.9982178910647758,0.1820510132789873,2.141168695714188,14813,16384,001978.npy,33.74455766048779,0.1806927770090648,4.174140973457328
21.20834506018808,0.04700357035570866,0.9968679391646966,0.21484150245113956,2.0579987167061353,2051,16384,001979.npy,27.83330048820218,0.1987089473702725,3.473829817783508
25.32495037185062,0.039497539168743545,1.0002732192586563,0.19717678790505863,3.099247665820782,2799,11455,001980.npy,35.61336084369523,0.1886973338549838,4.8068746944757565
25.59173792471386,0.03887286830480717,0.994824258038541,0.19567586146769603,2.166158965821194,12293,16285,001981.npy,48.52299064161432,0.150486256247552,3.9225514878435614
41.00457644217175,0.02428041301011242,0.9956080513206561,0.154897841931357,1.97593202270331,13978,16224,001982.npy,67.38975707804548,0.1305229695896543,3.3456481501851365
27.12163158877381,0.03670967299129768,0.995626226614336,0.1896326859579848,2.037889744077163,2430,16290,001983.npy,53.989186447531374,0.1415013707918249,3.3279013843089973
40.91962360066,0.02444584394948896,1.00031473301356,0.15560651740326675,1.9007869010742773,13066,16164,001984.npy,58.722132649940015,0.1400182554962437,3.425111182926806
33.929932675410335,0.02944012404108744,0.9989014266698261,0.17004485827741922,1.8935586921256657,0,16287,001985.npy,78.27122549321501,0.1143176526401105,3.0439372801922686
41.56879614833153,0.024004937653483972,0.997856359871083,0.15296192451755206,1.8316980261310152,4490,16277,001986.npy,99.98853248568736,0.1006808030546927,2.100658505370291
33.833725807804505,0.02951300372432738,0.9985348757736057,0.1705434478965234,1.8939065582033516,14879,16294,001987.npy,76.77706253530027,0.1154370192288443,2.710839530011984
37.27606177861283,0.026824718304074915,0.9999198566965829,0.1594435872165348,2.965211697936294,13497,16306,001988.npy,79.88259100341733,0.1252296244519786,5.606668714998415
29.22160744212657,0.03402189306748418,0.9941744036560302,0.18291400368781946,1.8726140006532777,973,16122,001989.npy,67.98235799747528,0.1211933162192845,1.7637557381537563
25.416969665123183,0.039117834823068555,0.9942568210632328,0.1959417146569257,1.915940900089319,14495,16253,001990.npy,60.155996850254965,0.1286406230615062,1.9635154300881128
30.334222416441257,0.032843120943803567,0.9962705355594176,0.17994675275122157,1.8544497819926136,680,16276,001991.npy,71.85596885850343,0.1180061552475676,1.7361789667280283
32.18260692600196,0.031089279794654034,1.0005340712438457,0.17546560333550704,2.498472241850442,15484,16383,001992.npy,75.01786640686002,0.1203833290857794,5.695292294546195
20.479279287865857,0.0486031499038396,0.9953574811507417,0.21237926286177147,2.9747251915191724,15973,16321,001993.npy,20.27459385458097,0.2556966663980689,6.299041532532546
18.59351654981046,0.0534442319314223,0.9937162109088092,0.21830769580703618,2.5744563320971596,13939,16154,001994.npy,19.81443126395499,0.2570473650643841,5.633073150109276
20.93600023513664,0.047449374813877475,0.9934001222604253,0.20731254217918593,3.1511015525916286,15857,16329,001995.npy,20.804970506619547,0.2520604892077522,5.6278616512728
25.565069362451677,0.039012924643384336,0.997368124540221,0.19469908052771492,2.1285730322056975,891,16232,001996.npy,39.250743271331295,0.1702511330856431,2.997244165394756
36.39067305714385,0.027354745190623114,0.9954575887934439,0.16395013995269014,1.712303912059414,1660,16378,001997.npy,53.47273931664171,0.1419911224735366,3.5278709518680853
31.936269680208,0.031146729701736642,0.9947103594112059,0.17530030582336936,2.2702246911695907,263,16355,001998.npy,41.76569504436522,0.1609759582673304,3.5633133239843
28.73654153596647,0.03461775603181544,0.9947945840902183,0.18319551543060575,2.1348748833398448,1321,16375,001999.npy,42.70756334149554,0.1587908427083446,3.92193612449768
24.61417916704614,0.040612163678641684,0.99963507314749,0.19627359532564406,2.3146470072343788,1283,16384,002000.npy,21.279332878953312,0.2676357690818569,8.118665378899006
40.029094335866546,0.024982972398185633,1.0000457589173228,0.15729613347449625,2.0853371766208064,4385,16380,002001.npy,52.04440515739432,0.1459345344770181,3.827084387832424
31.21557968091828,0.03201781714805177,0.9994547223940817,0.1773900789669473,2.5693969571869033,398,16382,002002.npy,47.71064546645035,0.1495231122535775,3.093993170052214
40.231599556283776,0.024883441826677136,1.001100667152957,0.156763699454879,2.429604195349046,912,16382,002003.npy,52.54613753373539,0.1441138990415509,3.1566012459800223
37.837741417482164,0.026368054322243765,0.9977076211271825,0.16137423092480335,2.012694731067553,674,16347,002004.npy,52.70982290236713,0.1408506380931641,2.517362921649164
7.1320842393846675,0.13792294183832984,0.9836780397347203,0.3393048707617623,3.4939647873348414,843,12604,002005.npy,8.714035876378457,0.3954939596570329,8.435867369010698
7.210630712997826,0.13639039053156357,0.9834607389246601,0.3390433459852446,3.8128778100031764,1262,12939,002006.npy,7.988121707758855,0.4165445904916957,6.847094486256162
7.495655426097537,0.13124965445483913,0.9838021845878416,0.33154026950657944,3.4341115342852966,5601,12633,002007.npy,8.907464160166752,0.3914507967866478,8.934419268914322
27.834027263151896,0.03586066645931217,0.9981467679032917,0.18762157571749988,1.9169857074143024,3477,16381,002008.npy,44.05706670079117,0.1668966610472998,5.9135884361165845
25.806970984147107,0.038794192765372854,1.0011606070493868,0.19596677267097815,2.3466944144946855,15349,16384,002009.npy,53.597701688247966,0.1570231685636713,11.568379915066362
45.74877968007333,0.021842197038309124,0.9992538600343545,0.14868935389229518,2.910577947579806,15093,16383,002010.npy,91.64410869076248,0.1087609344506184,4.731465185049639
33.5887837879431,0.029715060548471568,0.9980927440082494,0.17089789315668372,1.7801926417489617,13567,16375,002011.npy,72.69663310312605,0.1177516280613604,1.8299649879683029
33.04532989548888,0.030195189377343924,0.9978099942310913,0.1733541335943447,2.159780640394387,11103,16350,002012.npy,52.7289501125457,0.1453942860785864,3.326589929967036
33.86356909697931,0.029384454867887228,0.9950625177957693,0.16992788338875256,1.7551984521688007,3203,15028,002013.npy,67.86835037597338,0.1261579669582982,3.114683723596733
33.274680967297236,0.02995222634025858,0.9966507757323811,0.17279107821476852,2.3282953767845496,13571,14844,002014.npy,63.63434469606183,0.1304937881103086,3.299965417994185
35.55122120721672,0.027979527853299328,0.994706383986126,0.16464232744706137,1.7937454899807557,473,14879,002015.npy,67.55937330846476,0.1258518414380737,2.641749641590394
31.280971483835433,0.03188261822210025,0.9973192714355298,0.17444571191233116,1.8623004454266583,6279,16379,002016.npy,67.79125570768143,0.1260702089381505,3.721650812720704
24.003842165893886,0.04153938176160904,0.9971047634744745,0.20129867472555296,2.438446604759265,1395,16339,002017.npy,30.209038540478375,0.2007585888571537,4.188264636759079
25.008236284056863,0.03978054214544126,0.9948411974810774,0.19798566480373006,2.192045876276037,80,16332,002018.npy,25.732617036306667,0.2221676381303256,5.428617599949215
24.671482808241244,0.040285425813985566,0.993901190392423,0.1982989128453278,2.2849750186717785,244,16342,002019.npy,26.36675521371988,0.2218815995066539,5.326877011900924
28.329997491584514,0.03512274154660371,0.9950271799128544,0.18607604615542872,1.9852892498720338,15779,16364,002020.npy,49.03315804369101,0.1500523732786028,2.765716704507608
29.423950361979074,0.03397052028690075,0.9995469026923709,0.183896505196114,1.9282122810250146,15967,16356,002021.npy,61.08274685474106,0.1304630968932052,1.9853016100114056
32.18929801902529,0.030934937922799534,0.9957739359970412,0.17449151285253645,1.9824225056076068,15349,16348,002022.npy,64.21151823711854,0.1272052051071428,2.1478102354474724
32.483886684963934,0.03077288223069457,0.9996228193516226,0.1747437887254242,1.7704924535624078,14209,16354,002023.npy,65.85121903001324,0.1250988664095651,1.8713764376687636
12.959983804223059,0.07613649393434098,0.9867277282993863,0.2495809967918267,3.9879496070329608,12390,16242,002024.npy,10.772593611821462,0.4238783277128117,10.181563616688706
25.68078311717995,0.039012944024258776,1.0018829542496712,0.19639938225860562,2.7435074880668173,16122,16383,002025.npy,50.61314585605811,0.1525676736713015,7.469124411056168
26.488393896412415,0.03770973398514867,0.9988702875275479,0.19230315723347977,1.981890427852698,13564,16383,002026.npy,50.01793731767855,0.1519331076836118,5.738286927220524
25.84673529416743,0.03868686892547452,0.9999292604768916,0.19461579541132815,1.878966908212517,10336,16378,002027.npy,48.58914162731547,0.1552898695494136,5.754057756159112
20.699943531552552,0.047891632693323076,0.9913540923856438,0.21101350093693225,2.5535405436550724,12923,16381,002028.npy,13.824368000247112,0.3319472643165173,7.577271402257322
29.035893455478327,0.03441482028305713,0.9992650550282814,0.18458347064857858,1.9375887377199041,5504,16384,002029.npy,63.81507827307638,0.12802068826648,5.983969847302554
36.50069999497529,0.027374453841308558,0.9991867271879027,0.16486417032906706,1.8408372386210325,1795,16383,002030.npy,76.41533355996745,0.1182406760778129,5.211878168634233
37.747461890608214,0.026525423557603824,1.0012674148728917,0.16252277450282251,1.8175554831571508,629,16384,002031.npy,83.65958817664033,0.1112402512128967,3.879313680633236
21.472036521640852,0.046219613943746074,0.9924292386162564,0.20567211228547175,2.416397458962506,14712,16379,002032.npy,20.59715150845305,0.2770963435242136,10.2879182352781
24.45361052263831,0.04068605909312339,0.9949210427642862,0.1945022523461654,2.644998137678424,13831,16380,002033.npy,27.69868121238321,0.223070349608156,6.705119331671613
19.992054525900418,0.04977770365941901,0.9951585657332177,0.21579714747909276,2.6690530248311686,14227,16378,002034.npy,24.80736429111595,0.2355784237668584,7.1103573549004615
25.32220505343229,0.039355668873249906,0.9965723172234165,0.19226318316635457,2.3625349764048376,2553,16382,002035.npy,28.0809295327859,0.2236925858034735,7.762017675555085
44.03500548391639,0.022752673293633917,1.0019140932589277,0.15065630777531014,1.8878667163651917,12027,16017,002036.npy,85.06431962216524,0.1081631777813642,1.943721666286455
39.46109906348425,0.025262054037602472,0.9968684169249233,0.15694897988597672,1.890013024500004,640,16384,002037.npy,54.07813902833927,0.1414707753727015,3.211029129534733
19.544795345569145,0.05098397428949016,0.9964713433918443,0.2179863787756456,2.6555746012665744,16002,16357,002038.npy,30.64854324216749,0.1888668896121808,4.408959460520906
25.29759992434077,0.03942246358913355,0.9972937119097918,0.19532400025204777,3.1592452350038336,15483,16373,002039.npy,38.34726893966019,0.1659842856062897,2.946396823975738
18.60443497027666,0.05354126327702306,0.9961049508638374,0.22380962695340811,2.8181367390679997,363,16381,002040.npy,18.36970556573969,0.3098260191605463,11.484415256049775
20.21025020283322,0.04927952420654702,0.9959515140908914,0.21693423919724694,2.1849607726386298,14226,16380,002041.npy,17.986157331832434,0.3011363056465624,11.358211676322425
26.52225993362578,0.03749242886151495,0.9943839438080727,0.1875562434722221,2.432380874446467,13329,16382,002042.npy,21.402542880673717,0.2727821760326105,11.39332711364493
21.623600284340828,0.04598258708128618,0.9943090830856267,0.20722745959885142,2.2819798950590253,1046,16383,002043.npy,18.329384343295008,0.3011681709318221,12.273645433039617
28.65367071246221,0.034811943719480744,0.9974899721987681,0.1839297013566186,2.408570070622699,13562,16381,002044.npy,30.128638597676847,0.2094280353865098,7.115623408406638
34.431041354632285,0.028901635283269007,0.9951133996547348,0.16664491106783308,2.3160517322398473,531,16382,002045.npy,33.03476912723314,0.2003192886996698,4.94832832134393
29.282891636076496,0.03400188811874879,0.9956736052033177,0.1812956297049831,2.2672850523545707,12928,16382,002046.npy,31.032821952531187,0.2061581373025602,4.968852073186147
22.269018628749578,0.04474297875908451,0.9963822274917997,0.20851644828791954,2.249029430344892,9735,16384,002047.npy,31.27764002340264,0.2011572937811793,5.910876958353347
13.69101040117574,0.07214990928923613,0.987805158522818,0.2563130086225037,2.4476375332604006,940,10311,002048.npy,13.484401211356772,0.3281356044543574,5.883181214494009
23.96460361484403,0.041685036792278266,0.9989653833971381,0.2029468028351857,2.1593400947346564,2178,16146,002049.npy,47.88140909237091,0.146547942474583,3.1012831412773543
38.53506371520309,0.025970908163855503,1.0007906008358598,0.16080240756494174,2.055866230377105,16140,16207,002050.npy,71.55885914712837,0.1203095537429016,2.783455614863561
26.835834327949723,0.03729669901454074,1.000888035733621,0.1920363817956675,2.106064828709857,3814,16184,002051.npy,53.14896961321986,0.1389978085478432,2.248326794493293
34.35442077129837,0.029005804872777853,0.9964776254095871,0.16734561108163382,2.236337331363094,8847,13709,002052.npy,41.81387231432779,0.1744000446789425,5.262376921929807
24.28783136928764,0.040900207362146515,0.9933773393807115,0.1960515124853821,2.313686135684057,4596,15938,002053.npy,27.93553698017669,0.2152883794946845,4.956641055515403
24.665916108169643,0.0402066958792372,0.9917349875439548,0.19418567313524213,2.1818655541226946,13684,15715,002054.npy,28.85884589989813,0.2160319969909601,5.728147595424061
24.092912938321014,0.04127122338208693,0.9943439918026189,0.1954894050497094,2.1332723256286,9622,15708,002055.npy,28.734527896144723,0.215123184158967,6.665767809505587
18.07657971178844,0.05547785970791548,1.0028499532495503,0.22370304031271493,2.700670554089725,8595,10783,002056.npy,30.4179983441557,0.2013104774640336,3.8054596994580665
19.906171011307507,0.05018285650079798,0.9989485233407892,0.2175215798187601,2.60913543040531,12278,13459,002057.npy,29.633029670081587,0.2028018534694919,3.698598972565148
17.243801407586698,0.05808815620803899,1.0016606297842987,0.23612645388057962,2.620156008127446,12038,13384,002058.npy,27.59158362882828,0.2080056424573473,3.880954850550977
25.166669650834958,0.0398003531211752,1.0016423389871942,0.19387988500334788,2.313237600145834,11128,13385,002059.npy,34.95167948880878,0.1874439721816067,3.995354122780812
17.154516844227043,0.05771330741088507,0.9900439041160813,0.23524710390737835,2.679890033902884,14114,16161,002060.npy,22.176080921866298,0.2488859787930964,6.15560409158264
32.42377427588895,0.030873596439491138,1.0010385220389495,0.1752623664270978,1.9247051036893026,1137,16381,002061.npy,68.90463993887515,0.122530625297366,2.4717063783377338
27.31561791196177,0.03653932790852485,0.9980943199091459,0.189863804328069,2.066381758077674,2585,16381,002062.npy,59.10463777521248,0.1317321404004358,3.0596684226081754
30.5720833115088,0.032742760211803036,1.0010143930439979,0.18012161977567503,1.9406014240990042,12437,16381,002063.npy,66.27834409674657,0.1247736898482527,2.841249923797448
30.95747043192305,0.03225109549519033,0.9984123351894811,0.17708200088444698,1.9958088027522356,15659,16384,002064.npy,32.30807616928259,0.1879177779183911,3.4382613064295406
21.331452249745645,0.04647252341103649,0.9913264140677115,0.20719673346981687,2.5181694923535285,10249,16368,002065.npy,18.98641181221144,0.2909022314912443,7.222922939613169
19.26574365129508,0.05153025681259872,0.9927687180369288,0.22027197575731797,2.291430149265931,566,16367,002066.npy,17.72196755523846,0.3025155350885325,6.803395450000097
21.714511790419948,0.045699561581854634,0.992343668786205,0.20572511357679052,2.4672843644837226,3444,16363,002067.npy,17.572762084008485,0.3079832991003305,7.024007744906425
28.074320281034936,0.03537229307993066,0.9930530850006091,0.18035543130072748,2.3541786856139733,123,14888,002068.npy,28.8633425632968,0.2120521852485679,4.309744249668259
27.995512472342963,0.035717239338962065,0.9999224193915712,0.18815109807923983,2.2964115467250092,19,11173,002069.npy,55.1704553542777,0.1353836212522541,1.9591447618070903
31.399127124673242,0.031751238089576424,0.9969611611403774,0.17650116574114147,2.1155912495667257,385,11758,002070.npy,59.21331190798312,0.1303405403241171,2.265761928993109
21.51424414910119,0.04649548394141573,1.0003151933462318,0.21174672802196864,2.0697632822962357,497,9965,002071.npy,44.85520584399147,0.1486864449254781,1.8870958847676629
17.593168066539246,0.05631860691795244,0.9908227167808972,0.23002989098426702,2.1831829957470044,15222,16364,002072.npy,16.68810637122588,0.2792175623874099,5.751363079243464
12.911633528006147,0.07641743735414895,0.986673946266139,0.26355267267903193,3.5199091704495653,14652,16285,002073.npy,12.188979557952544,0.3623718759669717,10.950247949548254
15.573271516108278,0.06335868782619053,0.9867020484216092,0.23920725562133272,2.6213888941438546,2944,16274,002074.npy,13.04626199214045,0.3492296277999924,8.394387154009692
15.025970751410977,0.06576313178689884,0.9881548947511274,0.24438649796298953,2.5944169604690686,2769,16263,002075.npy,12.918057741438506,0.3474075594350702,8.847195328788015
32.78228580628345,0.030468607883804982,0.998830611766476,0.17353671399383488,2.0905282242036005,14092,16381,002076.npy,66.54162621033811,0.1243463593737681,2.466709172438099
16.899007259410293,0.05846636531101137,0.9880235318221152,0.22627900997453043,2.6939481899309627,13313,15085,002077.npy,20.87291494076592,0.2539873061255631,5.002881094097342
16.94153917023736,0.05813083103620407,0.9848257509983008,0.22275306347838827,2.6477264097766353,2297,14875,002078.npy,20.31460962689697,0.2593373706733783,4.61579620578721
12.566647807472673,0.07835936232593606,0.9847145087681811,0.2643317796746156,3.273160993641939,1892,14983,002079.npy,17.92336943796481,0.2690548228001654,4.883894700994933
15.501964009287502,0.06383853438084064,0.9896226623774544,0.2416253564718782,2.7845421034712556,15564,16152,002080.npy,11.33287494248328,0.3765784996714782,8.415370228113384
33.95476803502303,0.029454095712138174,1.000106987587018,0.17127683575495498,3.094087102702638,258,16384,002081.npy,68.96239164211855,0.1223888294962972,3.346656088011002
27.83154475786019,0.03591004075703052,0.9994319065858785,0.1885600284638708,2.080998308462469,513,16384,002082.npy,57.33013063135584,0.1340730414374034,3.102689573069169
43.19284216819417,0.02309344922896861,0.9974717076660464,0.1507606237065652,2.1996561498956475,1407,16383,002083.npy,83.06001447716737,0.1111141110841859,3.278992381790206
35.79516390177068,0.02789389543494069,0.9984665589525549,0.16644303198363292,1.8614240879505917,15667,16268,002084.npy,85.0480937457849,0.1087225783090792,1.887903882523168
28.932414936643063,0.03449407652846798,0.997996934977956,0.18533333229835597,2.119971501739096,93,16347,002085.npy,59.46099381638717,0.1329252822545999,5.283635301304597
37.21786680198114,0.02682344086948153,0.9983112494511807,0.16300583797702434,1.7329651873979894,1426,16354,002086.npy,74.36363656750842,0.117910104320861,2.5563859443773675
39.176235857957764,0.02547526255089668,0.9980248942373271,0.15861462792847086,1.8478093151470174,187,16353,002087.npy,78.50754454895348,0.1147133686353665,2.7888367330592816
29.338123549388754,0.03391334220077054,0.9949538234589056,0.18157003112881975,2.259508392797685,3065,16336,002088.npy,29.689929016851185,0.2011836721757851,3.703618061846026
29.981494935518985,0.03338668281678549,1.0009826617852329,0.17964853147288143,1.8875760260542838,2541,15485,002089.npy,55.89387081503598,0.1318957064001623,1.9548942289809563
24.473675547729627,0.04073534055937043,0.9969435081763028,0.19995680710129868,1.96782627804933,1444,16329,002090.npy,43.1687906614257,0.1540895657849145,2.265911910705372
26.515873427052615,0.037766373019240754,1.0014083667770428,0.1912838079911383,2.3564402617171316,1278,15275,002091.npy,44.0288547398014,0.1487947943833696,2.223187132913313
19.122462931740635,0.051995600618225994,0.994283945435617,0.22283140101887605,2.803330160238811,529,16159,002092.npy,26.67181511044508,0.2212808901470813,7.686141202374913
42.12980980671503,0.023746616725111906,1.0004404461819227,0.15354061715917955,1.7762277567925657,14513,16334,002093.npy,96.37603251449184,0.1024178963351679,1.6785976439505663
42.4637161361458,0.02350422918833078,0.9980769162521907,0.15264275020642462,1.7167384002254886,13027,16340,002094.npy,97.44609191744571,0.1015895459384033,1.6037993137362738
33.21041648915838,0.03002038714040995,0.9969895600987889,0.17225918604894908,1.8160162977545833,4820,16327,002095.npy,77.5139978806292,0.113704798544326,1.757903352832435
34.86197782403944,0.02846087744961076,0.9922024785010346,0.16716533036470707,2.075605770504918,13071,16367,002096.npy,41.29378483468573,0.16761483999197,3.753984176146268
36.34824452838838,0.027536567718474087,1.0009058969036218,0.16563342996789343,1.8951193226948944,7395,16373,002097.npy,66.96132943860005,0.1239857955323419,2.6299004542313824
42.860098086937924,0.023367222355474806,1.0015214421749388,0.15220035557111053,1.8343618663895902,1633,16374,002098.npy,81.44691080527258,0.1128602759558923,2.7008803493512694
28.752593106523612,0.03477490509485889,0.9998686965104526,0.18606395788398958,1.9316862517516928,505,16376,002099.npy,57.74939337968631,0.1333454249969743,2.8457342511942483
40.30617830694512,0.024771269930864228,0.9984352227228817,0.15673000502210466,2.0537407677735406,3968,16382,002100.npy,61.41447138515198,0.1313153990964988,3.208599683461091
26.009825995598792,0.03835522492148617,0.9976127262299096,0.1933904300549121,2.0516378565100175,11417,16288,002101.npy,51.57665786660063,0.1422979458371433,2.4509954442900623
27.689415368307856,0.03594198500486687,0.9952125519612511,0.18771002619187555,2.1040735601824796,4740,16279,002102.npy,52.10433423513579,0.1417689035898883,2.469167799018856
28.927401355014226,0.03441884421204538,0.995647720697545,0.18449373246013848,1.9563786191270733,1387,16289,002103.npy,60.716116108681234,0.1303950330527549,2.69324744237343
41.70578172726098,0.024007969444896166,1.0012711333835904,0.15449759334725374,1.7772351571697969,14077,16376,002104.npy,96.41811840911603,0.1021551929078248,1.732524125547856
32.74691793335756,0.030546430415079873,1.0003014499596379,0.1736723164507087,1.8983132005693044,11905,16383,002105.npy,77.41482264153588,0.1136188375567092,1.7839519553603336
37.8780984053984,0.02632518240716026,0.9971478497584789,0.16150024771680135,1.8103614828120205,13434,16384,002106.npy,84.43019042670373,0.1088982418806644,1.9007029824842507
25.926686872613356,0.03858559398764576,1.000396613111484,0.1954147419228981,2.440618823074453,2799,16384,002107.npy,59.11944816745324,0.1306193194923123,2.384857870305676
25.46849941179864,0.039185709690921805,0.9980012242141542,0.1963711190366111,2.4534016202429076,1663,16383,002108.npy,40.56784396837123,0.1628601222321939,3.529173789027112
20.612526069871503,0.04811183060404371,0.9917063625950926,0.2121221692155152,2.1663768499700704,8940,16117,002109.npy,24.380065902089186,0.229393047737366,4.486643566288232
20.050549858103267,0.049513053192614336,0.9927639416654329,0.21577448990036147,2.404083810209423,3821,16121,002110.npy,23.947525359452715,0.23085538504518,4.384569631215632
26.74980522001392,0.037116914877212324,0.9928702433332665,0.18800079489146032,2.316818904955578,9632,16104,002111.npy,27.54745354293524,0.2170384356023983,4.634657434351424
20.083658997812957,0.04975014212645097,0.9991648895603705,0.22011237517765989,2.464391513272339,10037,14469,002112.npy,38.23622982951888,0.1697031936246937,5.300917745467938
24.711076687509934,0.04045034783280268,0.9995716473328383,0.20025657554052836,2.138462788830304,261,16310,002113.npy,56.8238508127092,0.1338358923212022,2.0785299628856087
36.716931297283175,0.027163201425417463,0.9973494005513174,0.1637559763752322,1.7420572102226368,3666,16297,002114.npy,82.18508194903718,0.1109416602795587,1.7582531260453804
30.8033063156796,0.032397923747197716,0.9979631691769614,0.178886552881725,1.977885476519993,16195,16330,002115.npy,68.43731088307484,0.1218634824740567,1.9361845604597137
45.542426999930214,0.021959020524649087,1.0000670892338004,0.1480420889865492,1.7599538816874447,16312,16350,002116.npy,98.08821776602596,0.101307739140807,1.7496025295846935
13.732375685205142,0.07229855625792862,0.992830936031815,0.24327612656520387,3.102482796721904,13789,16111,002117.npy,14.626087801738857,0.346889280069618,10.484325377222442
11.852390564740183,0.08375143885221856,0.9926547636354497,0.26909357035230314,3.662598099304312,15267,16105,002118.npy,13.268492479449732,0.3614021845177973,10.952424448264082
12.65968154638445,0.07837271062927345,0.9921735584935415,0.2539910302806275,3.734871379441446,12629,16081,002119.npy,12.684580162145789,0.3737369869905267,10.03379350855238
27.28456816406263,0.03657109679052749,0.9978265832156794,0.18760171680088725,2.2572230774933333,12412,14075,002120.npy,29.06215878304802,0.2094144341389929,5.197390315485544
23.526298300500763,0.04256445692649393,1.001384110651512,0.20578437746416658,2.268472790835931,14578,16238,002121.npy,44.46735109506344,0.1546319182221224,3.099642716858692
35.39046859054199,0.028165282463684493,0.9967825443747692,0.16777296869995442,2.2895883328642723,5901,16242,002122.npy,60.48201538506078,0.1327693308834351,2.8673505339526626
36.102778277747056,0.027618774413854887,0.9971144889665164,0.16505210914437993,1.966032103605859,4441,16296,002123.npy,59.22730306643738,0.1350258060029761,3.6689881484220863
21.83499071277337,0.04546612556673116,0.9927524294953627,0.2097400067375705,2.4275394078502934,16147,16282,002124.npy,20.54890652810574,0.2559239451373836,5.011004081145022
15.154211845996413,0.0651031653672228,0.986587159819831,0.24568376648782786,2.457848734674073,15203,16311,002125.npy,11.58043354910257,0.3629437560670389,6.145192691882927
16.746627384789797,0.05890594013884935,0.986475830256043,0.23189312176836885,2.853846202301272,16032,16280,002126.npy,12.209350037920723,0.3524804831654209,6.120783815594795
15.654859480678985,0.06293596859174844,0.9852537445842477,0.242542076707739,2.4839455885960717,12767,16298,002127.npy,11.93232986535134,0.3543299820059568,7.624379190658873
27.04364740856571,0.03677214506546163,0.9944529256069738,0.18725136451781488,2.1242515254651364,8706,15474,002128.npy,27.15374620755381,0.2186205563200075,5.094362408560932
30.65050972789904,0.03259399394729692,0.9990225285527067,0.17540650845974495,2.010590719856252,3316,16382,002129.npy,48.010670683167966,0.2076062318641347,11.574478789158118
35.26272885696233,0.028325825960585124,0.9988459204976179,0.16408747757572564,2.402159938018673,12011,16384,002130.npy,58.584364758278106,0.1873561894870512,10.41192675290311
28.972486995535768,0.03449970249787823,0.99954218196963,0.1840993151302018,1.9627129045607195,2590,16384,002131.npy,46.62324786811608,0.1878585329542947,7.29686501283741
31.208255655218263,0.031972541951971974,0.9978072631843324,0.17712503038211772,2.142000679957812,4014,15954,002132.npy,47.191020073113165,0.154715456414744,3.5250904734136377
18.181171874766008,0.05472236549642744,0.9949167324843124,0.2306192381491815,2.8948557059199977,732,16348,002133.npy,21.11550492211353,0.2432789970089943,5.947023644585994
25.998887045834362,0.0382143107195605,0.9935295479322707,0.1931423347487373,2.346855094126982,14958,16354,002134.npy,22.53760972360819,0.2408827071426666,6.213724525014182
27.29541134609192,0.03644011370738567,0.9946478931414545,0.18878971268613562,2.5110259849652823,531,16348,002135.npy,24.77695741204177,0.2265079396251325,5.760078614028813
14.710166036532785,0.06741328378886124,0.9916605976020529,0.23442205996532867,2.8683440999868077,1650,15563,002136.npy,14.378965987420408,0.3590258347102845,8.781484811710653
26.485507882801116,0.03765522883256555,0.9973178600735947,0.18841141778734066,2.2803670547432677,5633,14417,002137.npy,50.601131780229984,0.149879970960585,5.717008096212706
24.847338062155075,0.040236479455292566,0.9997694074566116,0.19371922886929954,2.3650946213197144,14365,14431,002138.npy,48.880949895804896,0.1535150277863239,6.569213522457362
30.21470912892239,0.03311997567952516,1.0007104315138364,0.17622458442027358,2.2825720541745174,14354,14508,002139.npy,56.15633913556743,0.143162740507178,4.580840009174545
19.183034659220414,0.05180461567092568,0.9937697379229604,0.22055960523935175,2.7588750259769883,2044,14776,002140.npy,23.76055860615959,0.2262525938249157,4.606009412391527
48.35412583285408,0.02064527305367845,0.9982841310911994,0.14232387504261693,1.69820125541973,14442,16383,002141.npy,113.58970767439033,0.0948222840394241,3.111271833324851
45.979532964134,0.021751776357003746,1.0001365180353243,0.14343457824956968,1.584594772109395,16125,16384,002142.npy,116.47280279992714,0.0925869990893294,1.5642056307893122
26.575395358005863,0.037768624848675166,1.003716137481747,0.19307545019505337,1.9133952486140766,3435,16384,002143.npy,46.4075460296243,0.151654528065767,3.697793844310184
32.141906891499126,0.03099177005418899,0.9961345874844932,0.1717354217335505,1.9221462419642277,2946,16279,002144.npy,42.08155655206044,0.1870262206240717,5.886017496275719
21.33121454493621,0.04676041418128055,0.9974564271109732,0.21352656650939084,2.0703985959292264,16113,16384,002145.npy,34.11087968872118,0.1794803567451367,4.100513181379585
31.668539270156288,0.0315148130852169,0.9980280957808265,0.1766601407487988,2.0846449502615387,1287,16382,002146.npy,42.18333819522248,0.1649943534520331,4.675157470361529
25.41987323567862,0.03920648078975981,0.9966237716927633,0.19641272048936484,2.113649668695207,893,16383,002147.npy,37.819147110924014,0.1725172505055625,4.821671095115304
32.962108507138744,0.0303115315295407,0.9991319912942778,0.17319522570946538,1.8871469113302908,5102,13654,002148.npy,66.318396826921,0.1279893401927091,3.5040040232916145
44.64609011355135,0.022499777387760662,1.0045270887888076,0.1499425581303591,1.6815480481623317,5440,9189,002149.npy,75.47689907052026,0.1191692836652495,2.506024192327852
42.96968966987891,0.023354253643972592,1.003525031553141,0.1528023389311564,1.7735765494470495,10450,10675,002150.npy,77.49571516635515,0.1174530082317757,2.549125863952673
39.6352240115267,0.025264145627032688,1.0013500713872734,0.15827757617304275,1.7554626777973106,10626,11461,002151.npy,72.44474081869244,0.1211148099806276,2.648529818341766
16.128635666445085,0.06136028612278665,0.9896576992632521,0.23322486789565183,3.1970413176986345,11882,14368,002152.npy,13.428544947094087,0.3259195105440389,5.919340472952837
30.88390788704309,0.0322712481965335,0.9966622567016461,0.1761128366497319,2.4400289409564895,12,16382,002153.npy,30.911332451533514,0.1929639484662836,3.430508112510774
31.548642977460318,0.03161193055001119,0.9973135107505738,0.17537796176954742,2.1971729819754438,151,16384,002154.npy,35.1295958846052,0.1792270166177191,3.7897736434700153
34.2783444839468,0.029051168671732693,0.9958259673908965,0.16825764690252382,2.2343915049088854,1287,16384,002155.npy,36.75515070122143,0.1761024899963592,3.927019679136848
22.999867533662457,0.04322328072209358,0.9941297309784586,0.2064140975639639,2.0735862155284246,2928,16303,002156.npy,38.4426825573581,0.1710989839320795,3.3187447556807266
38.55980433121741,0.025884794624179978,0.9981126158621282,0.1596243580032226,2.535424749735846,748,15376,002157.npy,57.73729373652448,0.141966006943646,3.576392017046909
37.79257990551156,0.02634524308052644,0.9956547042509211,0.1599775010022251,1.903294465429235,1455,16173,002158.npy,61.80465471789996,0.1360242885423261,4.4780916837750215
35.73001879706423,0.027865504401308097,0.9956349960484144,0.1647151431001435,2.142066898114209,2640,15814,002159.npy,57.99718052508869,0.1394006077913545,3.5285336585112543
25.465502960396524,0.039118874761798005,0.9961818210539479,0.1940035697586246,2.171999535834669,15462,16363,002160.npy,30.428732191128667,0.2094717212259508,9.462651494429103
19.679096364374796,0.050507533457012095,0.9939426180274251,0.22087902572249998,2.5102992457043554,14184,16353,002161.npy,26.08538553933841,0.2180637056767932,5.004607234584223
28.33577324959392,0.03516433850615807,0.9964087223824594,0.18271168424675865,2.079179596581782,2297,16363,002162.npy,31.97375795841204,0.1978440025740135,6.071492674247643
21.765818914301416,0.04583794331888019,0.9977003736827588,0.2101844167412771,2.023697313656846,9459,16371,002163.npy,27.33957102950054,0.2128111347039002,4.995702513043369
21.017290455987258,0.04720934998383226,0.9922126208485601,0.20880120689018206,3.054157976565166,15084,16218,002164.npy,21.90921667046082,0.2574879164077275,7.659262429392482
32.383710423486306,0.030860235815275746,0.9993689402423906,0.1753130869390485,1.8980531203821607,1356,16379,002165.npy,74.53536742546763,0.1163351525829152,2.0242672388978318
47.88525276039199,0.020889120842343064,1.00028083147797,0.14405773125431806,1.6427529094464526,3979,16377,002166.npy,109.01983328867522,0.0961698436236088,2.405809611195638
35.54882068378429,0.028143973974513358,1.0004850841490673,0.16728016555551056,1.864070514135849,16116,16377,002167.npy,82.30445191717023,0.110683790394849,1.87358698873605
47.20258698617584,0.021134270451865937,0.9975922393935677,0.1435470808800021,1.7702817103495334,131,16263,002168.npy,109.15261502085262,0.0957509927198111,1.661959207791634
26.828917280588513,0.037143945071808925,0.996531829806285,0.19176115757012,2.004026927190254,13935,15886,002169.npy,58.580344095271016,0.1328358683272434,2.0642623454371614
38.26621555736832,0.026099921709037084,0.9987452301484501,0.15962357331978877,1.7556208416694157,14900,15129,002170.npy,78.65610198736448,0.1146001637375493,1.901601412688568
38.416421023566286,0.025985290509451687,0.9982618606307773,0.1604391796631524,1.791421689515138,30,15357,002171.npy,81.42068728470527,0.1123589565089501,2.007092089596527
41.17142092017482,0.024352700845022286,1.0026352970335095,0.15458290319033074,1.7465594142342726,153,16384,002172.npy,57.09975978575603,0.1514753809950587,5.726310850662129
20.847171794457342,0.047550567909596136,0.991294858135361,0.20223984516705712,2.6148674341417424,15401,16283,002173.npy,23.977553537594616,0.2652378361809341,7.8364928461184835
17.125193451984664,0.05799305377996787,0.9931422648533003,0.22653526720235392,3.0479505774384763,15295,16285,002174.npy,22.39966282098898,0.2678856409552753,6.922158337571887
17.777180391260853,0.055814549441162375,0.9922253138724911,0.22127025499752156,2.5222315282505545,16183,16223,002175.npy,25.058315728060663,0.2475804923917951,7.842744171543525
27.681612841822894,0.035706435821795446,0.9884117323803379,0.18142756879889102,1.9057527818178246,4109,11566,002176.npy,42.58179873094112,0.169087637939784,3.775363521812261
30.105295536539145,0.033146385515202346,0.997881731903227,0.18075452950230927,2.2291557280765364,14872,16383,002177.npy,40.41375001840196,0.1637900907455308,3.530254199172168
30.801603118710684,0.03230127688936923,0.9949311109739325,0.17819076462663297,1.930373244674442,12310,16383,002178.npy,39.662343729142506,0.1648187107075984,3.076277695253202
31.37334776431741,0.03175600438391837,0.9962921691418591,0.17752780147769576,1.873283770855296,16019,16383,002179.npy,41.38860802762125,0.1613482989301489,3.46536483751678
22.142695525191414,0.044948288717315946,0.9952762714459235,0.2083030544692117,2.480804762922979,14086,15987,002180.npy,30.927935951328827,0.2068551356674657,6.815606146986027
42.68570581504007,0.023383812077136273,0.9981545231588201,0.15159065592471016,1.8121765433758084,2412,16353,002181.npy,79.86696049444572,0.1187114235424327,3.951059596775933
38.01208929401155,0.02630528993686926,0.9999190299851378,0.16066932709055115,2.023485342143766,15737,16354,002182.npy,74.34288311408274,0.1215879785821752,3.4215889006582665
43.51310342217477,0.022981956076421776,1.0000162315972188,0.1504005603424184,1.6961015776919564,5722,16346,002183.npy,78.48209901152977,0.1193356280647157,3.322961454441928
17.655301023792365,0.055947358799577865,0.9877674610926659,0.22368637095849495,2.355344161006972,15326,16128,002184.npy,14.63568265490252,0.3284134428413668,7.474421707106897
35.45180389414183,0.028196376318110075,0.9996124037550633,0.16682090652321502,1.8954099151950097,1816,15360,002185.npy,71.23401084772064,0.1212355828159359,3.1508162385594582
30.328138198753884,0.032823562963435124,0.9954775537305599,0.1794484188975355,1.8615078536141403,15021,16314,002186.npy,66.96039580276184,0.1227490108228687,2.359801554044591
32.80555524309291,0.030443986522484368,0.9987318816833369,0.1731386124105251,1.9554511753292596,14319,15464,002187.npy,66.45017878842002,0.1249596765097151,3.061543088329136
19.537983741000424,0.0506974102622202,0.9905251774140864,0.2192745232182408,2.3313277320773746,2534,16383,002188.npy,23.89675249196507,0.2400811439963107,5.598935726411559
25.82957242927163,0.03852885731216968,0.9951839105617585,0.19448645433550132,2.1909447049420243,13136,16330,002189.npy,35.23047959796496,0.1882318533734358,5.756331266312108
22.170898750285932,0.04484924340531427,0.9943480345661518,0.2075531144813793,2.1651152372351987,15668,16284,002190.npy,30.20656586737522,0.2051305133266907,6.473919106491699
38.3233491278749,0.026054163954342704,0.998482821457169,0.16009189786892897,2.1315585816282603,13756,16346,002191.npy,45.41683873002149,0.1688046619516729,4.593902185375254
33.948467570207164,0.029399692748131943,0.998074515834012,0.17105050986009668,1.8830930879874783,925,16378,002192.npy,63.049642282704895,0.1272324380028217,2.0829119759965184
32.63710913812484,0.030560225484788296,0.9973974144327398,0.17407130665981882,1.875927923191366,599,16358,002193.npy,56.87671163615634,0.1342459467600186,2.156965908286937
41.29839957081116,0.024190658126064957,0.9990354651711206,0.15501849878272053,1.800774870796921,12262,16355,002194.npy,63.31903355007272,0.1275580369589792,2.0793867432156508
34.21763498497065,0.029187427985294553,0.9987247569509263,0.16972239217386492,2.0146413638813567,13689,16355,002195.npy,58.355614516590585,0.1324586114201542,2.4495524104361173
17.329062333433164,0.057374171408258574,0.9942405926627916,0.2254842085409861,2.700711060272111,1033,16380,002196.npy,18.761394055981103,0.3099282407650511,6.85697358789852
21.729596929391803,0.046173959933197214,1.0033415379822623,0.21451521679130436,2.453336676563,2745,13052,002197.npy,36.04960504401868,0.1699451382173397,2.7623373157372755
21.764608994027185,0.04596027932694933,1.000307508807323,0.2131419006910744,2.067959897972378,5078,14691,002198.npy,37.520088532539816,0.1683571115537533,2.9336939504766133
24.46576090475448,0.040939929540624524,1.0016265275984144,0.1997747249793348,1.987212124712429,117,13047,002199.npy,39.48541038547344,0.1620923251513525,2.894675361884455
23.262210992413202,0.042938393516341704,0.9988419696524078,0.20466296560416844,2.135966574146182,14592,16261,002200.npy,35.396676900784264,0.1878008174901007,7.780833562130709
38.20307512105341,0.02612159728370814,0.9979253433114067,0.16060866078888422,2.119473094722407,14814,16384,002201.npy,55.11582502671576,0.1487983239798908,6.934343291705248
37.00888318528085,0.02696869337743134,0.9980812228650138,0.16319765680204867,2.240776752808981,388,16384,002202.npy,54.59175297598816,0.1478488826582611,6.074971805496624
38.931526361958205,0.025602618471825007,0.9967490159710134,0.15843291924655356,1.8775958461975948,4,16384,002203.npy,54.9632062709384,0.1486983654582754,7.088971803735369
9.898573844719204,0.09806176865994413,0.9706716584242283,0.2753417555040963,2.4790838801262547,881,16321,002204.npy,5.992550468201501,0.6595511841683898,14.473699875798424
20.962009349542594,0.04729848294588705,0.9914712417308653,0.21251924611795012,2.4165403809329784,11653,16384,002205.npy,19.83682183442258,0.2787067324656402,8.506080194349497
18.32933314254313,0.054029742209245675,0.9903291445589882,0.2264582699896364,2.3196264088761773,873,16384,002206.npy,18.1449628073553,0.289112633809597,8.087833676288955
21.27053937932673,0.04661768132814028,0.9915832264631124,0.21182238089387376,2.3393570819138354,858,16384,002207.npy,19.52789146222235,0.2750282997539626,9.071253723774795
30.23185765473484,0.032988775994795334,0.9973119800785861,0.1805299749918228,2.1437531476194693,15497,16384,002208.npy,38.1191171088606,0.18065569017598,5.797641518871941
19.22522661435964,0.051567703755931255,0.9914007906899432,0.22313613907033358,2.139852775284079,2428,16384,002209.npy,22.07668139461792,0.2396159638552774,4.556539100579825
24.669131709622015,0.04020384799800575,0.9917940214964271,0.19650794788906195,2.0262825702947467,5517,16382,002210.npy,23.820399403273736,0.2351021671373857,4.406268331896037
20.268781636281282,0.04892102676073579,0.9915696088360269,0.21716024371703332,2.1813606322666796,4391,16384,002211.npy,22.3382297076092,0.2395837831277111,6.046622653605524
29.965764652644708,0.033275105900304275,0.9971139922003471,0.18127486528802494,2.0458519063706753,12300,16384,002212.npy,34.45454916954382,0.1779958231280239,2.856815828213179
29.336866081097213,0.033951451417985994,0.9960291835083332,0.18251117408766543,2.3574626654906514,3041,16288,002213.npy,41.00608228671416,0.1631608394969137,4.81744543545659
31.436608075963253,0.03168958745413532,0.9962131408846142,0.1764873178823345,1.9908131751492104,2898,16286,002214.npy,44.47822001885036,0.1567224513305445,3.792976055304721
27.362488816824673,0.03643021238676588,0.9968212790274291,0.1876369909440398,2.0186348097246505,939,16215,002215.npy,40.115717807054736,0.1643705861480841,2.9976153032760804
15.841755112142634,0.06284753488946802,0.9956152571207927,0.2471318600885363,3.002667662154614,7634,8967,002216.npy,19.1354549601614,0.2406967351323677,3.972790437895693
26.458774079837728,0.03818712923812127,1.0103846252690165,0.19174558502703892,1.8723090567750718,4691,5050,002217.npy,44.32991368597901,0.1500156910312286,2.179522175752512
20.784738769445223,0.048318438319712595,1.004286118222778,0.21514448329671024,1.982847949081196,208,6327,002218.npy,35.33098125529686,0.1668938400367473,1.953839238749944
17.392659424850866,0.05809507018025105,1.0104277699079158,0.2349478165492188,2.6876485395987872,4229,4309,002219.npy,23.608150717899,0.2013716576088588,2.402700212350774
29.08793250474506,0.034279424264448785,0.9971175793058064,0.18336570603405097,2.0211196531140314,14453,16219,002220.npy,60.01955930133629,0.1285736564914053,1.91665103176828
45.054061585484384,0.022189140581138692,0.9997109062715933,0.14810382583406934,1.6666223883011333,11480,14581,002221.npy,102.11210795132772,0.0990551740464038,1.8914426676808065
42.53925371149494,0.02343252779394684,0.9968022449283616,0.15269932817998724,1.9560395143369507,10268,14832,002222.npy,102.41919945519037,0.0990356276138684,1.91527540790421
46.318085844364305,0.0215498072940868,0.9981458241770205,0.1464236748554591,1.8042061923942139,14542,14641,002223.npy,109.39302144862084,0.0958626723785815,1.7565454046517686
10.666553486585375,0.09621940034760439,1.0263293802548936,0.3036127867757002,1.7656805909096542,32,83,002224.npy,11.02459772920033,0.3278529591296175,2.796987522758276
15.636724235113347,0.06429396654162212,1.0053470247929492,0.24510812779579497,1.9660528038328886,451,1843,002225.npy,27.90955891924024,0.1928130870049779,2.982196117358772
16.681637264574956,0.06042192273931913,1.0079365979654948,0.24152334909057627,2.2660136720111175,1182,2013,002226.npy,28.62737033190009,0.1973290766881658,3.952111417685286
22.905775517671504,0.04400590447186783,1.007989369284701,0.2080685063905382,1.9251500461562716,1097,1920,002227.npy,31.41480056597316,0.191215133324618,3.5437613192542345
16.993417857137594,0.05826736371545959,0.990161659050622,0.23243518378999536,2.1757250350859008,132,16187,002228.npy,14.565120747405173,0.3204052401758293,6.938946333761209
38.75312105751805,0.025665939550428552,0.9946352624526981,0.1576794389939641,1.7191763680700745,10447,16360,002229.npy,93.79726146833003,0.1039722033177127,3.460500771705329
35.071248069204394,0.028487887452646892,0.9991057678193543,0.1683216259014481,1.9227799373525853,13936,16379,002230.npy,83.94840058334717,0.1093598190472805,1.876763493374096
40.603654743746866,0.024577127272035374,0.9979211903468496,0.15566196127708806,1.9967908953944207,9958,16350,002231.npy,93.44558317359756,0.1059892296608727,3.333176957447378
28.558819141756533,0.035015841467817777,1.0000110835758265,0.18600243606656927,2.052397168036353,1108,16199,002232.npy,60.91829169996097,0.1318163418215243,3.052374433042925
49.28643525056137,0.02027880428941718,0.999469974569166,0.14161337315137812,1.9855617893916868,15118,16384,002233.npy,113.46825026493848,0.095225350414088,3.77026204850207
45.72374622795838,0.021841273950365395,0.9986648674018254,0.14720216049784635,2.081945139142796,2529,16381,002234.npy,103.9721282157902,0.0994930628778211,3.5411055578392787
34.9769066615221,0.02856915420410867,0.9992606399957407,0.16807782240503782,1.8909272064349498,5486,16384,002235.npy,80.12268819928936,0.1128840871001377,3.89868359184456
8.293416560685063,0.1187036947295078,0.9844591876842043,0.3001144412475607,3.1612560293918865,1639,12539,002236.npy,9.002464451198849,0.4270891615985416,7.429536287362816
17.04251200596676,0.05793549285990234,0.9873663326364871,0.2254427777662979,2.5528603020522804,11365,13924,002237.npy,14.98255112932291,0.311016924555369,5.663147478678236
12.904657588340951,0.07651995233869661,0.9874637836070492,0.26488775149479427,3.024723420093007,3980,14523,002238.npy,13.315482537338116,0.3276793150191824,6.416258768246955
13.410298277905094,0.0737781567336319,0.9893870881920359,0.2618729011410869,3.1086433299032628,2765,13836,002239.npy,12.532635711237296,0.3403392634507073,7.625239000414762
45.95512706231146,0.021703565615122298,0.9973901155481592,0.14679987186644272,1.8076431240981499,14827,16365,002240.npy,88.85587516035409,0.107385037310063,2.353116540512953
41.317359321432185,0.02413877922078711,0.9973506146459818,0.15433712290940124,2.30166858000585,15349,16384,002241.npy,56.3178350300261,0.1382500799707601,3.587307980769951
33.344977250997125,0.029927250134740877,0.9979234749278352,0.17215967411578245,1.8794824990367693,14846,16384,002242.npy,50.943851728657,0.1446892731695488,3.9905605696630015
31.695930168052946,0.03144515613007634,0.9966834728224218,0.1742759864281878,2.0614546862087404,15863,16381,002243.npy,47.076260501457234,0.1510904755221561,2.9630337059150107
22.222595577917197,0.044711411474801094,0.993603614922351,0.19165420447516843,2.455566583451632,14325,16381,002244.npy,17.45547683973009,0.3801081231998509,11.160986250486594
16.15848115582032,0.0615729472924671,0.9949253085336474,0.24199425509041952,2.314480625026035,13313,16384,002245.npy,21.74760225407874,0.2137158040845487,3.866437958510155
12.884194826039504,0.07749946246021712,0.9985181732507722,0.2689774084127481,2.6246763751968074,16359,16362,002246.npy,18.36988292850632,0.2409749444893982,5.277214224247204
20.344557725085487,0.04886441924429787,0.9941249980183962,0.2164560072974371,2.337327447704075,16304,16384,002247.npy,20.25342568191483,0.2317109662397883,3.788771888006476
29.043031564693496,0.03424084827736541,0.9944580373214046,0.18094461164215575,2.1674039140670622,12376,16180,002248.npy,32.11091027922834,0.2056315700916869,5.119014965287174
43.173414261106,0.02312680383233265,0.9984630823886311,0.15172845443158645,2.02054990978544,16251,16258,002249.npy,84.90660039506632,0.111295555947021,2.81287847537996
33.33025650724085,0.030020702005243895,1.0005976983622187,0.17341669138460644,2.0151354530894183,14,16261,002250.npy,68.16191656128724,0.1239741588185562,3.0519623384678574
29.914101885894127,0.03336459326709868,0.9980718423734072,0.1819964839711555,1.9168669331954622,11779,16256,002251.npy,60.30955798610689,0.1312448213703076,2.7261704448248945
22.86735009861148,0.04357591227531466,0.996465641866002,0.20199361450635972,2.129609092741692,11583,16328,002252.npy,22.95721621310123,0.2637297369383224,5.459438122329094
25.83533378050259,0.03849037529007775,0.9944116929559679,0.17629736246372948,1.9735386341182073,1061,15873,002253.npy,42.68886434863159,0.1775069294029519,5.085249402593961
21.119149024400475,0.047208987206013485,0.9970136360948142,0.19954928525853183,2.2258304520429046,1944,15826,002254.npy,34.33329339409481,0.1970468674236873,5.367091636651383
21.519310220983304,0.046292703015038766,0.9961870371484683,0.19696464538704395,2.276625611339429,1037,15864,002255.npy,37.421424621738,0.1877944394695439,4.711412302733618
19.892880994232414,0.050170685284827495,0.9980394717701607,0.2215857456604461,2.443475649991046,15383,16382,002256.npy,22.675415118971102,0.2379608096671948,4.743357090274248
13.569014406338855,0.07232775267068837,0.9814163179666842,0.2582040147155869,2.8140412554567433,3694,16303,002257.npy,10.562939532164172,0.4113118626170438,9.207855002468378
15.374766592763162,0.06371984935162474,0.9796778111072615,0.24115767517373013,3.0066758102659827,15250,16277,002258.npy,11.049561901570163,0.4018972829901479,8.111313196362854
13.32649878662992,0.073467896175944,0.9790698292449707,0.2566049149559145,2.7947702380069352,368,16299,002259.npy,10.10430713808118,0.4277789085701953,13.989697523425372
20.888866157451204,0.0473901287441993,0.9899260565219604,0.21021644642746382,2.1945430651391695,11476,16278,002260.npy,16.940040511484437,0.2859872761204405,5.884240844063987
39.943020687689724,0.025057373571905128,1.0008671909617763,0.15798732519320624,1.7602355588860934,13149,16377,002261.npy,94.33301630229693,0.1032698013275381,1.6829134379044246
28.017815075871773,0.03568310173750497,0.9997625458149331,0.18801297606866374,1.9052729013288365,15287,16379,002262.npy,67.45550679867182,0.1217135674399569,1.745924420447483
42.414713165675224,0.02358169243592312,1.0002107206308521,0.1531999186697,1.692464850581257,88,16379,002263.npy,100.87746144284036,0.099611555265077,1.5596099492415192
18.009181177492103,0.054931811572189945,0.989276947011426,0.21572804220608666,2.271710751026743,10114,16384,002264.npy,13.198216861226753,0.4209348190402363,9.902814631618748
21.15454787465665,0.04686629604518748,0.9914353033957503,0.2047427188756338,2.281884354189595,5242,16383,002265.npy,18.141275904979917,0.3118986513042452,6.169869877803478
18.443037550087862,0.05388578363734991,0.9938175310395545,0.22233597717966835,2.2105733311289644,1055,16381,002266.npy,18.39693716127456,0.3029489786834367,6.9646153319679645
24.45943887398356,0.04059629289450315,0.992962544563433,0.19111354242041284,2.154529901547802,12813,16379,002267.npy,19.95341074570671,0.2977841266572938,8.125702434935219
30.698780559831473,0.03248151193527797,0.9971428071526454,0.17952745372310927,2.3298660408299714,15430,16322,002268.npy,61.47524849626087,0.1296625752133659,1.913363679100216
37.52725936352488,0.026635980319727685,0.9995753418601652,0.16264958110293742,1.7472743179680397,1210,14520,002269.npy,69.75439626265019,0.1209561215010551,1.989305953911532
33.832787743146945,0.029564750797528707,1.000257938411823,0.17003740766053138,1.8932792983879532,5551,14764,002270.npy,66.54591183554876,0.1235488929305775,1.848265831197624
25.992601837863308,0.038493838753418406,1.000555023928517,0.19624584499936043,2.224845161629881,1295,14801,002271.npy,53.23812016075168,0.138565586049134,2.073421644880621
29.74704105720669,0.03349820110379699,0.9964723635772155,0.18251979014726194,2.2482208710015494,252,15837,002272.npy,50.68439326898093,0.1472448228709147,3.346619236624361
20.875275892795504,0.048271774222893936,1.0076866047376452,0.21696507549800537,2.0437487154003313,1403,1447,002273.npy,21.270752516121863,0.2153140275407206,3.989171757510948
18.31822794181099,0.05540763992295621,1.0149697778264986,0.23174483136863436,1.9094588667636707,1533,1738,002274.npy,20.979648079112724,0.209922338923332,3.414467012221303
19.705611929514276,0.05124157983337139,1.0097466868516414,0.22208836736521304,2.1571507123749027,794,1811,002275.npy,23.17614031157287,0.2116696175725556,6.230177818194612
32.92749445976748,0.03029008976432344,0.9973767629006197,0.17252428723986474,1.9218185590088257,14980,16368,002276.npy,70.97398591159683,0.1188930699275206,1.964907953849712
23.69114755019864,0.04234332815497863,1.003162035086079,0.2053130955063594,2.1048687070556413,3803,16384,002277.npy,38.32006687102451,0.1685387782027225,3.896062264156391
43.360701415653864,0.023087480215831284,1.001089336078476,0.15084921845799706,1.7165241576921522,7773,16384,002278.npy,59.3766461895525,0.1354368009917645,3.070637916017442
40.88598186880375,0.02449591428474089,1.001539507305687,0.15559076574756106,1.8472273276082884,6508,16384,002279.npy,55.20573044090472,0.141565050845764,3.4086672385060743
32.86461071131615,0.0304055693283308,0.9992671994315263,0.17387928895241406,2.042384514124066,4425,16224,002280.npy,75.22470338864939,0.115966269893716,2.281364862387763
29.950763710805443,0.033236574420551786,0.995460787026547,0.18023347547653018,1.9427468076424215,699,15204,002281.npy,42.84177259040903,0.1672819536767957,3.4517473633435407
27.158255512074284,0.036573885978808146,0.9932829404819428,0.18858875586128218,2.1263924482891876,725,15052,002282.npy,39.59817802815258,0.1736875138085594,3.197567714219323
22.065061943309367,0.045044191652115616,0.9939028789902298,0.2092507231566966,2.2646038426174124,14810,15041,002283.npy,34.5334858752067,0.1849817939160742,3.5370641109725653
23.047882974444637,0.04314103477197483,0.9943095208209228,0.20201614307034813,2.505583289736762,1464,15961,002284.npy,21.134235430462592,0.2544212349932339,5.081576245856405
10.071071584456302,0.09802336794238331,0.9872003554972414,0.2938874076838424,3.414962428169071,13336,14336,002285.npy,9.621314927308136,0.4023286931560633,6.82783800469798
9.675135239010643,0.10145429046298056,0.9815839808072047,0.29778216551764375,3.5311150595870733,1932,13816,002286.npy,9.416846489434468,0.4059782077283261,7.770639470444648
11.094346909776688,0.08865224081353668,0.9835387139144394,0.2716195593956141,2.9088709783361963,8,13930,002287.npy,10.193730773522812,0.3943424479868609,9.429086073807804
35.679248063389146,0.0279592527959244,0.9975651161727932,0.1663438946837198,1.8558960131506814,6064,16194,002288.npy,78.58472390934449,0.1134304131148829,1.795894341055844
44.27768004567717,0.022580544585157583,0.9998141283987557,0.14982181317335302,1.7830469017406143,1053,16347,002289.npy,99.3147364317104,0.1010375602160649,1.6612136103417885
40.79181287082928,0.024498502432278805,0.999338326833073,0.15588171304142606,1.7666859619088255,1276,16334,002290.npy,91.06426687927689,0.1053761520123683,1.7286374320416769
40.382756363541915,0.024755445527149263,0.9996931253938022,0.1564958132621309,1.7705420141898407,5259,16352,002291.npy,91.36281312427712,0.105137808712678,1.806403067122497
18.799759051735474,0.053674420592873834,1.0090661743875369,0.22484049385409616,2.9206663590539788,8674,9014,002292.npy,28.20713346650853,0.2114465442241575,5.221334055622112
25.133576187428588,0.039367695834841496,0.9894509825885038,0.1932860919605872,2.0137118942468955,12425,16093,002293.npy,24.932630320889672,0.2301788456381756,6.135199242310165
26.459080672424157,0.03745610337409809,0.9910540608499201,0.1886998746690991,2.0950990840957506,14894,16162,002294.npy,24.01214821515135,0.2389650950307607,6.177024540479398
26.14235176412703,0.03796362954550087,0.9924585578214898,0.19091215106039464,2.1593240872477444,2293,16133,002295.npy,22.66958157322952,0.2456962630696811,5.677288467873726
28.340221100470707,0.03518495174747783,0.9971493119329148,0.18641058255956672,2.2244759244162773,12246,16365,002296.npy,55.902491238837136,0.137330632333232,4.5383699267134
31.620454167141496,0.031593212276775716,0.9989917207905585,0.1765165135683243,1.9925888675549468,4229,16384,002297.npy,56.72824264177199,0.1378989657423932,3.097844781857071
33.59533527874245,0.02970783082718633,0.9980445370434855,0.1710861669541945,1.9984697072997997,12913,16383,002298.npy,58.38216502937063,0.1358077463625368,2.7166945508130915
26.975985397841264,0.03709877376402465,1.0007759793361455,0.19210477208670215,2.3077199995787145,15224,16379,002299.npy,51.75769357673672,0.1422963392176632,2.783169326190601
44.86544903371196,0.022249477725270615,0.9982328089098382,0.14838808010436988,1.764928502768607,2558,16384,002300.npy,80.63738645356554,0.1137056856647011,3.4490577320362066
30.998671327717176,0.032262884034784604,1.0001065382785417,0.17894858505089833,1.993559488975363,15529,16181,002301.npy,69.1987852971715,0.120397951154586,1.9459922016923363
37.14919206292735,0.026954847956191793,1.0013508237515736,0.1637220974600673,1.765002095446247,12697,16209,002302.npy,80.5015175990011,0.1115697688074465,1.840311702222296
29.765302358730914,0.033634784297039796,1.001149524372084,0.18324024340124925,1.9428601167395727,2064,16250,002303.npy,66.33904379481856,0.1233487010597231,2.262422169874708
28.648884079678677,0.03489251626791009,0.9996316538076586,0.18539994169091747,2.385800210141532,16067,16383,002304.npy,48.04219224396297,0.1547927643259206,4.441001149472674
36.01886038613475,0.02769856793125685,0.9976708512118097,0.16519647063232765,1.7737592229606005,3743,16384,002305.npy,65.767456691483,0.1311056980348393,5.272448037997465
36.726201392138286,0.02719003348293737,0.998586645553341,0.16396944445600434,1.875253747703218,705,16384,002306.npy,64.35823669645228,0.1326775241477077,4.6592777101277845
35.055626493592555,0.028524948829111114,0.9999599519021596,0.16780198559758516,2.0167121342967804,15895,16384,002307.npy,61.95212350392784,0.1357661187428419,5.904897615418933
24.698414812149675,0.04037902891367518,0.9972980058217351,0.19438335067123338,2.3140802876020534,3408,13699,002308.npy,24.77016326492968,0.2280766969406422,4.694049484375216
37.395266230928236,0.026550059349242146,0.9928465378118554,0.16121293471330542,1.867629784233465,15082,16148,002309.npy,61.26883136087355,0.132033749651373,2.9212269164344
40.43852947579469,0.024551830265131976,0.9928399118612475,0.1554146568151326,1.8185931209255322,15300,16248,002310.npy,66.42335639147322,0.1267919673642673,2.275533872464177
27.322869323841754,0.03648257788981544,0.9968087082803058,0.18959677827365096,2.0985025274702966,13644,16142,002311.npy,50.25139771928892,0.145820760944308,2.717806035636829
29.281664677285498,0.03413055873156586,0.9993995760261103,0.18290860949235963,2.43444811095355,12609,12912,002312.npy,53.836657272231456,0.1409433424154274,4.912349506496944
21.55721361331024,0.04593886347624671,0.9903138931101462,0.20230745927443886,2.5272081527649775,1152,14795,002313.npy,27.723847929592218,0.2302560956180004,8.123873211276486
28.31472478485828,0.03521217831195655,0.9970231379784054,0.18293576378489868,2.14947771753595,1749,15355,002314.npy,38.52815732372117,0.1907554779122233,7.141486602007242
18.116555762447405,0.05471345727310861,0.9912193996445557,0.22505107170105618,2.79769621042046,629,14860,002315.npy,25.49012289133807,0.2329758537297076,5.756616832876393
22.79677485592535,0.04373392911119705,0.9969925355129585,0.20406726493066119,2.2307096429065423,13703,15455,002316.npy,30.61772609943948,0.2174208493083668,6.932465837413799
20.206145823196653,0.04925293140194945,0.9952119141276923,0.2189632586482577,2.2612749598045294,16164,16383,002317.npy,27.03665022007545,0.2175760211863473,6.602252385565486
24.577775501758282,0.04053871791765099,0.996351508109132,0.19763451051300962,2.20012965096943,4049,16384,002318.npy,29.526923068828538,0.2105992972007264,7.490154823472451
27.349989542656786,0.03642012449463235,0.996090024070453,0.18791197057610745,2.498477087977437,363,16384,002319.npy,30.83128185660245,0.2073611596686314,7.0783894827082525
30.98676188883725,0.03215767248945472,0.9964621403299456,0.17538075503292502,2.134729143481917,15998,16275,002320.npy,35.74546916454113,0.1986826870063263,5.204090331773518
32.161101017331916,0.03099802938007543,0.9969307542308286,0.17336638222964978,1.9751780450838003,716,15415,002321.npy,31.46718736959029,0.2049714092939102,7.294500260353828
22.867722192601914,0.04364090705554774,0.9979681387794265,0.2057141638087603,2.223124850557947,481,15418,002322.npy,27.33304816157375,0.2183775628881574,7.563744843186732
22.97081228269411,0.04333220384885657,0.9953759204075193,0.20270636423337107,2.668322847523738,1539,15291,002323.npy,25.992735152542267,0.230736702463502,9.155225873764344
45.1980120117883,0.02211659455849219,0.9996261065145818,0.14821948680832203,1.713521489970304,7307,16135,002324.npy,103.20976231693744,0.0992386676179913,2.2609085942970992
30.807156622896127,0.03245190858342669,0.9997510304415331,0.1789729321999862,2.2189365979391225,12271,16321,002325.npy,75.14970550786313,0.1156278099808294,2.50818518079352
29.095350259553925,0.03435596637477941,0.999598875179664,0.18443992395744524,2.3156218736869985,14939,16320,002326.npy,70.49320607206568,0.1195570844494596,2.175982842567856
42.96268850448592,0.023209490730479947,0.9971421206013632,0.15156149316399048,1.90254158820565,15854,16375,002327.npy,103.32624096717944,0.098578745376565,1.894053486747066
23.69533682546168,0.04204146339116973,0.9961866356890833,0.19860185125401694,2.517799486151757,9954,16247,002328.npy,45.324931692842895,0.158853819767624,4.339487276604837
4.174568985441794,0.23666388154861417,0.9879696998871151,0.41788106288559895,4.174157489874667,15600,15839,002329.npy,7.942785694628963,0.2616663657738581,3.2582641905695926
4.523646474835956,0.22232217047502092,1.0057069027472068,0.4210520531200912,3.8808092045074587,3546,14591,002330.npy,7.607025836453032,0.2709674307405734,3.5493003308678213
3.770455876392959,0.26235623299154265,0.9892026003912824,0.4383459255663528,4.029203942545594,1513,16019,002331.npy,5.608385082022962,0.3820608137651795,8.36091304861411
28.5892535778565,0.03498925751830313,1.0003167556916903,0.18614885508091686,1.8892999170345561,13833,16383,002332.npy,66.68930056017138,0.1233930138912086,2.937100758131994
26.28317042188287,0.03800096835904466,0.9987859275773494,0.19355072465086176,1.9614738268182506,4378,16286,002333.npy,53.756430968972005,0.1369256826498402,1.8911325601983544
35.18687739323027,0.028397268091808484,0.9992111906491552,0.16735304639824536,1.8699856157806887,3725,16336,002334.npy,66.37992651116667,0.1236562537604814,1.8989083414126149
23.980701351505218,0.04160350017597213,0.9976811128972823,0.20272250896188562,2.1404558727817364,15811,16303,002335.npy,49.53014732988022,0.1426478125248929,2.1170973203225385
10.05773369020665,0.09894799629342417,0.9951925958988149,0.26547882164548553,3.1032686034875394,1264,15017,002336.npy,13.67038677302332,0.3710678602923031,10.143270306504734
29.82721717758063,0.03355589136047765,1.0008788591962685,0.18223194208193969,2.267587255126391,897,16381,002337.npy,43.784275963862704,0.1568054441649829,3.3490120144708944
26.826984803953096,0.03719286683889964,0.9977724735026117,0.1918006919045094,2.440055511171465,1670,16384,002338.npy,41.91910861121613,0.1589744364419905,3.1691541411565933
34.095288488288126,0.029291111251821808,0.9986888882734068,0.16893497912879354,1.9504484135081308,1533,16381,002339.npy,45.83782615242565,0.1530476421353468,2.9879271017562323
32.09416864927354,0.031159833646778864,1.000048956143029,0.17604284489698316,2.2727181177350215,14838,16382,002340.npy,61.18586046747612,0.1318962675478776,3.2737704503817167
35.6655797107387,0.028011545800546957,0.9990480195704153,0.16679544757967638,1.7760064580710955,11676,16378,002341.npy,82.52578028907674,0.1102490986897632,1.9033354102198872
39.4326231207133,0.025364300288790956,1.0001808940084933,0.1587203688781545,1.7389878336172904,14416,16377,002342.npy,90.35096891387047,0.1053751461090941,1.7930861393160724
47.91574026708047,0.02083948591575019,0.9985393944385677,0.14401547420542743,1.709107119314531,1177,16376,002343.npy,109.7571254708527,0.0955764010425317,1.6629331049581009
39.75572029301598,0.025101650766688226,0.9979342067734274,0.1575309519817226,1.792570924661051,1155,11437,002344.npy,64.3261635732874,0.1291566867342249,2.644872249927294
28.011115883398336,0.03561411421367053,0.9975910803237089,0.18505116460810683,2.054619597527671,16032,16280,002345.npy,38.50419510249411,0.164059314736021,2.081131433383304
33.22463249447965,0.029942140772688763,0.9948166232705591,0.17141879106547714,1.7660768172550088,3479,15797,002346.npy,41.15787350373022,0.1582463056527437,2.205725340957548
22.946944702624744,0.043331782763909324,0.9943320229495752,0.2061970432970006,2.0657254714044515,15088,15089,002347.npy,34.47237323723815,0.1734209928131457,2.0616398994935263
33.25693500959458,0.029844807279738247,0.99254681607613,0.16942334216839247,1.929156946416404,1211,16202,002348.npy,32.450409110141464,0.2034806012250564,6.419256148797382
28.494937076149508,0.03506204717207718,0.999090827929325,0.18696998968883782,2.148586913191767,15851,16374,002349.npy,60.58119323045191,0.1302401990452709,2.138520981472713
42.00025376090785,0.02377093137809016,0.9983851500129136,0.15318825834139665,1.7535734086980317,15078,16379,002350.npy,78.05383937280129,0.1156475251156642,2.4698634925904392
32.80260763031899,0.030437462186922802,0.9984281293802996,0.17405214773090238,2.3690905689114246,15650,16380,002351.npy,64.80148151995607,0.1263694547903127,2.3991412502441745
22.448011041020866,0.04466953841513135,1.0027422915401742,0.20913437082558675,2.260542918195617,15426,15441,002352.npy,29.41955877661213,0.2056586949148481,4.045102766226688
28.866772625129975,0.034501233847982926,0.9959392727761612,0.18322410038626205,2.0219901050828017,1532,15271,002353.npy,61.79676151523533,0.1265342728542668,1.871824724626492
45.279111122152976,0.022037134014673585,0.9978218398641824,0.1481104338620377,1.7717470431655116,1621,14762,002354.npy,87.1999553430156,0.1069213104991303,1.638204994596398
33.444198070356656,0.029990602171135465,1.003011639260723,0.1730912723541424,1.8392775772132057,944,14930,002355.npy,66.7797363211317,0.1227797258017476,1.8516150149061372
25.763561034318574,0.038837837888679234,1.0006010068859579,0.19660793903278578,2.376788399286117,4757,14115,002356.npy,39.28252082601264,0.1670953844530626,2.661188234717758
17.700672633028113,0.056781370596595666,1.005068452584988,0.22907858630963285,2.7707784736173817,7937,8313,002357.npy,41.80721223544545,0.1558342887078624,4.100510141783662
32.39325210822812,0.031073030464896297,1.0065565096160385,0.17421160346874248,2.4230732601984437,10207,10937,002358.npy,60.45910465947527,0.1314453383517453,3.785124436724276
28.43824798478439,0.035454762889082524,1.0082713392814595,0.18772526364426903,2.201260915960011,8084,8345,002359.npy,48.23213887239791,0.1446187521653343,2.6532782123931926
19.917581619062542,0.049641280078494124,0.9887342476381501,0.21615130734599697,2.461403590945914,15471,16367,002360.npy,16.627086216314975,0.2916337293914046,8.186582475570752
27.82003778881066,0.0358003098880293,0.995965973936107,0.18720780246634477,2.1905823625742045,8942,16248,002361.npy,32.758558904727806,0.1915180791915077,4.888116266055968
18.886833644486487,0.05259477884882477,0.9933488386863099,0.22578851794253998,2.2594077166122255,12137,16239,002362.npy,26.615855030843942,0.2096352773234752,3.772374476929898
23.004648144253952,0.04329229244928022,0.9959239551538336,0.20469250070642078,2.206939080569179,13698,16251,002363.npy,29.883496710323097,0.1993830398092611,3.875206194135011
20.759164727456017,0.04775388038479643,0.9913306692832199,0.19781401904929416,2.574662755717079,820,14848,002364.npy,21.66848469162703,0.277708383007974,7.048763664035112
33.264091516998946,0.029993064393603257,0.9976920388640612,0.16891503194140448,2.034763973274069,5136,10199,002365.npy,43.23755154385039,0.1775157430795176,4.167725611324986
38.551615561897144,0.025787717655081376,0.9941581772574449,0.15772068857020635,2.117280634052322,8485,11538,002366.npy,65.93812084762658,0.1352706317873033,3.8037947454634047
35.037054529065834,0.02847767527540255,0.997773861485309,0.16684991114510545,2.152539429492809,8749,11629,002367.npy,49.43143798837676,0.1617660792166816,3.917384101693728
23.74041910368956,0.04222065879495152,1.0023361346260258,0.2041351693532864,2.041850179485292,14685,15393,002368.npy,52.16069629692329,0.1427191395589955,3.491398266838919
22.51203156113829,0.04452008535427659,1.0022375666000451,0.2090685037566082,2.5184849452972164,1278,13096,002369.npy,48.65715326057931,0.1440312236271662,2.1611902499902933
33.01823563542508,0.030414805466547436,1.004243213700078,0.17297593289367094,1.871624154989255,6018,13053,002370.npy,67.82613819464419,0.1220294335114397,2.077657651997658
28.22736358464174,0.03550289718024357,1.0021531870148872,0.181407744063969,2.002407070558826,12988,13201,002371.npy,63.93435506022443,0.1256363346008708,4.09227213878411
27.438267267727515,0.03630240527503037,0.9960750983976445,0.18545907840235695,2.2684516124847267,2469,14533,002372.npy,40.315172094524286,0.1764868040027689,4.307957752079463
32.59598770748686,0.03061995019162228,0.9980875200499799,0.17235057012850805,2.1114798408379265,2656,16306,002373.npy,55.03518073209909,0.1445156554646086,3.3758299301103976
32.29397548272849,0.03088156487068214,0.9972884988020986,0.17460734172691977,2.1996012900633968,5774,16208,002374.npy,52.996210047633504,0.1496354728005607,3.6036631946884543
26.674934153235043,0.03737387686492574,0.9969457044230087,0.1910417411530615,1.9647626961999507,3869,16249,002375.npy,46.39025674130093,0.1580543806558376,3.969174554956935
40.51586866488729,0.024710530060719296,1.0011685905798524,0.1566364483928586,1.898572561414476,1166,15955,002376.npy,88.67739511766632,0.106403728873024,1.6939122680721186
33.28543354286061,0.03001520256280841,0.9990690301798587,0.17011035610309239,2.3584544634735933,3463,16384,002377.npy,28.602789078274046,0.2257130324395255,6.528788683959284
27.229728765862014,0.03658670034010012,0.9962459266987977,0.1874874118358222,2.396554664810128,3463,16382,002378.npy,26.661033475321183,0.2296586213421384,5.697492426835263
24.659393460199805,0.04044306824415978,0.9973015325704482,0.19733016999114802,2.409955411100602,3356,16382,002379.npy,22.12149898356393,0.2581343901509421,6.668469500758955
41.21738774692315,0.02422968952236913,0.9986845080310496,0.155108664853292,1.9275376669288131,1980,16384,002380.npy,86.00969658642022,0.1090378978284995,2.0337556155593104
22.478760507511954,0.04441959632216869,0.9984974675663889,0.20901275481620618,2.428641423143081,1905,16384,002381.npy,28.49883723787876,0.1976297413216573,3.916436922912189
22.534010081503528,0.044325068634834895,0.9988215434807053,0.2083131502056924,2.210464183611687,779,16382,002382.npy,27.119993677453078,0.2035583979242128,3.132134876933632
23.743498037026576,0.04202081975002898,0.9977212512490606,0.19694592475356434,2.1711933494666193,744,16378,002383.npy,25.11638169581053,0.2163093094629682,3.514172137890676
20.806210269222635,0.04880059771636889,1.015355497350517,0.22031909557589263,2.407806528534718,2022,5879,002384.npy,26.75840565145161,0.1989752397593711,3.97742939840796
21.006378944875575,0.04735580906552146,0.9947740704715179,0.212349960687086,2.450299234981764,924,16383,002385.npy,21.013409647001,0.2532666806339569,5.897936647190793
19.83180009158438,0.050118687659178096,0.9939437945093771,0.21687371025848642,2.3159793259248107,1815,16382,002386.npy,18.11957297803431,0.279587540102666,6.996648821911819
23.102613252022174,0.043120235654961196,0.9961901276726256,0.2023100259738395,2.244733752884799,10128,16384,002387.npy,29.2778483663929,0.2069001680162206,5.959494142906636
20.812231153730757,0.047769117861051896,0.9941819229340206,0.2129099097983747,2.4667096307972933,14969,15977,002388.npy,22.297830919309327,0.2616937186156324,7.436659800014278
39.60860279093907,0.025184412065665,0.9975193740322582,0.1563866551590218,1.7427808354504266,16021,16383,002389.npy,49.486704956642434,0.1668851712621542,7.641663241397094
35.63433825744032,0.027973132810804775,0.9968040767005196,0.1658510343655164,2.2689832395494958,16012,16384,002390.npy,47.1929003082776,0.1651941026620288,6.671944759692519
33.61861370790012,0.029733384039918234,0.9995951522666537,0.17065128810853683,2.0528335405622524,16210,16384,002391.npy,66.30376372400988,0.1271638773691158,5.921936272991942
41.94292144778236,0.02381630525476052,0.9989254204768268,0.15370659934362418,2.039861530128283,13963,16383,002392.npy,88.52848160862752,0.1123756783064922,6.4037889422617
18.456135112551078,0.05346978664551303,0.9868456067688678,0.21702000835277735,2.339214616469298,15886,16106,002393.npy,13.996865810459385,0.333027698767507,5.328800081201058
15.571583754335332,0.06312981601602012,0.9830312174892374,0.23489974170344122,2.7142954253423155,15638,16077,002394.npy,13.28076467764466,0.3392782111886719,5.6224667503206
13.369814521661294,0.07383618802043644,0.9871761388197448,0.25848447202544317,2.4409035271246218,15744,15824,002395.npy,11.729123673797424,0.3630526820210749,5.66750401450507
36.230614760185674,0.027419676298538698,0.9934317288213494,0.16054210504746047,1.9245791139539818,13811,16140,002396.npy,53.39906980083308,0.1520079578401284,5.031168027409166
30.89663997338151,0.032389676725399906,1.0007321806388956,0.17977079444579466,1.907780465049813,2655,16381,002397.npy,69.09087401416184,0.1212293721947333,2.2326251734424774
34.16436646690604,0.029330693227079947,1.0020645521383582,0.1705953939426463,1.770953379361313,469,16381,002398.npy,76.86049131650367,0.1154279947381306,2.915327825917453
42.91557222020964,0.023324612244727157,1.0009890812969744,0.15237680916365864,1.7269119799047448,15470,16381,002399.npy,91.25533272264587,0.1058343665251919,2.353571243100516
25.054962941703337,0.03962147361067939,0.992714553011249,0.19262095392792927,2.7762922415378775,15605,16366,002400.npy,22.09568629548453,0.2550959954899486,6.143188269028553
25.260967041253906,0.03940752251994069,0.9954721275536927,0.1970269060731903,2.977425184126279,15729,16383,002401.npy,27.654969613989422,0.210880120301542,5.149225130614755
23.550407313539353,0.04237300367182313,0.9979014955695333,0.20447270446650814,2.4979982452849883,14456,16383,002402.npy,28.1447955034726,0.2059950872014875,4.619548121869206
22.305000151866732,0.04466151809139095,0.9961751678110738,0.21006239309398006,2.753523198721021,13673,16382,002403.npy,28.163330373602623,0.204854886835401,6.094756312053775
23.619225919186274,0.04207886486755881,0.9938702157297817,0.20382333578149583,2.190725226627496,12887,16345,002404.npy,30.975397249324857,0.2055449686413283,6.3385624894622765
40.20124840027019,0.024773718663482835,0.995934417789083,0.15662166012107046,1.7461034346921738,15,16300,002405.npy,90.27742143302264,0.1055192946146585,1.937881389384893
27.201667493434535,0.03664431454918842,0.9967864598918489,0.19010236524872764,1.7969213026008073,6734,16282,002406.npy,63.70670903563767,0.1253177465175568,1.8355761966531547
46.72672144835482,0.021345926283748762,0.9974251515178442,0.14571785160620562,1.8003086291225834,13248,16193,002407.npy,99.3159092673172,0.1007847721811838,1.8627133617653369
35.23215563863134,0.02831397122660121,0.9975622410033433,0.16615408131720658,2.688880272695691,16225,16357,002408.npy,57.66334033710314,0.1431957898923962,5.015562369545771
17.83020916240704,0.05585944633678767,0.9959856118811758,0.23406434594476366,2.3183869632381895,4031,16051,002409.npy,19.515319484050792,0.2466318579807218,3.943024030949207
26.13463643026304,0.03806846125721886,0.9949053944169692,0.19488945089065415,2.164161373857681,15153,16045,002410.npy,22.709738161957716,0.2289563045026882,4.040735968300591
25.784019219109897,0.03848734011524723,0.992358317223954,0.19534391080347951,2.3867149447102105,14089,16271,002411.npy,21.45085324605909,0.2381880701807828,4.36865307302334
29.62287667138513,0.03359938099759266,0.9953103195265685,0.1819049669356283,1.9849333792989217,9703,16326,002412.npy,52.46483378917894,0.1418884067470074,2.922167821230867
39.659199462922004,0.025130391890381926,0.9966512245620543,0.15679638917211808,2.0445029245330244,15954,16358,002413.npy,83.89093775513382,0.114273413419218,3.218946654247753
29.651519545541902,0.03369050203372514,0.9989745795521201,0.18170267214545716,2.334762290190019,16141,16361,002414.npy,70.0448517473404,0.1213171574884179,2.934093169531585
29.67931025447479,0.0336268820815555,0.9980226661891247,0.18104884597079474,2.0445270904751762,16275,16368,002415.npy,70.53674147910618,0.120745176711142,3.274594905500994
16.687658160165938,0.059297001637802556,0.9895280932544488,0.22662332676128227,2.34661718991881,15386,16199,002416.npy,13.522899962793224,0.3381383809742028,7.1889089244343625
20.986996599843067,0.047502543741272725,0.9969357239819873,0.21448981086799296,2.7493569645015286,1942,16065,002417.npy,37.01693461393767,0.1824509158064819,5.735404465773858
28.212329622845516,0.03542813590559745,0.9995102480916839,0.18151406046527302,2.4312924082398144,560,16064,002418.npy,45.2522068862631,0.1679526462419409,5.134817873321375
31.43323905680554,0.03166403276092526,0.995303111276686,0.17374273794636777,2.1535652487297012,375,16020,002419.npy,50.2347213671509,0.1521461869111151,4.961345265952693
44.69202254599706,0.022334229321536773,0.9981618803855902,0.14852775800775825,1.6334296604160328,381,16383,002420.npy,99.60256685726613,0.1001924999933061,1.667753818625737
26.736736670303802,0.037381270713731096,0.9994531914743677,0.19231564020262998,1.8369024796557865,534,16323,002421.npy,60.8930092021649,0.1290194156958915,2.3981993253405585
35.55306194594044,0.0281064335709627,0.999269773827897,0.16717049423707855,1.8380139736627887,855,16318,002422.npy,79.62864851004186,0.1128108560950597,2.1541771265962217
32.19204396519511,0.030963614046744834,0.9967820247141426,0.17461582772526213,1.8775429203642175,13747,16315,002423.npy,73.98150419374011,0.1165071389318008,2.3672716025508787
42.91867529693,0.0233355729250859,1.0015318772395927,0.15222306171244068,1.7616752356486631,2526,14587,002424.npy,93.82929208686932,0.1033335511560299,1.74233671776022
31.62080741308606,0.03155640702331342,0.99783906913315,0.17667485159082721,1.8913776255960202,8613,16161,002425.npy,72.85533708592139,0.1171896510968612,1.71710313294923
37.15513115262494,0.02683659284214447,0.9971171267394735,0.1629053792148472,1.8599753130632297,783,16293,002426.npy,85.41453397481837,0.1081711086091471,1.7660946038117424
34.703959399381624,0.028755095848755425,0.9979156788605353,0.1689205267850582,1.8205320024217304,4631,16164,002427.npy,78.02169556488897,0.1133963784825076,1.790848124145784
28.739344398843155,0.03478613228811126,0.9997306361317474,0.1854981248405299,2.5252413571165673,15484,16379,002428.npy,61.10839115693579,0.1330087789122642,4.572728831858658
30.84255877808025,0.03245501054150279,1.000995570269514,0.1788345606236079,2.2283127391093123,701,16381,002429.npy,65.45339360527613,0.1273284267514909,3.85577837797068
40.69054668929569,0.02452162075820207,0.9977981543588237,0.15535921587169835,1.8900883950198613,588,16382,002430.npy,83.15373257258108,0.1145293143644155,4.337118819368508
26.05126327427225,0.03837557436240307,0.9997321910163748,0.19483667021432818,2.056839083120483,12057,16380,002431.npy,55.83134146538444,0.1380632820959423,4.019838870447245
26.34856239283464,0.037819271936128156,0.9964834462606528,0.18591028870525161,2.263404263370304,16238,16249,002432.npy,46.03871872136705,0.1764505134459208,7.048729073935942
33.487249979610134,0.029873828637552908,1.0003923674337702,0.17133903342864182,2.0706323426640663,730,16363,002433.npy,42.69445477794225,0.1703202330514456,5.419452991670748
33.040515650229324,0.030186955626752766,0.9973925798185029,0.17117548282652179,1.847686464924744,15964,16364,002434.npy,47.37329114795567,0.1600407133403614,7.517285686833693
22.870980669046553,0.04376024509709776,1.000839719688462,0.20774466641741987,2.0702926909898447,71,16368,002435.npy,35.84322282417499,0.1818242784037533,6.231979741906596
21.103858308530263,0.047029043464817115,0.9924942696672115,0.20615594532199275,2.2775419548793523,14079,16382,002436.npy,17.6564452479644,0.296704095479881,7.168026092885572
19.534909736506226,0.051031767427052815,0.9969009703818553,0.2234647115663248,2.2952864281000633,14827,16384,002437.npy,20.894126398306472,0.2414328329632673,6.642474196921571
25.2990260646318,0.03942405500954868,0.99739019526005,0.196474353856012,2.3068902176283914,15906,16384,002438.npy,20.18758181794908,0.2568311041049412,8.788409584259401
26.234841664105026,0.038059678244577365,0.9984896325332698,0.1929955401063399,2.5504832724467144,16265,16384,002439.npy,20.134908243150328,0.2543454601537747,7.188610152972916
26.512852715495075,0.037636169987226416,0.9978422316466702,0.19227572667784468,2.211193949241306,13446,16366,002440.npy,49.64909427833371,0.1509930203514548,3.469257007817967
35.5066043105245,0.02804771318465989,0.9958790538627997,0.1673034229606126,2.1520445880593604,1914,16101,002441.npy,65.09066067756723,0.1277026520802988,2.5606506604976365
37.93342163792602,0.026256137852018947,0.9959851477241439,0.16059216557322745,1.9765377939029647,488,16125,002442.npy,69.18927865943681,0.1238888537453765,2.4420758798714326
33.24218597576106,0.0300293725803545,0.998241988051564,0.17262486924068732,1.9188574225914727,2272,16137,002443.npy,64.26126497594402,0.1278894114255711,2.401042434917736
39.266300362357576,0.025475346134473994,1.000322593151281,0.15887120560411075,1.7933947711901277,3167,16375,002444.npy,90.92129281499663,0.1050808442921184,1.5697536312206926
49.93568705631286,0.02001701695541996,0.9995634944867595,0.14094769808767887,1.6103603123394488,904,16365,002445.npy,114.61582403426648,0.0934638393543412,1.554869025032133
34.95281581326853,0.02859458531622523,0.9994612738148133,0.16873835125574815,1.7730473437822951,4747,16367,002446.npy,81.78730631922146,0.1107677974242507,1.70766793173535
27.211715119216873,0.03671566881463604,0.9990963201953909,0.1906482144283568,1.9055090028046564,15597,16368,002447.npy,64.14274265713846,0.1248945520333294,1.8462591160114452
26.455879261838007,0.037698965886460926,0.9973592897883601,0.19329075879260757,2.1803990480234896,12609,16357,002448.npy,59.83520695184068,0.1308932596752636,2.9561771768032155
34.48626750161091,0.02900166275791749,1.0001590998610494,0.1697363687719392,1.8038698604117729,3704,16290,002449.npy,62.25644731477391,0.1318441275798849,3.324287018454352
30.73736708291833,0.032539984953354306,1.0001934623838904,0.17903524909335097,1.8606976795376593,9479,16287,002450.npy,56.96953921574307,0.1369626679389663,3.629876496766399
31.23734686286561,0.03202509355674477,1.000378955747759,0.17907640041671088,2.3047326639775725,13175,16275,002451.npy,57.60164906867943,0.1380381457885222,3.869670201663213
34.3329340518259,0.029061717453084595,0.9977740287495512,0.16945918071707589,1.9111548817422355,1248,16148,002452.npy,73.46689700573306,0.1168736309024628,1.856640760544621
26.078270208617006,0.03817418578229404,0.9955167318246095,0.19413956008249042,1.901020625690023,2634,16380,002453.npy,55.69389088988377,0.1360023326385475,2.325032430055821
26.795584783624893,0.037161288695982155,0.9957584619219512,0.1914806542635877,2.0866171821365334,4714,16381,002454.npy,57.39240784682297,0.1338247568140156,2.341663764936277
33.72193057593053,0.02953067522635352,0.9958313798434449,0.17090193063382664,2.208520420636187,14726,16364,002455.npy,64.72550670096359,0.1277443630650098,2.715911043030786
49.48422203540094,0.02022377061842846,1.0007575556753316,0.14185468701749215,1.6711955327991481,9214,16374,002456.npy,100.48189267634478,0.1001935617027473,1.897539661685788
14.22875180335131,0.06929287037204494,0.9859510542656231,0.25284649564480915,2.6158023939970407,13552,16349,002457.npy,12.028576214707456,0.3716345743882331,11.145905692426624
11.763355526630178,0.08353099457779765,0.9826047867116515,0.276719496320832,3.395345699458577,12614,16297,002458.npy,10.522261950908764,0.397830292394592,9.449773617683368
13.961448854018236,0.0705419267502936,0.9848675023881248,0.2509539350519533,2.515574596814962,14195,16379,002459.npy,12.078083542064416,0.3649976296819157,7.360382060245077
25.697111800877668,0.03887167901877453,0.9988898816332799,0.19586380547438573,2.0367398163373793,367,8855,002460.npy,37.32333457936143,0.1610500720393466,1.9300392474955468
30.170120121987033,0.03313797362064967,0.9997766447342381,0.18209749175412393,1.9241319420836882,1020,13453,002461.npy,58.06329624980784,0.13193855599083,2.0878733050669265
39.136292488904886,0.025630328117062035,1.0030760177759426,0.15950184996084094,1.7342672595179383,10,12782,002462.npy,70.31800377695451,0.1201885573085117,1.757467490092034
30.59807827374081,0.03273842174924551,1.0017327912421528,0.17824124760021082,1.86237428657406,1079,13567,002463.npy,58.874127953941546,0.1308528477380482,2.119855998657434
32.307831905401294,0.030907405773315206,0.9985512703562972,0.1733734163760018,2.006917618347351,333,16338,002464.npy,60.33979132078068,0.1297204312418981,2.776320985904104
30.26644515009425,0.03288410701144189,0.9952850211716356,0.17835841186287152,2.0400757376057066,13774,16339,002465.npy,33.220426668403114,0.1941481007011926,3.395403461351473
26.361842704164236,0.037827990912224455,0.9972155462426153,0.19187251907494837,2.1027448327959686,6017,16313,002466.npy,29.02057738387301,0.2074888372091923,3.344280848197901
18.807480704049105,0.05293489276896374,0.995571974323194,0.22694551950853784,2.368545901561351,6783,16303,002467.npy,25.310184786301168,0.2204629889808255,3.803983712239839
5.164911336086482,0.1925444026848482,0.994474768126973,0.37941947115842006,3.944807476158238,1936,13616,002468.npy,4.562439878164762,0.6697761279276894,12.567528483078762
27.097509988905344,0.0365955594244177,0.9916485370527378,0.1572262058026678,1.66555792608897,11728,13142,002469.npy,58.58457299064671,0.1800072968296839,6.210274296777981
27.154222289455333,0.03666795668969737,0.9956898468521631,0.16707741350946947,1.7937705719048251,240,14872,002470.npy,86.2244609846893,0.1147539156209482,6.660260996498476
40.513370438048014,0.024710345473903758,1.001099379836406,0.156868710065292,1.6928311556284252,13724,16384,002471.npy,90.5376733179416,0.1060478906604195,3.3418989230043925
9.500728233656112,0.10235721133509681,0.9724680476496598,0.29621494816856464,3.209384145888593,4078,13788,002472.npy,7.333333869571559,0.48599062466228,9.824871087727772
6.641463690694767,0.14458441595743754,0.9602521488216306,0.3312966726573766,3.5854531309812936,14930,15103,002473.npy,4.784352940818682,0.6941392556863213,9.522451506222009
6.091384318327387,0.15862919436774842,0.9662713870006099,0.34887311204107857,3.5075753424323053,4140,14945,002474.npy,4.773064017310258,0.6932671790628965,10.167719867765667
5.830937672497157,0.165454309416627,0.9647537658544115,0.35356457260532886,3.385136403848277,15159,15049,002475.npy,4.632049070191755,0.7113506091593136,12.41592361660709
36.38624958461009,0.0274463042735361,0.9986680774720351,0.1643341585421054,1.8444310870247087,15871,16384,002476.npy,77.07404555881409,0.1158935419235148,3.24321359291652
40.10030017714618,0.02482344635313518,0.9954276501920054,0.1567497865835559,1.7644168325401361,775,16351,002477.npy,94.96885967798237,0.1024999186038306,1.7259557910223655
43.46622249582657,0.02294334354637793,0.9972604753850498,0.15087129601059202,1.8483090131736744,654,16358,002478.npy,102.70508380895606,0.0987100842437081,1.647498320452108
49.420936791915985,0.02018472935841235,0.9975482337840276,0.14158873951872766,1.7301176272664187,4713,16358,002479.npy,116.36741846058068,0.0927903115341457,1.6639266674437707
32.27085032767343,0.030838359554788333,0.9951800855435521,0.16879141282701107,2.388164778285201,819,16351,002480.npy,36.63944085719806,0.2013571720542808,5.826445892238985
27.535520130689797,0.03633858938228568,1.0006019594567979,0.18960846440302762,2.8927871717947236,16263,16383,002481.npy,59.449760000983154,0.1369307712735921,5.761045346748519
25.702671237846666,0.03889854667449322,0.9997965568045329,0.1950718526359638,2.058257666973113,14216,16384,002482.npy,55.94676857702894,0.1456956912342907,8.025408305684923
27.70726413965009,0.03612773178806609,1.0010006074183802,0.18886723420830775,2.1689820207271695,15370,16384,002483.npy,56.73971456373789,0.1453909553136557,8.278689887042841
36.587845211971704,0.027353874421656346,1.0008193232872744,0.16411594178488603,1.7513537705104982,12902,15592,002484.npy,82.79251298857366,0.1106052760510413,1.8369492736757311
38.70203843259726,0.025834377293715273,0.9998430629035866,0.16008693136219476,2.0995046054216466,723,16291,002485.npy,74.77840480503293,0.1165090359976103,2.0881348959711783
40.86517221574209,0.024398072279583245,0.9970314254372925,0.15525561396073276,1.7059967180928284,1125,16371,002486.npy,80.30863249628533,0.1119133190456041,1.965101331170387
26.3490856525035,0.03796565588835206,1.0003603188556622,0.19371670287180776,1.8896548805953317,1664,16346,002487.npy,55.96798439863189,0.1341606255886732,1.8597476817229568
24.15118984374793,0.0412534580358897,0.9963200967358607,0.20139892844373233,2.0370327963623316,11879,16209,002488.npy,49.08144757306484,0.1447745165955924,2.3588079374226685
32.08016317952231,0.03125264926597096,1.0025900882447265,0.17639040833497202,1.8436772748024404,7191,16384,002489.npy,69.34959117062779,0.1212496291791301,2.282038579642293
40.80421340759118,0.024507037251555654,0.9999903780002636,0.1558500119187979,1.8226434568695062,161,16383,002490.npy,87.4208817340306,0.107608898723472,2.243984721723832
34.48936007832888,0.028974902077337408,0.9993258309796093,0.16883055930571686,1.8477114618731623,1688,16382,002491.npy,71.63564726374773,0.1192848441248084,3.1256458231595268
23.43372236899529,0.04246315722423592,0.9950698373037413,0.20168673761791694,2.214617030510712,779,15742,002492.npy,25.74298776113592,0.2211560116988843,4.634075605841836
28.871771001095766,0.03435400729090465,0.9918610314729734,0.18029125306807336,2.2845165657483286,13287,16347,002493.npy,26.921841864009533,0.2318748932743746,5.5242909289128574
18.681697644652658,0.05323199242769811,0.994463987556696,0.2259404662782128,2.658098801745311,13155,16352,002494.npy,22.47579872531531,0.2489794846869923,6.310183919350335
19.446581309941603,0.05112008518979899,0.9941108932145676,0.22060998088779227,2.4402277639475543,15736,16350,002495.npy,22.92640630465773,0.2475791148450459,6.5853427346755575
15.259813186476025,0.06471881973060381,0.9875970987382329,0.2422984433394632,3.0315261617964637,1274,16276,002496.npy,12.34291006904368,0.3758487079214641,11.159177210488426
27.153312804857027,0.03687875583347797,1.0013803930003733,0.19111917253344568,1.9361349290098928,3532,16359,002497.npy,55.35545259591352,0.1352811705635086,2.078414998514039
26.401056148335748,0.037797887403182545,0.9979041476198948,0.19316044769491855,2.0947113109149367,908,16333,002498.npy,53.32341147835787,0.1376406923583649,2.3404551766763926
34.042090863850525,0.029404776216008944,1.0010000637765673,0.170847370629076,1.7880041580312518,3644,16356,002499.npy,66.543101456422,0.1237452240685899,2.1079201781381487
19.033900528990344,0.05245109436209846,0.9983489127248683,0.22431828409044316,2.2967177056207273,9481,13950,002500.npy,28.632874413885972,0.2024322510184145,4.746666410903782
34.407590182941675,0.02896871449554559,0.9967436564893747,0.1687283718575683,1.8167116852921052,2974,16383,002501.npy,40.11141034057877,0.1684178823936058,4.611789490228457
33.821717668305816,0.029500549022608215,0.9977592401026701,0.17084868169639592,1.8395795331041183,14579,16384,002502.npy,42.45598427351234,0.1612134000481246,3.9590407006279618
31.90613756931836,0.031211067423502752,0.9958246108995495,0.17453236795585356,1.949182805479131,14210,16384,002503.npy,42.04432582264263,0.1614968363146332,3.709633016684856
30.62877368145268,0.03267828345237043,1.0008957481610141,0.1802478310597956,1.873477136816543,2047,16346,002504.npy,59.75794997785939,0.1351173293426965,4.659404262012578
25.775142639453776,0.038915299448923656,1.0030473941530642,0.19368426003730982,2.191388404640496,952,12886,002505.npy,52.53992124063913,0.1367269016109617,2.053864226559509
24.066781153271275,0.04156658051495448,1.0003737965432395,0.2019320159408232,1.9821962630754253,8660,12894,002506.npy,49.87243993079258,0.1406887030091959,2.107383519253538
41.04151505138668,0.024342968406344975,0.9990723042444377,0.1548834162140134,1.9096645929528917,2732,15007,002507.npy,77.75523135674817,0.1128029448454417,1.620931443985489
19.939495257490684,0.04990869010776537,0.9951540897113599,0.21940311512803878,2.4057496252862878,13421,16311,002508.npy,20.2610365246119,0.2500756973345235,4.129262364912687
27.981045831205822,0.03563526866946614,0.997112085847665,0.18509359671608575,1.9686843710473991,1667,16384,002509.npy,34.3012131652612,0.1928888201164351,6.782879560473366
26.40797735777837,0.037743519460945445,0.9967300073275146,0.19234700844999686,2.91231163167628,11777,16384,002510.npy,31.12686205289115,0.2045692994965348,9.99975892932565
22.37271225729547,0.044580588565794395,0.9973886802433944,0.20808905703978475,2.241067118209622,8974,16384,002511.npy,30.28853327087544,0.2046681901919318,7.51889223027788
16.959323882299355,0.058660070894511473,0.9948351412586617,0.22765700019422908,2.989682982466939,13736,14076,002512.npy,21.394408790534147,0.2654864221666908,7.268657469790923
18.864364048161924,0.05287185489257276,0.9973939185950838,0.21633293263670375,3.677714408003353,8782,8874,002513.npy,32.82894863906389,0.1981203718054498,6.9142051353404685
18.086590224898664,0.05512705445425463,0.9970604442197781,0.22160137651733353,3.5820985643309746,8079,9545,002514.npy,33.59303014036043,0.1907626236010327,5.085871726847158
18.17848395241519,0.054854074174066306,0.9971639070978567,0.21814496607236658,2.8332090824470337,9048,9049,002515.npy,33.310168531965914,0.1962426882932425,5.4223851989095735
40.6246505454562,0.024566563048091735,0.998008038931644,0.15509718797693417,2.114722580140276,15629,16340,002516.npy,80.35509027320136,0.1153663166620398,3.608187380239502
33.15709503911027,0.030030319065636902,0.9957181433141278,0.17071612993222884,1.9316974960032716,13972,16384,002517.npy,33.17361512094878,0.1878857536150531,5.772618372452377
25.185830169656942,0.03956974079258022,0.9965967714592721,0.19815730596865144,1.9709240374886519,11822,16384,002518.npy,35.09802744287481,0.1747887743645285,2.975422844259143
25.0680662217412,0.039758930287018004,0.9966794973405593,0.19676531362479163,2.399872603796263,12546,16383,002519.npy,27.948747939125333,0.2028661563655531,4.633082264981292
18.592285132244836,0.05353688283822961,0.9953729908199501,0.22038598780127916,2.586573589111033,30,14975,002520.npy,22.288463926502786,0.2482446167095159,5.6671092542428605
37.99438276576793,0.026211567934746553,0.9958923450036897,0.1593610692127125,2.634597225972029,28,16377,002521.npy,59.04873750382702,0.1324327424081809,2.4989733687258733
26.38844916876962,0.03785938990892027,0.999050586172172,0.19321805962829658,2.173039533857154,1456,16325,002522.npy,46.70587158098374,0.1483516150948396,2.410623425165185
34.736715927938654,0.028801268558778327,1.000461484290554,0.16867694519275142,1.9954619534473195,2082,16384,002523.npy,60.506523933312586,0.1310066516149018,2.414411952391444
31.81098730838652,0.031376801152766934,0.9981270232484364,0.1739655316800135,2.938767068310037,478,16344,002524.npy,34.60900869016488,0.1976537833719629,5.782158167368066
30.35596585912149,0.03284326851264513,0.9969891376718154,0.17718137937689823,2.360134541219053,14786,16299,002525.npy,35.71415296037328,0.2007298384335397,5.652893608166267
21.19527420485255,0.04693240904271677,0.9947452787546832,0.21202836682306622,2.4319591046839446,11892,16317,002526.npy,29.566989693487223,0.2150589546669406,5.9071485906458365
24.24657059295825,0.04117808995448232,0.9984274649645406,0.1968439264782104,2.412427001108283,11630,16299,002527.npy,32.264663409194625,0.2077184681676481,5.876703374413404
32.76903254029144,0.030553120381433454,1.0011961959866345,0.17217931911052456,2.0919931972458157,13129,16105,002528.npy,53.08419907270975,0.156131120464879,8.38970374323103
40.27082080437523,0.02483406927803128,1.0000883537390377,0.15705675345748527,1.6689346582664615,10731,15583,002529.npy,89.7247020474823,0.105675695469215,1.548939214876041
34.579397595323435,0.028988005071839292,1.0023877528743832,0.1685334820324233,1.8015465134943904,12307,15545,002530.npy,75.96782970378382,0.1144702298485172,1.677664227180203
36.57379814488371,0.027371211410514358,1.0010691611090898,0.164038705873925,1.897694666072547,2161,15478,002531.npy,80.20997630706324,0.1115054385108057,1.931543981055446
25.014818931629762,0.039956609807137215,0.9995073594473194,0.19861595190162967,2.8016762428214697,16243,16349,002532.npy,40.855864063976775,0.1690448328030609,6.188411160861979
20.307564115973452,0.048907937419754334,0.9932010749316783,0.2156234923421735,2.4373895206569594,13570,16383,002533.npy,14.310037791431858,0.3181701635903382,10.663325817260532
17.060999117134624,0.058309124227488,0.9948119169660659,0.23422881092727993,2.3506636657353903,1926,16382,002534.npy,13.58625625506328,0.3245030976354047,9.964265541143662
17.672898215714977,0.05630338473113256,0.9950439875535465,0.2315982760792795,2.1416231365769414,16267,16380,002535.npy,13.921324975765582,0.3166619249430976,10.240799524409695
23.437527592784768,0.0424542652569371,0.9950230133908671,0.203035007794733,2.4439434299383387,13440,16383,002536.npy,31.069717661170564,0.2134065296197206,8.15551849718877
3.8486145483303327,0.2563686435620945,0.9866640913487903,0.44171069045228956,4.283795611114506,5115,16119,002537.npy,1.8770621653149984,1.4736208499321906,20.408378120261386
24.69966903503444,0.04029619267823224,0.9953026225243143,0.20006443196656631,1.9850100727063167,13567,16384,002538.npy,19.93069972534049,0.2369952157078403,3.9597719364970647
4.160399380003267,0.23835724514355233,0.9916613349145219,0.4180635282821972,3.9542483958693264,15469,16135,002539.npy,1.902837957276688,1.4797367289669507,20.598274583067752
14.602234572485775,0.06716508831000303,0.9807603745843865,0.24509311042591164,2.249204487383218,15315,15971,002540.npy,11.383993292187736,0.3694563401008229,6.032501707434021
9.007592127535151,0.10599369659873585,0.9547479870511224,0.2949509373539243,2.516543448532834,1116,15529,002541.npy,6.624110500137803,0.5376612338480591,6.092610577343338
7.6947164462811415,0.12439230100345532,0.9571634843220418,0.3211573152774597,2.7051950201205393,2265,16030,002542.npy,6.458848286981459,0.5514833252748066,6.273634365215235
8.96711364535362,0.1065646772263879,0.9555775712694472,0.29574861842377864,2.4964352005006734,998,15913,002543.npy,6.6741207931651045,0.5458553799339986,6.064045044269566
22.047284566914545,0.0452241494300047,0.9970696917799797,0.2098185656772325,2.766804661556829,4730,16354,002544.npy,27.5201990240036,0.219251263212935,5.003223989298527
34.99517498180823,0.028510807679051106,0.9977407036010754,0.16797067313570777,1.8629827603001312,15895,16384,002545.npy,77.98185292844578,0.1141884359832333,2.3910820802686428
42.2101893886823,0.023609186967881855,0.9965482532271032,0.1530478108345153,1.911438037802698,8830,16382,002546.npy,94.160112167243,0.1036918882396121,2.5334241392469505
26.910844829761317,0.037118733175824994,0.9988964687719398,0.19228145902079702,1.9363882881614858,8696,16382,002547.npy,61.85529077969818,0.1279587797614684,3.2127614406972165
22.41943732412053,0.04438106118609429,0.9949984196395993,0.20852675768971055,2.1484869225694143,12138,15637,002548.npy,41.56983454200645,0.162167550656414,3.232396490883056
18.791108506701214,0.05336769045807761,1.0028380621497794,0.22326132872185356,3.231617914477463,2277,11989,002549.npy,30.347981701503294,0.2106447578130056,5.837714428779016
24.845300375768502,0.040420813099353324,1.0042672428862316,0.19322720688397824,3.2286750879446244,2455,12041,002550.npy,34.658796000852426,0.1986427726953895,5.881523757833549
22.58064262605033,0.04419411540725889,0.9979315261857379,0.2010996491440565,2.525752107641635,2361,11731,002551.npy,33.36886426926442,0.1960681018115891,7.938272936414527
25.22642561985188,0.03947452197092132,0.9958010923786556,0.1975640374743598,2.3264146558178185,12996,16330,002552.npy,42.70900263328252,0.156668611573345,3.147103104594225
24.69539096705245,0.04051524788786791,1.000539886717944,0.20007420318370905,1.9419220010357285,11,15733,002553.npy,31.996332912727024,0.1797658193510986,2.5244994586217198
30.45708330252838,0.03269472062793161,0.995785829717806,0.17838583182081402,2.3850133083065277,8408,16190,002554.npy,37.76990395938453,0.1662038537148753,2.75299409370362
27.26814187325807,0.0366532706309915,0.9994665836847995,0.1899900386771206,2.1380619899931297,1062,15743,002555.npy,34.74091068006515,0.172341880852164,2.693360311991792
37.57027420536149,0.026575105549760444,0.9984340025409238,0.1622292176030681,1.7964778862854633,14661,16193,002556.npy,80.20271496102264,0.1130106225442035,2.075575878347426
20.544990699618438,0.04846064299067574,0.9956234595409625,0.21802543629280868,2.372657908817385,16136,16268,002557.npy,31.85522748056985,0.1920903188862689,4.724383448817301
30.37275119313332,0.03284087755483761,0.9974678029372394,0.17841513863828323,2.090542373384081,14736,16130,002558.npy,41.04651189126224,0.1705810301181607,3.762539971932416
25.13188319175018,0.039632291401061455,0.9960341181128817,0.19504135746894646,2.258806000153808,16022,16052,002559.npy,34.12151166089923,0.1896382438422294,3.7840072007490826
23.888822839214086,0.04157111589683902,0.9930850228880237,0.20231996444249575,2.4011351646843524,4603,16260,002560.npy,35.981538671789984,0.1781033102338034,3.227555709550381
33.32106966565002,0.02991475210414543,0.9967915388928805,0.17173037447314324,2.0051178448468914,16125,16257,002561.npy,49.12740869870459,0.1506742045724996,3.406457750871224
33.6400905401835,0.029587644530708945,0.9953310408838141,0.17072528820821442,2.0281159886962636,13295,15740,002562.npy,49.24967334857645,0.1510334070353041,3.6146335205703735
34.85725093791283,0.028517610154195374,0.9940454932943592,0.1675960457495732,2.282052419784275,14577,16261,002563.npy,50.18186207696914,0.1494086995016763,3.4388453456965977
23.55031916378447,0.04245392557236625,0.9998034969847763,0.20558304842402597,2.0372323254307045,15353,16384,002564.npy,38.22010946423871,0.16655415391023,3.981528494240303
32.32329382909498,0.030906692086730435,0.9990060896047525,0.17499103834292914,1.9261237828640445,3335,16383,002565.npy,52.83602110730418,0.140705278182668,3.778296853320954
41.59166560432747,0.023971240850697254,0.9970038335829944,0.15425652736497142,1.741259378210038,0,16383,002566.npy,60.69457798991328,0.1315856469661346,3.4925411576846908
32.489895467057075,0.030787784892068498,1.0002919128055445,0.17524828083129762,1.926315007808384,16276,16383,002567.npy,53.65905200830718,0.1397314429725149,3.629235998799599
36.91524664447703,0.027079189743460574,0.9996349683124398,0.16297774108365554,2.2888675039969977,7225,16102,002568.npy,53.99888955150175,0.1409230744267371,2.9874929604240537
46.30283005887038,0.021592768436155728,0.999806287399859,0.1465258081676348,1.7263761793601793,495,16383,002569.npy,83.41216980477523,0.1102208227772167,1.7617449761503017
25.554208514892963,0.039172924837582904,1.001033089437823,0.19746088570043185,1.9377804316315013,1789,16384,002570.npy,41.21238340334985,0.1602213999877901,3.406350262231577
36.40038970990106,0.027455578235631672,0.9993937474876706,0.1650566798916766,1.720248388621036,1700,16384,002571.npy,50.102374778819936,0.1456874031130644,2.792838733317583
45.680870068719756,0.021800347661643772,0.9958588489844676,0.14672290776750668,1.584666909835665,1769,13098,002572.npy,106.210398838866,0.0971713730535466,1.5482561990739088
27.960613867708346,0.03579861948692361,1.0009513764708906,0.18861572066135018,1.9427595205038493,1018,16378,002573.npy,66.32592519528741,0.1230020931414198,1.851533539899102
44.80204090748968,0.02229822748718581,0.9990061000454095,0.1490896035440455,1.87190686303376,1795,16377,002574.npy,105.84884823311238,0.0972680167544623,1.8116702010090333
32.47873901363072,0.030800340084808732,1.0003562071455716,0.17493868663385007,1.860689142295506,14663,16378,002575.npy,76.87697748694256,0.1141862200671393,1.718009520485042
30.92077986211552,0.03230303660054703,0.9988350836033753,0.17856841970510806,2.1724523491427035,14692,16384,002576.npy,41.772831481761344,0.1720302899018014,7.019788239532607
33.779210339381045,0.029565972856982814,0.9987152160244532,0.1703583206974885,2.2381796873687754,15631,16382,002577.npy,65.3383212058594,0.1328777120488984,4.377982976477893
36.31713513689706,0.027487890289505004,0.9982814262721537,0.163919860169983,2.232186588283942,15874,16382,002578.npy,62.00989518254,0.1389522438152879,4.466287628171692
24.65870983548731,0.04050500553315298,0.9988011783268274,0.19918944646887535,2.6070325563935435,12935,16384,002579.npy,39.80916191804817,0.1749623166689828,4.804997264889442
31.37473754201976,0.03174054491698642,0.9958512662111383,0.17565344490519183,2.102692628377356,15098,16384,002580.npy,30.676879278207387,0.2087233981181585,6.1217412655291215
27.275027176171786,0.036527968705040326,0.9963013391203274,0.18955223723887496,2.1021685731534827,3461,16377,002581.npy,32.779122312470946,0.1866917098510872,6.745194590262673
28.789083896609775,0.034637426024922216,0.9971797637941006,0.18551156624474954,2.0985194956529605,15911,16380,002582.npy,34.607529232147954,0.1798366847190881,3.415707507420062
25.906666608185848,0.03839308291669,0.9946367991831232,0.1944579984830094,2.1934613781441863,4731,16302,002583.npy,31.081346920496213,0.1896705099604076,3.076960353742278
29.865005920668853,0.033387248899246144,0.9971103860508307,0.17830405714728442,2.649947061341619,13199,16379,002584.npy,28.249702179413998,0.2271555836843891,5.637299986758321
23.727487819117496,0.0422045422838605,1.0014077629517293,0.20073407767481674,2.14202722126605,1069,11957,002585.npy,29.80833445099927,0.1986754846082493,3.845623967357581
20.02737191128819,0.04994014248772577,1.000169806904409,0.217123768232126,2.502352592372444,1159,12354,002586.npy,28.026251033108647,0.2039425868074089,4.379897550224169
17.52566787871058,0.05695992140318788,0.9982606649097291,0.22944333835132152,2.376844040262873,3759,12177,002587.npy,24.86119822308813,0.220052231603889,4.867432640580219
22.445270178407267,0.044223980760059484,0.9926191965242199,0.2067005957411324,2.214200978392479,1559,15418,002588.npy,29.91900575974048,0.2031190871573052,4.206041964937418
21.21762803565331,0.046635723613933255,0.9894994368139693,0.2129706277647539,2.2427310347895735,105,11431,002589.npy,27.61345177071445,0.2095077749645089,3.495808415823877
24.582152244190016,0.04029352656529215,0.9905016044833265,0.19699204535636872,2.2772278414805482,7334,10414,002590.npy,28.66281744886257,0.2065753979088685,3.849012885020141
22.434216981855283,0.044121392382549036,0.989828890251682,0.2053584951618892,2.2755063055875406,961,13351,002591.npy,29.505176087718237,0.2041984075845694,3.88442680452905
32.77261953027917,0.03047641783403942,0.9987920463207888,0.17355967100153072,1.8269715098010149,14005,15742,002592.npy,69.85710706202158,0.1202263191534124,1.753002801692412
34.8928058130048,0.028537855551788015,0.9957658520881202,0.16733209840596983,1.9761210491947598,15690,16383,002593.npy,73.82519117165758,0.1165656746640888,2.7433311040117845
25.70940964144475,0.03892697939479589,1.0007896593648866,0.19606737323485418,1.8804994953324996,151,16355,002594.npy,56.037813056718,0.1343035923804761,1.914335553998032
35.40168646887517,0.028230080416729357,0.9993924559041856,0.16696153937732974,1.8491538782884804,13070,16359,002595.npy,70.84055718151272,0.1196036331407453,2.2409707381115465
30.228852949213437,0.033285291978181496,1.006176196580082,0.1838128128993041,2.437496868707429,949,10183,002596.npy,67.78734546566392,0.1218333658201206,2.532978991924619
22.908793030197376,0.043321211291373486,0.9924366632915248,0.20021483052069255,2.892292981144462,104,14847,002597.npy,26.60866630836137,0.2287233425570091,6.9462586496811465
20.172112614360415,0.0490945211258329,0.9903402088983978,0.21334610831419407,2.850837524126823,1072,14844,002598.npy,24.12776717742617,0.2407294590428534,6.664627635805382
19.049144041293467,0.052038698006663726,0.9912926540503085,0.21825761534825122,2.583185247990997,13002,14573,002599.npy,24.80865847585183,0.2365519443585424,6.425803265036
42.864229499297856,0.02324635577798331,0.9964371290898054,0.15173728540167175,1.7972918280511307,14720,16383,002600.npy,90.62876061614458,0.1055817083090376,1.6663008319058985
24.457283390813494,0.04080929106059004,0.9980843964470423,0.19885495042375143,2.216936529324986,15608,16351,002601.npy,28.06977096459936,0.1940642300387015,4.341065046641191
26.44028448678474,0.03766197285039584,0.9957932764980292,0.1915659802077369,1.9309940208059566,621,16276,002602.npy,29.133897332027807,0.1896474892920307,2.961330532421797
17.61814193660461,0.05664880411823353,0.99804667149395,0.2340341688967828,2.2958778283651986,12416,16359,002603.npy,23.531875407068625,0.210921690838828,3.3558709417768653
42.85509005698965,0.023341864757092348,1.0003177162632655,0.15228043233155808,1.705940070035339,2802,16384,002604.npy,84.16142617156854,0.1113390929640145,3.876364455110444
32.982647436558175,0.030254736089229947,0.9978812937171843,0.17260339267096805,2.01908052062873,15362,16384,002605.npy,31.69948071086484,0.1908154218656456,6.513078150028554
38.35026202613285,0.026058478541442852,0.9993494800666937,0.16083807691709076,1.9360415014168773,16371,16382,002606.npy,61.79556066396636,0.1287296523982773,2.276290418604747
31.079779388577055,0.03212753542062501,0.9985167131717205,0.17850296248004013,1.979384766451993,13434,16384,002607.npy,31.094977555069057,0.192213266647492,4.992333783171799
33.69363784639049,0.029605663341282566,0.9975224988233337,0.17097813224248476,1.7290187335206553,15493,16367,002608.npy,80.90371736114308,0.1112095345595541,1.6764144728540873
27.281230020313984,0.03639321700928696,0.9928517244095608,0.18808114258348477,2.0219715336029664,555,15172,002609.npy,46.41225550380985,0.1554378440694226,3.1956482049028083
19.848018032711806,0.04995508083986779,0.991509345335272,0.221035820921898,2.449085930475424,15107,15194,002610.npy,34.409413865356264,0.1805059762280648,3.382191072298084
27.971436920104647,0.035564355245460845,0.9947861193526009,0.18749646954254784,2.0892318143262187,86,15808,002611.npy,44.37803375384121,0.1597144775992956,2.8203950895026253
29.020058268759367,0.03444398000586606,0.9995663067782157,0.18516249448922192,2.7197491680552606,14418,16347,002612.npy,49.194997790392,0.1503287959325066,3.817343695257712
26.112194100113168,0.03820837921428394,0.9977046142941116,0.19501725819297894,2.547188370151274,236,15816,002613.npy,53.49536251417833,0.1387881009420983,3.7144823411604766
34.65219588961448,0.028830350213044764,0.9990349431486157,0.16868198448399707,2.645592233519193,268,15685,002614.npy,57.7944104033593,0.1358942371323078,3.9525783602521702
35.30702192128696,0.028385492862073692,1.0022072187277704,0.16919822331650125,2.5054736343852047,1743,15720,002615.npy,60.1626415282998,0.1340522353511203,4.539559056280947
30.221286977657574,0.033059835749248714,0.9991107836122686,0.1808728810333735,2.1157477771168964,16280,16319,002616.npy,48.648102219280254,0.1524934209578734,3.2245244534659574
25.718549360669673,0.039006287565975004,1.0031851321420038,0.19466911990046953,1.9255924545382659,8114,8544,002617.npy,34.39084039096588,0.1844581955622654,3.4510026104806046
26.553941902047068,0.03782318751206804,1.004354723745687,0.19329108245651638,2.1809473544760904,7524,8440,002618.npy,38.28051755998808,0.1701900359702928,3.7599881023845696
25.627416580644997,0.039125608428601605,1.0026882661709684,0.19653630390487445,1.9610973802735985,6976,8499,002619.npy,35.93610944743739,0.1783447975612894,3.2720403606976243
22.20241510892542,0.044996973633766,0.999041487262245,0.2096919533133841,2.3743684456352883,769,16384,002620.npy,31.88102937171843,0.1907483978481274,4.820337122617836
37.102511786642395,0.026887402229713513,0.9975901581401406,0.161690006605815,1.8791587028205985,13839,16046,002621.npy,71.97655267211992,0.119415666260348,3.064622383893591
33.64603566589176,0.02964437783245386,0.9974157938439135,0.17039015814335332,1.9840891882347085,15353,16053,002622.npy,68.0287302330438,0.122517363932848,2.503746397228551
31.264681718231262,0.03188315466607358,0.9968166828079306,0.17685338750762422,2.20288632729033,14858,16241,002623.npy,64.09779636231633,0.1266108701469485,2.617555721600149
25.119599963526888,0.03975628399837619,0.9986619500755751,0.19843781643721053,2.088009296043223,14195,16355,002624.npy,45.08914364623709,0.1513894287780054,3.309446214833864
24.036729295674135,0.041667328253365395,1.0015462897001386,0.20325542219932527,2.192728677013855,28,16384,002625.npy,41.45784372771044,0.1614512143892621,4.016868090290463
33.85889865946214,0.02951843067557985,0.9994615528308167,0.1706520464904235,1.99045838957393,3714,16384,002626.npy,53.17784626392509,0.1455861821396483,6.123575559575002
27.286668299439572,0.03663686368503826,0.9996979469054224,0.19069636938328194,2.0964869405504727,12346,16384,002627.npy,44.96461940239515,0.1553756610280455,4.378247707457659
31.37934384482021,0.03176870096555409,0.9968809911013936,0.1755091570003599,1.9216901382150051,148,15150,002628.npy,65.88197476465223,0.122603923294455,1.8091131144785904
15.765955042102265,0.06313864712699957,0.9954410720234346,0.24290363616976796,2.7547744258563687,8573,9668,002629.npy,22.13661374806312,0.2339965736612198,5.106187753026328
15.862924206773451,0.06282613495555409,0.9966062170044745,0.2364337971617773,2.611296861763717,8769,8887,002630.npy,23.04236455520809,0.2262582207479441,3.7961542187989
17.09634804728158,0.058084577502637555,0.9930341531643931,0.22903017935153422,2.632638738495988,8829,8883,002631.npy,23.35773343349017,0.2240677941891262,3.8666397806969712
17.737726159139616,0.05582092249140523,0.9901362371031035,0.2226367164733559,2.6012629523854556,3990,15827,002632.npy,18.65496693788448,0.2739247032596889,6.152343087393832
21.71403610600528,0.045756969312952346,0.9935684837628229,0.20951147416088264,2.2753918529267803,35,16384,002633.npy,14.240055364096172,0.3056789978164212,4.674792483799541
15.984997425429365,0.0622267578267339,0.9946945636531579,0.24411677819169106,2.360979804569491,929,16384,002634.npy,13.290746217023166,0.313120544769457,5.431882046092925
15.480803244996649,0.0641809962780777,0.9935733754487832,0.25109940400092556,2.825235532597822,13683,16384,002635.npy,12.276036488115889,0.3333644854351416,6.278752599724254
14.075831730003893,0.07034545040174299,0.9901707228262692,0.2519183327686307,2.468845778527151,476,12912,002636.npy,10.907495170650485,0.3729974536964674,7.872425789612304
4.100364687626342,0.24031948753817498,0.9853975404499915,0.4194887220793523,3.241826987417401,2068,16179,002637.npy,1.907809603026762,1.4658033420147365,18.149323781733056
3.8571302013456683,0.2567493789891463,0.9903157838757811,0.44186325886595945,3.8864163793601896,516,16134,002638.npy,1.8616856366886083,1.4990039875732135,19.589436614559396
3.990369247831124,0.24634816072243257,0.9830201248065541,0.4245038523984588,3.407975645529237,16125,16140,002639.npy,1.86887674502786,1.488731915127568,19.963697150245284
29.48342332187438,0.03370503615151443,0.9937398489341795,0.16985068775514348,2.097405647171376,11322,16290,002640.npy,32.08902246418063,0.2150797091056669,5.924186367831484
19.18690404289497,0.05142241571303544,0.9866369559398656,0.20692431716012072,2.383864260507012,12656,16338,002641.npy,15.179444888643852,0.3512648696429353,8.083159715980665
21.352793905597288,0.046268299861107726,0.9879574712966088,0.19766299303510101,2.742987319915807,523,16337,002642.npy,15.804135555275591,0.3451316791974327,8.151833017479536
18.46071983662073,0.05360540703984345,0.9895944010905664,0.2126178268818265,2.6268867187063822,10861,16346,002643.npy,15.096695618571886,0.3563388145055691,9.481956552542718
42.81621447224305,0.023278257130740963,0.9966868498498261,0.1519298990333451,2.2974066953723806,15465,16295,002644.npy,93.36093503742087,0.1074830522877558,4.251365992150451
47.18310837877744,0.0211680171406283,0.9987728469100836,0.14330799990322873,1.7074052322991582,513,16384,002645.npy,114.52242946531425,0.093407633483417,1.6541288937824443
46.94709988148694,0.021224035620595928,0.9964069201683536,0.14399873742022146,1.6332015424361326,14099,16383,002646.npy,112.1014808423666,0.0941211853336603,1.6192501548296927
28.56899288354592,0.03496115443994299,0.9988049723952812,0.18606689905870885,1.8024245987740186,13078,16366,002647.npy,67.49727311249843,0.1218018734384999,1.7322373923243952
38.07078369548111,0.026264806408002373,0.9999217635627445,0.1614009474395696,1.9149255905704585,14970,16365,002648.npy,64.61697004726938,0.130406529308111,2.973242709461045
27.11527091580169,0.036795219926758174,0.9977123567205528,0.18967266367754781,2.0815468435996642,891,16384,002649.npy,30.226043670597463,0.1981803833692404,4.527950086082099
22.855256717655518,0.043652124283235706,0.9976805067643564,0.20682725418138578,2.100822451215999,788,16384,002650.npy,28.54939270343343,0.2029023487584234,5.038918421444413
25.288568639643927,0.03941988684824266,0.9968725143287814,0.1966400917500641,2.1761193390522546,1433,16384,002651.npy,33.88335850824885,0.1832090746786286,5.014629610916517
34.523506772830885,0.028851276110632335,0.9960472262102293,0.16651195780555544,1.825217394603454,8726,16384,002652.npy,56.81640085948108,0.1469082047606799,5.942787551093279
16.08414208669361,0.06137348287267257,0.9871398188793225,0.23681762987075272,2.9550033208515694,13219,16367,002653.npy,12.983141091409406,0.3411092249559412,7.74347842628329
21.139075859033913,0.04672904033692817,0.9878087285021803,0.2082960754942245,2.535153625163486,14959,16379,002654.npy,16.13406165963945,0.3046403223373965,6.662116821902558
13.877762641369204,0.07114893936522532,0.9873880926957666,0.2571900555491789,3.1825630387049517,13201,16368,002655.npy,12.340889591332198,0.3469531599353626,7.528560522426252
32.771728600226254,0.030384967234684788,0.9957678997418571,0.17221358712248006,2.224739469732459,13181,16383,002656.npy,50.886430833955366,0.1557187220822704,5.502800475073794
29.867553426886307,0.03337340210195824,0.9967818703171974,0.1802856968056679,1.9107044933075903,15005,16376,002657.npy,45.59115232527507,0.155359232773089,4.071491040946373
25.305897358568437,0.039404164546518496,0.9971577435143384,0.19705571213060846,2.3238111085852204,14480,16383,002658.npy,43.90165231584304,0.1572231712762383,3.362670458921453
38.67239810897314,0.025807522251969268,0.9980387747343386,0.15995129342982597,2.724497082372187,14469,16374,002659.npy,52.39887356127242,0.1467205418487445,3.685411395101087
27.273950064896674,0.03665483991846453,0.9997222735729828,0.1908101673803646,2.103406319551222,4516,16383,002660.npy,47.679866209185256,0.1520639279740841,3.361312054223045
36.63700447094856,0.027248597497114984,0.9983069883288794,0.1643462789318334,1.904741421104241,2105,16327,002661.npy,82.74378461116892,0.110579946367752,1.810013002815676
34.01160901216129,0.029415513130553857,1.0004689314884943,0.17071186205571973,1.8864893268147374,225,16368,002662.npy,78.43854180338109,0.1135390885773909,2.048231123139692
37.86587765729072,0.02635753582670419,0.9980512269616377,0.16176801376973368,2.0829402350870714,1855,16327,002663.npy,85.1490565473178,0.1091967414630534,1.9445963143680212
34.75368098107006,0.028842006130176515,1.0023658799022217,0.16743137483229686,1.7493613114404774,11449,15592,002664.npy,52.2232449559935,0.1510296455816447,5.384452363591391
33.70552418325971,0.029582421542093708,0.9970910246864225,0.17099979042506805,2.2669896785764965,15189,16377,002665.npy,61.87540185457591,0.1315670334298655,3.493053172568324
33.73364217768411,0.029550097657059328,0.9968324206788609,0.17112412848642097,1.883791971951077,3571,16378,002666.npy,59.973195039577895,0.1332434234017968,3.7752981560021706
25.208557794040317,0.039489034095051695,0.9954615982159392,0.19765242458874335,1.9908347522828653,14222,16376,002667.npy,48.137931993272126,0.1487512363540453,3.5113139221317677
25.532628573697274,0.0391866903786819,1.0005392104713615,0.18973135247838688,2.5110057671716834,11526,15461,002668.npy,38.01756119869744,0.1851064789066895,6.6637929793838735
21.01780219019109,0.0473194925442358,0.9945517340349702,0.1996595314078098,2.571695154414419,15972,15967,002669.npy,26.12589026793985,0.2508658519386078,6.632399093067548
18.84479137479173,0.05275769136530635,0.9942076871948492,0.21621120555858214,2.581876822283126,8325,15835,002670.npy,25.69646500612966,0.2497868843517417,8.722174366509872
23.63267273266234,0.04198328669578129,0.992177274722936,0.18200958863973477,2.098801796629738,1760,16000,002671.npy,27.181385246483483,0.2519438045806895,7.611223855920135
22.55205472818487,0.04410358904936544,0.9946265539506643,0.20703995040057158,2.539706286884195,10975,16299,002672.npy,20.08874315620057,0.2669103648163697,5.752813987785717
35.91748762869638,0.02771534441963382,0.995465540317257,0.16311593053675863,2.8329231346972454,14710,16374,002673.npy,53.124468414517054,0.1519634930453155,5.391412239337337
28.81609527343287,0.034613027086910685,0.997412286238331,0.1846185521876345,2.433866701835616,13292,16367,002674.npy,41.54860566501395,0.1743564600478117,5.247933387001383
30.68976519785372,0.032434354944824294,0.9954027376005032,0.17616517568127082,2.3893584032833766,13040,16364,002675.npy,33.16372792950302,0.1986698707108518,4.896322051631202
48.96348689970869,0.02039089548393577,0.9984093439010181,0.14197372645574532,1.651717434517485,14645,16330,002676.npy,117.55527114104406,0.0922331655556185,1.6054787621926043
37.79517296527942,0.026490737761676573,1.001222015680425,0.16265502053714104,1.917231882932398,2433,16381,002677.npy,85.70041619582197,0.108877703035881,2.3026485873554017
41.62185544776948,0.02399918777299894,0.9988907243516386,0.15423069911914458,1.7258897763117336,4978,16383,002678.npy,94.5552745456944,0.1038266738491344,3.9962446445674553
33.97198153577847,0.029402603262124977,0.9988646951247295,0.17109717325210197,1.8729129080959257,3057,16384,002679.npy,78.47216918944244,0.1135658357198277,2.890476617486656
21.16049885276854,0.046996447051096145,0.9944682639089174,0.20926923601558986,2.4226558734119656,12391,13522,002680.npy,19.780820033565536,0.2618584395423606,5.955122256134958
12.040265323612758,0.08128732196352358,0.9787209238867586,0.2673342189833414,3.1916132768064367,5252,16379,002681.npy,8.779598278491536,0.471845810073181,10.73902271099344
11.863735010114372,0.0824315235681902,0.9779457520930059,0.26877398127451235,3.085291760702056,15354,16374,002682.npy,9.026237087028733,0.4579319827735792,9.11946413649626
12.612934243742364,0.07762074518259252,0.9790253549383213,0.2614739194077739,3.08569136836492,1414,16378,002683.npy,8.877222979829927,0.4716928639254209,11.637853652295028
24.12122411548262,0.04152031850131729,1.0015209079164937,0.20229246339529355,2.334473363851939,527,16087,002684.npy,36.700666358389846,0.1829287251813494,7.375616265638519
33.462011149721775,0.029907275525103343,1.0007575870788092,0.17179583116697345,1.8581331191435801,1275,16384,002685.npy,77.92572085856693,0.1141669635667923,3.122773544599889
42.90415922457826,0.023268478486290784,0.9983145058894936,0.15194472821971908,1.7385589088372866,3705,16384,002686.npy,93.79550552002657,0.1067744524417584,6.775394868178599
38.026988597254025,0.026274650799579757,0.9991458463524507,0.1614372943383307,1.8251295672839412,1154,16384,002687.npy,87.93115843359922,0.1074311256975474,3.625062465353918
32.38804049269187,0.0308552886160265,0.9993423371095608,0.17088695950637442,1.9539550226292124,7902,15523,002688.npy,46.95311710136541,0.1698659812676423,9.287853988546548
19.545968632601646,0.05116768141055976,1.0001218958537554,0.2190851002535093,2.839169429664419,13147,14019,002689.npy,37.87728768703865,0.1834819726134299,6.736402821789239
23.53974958773536,0.042152628133517965,0.9922623107279416,0.19262527511706257,2.6826583193164883,1547,14728,002690.npy,38.77367239020503,0.1866274388014278,7.246527062359656
22.25137429053848,0.04488307907425437,0.9987101917930693,0.1985312958659741,2.3713367481560303,10088,15002,002691.npy,33.493868033739844,0.2064317496092398,7.672385869714775
39.6352835872375,0.025231857422613326,1.0000718243780227,0.15839118790161075,1.8924831408572969,11136,16379,002692.npy,90.07152723293582,0.1057898266579889,2.232098990926309
32.89606605346081,0.030356486089157482,0.9986089715398887,0.17321039644728284,2.154668719522686,16362,16381,002693.npy,77.23343641362764,0.1144930666137273,4.6351231927683285
31.320784652711144,0.03187371816549778,0.9983098627427631,0.17706149195441243,1.9199833352180518,3036,16384,002694.npy,25.83155873664805,0.2180187482648816,6.035074722388914
28.910710958186904,0.034544445308612344,0.9987044735281871,0.18465724091837196,2.191968941598648,1540,16384,002695.npy,27.869665881978875,0.2042600675208826,4.4404750565063855
25.44035804448471,0.039272092388556945,0.9990960915209715,0.19752965245891246,2.0167942361656124,1556,16291,002696.npy,58.96313505151647,0.1305146380371253,1.907633119949658
35.97125332459925,0.02775412900818616,0.998350805357073,0.16541113676115704,2.3977642778109387,1271,16384,002697.npy,39.52432699516914,0.1681698254918701,3.5348392418333368
36.03899125611066,0.02773288742580578,0.9994652874453158,0.1653851506291402,1.7484484511682254,496,16383,002698.npy,39.93240620944321,0.1657994868836585,3.496935437621159
19.42856504653178,0.05122644793391634,0.9952563757868671,0.22022897968877678,2.684039880971634,379,16380,002699.npy,23.62893857311884,0.2204640282970023,4.682870757390638
28.202659303404662,0.03530017845739824,0.9955589063833872,0.18653371787019907,2.0906739503401144,16138,16382,002700.npy,36.48712671990437,0.1768380980473104,3.777726455439195
29.36751810284258,0.034042089503542414,0.9997316797538693,0.18372091887033154,1.906478060906679,2164,16375,002701.npy,65.09432990086701,0.1243775610270513,1.7859628509190104
36.94075954987508,0.026989649712896358,0.9970181603794595,0.16311674539330243,1.8475648718856672,15796,16325,002702.npy,80.64127866736648,0.1115398636196167,1.7473437221463874
38.11043755498049,0.026180359341165884,0.9977449498384526,0.16088737615297188,1.7199055828657457,13652,16338,002703.npy,82.55109365821751,0.1103579614361419,1.6560462510434617
15.51263657093541,0.06368099663907008,0.9878601573368535,0.24122154295885148,2.8455054636053383,15359,16380,002704.npy,11.03438692983869,0.4009655216992921,12.334985120919768
18.22725599952281,0.05434878724410881,0.9906292583619711,0.2216493059142833,2.6741200177643925,1313,15844,002705.npy,18.15246604621879,0.2906905034326597,7.018588873328328
14.952305662815286,0.06619509707465716,0.9897693248400038,0.24731202252497567,2.794740342786256,1443,16010,002706.npy,14.61223954766322,0.3307985956055796,6.716161229005034
21.295281162939798,0.04654932272840451,0.9912809154457979,0.2065046221062089,2.4693536975129167,5369,15830,002707.npy,19.164551519873477,0.2851209779465562,7.010425774512783
24.902655384108265,0.0402088777951536,1.0013078271144331,0.20013096580340134,2.039104946184231,15894,16384,002708.npy,56.10954753547646,0.1352852079790278,3.137081974303174
45.67627002383162,0.021877461697487777,0.9992808479304853,0.14720899215215846,1.6647177642220647,2882,16384,002709.npy,98.6002424307321,0.1017118537404248,3.464528457169971
39.11421056951824,0.025569943139142178,1.0001481401950154,0.1598455524127985,1.8043501340003925,2707,16384,002710.npy,84.22783526575444,0.1111709682333813,4.935130388140447
28.89577117379569,0.034548589689389134,0.9983081420419455,0.18450772670349858,1.9438743117101422,2086,16384,002711.npy,65.20316473278112,0.1245456508494879,4.019568967130762
40.97766880564986,0.024370660769987795,0.9986528656074037,0.15602001849108943,1.7555987243923727,13130,16291,002712.npy,73.2865440885414,0.1186152248581982,2.2584038541978737
25.219196117937503,0.039545355681190025,0.9973020804775252,0.1979237710563105,2.0584174829158393,4344,16384,002713.npy,22.28104596392497,0.228621820421416,3.248223753386996
28.32934934784529,0.03514552793840259,0.9956499389814637,0.18588488626989988,2.1440397803975895,1138,16384,002714.npy,21.715892372694658,0.2356437596697422,7.826434347231468
20.656903215608484,0.04817489244316741,0.9951440906208577,0.21569292015653058,2.492725296120302,12696,16382,002715.npy,17.7807289241469,0.2626664802525329,5.304057846305891
12.082286661310487,0.08160829457380918,0.9860148089814316,0.27299825688651036,2.8111105824529106,2055,16246,002716.npy,8.121585833707625,0.4691271427579641,9.7855613595966
17.655178246543464,0.05573847360173746,0.9840726866289323,0.2293926997565119,2.3851866321023536,6717,15939,002717.npy,15.084974475475995,0.2885867867545465,4.474064220778951
16.123036551021748,0.060909183526435484,0.9820409922896111,0.23773646562408413,2.128731085671491,2814,16090,002718.npy,13.944413960064605,0.300797374034696,4.325204953887314
14.151775251014907,0.06949415156642443,0.983465614228004,0.25791095197794633,2.4329796232464274,15924,15940,002719.npy,13.288116638651664,0.3092369808342828,4.559702252940927
15.985781962109272,0.06197311740533302,0.9906887423538527,0.23766263106001664,2.5842888875454277,258,16096,002720.npy,14.292232812192433,0.337227483185515,9.362367961457462
15.089834984781625,0.06562683675357833,0.9902981371846988,0.24541459327254042,2.435023200072083,2820,16382,002721.npy,11.482116331653405,0.3715959872694714,7.803133215170282
14.25013733802806,0.06940853048227494,0.9890810918031248,0.253690025051791,3.0533977845196616,15360,16380,002722.npy,10.983289839357369,0.3828894597843431,8.43455855812486
17.201669259188254,0.05753793130510953,0.989748464168388,0.23184849371797628,3.277051428840708,1437,16381,002723.npy,11.739825008432868,0.3734621778233292,7.935268260925331
37.195021123652246,0.026849673512363215,0.998674173455516,0.1632917399131616,1.7664797755258224,2058,16378,002724.npy,75.3806031767438,0.1171886908406322,2.478199265696198
29.000053951991426,0.03442574680445115,0.9983485146666797,0.18396738469320184,2.3115093151710826,9330,16126,002725.npy,56.86785030712873,0.1353726229069203,2.7952627511552404
33.52085106075971,0.029773934962313998,0.9980476393644738,0.17189287693828142,1.999294960349973,11909,15940,002726.npy,66.55331020169716,0.1243252597445457,3.3501832445938566
27.702717478934087,0.036049167837845376,0.9986599119625077,0.18913615038463755,1.9386648915076186,14071,15900,002727.npy,56.8439267015326,0.1342876384959125,2.667867672427121
24.74945932613981,0.04012970713998421,0.9931885546309416,0.1943010174218893,2.0443370966179937,11007,16384,002728.npy,19.60493554165914,0.2686602617186654,7.250112564036596
33.53658284131898,0.029727046952194695,0.9969435727400563,0.17146068713592946,1.7939661527588189,119,16381,002729.npy,79.44882698454354,0.1122884860516784,2.0891632138737983
43.58012046767505,0.022953514955986933,1.0003169469384916,0.15105090119904685,2.0518409937884985,15870,16382,002730.npy,99.87326683595082,0.101373084643364,2.5560317898047518
47.75012688291019,0.020955211840360383,1.0006140242354702,0.1442457352677963,1.7263324865379206,12914,16382,002731.npy,109.38931033489006,0.0963511411885596,2.379732383442473
30.50370378786213,0.03264425354620274,0.9957706405492364,0.1794385630557175,2.34902470966038,3170,15422,002732.npy,38.12355060931817,0.1771997345036665,3.556408766318535
33.753325643430315,0.02960421810224314,0.9992408140241473,0.17071798015034204,1.8740540130771812,698,16190,002733.npy,64.07050429995637,0.129139010810984,2.413463393593814
27.76803816634998,0.03598103380561816,0.9991227199791339,0.18896574640212968,2.222587968612026,867,16217,002734.npy,56.45190582701166,0.1364396829019472,2.838591422090179
45.34600793470089,0.022036345540418424,0.9992602997276244,0.14774778410222236,1.7191744353177276,705,16180,002735.npy,78.1388376187089,0.1175036354999893,2.861512685201837
34.17554076546624,0.029209390506597266,0.9982467159926374,0.1704062150945037,2.510987188192348,11003,15299,002736.npy,54.02488530426648,0.1509214415894865,4.129777390874443
31.58382645124257,0.03155067657114545,0.9964910932423429,0.17568755532759436,2.0400937932830208,7028,16226,002737.npy,58.17514968513932,0.1383627291039831,4.023281496868155
24.688020594457715,0.040503302153863135,0.9999463577181166,0.19974420956281042,2.3835814716135437,1397,16208,002738.npy,47.56073461528292,0.1509199143703817,3.4060927641301517
24.596252907350713,0.04058326470254201,0.9981962424296825,0.20052555172450368,2.247152929064079,14659,16140,002739.npy,47.17300127617312,0.1520163087699226,3.294545861184824
29.107286820483797,0.03434515304499221,0.9996942205740006,0.18494222650589612,2.1297321470510697,4407,15986,002740.npy,64.61677009232127,0.1260317962552829,2.1176734863870497
26.782504047560884,0.03712050772094231,0.9941801482836524,0.18826404099084595,2.0160196909674606,500,16383,002741.npy,22.753362892642844,0.2497883925765157,8.992120996873973
23.98250489914105,0.04144630441012305,0.9939861985670673,0.20042005789516762,2.2119224272893456,16130,16381,002742.npy,25.759202864365356,0.2273164805017911,6.817941569949841
20.607076591303606,0.048320509896156036,0.9957444483609313,0.21521204373544864,2.3501203006404325,880,16381,002743.npy,20.865499499308463,0.256461532743262,8.400868411448878
15.863362960040112,0.06242975109041762,0.9903458010522547,0.23781140859098582,3.032234483157544,15240,16366,002744.npy,14.717700174098336,0.3566114792750009,10.082938027196896
33.2826458384875,0.030029986773462747,0.9994774143156244,0.17326151359820263,1.8138646770626115,15437,16318,002745.npy,56.5030955577924,0.1356862150469208,2.1607203510104
25.76499195082616,0.038670675565845955,0.9963496446870309,0.19515738095467602,1.849530890449182,665,16338,002746.npy,48.46013894499373,0.1455267864590537,2.197908116682768
24.039482027136135,0.0415189229814271,0.9980934027980662,0.20256192372673731,1.964528750980165,14153,16303,002747.npy,45.453300912912745,0.1503814875670431,2.2678105182389627
24.33140603893667,0.04091066115123231,0.9954139077919858,0.20055531625927425,2.145884475575013,13158,15194,002748.npy,49.73020009522213,0.1431097638415129,2.062613333498748
8.57847937179265,0.11381042983981196,0.9763204246756816,0.3090693735803938,3.0229804446832853,10,16282,002749.npy,9.516510725281789,0.3650163941203763,4.027977788864847
8.507055340443651,0.114857901565169,0.9771025249021221,0.30992486045486933,2.9811051365156445,11826,16224,002750.npy,9.661015624964186,0.3632525045619247,4.99428569447294
8.52636882189372,0.11477251057597126,0.9785927557854287,0.3124609887145379,2.824734092828947,14542,16289,002751.npy,9.422466767359031,0.369887938904439,4.8941651975315805
29.723839612415137,0.03355424977728087,0.9973611386948129,0.1817238860789595,2.0672705433951672,15435,15554,002752.npy,45.31398214057189,0.1606589788023669,6.699316521288161
25.466653149132043,0.03924693370253594,0.9994880477694633,0.19656101780794186,2.1163768390224305,1552,16363,002753.npy,59.523189260712655,0.1302082617844877,2.078097780646387
44.75571106075914,0.022398349254224008,1.0024540474600196,0.1495895790432383,1.811997686959261,14318,16314,002754.npy,103.05488960262062,0.0988232564658599,1.619736459667798
32.17373507179841,0.031172890971299327,1.0029483355326412,0.17636531921525578,1.8880672276233161,4845,16317,002755.npy,74.49654100797036,0.116389308880636,1.724962574011987
27.690642227316026,0.036102598458852636,0.9997041374005393,0.18859680935356637,2.2015694295799793,14601,16384,002756.npy,59.6393526111118,0.1325076460847432,4.698783358127962
36.01145458057747,0.027742210795864163,0.9990373640400683,0.16580442686853078,1.8244521554072144,656,16384,002757.npy,41.27089828558731,0.1632973549042455,3.472627600291656
33.11362958155717,0.030150564180362917,0.9983946139435035,0.17280918423287206,1.8969325050154813,5141,16384,002758.npy,42.907498876266615,0.158470755462447,3.926007913818903
29.998090184240624,0.03325887355258396,0.9977026882566689,0.18154265837774256,2.0765667865771773,2943,16384,002759.npy,34.46699775681815,0.1816623346416355,4.839172704436719
40.109349534253994,0.024967495308768288,1.0014299963342341,0.157720701238521,2.466995168095925,7930,16384,002760.npy,52.35771340284419,0.1639733745694386,5.091904756388458
32.47732051831456,0.030648914096805712,0.9953946066602486,0.17077375708135792,2.5450582323205464,379,16383,002761.npy,47.16227705183232,0.1830321714733754,6.740898745948072
41.32914933712367,0.024160507371967857,0.9985332172367368,0.14971776688150074,1.9705958101465568,4605,16374,002762.npy,73.23756052732668,0.1402922965461889,6.195265825971533
32.52588987865566,0.03065964730048476,0.9972323118139896,0.17153298507500658,2.652744435612315,748,16382,002763.npy,56.83826149894094,0.1609677232222841,7.68738676376944
20.452323402031624,0.04869811430878315,0.9959895829123367,0.21785584641162306,2.7335149195228707,640,16176,002764.npy,32.3560908702458,0.1904581635616819,4.79914437653924
39.073664633332385,0.025577981749818193,0.9994254808898924,0.1594096452192757,2.0600374835030757,12921,16361,002765.npy,76.64762552059533,0.1149722795453334,2.246453588535346
29.440864062504133,0.033972214000969676,1.000171334304848,0.18326104704225435,1.9463496320153408,15605,16376,002766.npy,60.919438860472894,0.128883001392206,2.024617813183303
32.232746525790574,0.030959595061600474,0.9979127801616857,0.17487185810290717,2.113207424815706,14715,16345,002767.npy,66.35410131963347,0.1233451225761234,2.2226478961238865
35.36703387886511,0.028230740978176606,0.9984375726006376,0.16470424435791778,2.4753261653009266,15343,15753,002768.npy,50.76324047919677,0.1674081360994862,9.297872211112711
27.35177879871095,0.0364450167647575,0.9968360368649591,0.18949091420594547,2.6790819107942956,2794,16384,002769.npy,41.8286965628526,0.1690625560483273,7.698040678597961
37.82804697714528,0.026410011607431838,0.9990391597528836,0.16102023483131947,1.8724691405242582,13947,16384,002770.npy,47.66982651173153,0.1581977689476505,5.518431542511034
32.217492718893006,0.030924696831745,0.9963161950107181,0.17343369560520808,2.9241945790052704,3710,16384,002771.npy,47.35036116269204,0.1583253156537673,5.472216806988933
37.13030674861638,0.026870640190722744,0.9977151128132352,0.16292090262521555,2.277181539118148,13953,16384,002772.npy,67.67401528043253,0.1278759285369129,5.206323722649705
38.804926733074296,0.025681997757972145,0.9965880413570875,0.15914533421432173,2.3449358038344283,2920,16150,002773.npy,71.67266405815744,0.1214657818632633,2.884292427814542
23.86756251141081,0.04178983149040821,0.9974214154386419,0.203623111842637,2.166899410707072,1703,15840,002774.npy,51.06433298507901,0.1419721212285412,3.0600875375360688
35.56227301179979,0.02802337701284797,0.996574984043494,0.16629044222819175,2.3366780610561015,1985,16027,002775.npy,57.46558939845354,0.138484468788381,5.292667882703391
14.74127446576905,0.0669766994696079,0.9873219096928184,0.25051079254858594,2.5790231168639175,6910,16379,002776.npy,10.04506497388622,0.4097315941080874,8.339173118008498
11.750289375888858,0.08383786498180934,0.9851191741929588,0.27343396336591946,2.6762061161605173,1671,16373,002777.npy,10.29990720198067,0.3865458215313697,6.865361870368598
12.920011055178032,0.07590502872371212,0.9806938102539665,0.2640210411735492,3.5902142153729972,16251,16382,002778.npy,10.234274455708029,0.393604875772924,6.6769177123453165
13.873033883359767,0.07070455702687832,0.9808867153418258,0.25320768003752975,2.643406335016911,16140,16377,002779.npy,10.163961708534863,0.4019441322321887,7.877870231417593
20.67003241668819,0.04823395408260767,0.9969973944725503,0.21706485152698046,2.4438568471761406,4220,16354,002780.npy,28.78536573595536,0.1992975357575001,4.102379420446256
23.250860343874276,0.0426115079428545,0.9907542202211994,0.20330333672704393,2.2029962316577856,16222,16383,002781.npy,24.577011893611694,0.2224393696997778,4.564914409471796
25.830043667839238,0.0383997927818841,0.9918683243920443,0.19351123207156798,2.1326875069705804,15075,16383,002782.npy,25.699545892499955,0.2189541441042388,4.879553866888622
21.206328385046064,0.046848088127148746,0.9934759410358939,0.21465543447731997,2.5920163822396605,13559,16383,002783.npy,24.277476124643663,0.2234033828235102,3.851624122949645
22.503105015234542,0.04445806440371859,1.00044449205094,0.20545601927416898,2.713411568070063,10808,14396,002784.npy,37.164097373355176,0.1778951338991219,4.869714503240571
32.157233827765516,0.03098758503822722,0.996475017832041,0.17520031697547656,1.7957284865946626,6630,16381,002785.npy,45.41743090702368,0.1572168382607443,3.0266860598619583
30.54916562890609,0.032646903211547305,0.9973356534804247,0.17987639395637153,2.066403513213716,12549,16383,002786.npy,44.2365756576252,0.159493265229746,3.1724962602055715
29.318615913624196,0.033967866705384854,0.9958908373403619,0.18328947605816623,2.0278650138103638,11904,16382,002787.npy,44.24558244408705,0.1582059105789116,2.759817418379351
47.24377386669311,0.021147395113648455,0.9990827526188184,0.14492038216927888,1.8559341845544843,479,16370,002788.npy,104.70789173475596,0.0983672067980271,2.006514239879737
28.25695670462436,0.03526115047431185,0.9963728023078747,0.186394183688417,1.9266456527385671,12288,16383,002789.npy,38.46678492234417,0.1692917806654011,4.372634462980135
28.4641363996054,0.03508265588015227,0.9985975022330725,0.18620265178829729,2.119231285528011,14581,16384,002790.npy,36.359526138235815,0.1760913137348408,4.796770730979652
32.548145160940564,0.03068356944903942,0.9986932724831361,0.1745651180981397,2.219979971121221,13027,16383,002791.npy,42.302306812689054,0.1620773428697605,4.372652349084716
30.791315995485682,0.03251298919591909,1.0011177242893567,0.1803487162970888,2.1893068593361216,2060,16378,002792.npy,72.112504748873,0.1194601971144743,3.8656103477416974
27.215177605130673,0.036532745872569154,0.9942451673250741,0.190123479589393,2.510346254038453,13191,13317,002793.npy,60.79196645165331,0.1284094594470539,1.898343011562233
32.32757817326762,0.03082116533266108,0.9963736316828069,0.17428092292796024,1.8463561750941677,12273,12608,002794.npy,70.40753774222311,0.1189565252862241,1.7358811550701705
38.762863923297516,0.025697204607711483,0.9960972454178542,0.15868751882022336,1.7158125886952824,584,13836,002795.npy,85.34813582450364,0.1083249844021622,1.709980190691317
32.24829473812901,0.030904662691741604,0.9966226712657428,0.17269272447966164,1.9657548054747522,13793,16380,002796.npy,44.265736836255385,0.1764514400662998,6.880176957302045
29.31243212467592,0.03399641034293214,0.9965174706598288,0.17999188965502166,2.4983562861618176,15358,16382,002797.npy,47.76559806776534,0.1511715797460233,3.3951147313041767
34.92978278978977,0.028537464561129974,0.9968074384915933,0.16606918594904366,3.3768852321444482,16123,16379,002798.npy,51.668441653925,0.1456028995661056,3.128443051526788
42.08008548062895,0.023700840869357184,0.9973334097453346,0.152954389222383,2.2928990428408054,15998,16382,002799.npy,66.52751685136056,0.1266918720310285,2.882463870364794
22.970384092481257,0.043484286795124345,0.9988507696716171,0.20615633615443904,2.356197855868236,1891,16384,002800.npy,26.134129843372957,0.2262205715728375,7.208476589612154
27.88320212917506,0.03592901829317073,1.0018160793713078,0.188252185688752,1.9278486565781188,15404,15885,002801.npy,53.44475045478895,0.1402333314624072,3.486193657667319
36.85905593679435,0.02714836561169589,1.000663126674043,0.16359731704065353,1.8466682834527581,1919,15908,002802.npy,65.3847526465799,0.1275348776544719,3.0541747750482027
44.91547121261685,0.02226747155179313,1.000153977462329,0.14779232084363883,1.7235595024836825,8755,15904,002803.npy,71.95625009872424,0.121932715684425,2.904800272115252
31.65577557034206,0.031421999035717206,0.9946877494461684,0.17348245202424686,2.2120422774561623,2396,15909,002804.npy,45.89142748404339,0.1574927950753521,3.795059820550757
25.967219860806978,0.038558381020316966,1.0012539574313375,0.19463589711772641,2.197020520425012,10370,16384,002805.npy,33.79745599832736,0.1805432647991489,3.246889362474697
30.53618323115491,0.03277828490938471,1.0009237139959715,0.17995283155349953,1.8410826451543867,11394,16384,002806.npy,36.18352601360574,0.1753101643295864,3.269741527954849
26.445096875151172,0.037846469358200234,1.0008535485600456,0.19354309151626214,2.103858513957466,15380,16384,002807.npy,33.71553707801319,0.1807583764639244,2.9403156515826465
15.90343674685596,0.06235536174405339,0.991664551323875,0.23172992920654711,2.837575984037284,7150,16284,002808.npy,13.046469821723871,0.3527999314197603,7.123011555889159
26.77136704982568,0.03717363400919994,0.9951890006361748,0.19037359545504312,2.176311317540873,14592,16260,002809.npy,25.820345132044253,0.208294993396297,3.295110857147887
23.87463563663697,0.04170006087656204,0.9955737594534992,0.20166667686718168,2.1107566848956996,1107,15794,002810.npy,23.72988018056529,0.2173200111813093,3.246303476554965
16.941412054261214,0.05885038319426395,0.9970085912451949,0.2378761499945999,2.565432246987083,156,16162,002811.npy,20.85610781128605,0.2321185704240385,4.043435396462721
38.23423186650124,0.026065371701743296,0.9965894653309931,0.16058172519822903,2.091443137045881,1291,16075,002812.npy,82.24625537115288,0.112281986158546,2.3118389003358266
25.362017857915095,0.039299171221826995,0.9967062823292392,0.19693657217676877,2.115016242945039,3414,15722,002813.npy,49.41439222848159,0.1466631180018099,2.8446466695460053
35.07719126496277,0.028522287759705833,1.000481743061508,0.16662490827814655,2.00274447513834,6459,15452,002814.npy,62.51610535862986,0.1322398078142309,2.600502076151804
35.13508304133967,0.02838114285339338,0.9971738109621002,0.16674612444267156,1.9020978927422376,12910,15438,002815.npy,58.66489169846657,0.137695136243763,3.294070827267878
35.24840863918208,0.02828742541646054,0.9970867304297865,0.16756787538891324,1.9139131814996768,15903,16273,002816.npy,61.13663700191689,0.1317091744413246,2.325322354070366
23.256522421470166,0.04290287383202153,0.9977716472199143,0.20516743896498793,1.9815967845589817,15035,16336,002817.npy,41.22779135231066,0.1584663081989822,2.158070804353029
41.802469054349956,0.0238409782397261,0.996611755091581,0.15409014661573256,1.8832183050792068,1801,16384,002818.npy,60.15781493895011,0.1330196869589218,4.3382499572405
38.83998889168723,0.0256696118573973,0.997007439395234,0.15956332794438946,1.812848863846888,5484,16346,002819.npy,57.70165362061387,0.1352424589043625,2.8357184933529456
26.630557552921093,0.0372812447782755,0.9928203347124047,0.18635305893203466,1.9892412254709357,97,16373,002820.npy,26.767291946813067,0.2196248620943847,6.181127432862326
25.152771858119856,0.03950903981294941,0.9937618647484909,0.19583292920183715,2.2867728338482993,798,16384,002821.npy,23.02973356244313,0.229068031500952,4.332908077633662
18.68925718914363,0.05334055230922961,0.9968953007181611,0.229209480077661,2.6398821426654147,1540,16384,002822.npy,20.06301661510674,0.2462214592523881,4.573335785397859
21.42474571028336,0.04646696178112597,0.9955428400900795,0.21322018655235286,2.1340939531287537,771,16384,002823.npy,22.573202590636303,0.2308636971906137,4.789716295322137
21.459212105249506,0.04644824862969553,0.9967428192620011,0.2134401069979084,3.332106615629431,2287,16260,002824.npy,33.37655162210831,0.1876446700497178,5.026022295035522
29.65072794647231,0.03365604916401242,0.9979263575152292,0.18226263285659897,1.9081828836204298,4088,16384,002825.npy,46.66358200514792,0.1558355102361985,4.32411382768496
33.28596401907676,0.030006510083103132,0.9987956149642347,0.17197865220847824,1.8960924259974705,14873,16384,002826.npy,50.46013363017398,0.1493606218466235,3.7865972539288415
26.502699080886444,0.037633104019740495,0.9973788313148804,0.19161510268768986,2.08576257373697,14569,16383,002827.npy,37.77514114965819,0.1844365433395615,6.8081323258512425
46.968815361101434,0.021270474887434682,0.9990490076308645,0.14555834782993737,2.015215803199736,259,16208,002828.npy,103.3239572355176,0.0994343271064003,2.1735550896504696
32.271146903957415,0.03101016796074939,1.0007336857777371,0.17531985946376932,1.8811680253560628,14720,16384,002829.npy,54.24561794438442,0.1388200648731777,2.5118748522305148
30.38392450865304,0.0329539866171024,1.0012714416332018,0.18049128555227814,1.8592678853160727,1885,16383,002830.npy,52.0085723856066,0.1419292330455788,2.7201326917961453
42.252912123097694,0.023662307765778948,0.99980141065715,0.15308650409582997,1.7042352356999428,14346,16382,002831.npy,65.26910201750243,0.1267675113025022,2.692679814596263
21.852346476258234,0.04570557152704888,0.9987739849044752,0.21201132770706774,2.7089391692910842,650,15658,002832.npy,41.59671279968499,0.1673717948774389,4.075815744852365
15.379525619482466,0.06419868898137614,0.9873453819262611,0.23677062356519543,3.2378109722097865,13836,14039,002833.npy,16.281973585324376,0.2973404278292106,9.091608141204931
12.469168911077118,0.07945454262897435,0.9907321127930585,0.26549809987607753,3.0356429493454264,14357,14350,002834.npy,13.247713027378705,0.3357349227199515,8.980766117070033
16.432480684944352,0.06010319854808286,0.987644649244747,0.23140722983830292,3.6180360723333367,13828,14036,002835.npy,16.805778119579177,0.2910331773774302,6.330098125693667
28.035240979033972,0.03564059299764686,0.9991926133247006,0.18282284474308322,1.8792298172421176,1751,15588,002836.npy,51.51348913730381,0.1547925622711388,4.363320222387315
30.247006087939877,0.032986219129165176,0.9977343708179779,0.1809779883733813,1.8180459079051938,4068,16295,002837.npy,71.78253239268497,0.1182618699341961,1.842018663590515
38.36320859710467,0.026010460130195878,0.9978447076813788,0.16009126105170418,1.7345163113389055,11596,16303,002838.npy,90.7485674686528,0.1049480857797976,1.640124359328608
31.63070169160968,0.0315519822978163,0.9980113398411767,0.17677564141498203,1.7942600682182077,3311,16336,002839.npy,74.42296971908698,0.1157160745918746,1.7582521038778824
32.96593368216728,0.03022604662123068,0.996429848389587,0.17259691236644498,1.9196239440574965,6296,16376,002840.npy,50.719179086612144,0.1459300726213059,3.082400829028602
45.161481205960264,0.02209690282928784,0.997928861834813,0.14720782149656178,1.9954883665325587,16149,16371,002841.npy,96.78592527555196,0.1046333364249051,2.9892389778932618
42.21727181524314,0.023638542236487724,0.9979547629139076,0.1520155403759752,1.954165470844416,14329,16370,002842.npy,93.42743278776965,0.1055370828303456,3.026027202242214
36.13332250722987,0.027614920254790055,0.9978188195777635,0.16478379221396378,1.8474264885638176,15105,16368,002843.npy,69.92335945809288,0.1256428642927961,3.476642646657897
30.678673873842104,0.03263990515335827,1.0013490054730165,0.18006874027587746,1.8934966168568166,893,16384,002844.npy,61.273925417674086,0.1299656003240398,2.706363910750116
20.981234363561793,0.04776351895116446,1.0021375851428067,0.21565914669867423,2.453878450482282,543,8884,002845.npy,17.83750263881336,0.2469276306040505,4.333871138034165
14.516085234653099,0.06892161387016162,1.0004720214491152,0.25198230289966544,3.1272354170471433,1443,8950,002846.npy,15.103499350022783,0.2682275795306972,3.670929650019262
17.43156291217402,0.05777483894066493,1.0071057397349221,0.2346921483216684,2.368761603611785,1265,8859,002847.npy,17.308765898165323,0.2456737132263084,3.1427279913519346
34.53739038309139,0.02903718928385951,1.0028687419243738,0.17049841197426638,2.0094036042349006,806,16351,002848.npy,71.7874334884369,0.1199465214088994,2.387277188801133
43.76085416853281,0.02283760858559997,0.9993932588724731,0.1512540055667439,2.2545488858222758,14342,16246,002849.npy,95.08038848528348,0.105788564263334,3.5575978794170973
37.469848853572,0.02658227713974835,0.9960339066101329,0.16183413584814912,2.0756298260758905,14059,16211,002850.npy,79.4933395932056,0.1159580296515998,4.036325253593482
40.028574104650204,0.024834608279844267,0.9940939578897058,0.15644641999408987,1.7100295571393718,13813,16250,002851.npy,94.6618507468576,0.1027479851250277,1.8889473702727653
14.762656115282955,0.06715959268699981,0.9914539716806502,0.25013730208971474,2.5371667236743867,14733,16369,002852.npy,13.677304922973342,0.3379550903922624,9.784802902509105
7.783623420749096,0.12647811596937497,0.9844580256714474,0.32682567120014633,3.7805965138666062,2814,13211,002853.npy,6.837516113925823,0.479431194539837,8.720673225503193
6.783868149157283,0.144811095354235,0.982379377418173,0.3488875405444514,2.883039170935289,11592,13741,002854.npy,6.707789813957345,0.4833560682355892,8.202402250073163
7.642026873549719,0.12851407313275534,0.9821080005098504,0.32485124751749406,3.008937261757945,3650,13697,002855.npy,6.885603440374778,0.4787176332880934,9.004272008510183
37.67695412445702,0.026480486841215862,0.9977040879097778,0.16132220216845394,1.8799951166664493,255,16382,002856.npy,60.34548010637284,0.1373211471349519,5.685814178492658
45.991840633235796,0.021704158943393403,0.9982142192029688,0.1469203672623333,1.7304003819489362,15531,16050,002857.npy,97.17235545879754,0.1017001791787657,1.8767236178422837
28.52905809419598,0.03499085171595179,0.9982560413697856,0.18643915900004654,2.0009742940953767,11023,16220,002858.npy,64.32335827216447,0.1249286663507142,1.9907473644933704
42.82464160987358,0.023311044867636126,0.9982871420082,0.15209382723526188,1.7021500808718215,2612,16300,002859.npy,92.091964575764,0.1043670238295163,1.6683286391806529
33.1278120455702,0.030112533281472703,0.997562342764605,0.17150765653464473,1.840220412316214,15729,16359,002860.npy,58.90720888783196,0.1333429488899374,2.7027879606408
29.604144066183974,0.033739997176219026,0.9988437371974285,0.1832212000501082,2.069510375503522,3197,16378,002861.npy,51.520081331985565,0.1454493135270774,2.984450194108403
29.183836694468177,0.034247192913540524,0.9994644852327144,0.18418562282439924,2.138072723020611,15728,16362,002862.npy,49.29975957606189,0.149562250978081,3.304023034891841
26.8691647468054,0.037162722163585994,0.9985313042531484,0.19158639743236688,2.2094429079472273,387,16370,002863.npy,47.49695898904817,0.1518963383405053,3.123886111606498
23.379151228703197,0.04276171014286776,0.9997324882280767,0.20446127027614558,2.368188271553086,15697,16314,002864.npy,35.95418959851699,0.1799120775214029,5.030809655648151
22.162553685855002,0.04500246631965337,0.9973695758051994,0.20988353140805854,2.177724142707863,2443,15792,002865.npy,32.51882177032237,0.1834663381412597,2.777047340675101
22.490438194278845,0.04427971845953102,0.9958702712741505,0.20848830367690532,2.113711130273131,15636,15785,002866.npy,33.253525806263575,0.1807430915161057,2.560947903864512
29.361720279108436,0.033942310194362245,0.9966046175535949,0.18340737372686297,1.9826576306883918,1425,15842,002867.npy,37.17182136301612,0.1726312500529792,3.020249089668128
34.14861364407187,0.029259632223204986,0.9991758761578629,0.16898067979633632,2.1382656186379867,14171,16321,002868.npy,39.42071889057826,0.1758761696360623,4.3101567069047935
31.38892859960516,0.03170862509785434,0.9952997691881981,0.17516500702304372,1.8556406579932123,503,16184,002869.npy,59.504592369854535,0.1297201977413289,2.016467635964375
39.786801486043586,0.025091080324427452,0.9982938319383692,0.15700279005915102,1.80407157484525,3356,16301,002870.npy,65.4568774945383,0.1250114007355412,2.1917435909895318
31.06357013351283,0.03218971907381208,0.9999275960274372,0.17857642346302782,1.9490884985910526,1462,16302,002871.npy,56.92024069518748,0.1345691931920002,2.137307206192323
40.34246495373196,0.024815230774505925,1.0011075778392762,0.15637512931589787,2.0419193930778565,13108,14949,002872.npy,63.22876880551689,0.1268097819836524,2.3231936791290795
34.19973887817127,0.02919223826925279,0.9983669260778038,0.16995432421081044,1.8227033787657028,5007,16383,002873.npy,73.27635465202432,0.1249095120528778,10.929517190297796
41.15182122008231,0.024258753844447877,0.9982919012287035,0.153843315704787,2.359555132057148,1138,16384,002874.npy,79.75761829315088,0.1324878328969155,7.852419542312607
33.78535937743875,0.029542871004875793,0.9981165139410437,0.1705083423206734,1.8564068039091737,2409,16384,002875.npy,66.93126278257338,0.1358336018799612,7.233294220374003
36.13361962105701,0.02763170890048118,0.9984336588897623,0.1647791904868508,2.5315250331287604,28,16383,002876.npy,40.50198347927671,0.1667149720894906,3.505642677456412
22.83156971790037,0.04356579453097959,0.9946754751497832,0.20540664448282533,2.3159254252647465,4125,16384,002877.npy,31.33684394158476,0.1970837518258534,5.528416443289821
20.578536888441143,0.04847231741748661,0.9974893720439763,0.2176087729733825,3.057108124241925,1670,16382,002878.npy,30.752946107922497,0.1979266272649607,5.201148824976083
25.593326241967635,0.03896803073628242,0.9973215236406981,0.19531064301109385,2.352763236395148,3712,16383,002879.npy,34.62532277986512,0.1889971259735262,6.518570561900764
46.21950668796943,0.021672297898093332,1.0016829176445905,0.14724222924545935,1.8021670729790953,15725,16344,002880.npy,97.12273319546726,0.1018204066494151,1.762688160169723
41.07202482741461,0.024280816601690902,0.9972623022945496,0.15531336432861287,1.9506344696466218,13761,16269,002881.npy,77.8605056833875,0.1183916174366639,3.966800514803353
26.979992415177065,0.036978981219176074,0.9976926328143456,0.19130271947345318,2.178735506177074,16063,16172,002882.npy,53.99458567570857,0.1406165275075177,3.371306382013078
39.45053963741645,0.025309571208560356,0.9984762421693244,0.1587336163094007,2.0340732822684147,15395,16211,002883.npy,74.8822838499367,0.1208046022594343,4.502162214843205
34.0247064926983,0.029319944475662087,0.9976025051666134,0.16933075112328136,2.014837891166823,13285,16379,002884.npy,59.773681254690246,0.1374808237389107,4.001351758853494
33.270618480148535,0.030057185627209843,1.0000211555899028,0.17242572068996695,2.076642244763168,15483,16373,002885.npy,55.72332002526503,0.1432581493698273,4.465991746396872
31.02128799859744,0.032258225946704654,1.0006917174165537,0.17750102150916292,2.11504801581572,184,16372,002886.npy,51.13847054012878,0.1506252636203037,4.798226924567908
24.5916966539105,0.04065597403304612,0.9997993805899323,0.1988937179465222,2.5914420682170705,16072,16339,002887.npy,45.101922425745634,0.1569897501590898,3.543490826830776
29.881335722105216,0.03338892212599323,0.9977055914460308,0.18156512712970924,1.9648618684508412,13161,16383,002888.npy,60.685949589820304,0.1321042461663694,4.797242660407973
34.23121402520618,0.029214148877344134,1.0000357827846038,0.17030074685222263,1.9230444763646422,3578,16384,002889.npy,69.68397543112296,0.1222283308665991,2.8518917103132364
43.428430214632606,0.022943109302705152,0.9963832212592189,0.15056874049331678,1.987332614371517,3507,16384,002890.npy,82.47594632472072,0.1123803725673903,2.609251719710207
32.53998361021091,0.030707694964713986,0.9992278908591492,0.17438702161584296,1.9386087553262612,3378,16383,002891.npy,65.38099635016216,0.1261997720881624,2.7835766218826072
31.88607672265315,0.03123110579775192,0.9958374356004153,0.17329900500608791,2.461240842464848,17,16077,002892.npy,55.72308509041015,0.1578821120083695,8.180347443870252
24.040220669609457,0.04159967480755897,1.000065362157711,0.2025750026021275,2.2830542786960315,795,16359,002893.npy,50.1895903423824,0.1422723337472058,2.415696702340889
29.94630277993392,0.03336330426859472,0.9991076113663993,0.18196011589253644,2.038129338974146,512,16365,002894.npy,62.95349424217432,0.1267103666419729,2.1817159375284856
36.23904610455166,0.027577590641343085,0.9993855787040845,0.16538711991680521,1.9182830013876009,291,16364,002895.npy,72.91519787250627,0.1179783798016174,1.8828918356591893
26.67843699274782,0.037444087935925,0.9989497407494838,0.19070974577853103,2.975863637753655,14934,16339,002896.npy,60.86431792589857,0.1306680602940545,3.1539127844136448
26.99861633298542,0.036800277960980926,0.993556585615743,0.18696917910168823,2.1560691292083045,916,16379,002897.npy,28.774983692266414,0.2139802965089889,7.434213353912803
26.97611798913976,0.03688145768980544,0.9949185542516575,0.1879128689894581,1.9991799725017603,13801,16378,002898.npy,28.60971727311688,0.2150870061955924,6.51852088999818
21.819608296562617,0.04553569369056904,0.9935709998404743,0.2100149149233469,2.792318214166915,11867,16381,002899.npy,25.973950761559703,0.221970048026136,6.210981053912602
19.22003155129677,0.051524186154009326,0.9902964835349475,0.21859000472976847,2.4482721002940346,15473,16373,002900.npy,19.874161399434307,0.2721554558529028,6.260938941352332
18.652991681759676,0.0530996118112987,0.9904666174208225,0.2160663187436771,2.7042885604820297,2931,16362,002901.npy,14.618141885283706,0.3663837866507952,11.83214708381402
16.837182661322892,0.0587429646185149,0.9890660253495632,0.2302911580337331,2.3998713602238118,13181,16369,002902.npy,14.399548282048272,0.3678238146103761,10.415749266325518
19.592401806173875,0.05047006456152111,0.9888297840728583,0.21285504695250582,2.811313421111557,12891,16363,002903.npy,14.709371950758632,0.3578619492610449,8.494003420232167
26.46310755515336,0.03784099423153401,1.0013903003430225,0.19394857605048602,2.08860058039727,3144,15439,002904.npy,54.58050578589826,0.1401740605012902,3.155202580985394
20.9590827374836,0.04744864179509154,0.994480009164546,0.21327882091878658,2.392797974490745,2393,15932,002905.npy,31.35789899341427,0.1983820149989238,4.45563300826761
26.289432498407365,0.037790283742850546,0.9934851135533307,0.19138393810215412,2.352054235649908,12652,15973,002906.npy,37.40430849915357,0.1821195549011521,4.321648026007025
31.358623470371594,0.03162156712845583,0.991608817124326,0.17472942804878147,2.0831947755010383,15300,16046,002907.npy,40.24232454823237,0.1763996913012336,4.665104692852497
30.01226051214962,0.03304000163340013,0.9916051363434536,0.17572668703993696,2.090568808070118,15498,16382,002908.npy,33.17415700270616,0.1988419144054969,6.709758879735797
38.237920308928004,0.0261832558634503,1.0011932511348844,0.16090918177924574,1.7981303351396598,3024,16375,002909.npy,50.62131667133049,0.148726531911628,4.418817908078334
35.71981562556398,0.028003306633424044,1.0002729498520397,0.1668760082561541,2.667980108676745,13816,16372,002910.npy,47.46792482225411,0.1544545527398432,4.134405259698688
31.79940201489572,0.031321773366316565,0.9960136630949541,0.1763056865195503,1.990597004487377,2257,16372,002911.npy,45.43387470867862,0.1561192710579308,5.719200513384823
21.458972310803336,0.04638083662096211,0.9952850888011193,0.2058071915931031,2.2975136749394762,2710,16379,002912.npy,24.74527358729205,0.2820281762256288,10.580242846052355
35.922933767552585,0.027803354250907224,0.9987780532711419,0.1655283005546258,1.860763015811363,13746,14219,002913.npy,69.14215766551355,0.120263517750608,1.8851005243147965
26.525079674576084,0.0377770780424072,1.0020400049475298,0.19270166614846393,2.4259529123428396,11208,12768,002914.npy,55.1601386204128,0.1347096142113896,1.7872972207702456
33.28518856902293,0.030233545115234517,1.006329250270643,0.17364283636019198,2.235346752968597,740,12873,002915.npy,68.51317532839765,0.1237086136535938,3.693640913367241
27.452557867988734,0.03640790957059874,0.9994902443393627,0.18968783754116886,1.9247748794482389,15986,16340,002916.npy,54.77090942798584,0.1400192106933295,5.2269602531716455
23.31699129752761,0.04275398221860863,0.9968942313259476,0.204066589538093,2.1210183101355913,623,15910,002917.npy,43.284804335885816,0.1634371870467419,3.820699572245055
24.055940196915877,0.04138481651450223,0.9955506711332023,0.20135417951405687,2.5621768996415364,129,15497,002918.npy,45.5166606534068,0.1586906038697547,4.097875297278252
32.63924859458102,0.03058003634413402,0.9981094082675128,0.17262314704743398,1.935436204433411,4615,16268,002919.npy,58.49094061021299,0.1426263083429161,5.648766118037639
14.132005885332962,0.06979613465392831,0.9863593857028067,0.24855946042271815,2.500963288904157,2584,16125,002920.npy,9.907088225096189,0.4224283240015111,8.13719154495585
42.49549259884165,0.023477224680146107,0.9976762276364914,0.15170894813107663,1.982764396347273,3682,16382,002921.npy,62.1909900920033,0.1412655480407923,4.976785307508449
29.974622990847237,0.03334495392933811,0.99950242267908,0.18039713862302867,2.0509882823108243,1255,16383,002922.npy,51.701556036515456,0.1499251085610748,4.716094865982646
31.927344956893744,0.03127593212378764,0.9985574737645623,0.17506445998652267,1.8969132149619137,1748,16382,002923.npy,52.93981316176485,0.1488676992538472,4.574544024412724
23.482415873998164,0.04244297633160795,0.9966636211490789,0.2032307684597201,2.3296725371003215,4352,16384,002924.npy,21.400324795591867,0.2425829560008663,6.745213441793941
23.35975229071974,0.04265639425742772,0.9964428034687915,0.20171316594032213,2.283226774533364,15443,16383,002925.npy,17.156808657048742,0.2845650880240128,6.755730915518285
19.995173387010393,0.049809337464043396,0.9959463388856602,0.22015296255936834,2.6961521730026483,4863,16384,002926.npy,20.604992094682373,0.2451696325411045,6.963421002090303
23.213858363019057,0.04292565487540883,0.996470072417579,0.2047277756703124,2.6252577657218716,643,16384,002927.npy,20.707427205732596,0.2455397696159923,6.586912216026527
20.27151911601357,0.0489031388134479,0.9913409132898744,0.2144543562589187,2.2183151556641754,6137,16377,002928.npy,20.171981442303345,0.2738223022875916,7.7817051646856115
24.844112980068317,0.0399900542920568,0.993517426910925,0.19702295135819736,2.7583316235898527,4226,16384,002929.npy,29.03881124506094,0.2114693520432468,6.294271465728444
23.6731107337788,0.04213144263239066,0.997382306810433,0.2029983005509864,2.4337010780728154,2415,16382,002930.npy,26.01548627397632,0.2232825141122371,5.367279236543076
32.83527433258714,0.030303408539985283,0.9950207326228807,0.17131896334424607,2.156874266752224,4162,16384,002931.npy,32.63507686093414,0.2019189444431509,7.002135928224313
29.984356783514674,0.03321744016411555,0.9960035773158908,0.17965465625745325,1.9641728586923513,3690,16384,002932.npy,36.74690272513248,0.1876553812485725,4.085676736551248
20.47824693212451,0.04864581821610621,0.9961810776446636,0.21207608017396393,2.253720171367247,3012,11073,002933.npy,31.3810808849451,0.1950980661216161,4.660282113444174
21.07232649533195,0.04735163497359615,0.9978091122513972,0.20965163188128905,2.3008583529015505,2953,10597,002934.npy,31.499706507295738,0.1982283461947619,4.470443302672504
27.20875685782629,0.0367422701766508,0.9997114956410538,0.18631584846044802,2.152678512952663,389,11024,002935.npy,36.28676420180247,0.1851292455393409,4.002950243884803
26.268744811207082,0.03798882004297701,0.9979186193878319,0.19258769560032257,2.0249049044183565,3855,14497,002936.npy,55.46527296335659,0.1364462181351881,2.1471153282613407
32.37466828580322,0.030851700817634088,0.9988135800237475,0.17437905553473768,1.9017505367745482,2454,16017,002937.npy,61.80711258788272,0.1337718235805675,3.4874303729109064
25.16939392326175,0.039677926835731236,0.9986693705868781,0.19761603153387025,2.011065002941177,1705,15911,002938.npy,50.79585432356998,0.1470410670228565,3.5907405522658724
45.85294439632995,0.02178069571015599,0.9987090293111649,0.14627168147899217,1.715253515989432,4369,16006,002939.npy,82.19304885232393,0.1170841061670601,3.231854427897309
24.290258583038682,0.04099354658376266,0.995743846755437,0.19853153027789294,2.4004247268835273,13134,15029,002940.npy,24.03432480072577,0.2411954060775129,5.977763036477202
37.4918997234736,0.026711249411871068,1.0014554844385632,0.16294756831579885,2.070162739897816,15488,16384,002941.npy,48.73150330841106,0.1498485050296117,3.522820719860466
35.256109631162424,0.028346988537552385,0.9994045355932515,0.167570379536023,1.7780514825209108,901,16384,002942.npy,48.90397993393916,0.1488982311304773,3.2995973063918638
28.489564319455216,0.03509214170749913,0.9997598282832334,0.18643414790139576,1.906825706811529,12751,16384,002943.npy,43.29011546004419,0.1572099029459709,3.3795736105822107
25.206227803945847,0.03954123037838503,0.9966852605658769,0.1951570196055737,1.9234282099017774,1192,16190,002944.npy,25.821349268154226,0.2165014793422341,4.937282135422959
31.7744817549894,0.03139191413667527,0.997461802989982,0.17584546766377576,1.9444596046371432,1326,16369,002945.npy,38.56139076703027,0.1744829154468989,3.367902690405649
34.18887158328895,0.029159973511446446,0.9969465897549499,0.16948202322549544,1.958622824324556,13040,16356,002946.npy,41.37083655410633,0.1689586119686651,4.231341866003975
22.380679377961474,0.04447057054202134,0.995281581055998,0.20762542809606033,2.1262219032921337,10852,16348,002947.npy,30.775365883412636,0.1964128562910917,3.958802626075128
23.284727904330683,0.042711491734386625,0.9945254634232615,0.19391887637544059,2.573144692064415,1089,16273,002948.npy,30.512786252877813,0.219610922676254,7.853740893403296
29.15896590835706,0.03420580061380587,0.9974057739660243,0.1816210936314709,2.1820080724073256,15733,16384,002949.npy,32.431309173041775,0.1939435564777737,6.8095817456361125
26.531214266209293,0.03763323453222659,0.9984554089050103,0.19242190553816937,2.3981400321637016,14810,16384,002950.npy,39.03459904917378,0.1681095636718063,3.5926950373613
23.771326683054124,0.04201411163013943,0.9987311728583479,0.20352052698059767,1.9825671897141595,16194,16383,002951.npy,34.84557720692636,0.1797169940888486,5.225100426857022
29.756048912961308,0.03346447071877686,0.9957704275542858,0.17865187001567379,2.364312606325625,14273,15827,002952.npy,35.89838903916991,0.1947994708622928,6.214070113277272
38.78540449861947,0.025680751876232,0.9960383493483389,0.15991019243535087,2.5555472170408127,13992,15332,002953.npy,75.90416454952098,0.1205880062990421,3.102310979976953
21.583564462282837,0.04600000189126838,0.9928440060853234,0.21269224733049477,2.5394977744828906,14713,15659,002954.npy,45.07735705266981,0.1555394454227236,2.9230660244349145
29.72157786396188,0.03343420886162229,0.993717442000671,0.18210546791591864,2.413486923617096,15071,15177,002955.npy,55.84295470914223,0.1408198012872327,3.1947191716591217
35.44398996560978,0.028020525466959847,0.9931592234820381,0.16400009190112935,1.777417138766204,6982,12797,002956.npy,52.95987594438007,0.1440916083849296,2.823745848646467
27.16555312401261,0.03676455934615166,0.9987295899987971,0.19026828979261207,2.289289485862051,2503,15902,002957.npy,42.72286126328917,0.1597544117046715,3.890027554688028
28.25861324610083,0.03533855694871322,0.9986186134889958,0.185476279530737,2.0898096235033297,810,15938,002958.npy,48.35482109996582,0.1478941380769553,3.4907539758212462
33.718821497528154,0.029564101893498933,0.9968666744816247,0.17044873247784142,2.2231096002993267,1907,16028,002959.npy,55.23510928447509,0.1384208861097549,3.730284097407136
29.69995322957733,0.03333801557335745,0.9901375032956369,0.17669193138440728,2.3141773276192503,14815,15746,002960.npy,33.10757633821036,0.1958059628934449,4.528396798294999
29.39317447719573,0.03398246129782607,0.9988524140915529,0.1828399427277909,2.1578116551950903,13540,15403,002961.npy,63.50217056076706,0.1269497909036756,3.6203365556088825
36.131009300083974,0.02771236383718645,1.0012756755286945,0.16631241314149783,1.848266354454112,14191,15522,002962.npy,74.15585940499419,0.1180974452682103,3.0896619851615927
25.58465747299419,0.03904721385980103,0.9990095918777608,0.19687274202842836,2.1190323867853746,2000,15586,002963.npy,55.19198810062367,0.1365748469438497,3.158170405853902
18.14814568584533,0.05480231162009851,0.994560335202642,0.22815227660405876,2.5357559051270377,2454,12984,002964.npy,21.63671640152956,0.2448280063315421,5.453399925729976
26.351487786044625,0.037838557164599995,0.997102276964508,0.1930443708063258,1.8823149565308332,2150,15483,002965.npy,45.1848650386667,0.1538104467905506,3.4492509830033105
32.664661419855534,0.030520508046354825,0.9969420616961568,0.1737760573977992,2.061463005251639,13269,15751,002966.npy,49.83828859386412,0.1514063387226719,3.8909295756209135
32.26649270808043,0.03086833725956466,0.9960129790963105,0.1732157757157357,1.979533958657751,1317,15597,002967.npy,48.78612864015341,0.1536129565707528,4.301159259315121
27.666693946794,0.03609669432417722,0.998676194357987,0.18861953167660195,2.053370626616744,15147,16382,002968.npy,47.36505289985149,0.1571531827067457,3.963535101929203
40.915691448110785,0.02440124397363375,0.9983937693752712,0.15546965404435784,1.7284332693342992,1549,16345,002969.npy,97.52926588977428,0.1010793991588319,1.8528095682565693
30.005440567176286,0.033275951649457555,0.9984595895340304,0.18132637684480601,1.8115049085838228,4050,16351,002970.npy,71.68687806967374,0.1178606979991782,1.7028542837655474
49.067485910781805,0.020337613178748427,0.9979155481071689,0.1419205616835327,1.639807062227587,3995,16356,002971.npy,114.71717495653044,0.0932187063492034,1.7280939384882266
31.7989643353701,0.03147364698792553,1.0008293780730724,0.17746268544311258,1.9726702203164181,882,4597,002972.npy,43.79696219394057,0.1549258451379396,3.161035640554629
4.041473612455267,0.24386450298766182,0.9855719538391539,0.4217923460452473,3.803749734779274,15236,16138,002973.npy,1.8887026636325133,1.4797347128083889,17.344164018082108
4.095545672974469,0.2413619138176598,0.9885087417567533,0.42052928275116436,3.382338370910387,240,16121,002974.npy,1.911729448120666,1.4614510564769692,17.637146529720088
3.9446142204771037,0.25030979435111983,0.9873755743221267,0.4238384385737818,3.6458998577908126,11002,16122,002975.npy,1.8668583878268967,1.4982415131142677,18.50998270960909
17.40458161841831,0.05671044264985714,0.9870215277160692,0.22593017159682788,2.790402676924286,1422,16369,002976.npy,13.342330828431658,0.3457141767659804,6.304315410091642
10.999487188305325,0.09054146053068067,0.9959096351176744,0.2917461876955542,2.859880423983639,14335,14334,002977.npy,10.84615579272578,0.3234383792807885,4.033672528048323
14.579690793176924,0.06811730084097989,0.9931291839272973,0.2524728476524394,2.4132057026770064,11818,14383,002978.npy,12.160381935708136,0.3131922400034569,5.579825135235481
14.055367737317713,0.07077514041593028,0.9947706252061974,0.2563998095763191,2.458100423508302,14483,14934,002979.npy,11.92690768442947,0.3160604656844333,5.117768610623609
18.257281604563087,0.054678851596960655,0.9982871914198247,0.22774698285348924,3.5634160591138255,455,13715,002980.npy,16.318931678676172,0.2771141796964073,3.823665642567149
4.110987839145012,0.23965941492020246,0.9852369402735609,0.4159138571476318,4.455062741338379,267,16147,002981.npy,1.8963466728303768,1.467180026913926,17.290055961260038
4.094245816583684,0.241434589106985,0.9884925564298741,0.4218992984575508,3.7447387547614848,15521,16132,002982.npy,1.8675053197120048,1.4976231050099191,21.58807600922453
4.163611879072607,0.23653630584381868,0.9848453728432748,0.41317768227213586,3.2926594767112607,4084,16153,002983.npy,1.9100060859771104,1.4673389006664026,17.751383571405057
24.121237997979478,0.04139085649578601,0.9983987004750693,0.20192784448806675,2.1779372114953763,14013,16164,002984.npy,47.98967599261552,0.1504583471747149,4.427898400456174
29.335252341563987,0.0340109603345128,0.9977201037918564,0.1835699770795258,2.0077877555777843,895,16381,002985.npy,60.199705163750814,0.1298461998340253,2.1989376495903503
42.22916403943294,0.02364090890452551,0.9983358201704985,0.15344565814436906,1.8429730710002141,10595,16363,002986.npy,83.89177247010711,0.1098408912206661,2.0582339220412806
36.374814387706664,0.02745839180514284,0.9987939052969965,0.16493088569002445,1.9303590150331917,13445,16381,002987.npy,70.55369295397284,0.1200059688331113,2.4015948191125243
30.618601753576247,0.03255921399520107,0.9969176067285277,0.17524091496954175,2.601369600436788,13174,16287,002988.npy,59.42126892414295,0.1369191003410398,4.950973289152139
34.17726515960631,0.02917979054844892,0.9972854388761127,0.16704932209519158,2.152200551783965,2425,16094,002989.npy,47.14313940994738,0.1525873198998328,4.061257803316852
25.36241032175218,0.03918476171592763,0.9938200049994425,0.19486272183632486,2.3370457927187642,14331,15699,002990.npy,37.67050041888855,0.1715869440178407,6.916456259366611
22.50939914882302,0.0443118589167415,0.9974333193832668,0.20816198825293397,2.8153252907409283,9820,15985,002991.npy,35.22822483318383,0.1766095069532188,5.576653621011815
20.45730305616828,0.04834973336121658,0.9891051480553374,0.2064679624023175,2.457177861179012,13077,16381,002992.npy,13.24162612311134,0.3864845856777308,8.222496600754422
29.374797545110244,0.03383799801820162,0.9939843411165143,0.1794091718905491,2.1667205362556405,9257,16156,002993.npy,36.7027755221961,0.1884670424043548,5.156735012563539
23.466354305729535,0.04243468364736489,0.9957873213206119,0.20280227643579246,2.302044349616814,12440,16152,002994.npy,31.107442320665644,0.2058879620814875,6.900872468978232
30.489713372012385,0.032648685222683,0.995449054412661,0.1752806771121381,2.451921259315504,902,16156,002995.npy,36.71685249273151,0.1908677643301989,5.934209879037879
31.567830778952462,0.031570981802096734,0.9966274110539775,0.17407643341334936,2.1365760244349894,14357,16278,002996.npy,42.34814620256709,0.1788305390967135,6.48637017825874
30.978031059907885,0.03221594181659674,0.9979864462187191,0.17860971437211318,2.2422987099377427,14865,16384,002997.npy,60.40172595378833,0.1336420782530635,4.243406114635906
28.361706040992182,0.035240713424043064,0.9994867548075564,0.18626819938997818,2.081570146190091,15260,16382,002998.npy,57.17995784249986,0.1365050784852262,4.1764449671460655
43.26789237711817,0.02306204353716579,0.997846017762503,0.15118503924107335,2.512044608690375,4210,16384,002999.npy,81.90529056634192,0.1163111224125551,4.609505327684781
15.703189876833825,0.06341924742818879,0.9958844842107537,0.24167245171140955,3.0502565734928746,9852,13861,003000.npy,21.44214855200781,0.2479888573324521,7.338740356664221
31.21556756226488,0.031952702539744256,0.9974217449263395,0.17730935287331143,2.1442405054026303,13956,16275,003001.npy,67.368228468928,0.124764715849535,3.923913584756032
30.461671576626358,0.032825669121326034,0.9999247520568387,0.17966359491643538,2.0116823967627733,13827,16338,003002.npy,69.01361373397874,0.1227278878948747,3.294822787866982
28.30590841763249,0.03529549557781885,0.999071065380693,0.18622278483847154,2.361559156523927,13965,16318,003003.npy,58.64886846536551,0.1352225730485073,3.881232398780804
9.005822077776479,0.10940285741790125,0.9852626687059672,0.2960529189964489,2.9015034855151685,982,10436,003004.npy,9.269364677229811,0.3759987593476137,7.408552377660056
9.154301806072796,0.10794388139295001,0.98815086838999,0.2982968052809349,2.5733922100318862,81,12222,003005.npy,9.52655018853638,0.3749043103883605,6.313065336404539
8.488782157049462,0.11634514960598125,0.9876286300345039,0.3165893008123365,3.133795163518775,11380,12328,003006.npy,8.78139713662949,0.3954440827238273,5.966383561566599
9.959204242506734,0.09922025340835175,0.98815476868705,0.29116445166752863,3.03912931010109,11682,12678,003007.npy,10.04013642974801,0.370268165451176,7.467948432593842
24.358425696874143,0.04104169693926082,0.9997111253686116,0.2014745155732746,1.9360531072281664,5164,16370,003008.npy,52.66953117682106,0.1397886473190498,2.344007112465468
25.477959198650137,0.039291966787424665,1.0010791266447219,0.19667433070080062,2.2624342958724166,3481,16383,003009.npy,31.10255019753853,0.1943070167687437,4.351501669394795
26.95367945564343,0.037011070556830485,0.9975845320990113,0.1904696808488109,1.9842241644904957,16108,16383,003010.npy,33.16180249193539,0.1858353794779768,3.80444175299485
30.04218296061579,0.03321119233633425,0.9977367165083546,0.18111363307963577,2.139095870186539,377,16384,003011.npy,38.18623068179267,0.1716301598519582,3.730564324502482
23.61467674675632,0.04207364488326259,0.9935555234760641,0.197332178739066,2.688351466617183,254,16285,003012.npy,22.440879061842523,0.2677441529378203,7.374471671483024
46.10596367026411,0.021673804801579627,0.9992916567780261,0.14559201617898188,2.148620549218031,16117,16384,003013.npy,99.67976070966124,0.107832718652027,5.486258069274082
30.826403678239313,0.03242244494930592,0.9994673762427957,0.17912377907074686,2.2059201879320973,15231,16384,003014.npy,69.536763782276,0.1264092494169475,5.193583161202931
32.313261295366054,0.03092413721401874,0.9992597261303409,0.17427969782161842,2.0434440542604078,16110,16384,003015.npy,73.27482418770497,0.1221434145656589,4.890716106370819
27.28897493670911,0.036293929011015386,0.9904241191362986,0.18767914594862126,2.4558933996398227,474,16109,003016.npy,29.57503309599265,0.2154204033815147,4.563165025018184
32.47955633578158,0.030793511493396528,1.0001595913263102,0.17413297201732592,2.2449105763048895,13432,16384,003017.npy,43.840602637791406,0.1573295110298428,3.746522464362468
29.585197218861737,0.03382126793526518,1.000608882056785,0.1828431058669557,1.8869660228330027,3822,16384,003018.npy,41.706214119945656,0.1607373372622957,3.2241101900021225
28.060827706221506,0.03563276521942625,0.9998848855185621,0.18803933320181904,2.271848227086386,13938,16384,003019.npy,40.12108448488785,0.1636174598651882,2.9344429352187618
20.91712191157107,0.047590439613415955,0.9954550272190826,0.21575223196668744,2.386948966437937,14315,16263,003020.npy,28.527725974401687,0.204529654398084,6.323967961989668
20.609513962855157,0.047968819148824775,0.988614048029378,0.21424791667215148,2.60304059900953,1023,15991,003021.npy,20.163619314941425,0.2544436577346632,5.350787345818407
19.74888438231768,0.04996026318902432,0.9866594614302033,0.2142663776549239,2.4914887690721432,119,15940,003022.npy,20.226867407757023,0.2541542231443024,7.177735232908177
22.092577612354837,0.04476902850469965,0.9890632368698031,0.20653269897082163,2.3786178843104357,10013,15839,003023.npy,21.082483011692247,0.2494061935144503,5.557693353009747
33.06181799888037,0.030280997285241855,1.0011448210692568,0.1735204683173906,1.9843294295507823,5151,15809,003024.npy,59.66620760396946,0.1305405160470594,1.818985485677526
30.96192060048828,0.03225284009319928,0.9986098741058812,0.1782002004630231,1.904088674862586,3122,16215,003025.npy,52.274946608275,0.1429347119231393,4.026509959155916
39.637980397924046,0.025182573624363935,0.9981863596918168,0.15748315824725445,2.012200408300308,906,16209,003026.npy,61.65958824892947,0.1315359952971334,3.2427528984738228
24.218948719332218,0.04128591768215933,0.9999015231747881,0.20198409675247653,2.009853415915002,4156,16213,003027.npy,44.229420630161314,0.1540629752783155,3.062814630622981
21.1420643505322,0.04706719120939104,0.9950975853477488,0.21367842875706855,2.503580422590354,16236,16350,003028.npy,31.45609125595877,0.2124358133827069,9.58746213057824
10.771231777148333,0.09103060062341944,0.9805116981278744,0.285041546211416,3.235153289657067,1370,14501,003029.npy,9.322534095811225,0.3964270242651919,7.518527981317936
10.155808582898565,0.09625698977221726,0.9775675628926636,0.2879407159857929,2.875660424426912,14014,14619,003030.npy,9.400647900231077,0.3914000851044722,6.022859540926233
10.277815821085749,0.09507706465863328,0.9771845593708938,0.29013085709697795,2.9139191714738177,14270,14802,003031.npy,9.563836557387996,0.3861801564980693,6.381462304514964
32.97522115993619,0.03024610548268009,0.9973720175181345,0.17247361374317066,1.9311480163639516,1279,16367,003032.npy,58.04136912476434,0.1361255088912114,3.439659329965754
24.463163788733937,0.04083470281508948,0.9989460232298089,0.20094360438225994,2.0655255316558083,14955,16380,003033.npy,40.79296704923371,0.1648070300718839,2.8098080840579533
30.616500716647753,0.03259706484572756,0.9980080592098312,0.17928112336497065,1.9956104858878967,4236,16380,003034.npy,47.35091621169211,0.1533439728615335,2.956685370638662
29.74886751797914,0.03343298008546904,0.9945932952938534,0.1801363901612851,2.019845111377762,14968,16379,003035.npy,45.180365093385056,0.159255072188193,3.808363541404289
18.90697231772419,0.052287877833987514,0.9886054587597461,0.21617984231230203,2.79732984529314,16129,16369,003036.npy,12.29458196703686,0.3844275289690138,9.26310285087776
22.681825602518327,0.043737612070251175,0.9920488892480377,0.2035438688339475,2.1375553904518676,14339,14934,003037.npy,34.088423427641615,0.1904188006690641,5.206815520927736
17.313486632571614,0.05736347317928202,0.9931617260873795,0.23247370425130626,2.1779165501014504,12850,14930,003038.npy,28.508133884824307,0.2067936094734292,5.029125497833008
25.301843500700606,0.03931798488569702,0.994817500340818,0.1945954911935797,2.0761332458587365,11817,15182,003039.npy,35.75798301875514,0.188135331578208,4.536951840835049
3.9074900570044377,0.25450344068123304,0.9944696639353369,0.45530087606863495,3.927729962984028,129,3574,003040.npy,4.1711927556252615,0.5035277779502201,5.446931165343241
10.916894555484273,0.09086749003809862,0.9919908072674402,0.2654864580871334,3.337736967115119,8105,9381,003041.npy,14.543585866312092,0.3142648018587592,6.617464545642971
9.333705734689332,0.10621297248341866,0.9913606303668849,0.28753651171627637,3.5834317982929553,8538,9240,003042.npy,13.213763550264405,0.3277621485887984,6.7534877663951605
9.547159485184574,0.10366480519592529,0.9897044282060893,0.2788543412132974,3.86126865582972,520,8903,003043.npy,12.94815330107344,0.3332431763808119,6.568505985720723
20.923449115841144,0.047603740213146,0.9960344360734812,0.21567600988205218,2.2633818376624513,384,16384,003044.npy,21.1450181551272,0.2409157670694662,7.039927821434988
39.87883156897248,0.02499701452731358,0.9968517320618965,0.15728449252225343,1.749554562165248,2340,16383,003045.npy,75.55400296925376,0.1161096780305546,2.4357298776823137
29.219839142493623,0.03418589408498752,0.9989063261056594,0.18446722934606116,1.9943844742387773,475,16384,003046.npy,63.4340466261256,0.1272856230219714,2.880710560994183
40.722070282665385,0.024501310559850224,0.9977440906356324,0.15558222211723066,1.816765537914169,360,16384,003047.npy,83.24065465016534,0.1103839924660843,2.490476555203308
35.34333030991712,0.02829381780535104,0.9999977484231362,0.16857745553239312,2.482233635309996,1263,16210,003048.npy,63.07369596290536,0.1307949018880406,2.6512703098958745
30.174852893175707,0.033124398053281184,0.9995238384327555,0.18056265530166327,2.365170316519008,14721,16383,003049.npy,71.97455431764982,0.1184791281374506,2.723036218207049
27.583093485697816,0.036232469412965165,0.9994035910355049,0.18849238382162464,1.8662004585595042,1267,16381,003050.npy,66.1013132054799,0.1229523855539508,1.9843336627675636
31.307721685743143,0.031926075254691065,0.999532678591959,0.17829339574877986,2.215958020738628,15118,16383,003051.npy,73.93996751222045,0.1168430466280527,2.978404176667318
25.3817909630266,0.03910504773751859,0.9925561472728732,0.1951169631569012,2.3498336074447432,15813,16303,003052.npy,31.01583726674332,0.1995222862585603,6.220921280720022
31.614065897126785,0.031492273383671415,0.99559880600172,0.17584416483363233,1.9772348919273834,13966,16370,003053.npy,53.93573211996113,0.1405086719649543,2.8059778736837693
35.956806751197284,0.027714677700237153,0.9965313102391441,0.16534322011086147,1.9803636923808723,13493,16359,003054.npy,58.85530875072264,0.1354512381287896,2.740941927488597
39.66283038329614,0.025093636929721448,0.995284665243558,0.15699823342478225,1.9852946618140628,16344,16363,003055.npy,62.89694292186374,0.1308649609512773,2.709445242357503
26.32134145855687,0.03788510023004727,0.9971866593467257,0.1915539729894395,2.590889122266316,15325,16383,003056.npy,27.940031683182127,0.225599282123987,6.831206123017767
38.960513270966594,0.02568829267918807,1.0008290678359808,0.15917704026568236,2.176137448576692,13196,16369,003057.npy,67.66523947623138,0.1343241160440673,5.630201119512839
26.319307961578712,0.037991871020900535,0.999919753435659,0.19381242698041762,2.2751308675401893,12312,16370,003058.npy,48.48414359715991,0.1556612047774378,5.13813660961394
30.538905402288226,0.03268196181745899,0.9980713403045759,0.17974133326636646,2.284927659419254,13547,16358,003059.npy,56.34742218012653,0.1421883716577748,4.497226580177274
19.42950223924249,0.051028343077683974,0.9914553060926947,0.2237677060748059,2.528117186803468,1546,16243,003060.npy,26.379632071167183,0.2108054890843601,4.361483958776813
28.173318879604583,0.03545855151388966,0.9989850788096991,0.1873632910340584,2.04389729098424,14313,16369,003061.npy,67.07109570710773,0.1223376298024769,1.9741464514667024
30.12337212773435,0.033181877517143195,0.9995500443458064,0.18149598292132835,1.9349748548834966,165,16365,003062.npy,71.80295431423053,0.1183940044501119,1.7750773401139182
46.789830199610115,0.021372173322269334,1.0000003607456194,0.1458922772983493,1.740329955680925,15101,16372,003063.npy,111.03606578721347,0.0953784567813221,1.65068144764598
32.95582653744749,0.030251989265958595,0.996979310661655,0.17209920319458266,2.0906713706772724,1290,16334,003064.npy,57.39741911304701,0.1379069408582575,2.72268414426386
27.14523363717916,0.03668068851551717,0.9957058597263079,0.18831928596260805,2.0139427448625695,13762,16312,003065.npy,38.07685345916656,0.1776885014558056,4.132884130110442
29.248015155050513,0.034063700475763244,0.9962956277522248,0.18172445085005617,2.1860234316687617,4335,16373,003066.npy,40.086371486187296,0.1743837273909706,3.844064047807387
25.44335256659634,0.03930847547327332,1.000139400321898,0.19504660131090082,2.3931133046995963,905,16317,003067.npy,41.28977087554601,0.1668412984233634,4.17452302277742
30.95649885157627,0.032193681964454046,0.9966036787606334,0.16898824160680356,2.5784743932000667,15181,16149,003068.npy,35.98438840533208,0.2166228924033192,6.774237341369611
33.21546005279842,0.030008325377674522,0.9967403328335251,0.17279065072589372,3.188510927207025,768,16383,003069.npy,38.48412581579623,0.168357965263886,4.472840718823123
34.67547337598321,0.028784264383007564,0.9981079932602405,0.16743275122235415,2.4612748354171283,131,16383,003070.npy,46.50021226921524,0.1534782712865281,5.53418302635434
36.62057216104813,0.02724687139065373,0.9977960199242327,0.1643951153926287,2.770661750340736,387,16383,003071.npy,48.09295624725264,0.1500666570019987,3.776393020904993
30.851050177743822,0.0323020647820029,0.996552621434303,0.17730542466353158,2.2185780434394684,13813,16380,003072.npy,35.66775488230662,0.1924467659577374,5.505478559956034
27.614991707262273,0.03623536222196921,1.0006392272693243,0.1903317622597228,2.0019100074664027,14481,16383,003073.npy,61.881422596753296,0.1279048631012148,2.1347501291714006
39.30217200240406,0.025453768251161395,1.0003883779164768,0.15873718791656338,1.7138574791104024,9357,16382,003074.npy,87.1667580684947,0.1072796107623912,1.8984226174369796
38.282389057641346,0.026121424275066866,0.9999905268378269,0.16127215318795135,1.7206026819244709,2313,16384,003075.npy,85.08735654989144,0.1088131064490019,2.0233526069460592
27.682151337549527,0.03596368385135578,0.9955521390290167,0.18805511538043984,2.0285721017445817,12322,16158,003076.npy,38.99348134715304,0.1765293034999037,4.792839260029383
45.4393947407731,0.02198259588102925,0.998875851664981,0.14800580492428062,1.86570696439147,524,16357,003077.npy,93.73557505816969,0.1053208307791952,2.2622453675683705
31.17209898641727,0.032112796115458545,1.0010232592417099,0.17831655971113206,2.0690840470680345,2155,16365,003078.npy,69.12731888491876,0.1220007256229843,2.7423565324635484
30.422094332858386,0.032806314691703066,0.9980368002644286,0.18069618558592931,2.074887013380237,14058,16359,003079.npy,66.77645959960378,0.1242458000329035,2.7186949899564823
39.0296270838179,0.02553404977621961,0.9965844407054952,0.15685915419190252,1.8562126480165098,1391,15861,003080.npy,58.57385223468,0.1428489767047591,4.070352513616123
36.88586321385449,0.027045035076806893,0.9975794644569957,0.16278637451863348,1.7741234841504265,16128,16361,003081.npy,76.44913549793625,0.1179724059634869,3.187970886627125
34.31618638545022,0.029081298595608672,0.997959262937839,0.16978434432603087,2.343947529408768,767,16361,003082.npy,70.08391833742274,0.1218806890992627,3.299430872241723
24.182289004199166,0.041299575273105106,0.9987182650049055,0.20126681593137,2.04990882891922,14737,16361,003083.npy,51.198655512883306,0.1438305885538889,3.784925660194234
20.84237641623261,0.04761775781520571,0.9924672324815197,0.2123518751181073,2.33835380348953,12320,16384,003084.npy,18.2742488405842,0.2962416154128997,7.698143696468632
26.41469829994347,0.037706691678812757,0.996010884584828,0.19237124782395085,2.3026438855317304,1539,16269,003085.npy,33.59586596263322,0.1872489047364425,5.507007027930428
25.615277181967965,0.03894705129855782,0.997639514432884,0.19490887386017283,2.156586665366845,11245,16240,003086.npy,31.10463480299311,0.1958974421079458,5.049143877318538
19.591868644718826,0.05072038515208522,0.9937071235092007,0.22214418498303753,2.153038843686166,6430,16256,003087.npy,26.381909595900865,0.2121871786026301,5.074754827604384
15.101764574745264,0.06577157475076047,0.9932668375962446,0.24833400849638143,2.5664069445600393,12541,16325,003088.npy,15.254527391337652,0.3088805076683976,7.829391351594626
25.693305095038216,0.03865980869562286,0.9932982597324497,0.18995228075193857,2.463009358447659,907,16335,003089.npy,27.05052510225711,0.2258925007408642,5.696547292560559
24.240495365501893,0.04089905194203899,0.9914132790544173,0.1948427285784666,2.2280194953212105,3233,16329,003090.npy,25.95118565916433,0.2302483417668631,6.425978515604229
23.37840342850786,0.04245232130393129,0.9924674939199445,0.19881904383730076,2.5240715901506565,2058,16295,003091.npy,24.664118740824456,0.2386392596355614,7.8164131523955955
25.654626962692035,0.03892096007979141,0.998502711876877,0.19551953386687204,2.0142922372034975,1453,16356,003092.npy,54.8976690996954,0.1374167534815722,3.8743858335830472
23.804194252300285,0.04197238137500503,0.9991187194822503,0.20334957380106497,1.9435224351858835,13847,16383,003093.npy,44.44878886925567,0.1571253395821649,4.53072937613427
33.94613757963821,0.029435088880296528,0.9992075767994248,0.17013108625538842,2.5806151187821462,365,16382,003094.npy,46.84519989192143,0.166550186903696,4.730786727574374
31.739614362947584,0.031436650661149576,0.9977871688475888,0.17553956182605568,2.4238836169821463,751,16382,003095.npy,45.04943357456535,0.1689047022347462,4.364335578474399
17.79756189983176,0.055577111438276545,0.9891370810365745,0.2149187649540082,2.9465027590716857,14960,15703,003096.npy,18.381550993344423,0.2817425028633981,5.171649161052345
18.874719935121497,0.0527668625932844,0.9959597533032819,0.2157591305073793,2.873738442085703,1236,14223,003097.npy,24.49728599807394,0.2373935168147556,7.352962216948959
17.81873054083254,0.05590210966338043,0.9961046287558468,0.21764911905357362,3.115353964012016,3643,14148,003098.npy,21.546830160182594,0.2570980914680462,6.361899355902621
16.78336491999763,0.059190616691544316,0.9934177197738912,0.21642391198011088,4.099523290020924,241,14648,003099.npy,26.234459444963598,0.2263067451694925,5.649524962642458
10.666946241255184,0.09306481602903771,0.9927173895340491,0.28426688742941003,3.123126205804851,9024,11919,003100.npy,8.298692718778048,0.4218440029202979,8.179060520777258
15.39781744422519,0.06441459665455332,0.9918442000302107,0.24508237619718684,2.822604985443289,3950,16194,003101.npy,13.293521671705182,0.3218849390023596,6.391675073381309
14.873909053178684,0.06645388321938314,0.988429015235662,0.247808821135842,2.7428323934216805,399,16253,003102.npy,12.615530787560608,0.3352972542789584,7.98615847683039
16.884709992952775,0.058523002103726414,0.9881439184383857,0.23520094421470503,3.328097376380307,4949,16189,003103.npy,13.951468588829366,0.3127486415268325,7.427681430251706
30.070705806483037,0.03316694676427871,0.9973534986479097,0.17808152771681932,1.8787755020439962,6767,9394,003104.npy,51.90091694944318,0.1432008864035794,2.674765458884822
24.209551509625307,0.04132922672796909,1.0005620433237508,0.199483453803616,2.338569281753384,2317,8743,003105.npy,41.5575330141,0.1730455269273642,7.990904953994862
32.92826618664498,0.030284825038107272,0.997226780270767,0.17476151870994117,2.6627573882126563,6084,7134,003106.npy,51.05086559903278,0.146887783526168,3.8222584292787936
29.06759691919976,0.034397929717744004,0.9998651558903455,0.18364107935904864,2.5416775464704835,2011,8650,003107.npy,47.76632380644531,0.1640308001505576,6.652952219315737
27.186584795699215,0.03670695249660226,0.9979366766405804,0.19043081275685422,1.9204472901205443,3865,16384,003108.npy,60.73526202678914,0.129956953260409,3.3595779872364377
41.79383085002972,0.023910907554967588,0.9993284258230131,0.15354778912992836,1.8367656176830836,3484,16384,003109.npy,85.64655973115651,0.1125421040558757,4.417150417069201
33.352344900705084,0.02994269096223778,0.9986589562277794,0.1720694600899749,2.0422752606678998,778,16384,003110.npy,68.1957812295864,0.1259084899803086,4.477637377687329
35.43028299829877,0.028149045400735147,0.9973286446800067,0.1642521722863585,1.6715797792480593,11034,16384,003111.npy,75.74986229552658,0.120683604122046,4.937222153208231
27.80545609633187,0.035872978311513634,0.9974645234854578,0.18864959695152586,2.1713989573819727,5380,16144,003112.npy,45.71426194313239,0.1604601471768364,5.823166120052366
18.627767664610285,0.05316864505130773,0.9904131670578917,0.21980182040818536,3.0347856316060855,14289,14344,003113.npy,15.795763405853211,0.3104864624712558,5.662784000327784
15.858194852749904,0.06263146824778003,0.9932220273871143,0.23416694273152566,3.643023346100301,11633,12781,003114.npy,15.073651251558768,0.309132751315809,6.047294903054143
15.454510649542707,0.06422965076595231,0.9926378217788189,0.23931619244498273,3.575293522815252,1212,12495,003115.npy,14.6365349857675,0.3139791975177165,7.314955833492073
36.35874629189171,0.02749435161033217,0.9996601546601317,0.16482562062856732,1.725543190597255,16374,16382,003116.npy,83.03692962068973,0.1097927323264538,1.7019829405816544
25.698486741653134,0.03897101800983851,1.0014961896345604,0.19709573616040924,3.1512798434754097,14159,14291,003117.npy,51.6920716293572,0.1403080193532256,3.927237835756016
18.57665516302943,0.054054557296942175,1.004152870895511,0.2291254940599114,2.524576657628605,12825,13749,003118.npy,37.15481917190434,0.1699455079700546,5.5042992094848415
37.30171943741423,0.026919723426300782,1.004151970580659,0.16389114287688847,2.351523193036454,11442,14132,003119.npy,70.20559719191725,0.1220206317697046,3.770177814997255
48.63973640880466,0.020554282260648187,0.9997548712300974,0.14306574725541357,1.8235060513025738,13689,16379,003120.npy,99.99087115746082,0.1003369196878056,1.494430137714265
25.588890708069382,0.03898341232116886,0.9975422773139953,0.19237128142721874,2.386317626521967,245,16380,003121.npy,25.102505326001065,0.2443750751398912,7.97510772535344
29.649083662571456,0.0336522007770037,0.9977569162670348,0.17833187388589397,2.1430389254746713,2556,16379,003122.npy,38.54454488266945,0.1924764114137874,7.295416635371308
32.69180202548699,0.03056558901220476,0.9992441847793985,0.1710716031010994,2.228030282190791,799,16379,003123.npy,32.65077692265108,0.213828872911555,6.549010069494523
46.30282941511195,0.021550981159725525,0.9978714043670626,0.14630178222593113,1.642072737721712,121,16383,003124.npy,109.88438644599476,0.095413537210097,1.7046778669021672
41.24158692358798,0.02423073500155114,0.9993139637888971,0.15550928671481748,1.7578704279968693,16372,16381,003125.npy,94.15071890340867,0.1032682423009576,1.7308929022475097
48.4329675762254,0.020667742982543622,1.0010001257472954,0.14366082260338062,1.704484728742728,550,16336,003126.npy,97.1973010784124,0.1019677885295897,1.9594678141857909
45.59966979092804,0.02194626944985187,1.0007426400559771,0.1480174420970356,1.65338596808691,13304,16380,003127.npy,97.43716538420496,0.1016943320374176,1.605178089328635
29.190349085086137,0.034084282980432534,0.9949321185136858,0.1839400097508782,2.062648397905089,112,16378,003128.npy,61.377629794949954,0.1299526012896095,2.547835071032118
44.60389030353711,0.02238292106306462,0.9983653557696646,0.14858955508282845,1.7772088304455416,1623,16384,003129.npy,100.4737760025954,0.1007673575780848,3.320151420312565
26.84581702088788,0.037120749090472534,0.9965368377611158,0.19126160956202723,2.0308854559470033,12928,16383,003130.npy,61.950190386220086,0.1275197460538471,2.611600614220807
30.11116286058,0.03307966027587257,0.9960670379394576,0.17997089539148547,1.8393399113305406,4479,16379,003131.npy,67.72183459963789,0.1233275092376041,2.7539457394387816
24.795390990082314,0.040211438512685216,0.997058340195684,0.19714589203734476,2.6525630597503564,10882,16384,003132.npy,30.99047496050112,0.2128609281543477,6.040454956934748
27.78914601518858,0.036000760127487666,1.0004303798405338,0.1868387156632192,2.137136748446,1144,14799,003133.npy,41.01628519573481,0.1629404245158301,3.7864668348225377
19.276151485771337,0.05177998913419744,0.9981189144823838,0.22363945920396278,2.5134500470855023,1007,14625,003134.npy,32.44956780677387,0.1842142681276617,3.891992728577639
32.770787443616705,0.030468543044313793,0.9984781478218935,0.1725332989327127,2.805520359925194,449,14717,003135.npy,44.69182586320334,0.1556978495855681,3.4178801993738563
16.530572414185347,0.059889175739923174,0.9900023563946724,0.23845794722374256,3.0572491779176514,15219,16383,003136.npy,12.921817206366192,0.3387708216647013,7.862141511112138
20.09485486128272,0.049382333162856666,0.9923308176191131,0.21696606839215046,2.227065384302265,1904,16381,003137.npy,15.361642355872922,0.3028295435417687,5.496697839907192
17.442359516877225,0.05662450492877989,0.9876649724329652,0.23127659369068024,2.6311080139815477,126,16383,003138.npy,14.786813188210049,0.3082091183801533,5.629162878129797
17.166309568086596,0.057537135368335365,0.9877002773937491,0.23384376996887013,2.1908756040762154,15506,16382,003139.npy,14.67143011770528,0.3082603813861151,5.8713906008958485
21.962947433744237,0.04550499170410047,0.9994237407701262,0.21142833583563497,2.2315110005484464,12335,15479,003140.npy,37.21665067080326,0.1774104312929562,4.867204929769359
20.53907440285008,0.04875944460951852,1.001473860676548,0.2170161571675845,2.0582868460245223,13287,14701,003141.npy,34.066334770567295,0.1713526913272965,2.1757496137723344
28.215325610122953,0.03549323252398955,1.0014531126201713,0.1869096152457609,2.0185621974790804,14350,14720,003142.npy,43.82749700547039,0.1505643357094721,2.018293323522387
24.70564481352068,0.040648434300250315,1.0042457800477154,0.19940540128057488,1.9292654952638215,3682,15030,003143.npy,42.03968439847242,0.1542752398782758,1.9626652521257413
34.94202406808963,0.028517659505277158,0.9964647447989794,0.16471679471814105,2.095675319530998,15750,16384,003144.npy,76.60039402027246,0.120155029508036,4.448568761116527
7.414146001732163,0.1330734277339375,0.9866258221703667,0.33484110913659426,2.8604806463258545,12622,13753,003145.npy,7.667782528971465,0.427425376684274,6.18770479256221
7.322721068483919,0.13479187163109735,0.9870432782534164,0.3328611275515347,3.615799299514304,12844,13729,003146.npy,7.764186595790528,0.4242459951376167,5.845387385122641
8.429438402278208,0.1169126610371692,0.9855080746592493,0.3111572140518936,2.8187327459368805,942,13741,003147.npy,8.04267718093065,0.417070544593429,6.391932413131805
34.406685454454774,0.028990673375749978,0.997472979952266,0.16781579523056067,2.181085656646246,1918,15990,003148.npy,60.33999773133773,0.136732385464097,3.786079198552698
33.89186992671458,0.02955663008933714,1.0017294624598325,0.1699491449839837,1.9588711591738324,13212,14082,003149.npy,63.68917795360393,0.1301344049805887,3.776511708278204
33.04775008929412,0.030264309736086938,1.000167344783192,0.1701260454514198,1.719952721408098,6403,13372,003150.npy,63.66094508144372,0.1298520233996704,3.166750628468584
27.406160966087594,0.03653277906737535,1.0012232236590042,0.18955618386129555,1.8880653534197838,11752,13562,003151.npy,53.76312311507952,0.1402955480267192,2.8163604286843182
33.991650222890534,0.029367329676209503,0.9982439983340265,0.16829968465117484,2.0736692811588266,779,16306,003152.npy,57.88064006213217,0.1438088942663803,3.618895023270583
29.955713376959928,0.033261908701026424,0.9963842034185572,0.18028220259675246,2.101861207973462,1746,15442,003153.npy,51.58527849934625,0.1457185636191707,2.846902745189691
27.056547527286007,0.03685013808126074,0.9970375123826831,0.18893165546214946,2.1972418367049076,4329,15541,003154.npy,49.50261350526549,0.1486005642000689,2.962202249690496
23.901372370327042,0.041679674802612164,0.9962014277313705,0.20276054826230952,1.9290588624017815,560,15607,003155.npy,43.44917668224223,0.1579701076856427,2.941837502499398
19.49824220264718,0.05069703340647516,0.9885030363151479,0.21518007964440747,2.2868781270079146,149,16331,003156.npy,13.799054540209829,0.345424573273112,9.284547361897852
26.809485236292808,0.037244009324515215,0.9984927181259423,0.19110665788433012,2.5405810073958635,616,16384,003157.npy,37.04369121281001,0.1745379614785143,3.8528057507637703
23.448980326459775,0.04246546141287818,0.9957717692246171,0.20173082636340658,2.094005328064176,1130,16383,003158.npy,35.24693439376138,0.1769439798264085,3.619675023808321
34.818087678843824,0.02870017983153341,0.9992853777729155,0.1676634512263981,2.0982205637144213,1758,16384,003159.npy,44.75620840619464,0.1589043427395119,3.76683086508952
20.7211893313744,0.04805353998832702,0.9957265001408949,0.2100508315287624,3.0496937460550506,15982,16362,003160.npy,29.63166402072948,0.2213115333176921,6.068544640239325
32.39535233327912,0.03081128571374933,0.9981424565382391,0.17333293462013608,2.930881536428051,382,16381,003161.npy,50.0987961401112,0.1586305634245872,5.490079733972654
24.97888467299943,0.039827673954787916,0.9948508745104706,0.18903734382312368,3.662767378268306,0,16376,003162.npy,23.69530825944584,0.2714942952465098,7.40377527891845
26.256393132088537,0.038028713308889524,0.9984968469456907,0.19047076204657112,2.5432568832787985,4606,16376,003163.npy,34.60821366900289,0.1972489368513899,7.851293426082175
22.22885332675933,0.044548877866252785,0.9902704719606484,0.20341106640355763,2.3007333519742974,2421,16360,003164.npy,18.820127074127697,0.2983737123155107,6.64350899213274
40.50693898126574,0.024589759622998614,0.9960558926127969,0.15563448085795373,1.8104730709652457,15235,16259,003165.npy,69.02886489417699,0.1262268938765975,2.708324597121927
26.910905811438877,0.037043414278922666,0.9968718325941979,0.19130337381311022,2.2556985780186625,5512,16243,003166.npy,50.52324725964488,0.1462359857689379,2.758180472026038
40.35733243482745,0.024709133806250852,0.9971947271954988,0.15639685979076257,2.3002534000838466,16108,16243,003167.npy,68.66912246159974,0.1263455995945586,2.857625207026909
30.44003268196699,0.03265784577084864,0.99410589258727,0.17911693120492914,2.114331059825597,15023,16282,003168.npy,35.58329833537892,0.1745362286693755,3.1872730830198983
19.297174767192605,0.05176901325916243,0.9989956963871687,0.22055932753622734,2.2677333219264395,13254,16161,003169.npy,23.195360299733707,0.2156286085472892,4.010075241139445
14.55694685948287,0.068545992849912,0.9978203753466618,0.253208547449164,2.5112608695868537,14478,16235,003170.npy,20.003825715418483,0.2333945636008748,6.658468105910669
19.967999672616354,0.04979600363429507,0.9943265842672069,0.2215459588998874,2.488350172055481,12901,16194,003171.npy,24.1336671331396,0.2117924676748977,3.7232856386633206
40.794794767608124,0.024517768202408426,1.0001973219770401,0.15688198816691135,3.811653926913312,16254,16382,003172.npy,96.50029991857204,0.102995389586385,3.5441715531349165
38.97406275776878,0.025607423075946288,0.998025314026667,0.1590959289499748,1.7213362002109047,13636,16372,003173.npy,80.73729043510477,0.1138476387422618,3.4293540361009205
32.3764445653624,0.0308386854010166,0.9984469883546646,0.17481339701874668,2.024435443379933,15072,16375,003174.npy,69.52499934853478,0.1217244216071192,2.6848363696435507
31.890666714248244,0.03132323802309877,0.9989189442057109,0.17651401515602586,1.9919332500371636,13803,16376,003175.npy,68.30715592763944,0.1232448098417942,2.9689269178421287
22.628057199328204,0.04392835289997931,0.9940132820930068,0.20437579995372024,2.155471866650391,6636,16168,003176.npy,21.638593001434128,0.2432331006340415,4.8609020590900505
22.990880158192216,0.043246364756638116,0.9942719893973343,0.20303900446679668,2.4667095418601566,14675,16356,003177.npy,20.648763619441723,0.2689576605830714,7.3489801233693886
21.03932570166604,0.047272001194381214,0.9945710296981325,0.2115898359434979,2.7482386397769836,15864,16359,003178.npy,20.145687639548235,0.2713951358817976,7.443322615742425
19.566320855639958,0.050732588080066705,0.9926500962116004,0.2140947622952874,2.181540865733152,15485,16358,003179.npy,17.810262824266665,0.2921750457807637,8.393066342697988
36.65052224553729,0.027299723036412787,1.0005491064430536,0.16506068964278692,1.772488848464157,12592,16001,003180.npy,80.27752386899472,0.1124520995275577,2.384113347106485
24.711716912907068,0.040404489169125465,0.9984642983580482,0.19884464220157794,2.284626090796437,4215,16384,003181.npy,32.83687110231093,0.1854358882282047,5.302874120373627
28.815023384683602,0.034644656519848896,0.9982865877737772,0.18510409476515763,2.8510255530964974,9210,16384,003182.npy,35.107796860347186,0.1793149444052726,4.339369711396416
36.60413310945285,0.02727866254232925,0.9985117947472655,0.1639420669096016,1.9667170379432017,1014,16384,003183.npy,40.76765755579126,0.1678409185331991,4.87792777404945
15.246434417408393,0.06473486556685473,0.9869758823847994,0.2416468582227712,2.532152602188942,11276,13207,003184.npy,12.928016361033931,0.3450814130924513,6.515982171242766
17.048221792162497,0.058135121570650664,0.9911004464507827,0.2318393048398191,2.5989931052202166,11794,12147,003185.npy,18.07641519926179,0.2710245918859695,5.613091723175741
16.6052690129492,0.0596405296847334,0.9903470394897804,0.23855919058149538,2.649512705544295,11153,12562,003186.npy,18.003130741165517,0.269727624655576,4.987422485115947
13.3262354600052,0.07420573518589813,0.9888830995700711,0.26243591162072605,2.840231329837822,1244,11990,003187.npy,16.888326353788127,0.2720480652173298,5.046459280703995
31.08379461297137,0.03213896216939201,0.9990008991474381,0.17851698806141805,1.9237996858866946,12010,16352,003188.npy,73.00482700259761,0.1170085673167641,1.7693559018386968
22.24841090229823,0.04489999997461612,0.9989536489484394,0.209894851634291,1.9868101740796735,13103,16384,003189.npy,33.01445031083718,0.1812600488912918,3.861790591443211
29.434317399572933,0.033796392466536075,0.9947737428205583,0.1829147529457626,2.1842663495832455,508,16384,003190.npy,34.75851640468112,0.1797630618878987,5.583052143217444
26.288667650906596,0.037909994131230265,0.996603236363732,0.19291686517357873,2.3207721415855342,383,16384,003191.npy,32.82794443783224,0.1848623242002025,5.707159558490499
26.70596895234111,0.03740458024576791,0.9989255587188295,0.18836632078962595,1.9327105365061907,148,16384,003192.npy,51.71374034880272,0.1518619151134031,5.723917887153021
40.96543630554456,0.024307159162639872,0.9957533804458575,0.15389966444201705,1.9172147293232444,2002,14121,003193.npy,57.93467689882959,0.1475766846371852,4.54452023908638
29.170381935204457,0.0341538751657993,0.99628158315366,0.18202636953797144,2.087715517526736,4904,14493,003194.npy,46.82309596056644,0.1636014912534672,6.325679687939352
34.510339668355336,0.028809725161831504,0.9942334010867686,0.16694941636781485,2.1337436252452635,3996,14852,003195.npy,54.81911985963745,0.1514628333099417,5.253166404551942
17.68831780185198,0.05623227515697327,0.9946543536977291,0.216841302120816,2.607017511243976,12987,14541,003196.npy,22.730849244579897,0.2650204622510476,9.363793743011158
16.427025164878735,0.06054701998613357,0.9946074209706319,0.22704518460723663,2.6494393933041125,154,12146,003197.npy,18.841166484303404,0.2890325573995375,8.346547992864513
13.377421873259545,0.07403034536332738,0.990335161348334,0.24736348591323096,2.540113362548349,10883,10869,003198.npy,17.91099970407241,0.2891056020068349,8.971470968036632
17.14331012407857,0.05798380617279916,0.9940343713947575,0.21666507520024642,2.5097078500555874,9507,12702,003199.npy,20.02217598168077,0.2839505948896355,8.978719394186543
