L_shape,gamma_scale,ratio_mean,ratio_std,ratio_max,file,gt_shape,degraded_shape,scale_factor
59.19787337518417,0.017064281663695113,1.0101691851659005,0.13469167662909812,2.6194108980204933,000000.npy,"(256, 256)","(128, 128)",2.0
65.38192254769564,0.015366238638286308,1.0046742244978435,0.12473789116386635,1.9303740419685638,000001.npy,"(256, 256)","(128, 128)",2.0
72.82885102238235,0.013767671444933918,1.0026836925882,0.1182231922130435,2.2748941075040343,000002.npy,"(256, 256)","(128, 128)",2.0
89.84715290622061,0.011166364692235062,1.0032660759098668,0.10642957878577132,2.2743824990748935,000003.npy,"(256, 256)","(128, 128)",2.0
12.296128710719213,0.08655898552420373,1.0643404270748902,0.3611576190474187,9.433537803519092,000004.npy,"(256, 256)","(128, 128)",2.0
40.06441542731889,0.02536770954865383,1.0163424537968313,0.17298580476413616,6.087555015305063,000005.npy,"(256, 256)","(128, 128)",2.0
41.43216465704515,0.024505178495515312,1.0153025903764723,0.1694928894636004,4.316553431292269,000006.npy,"(256, 256)","(128, 128)",2.0
40.03732139440074,0.02542063082566161,1.0177739664154246,0.1743027837473837,6.473781482746541,000007.npy,"(256, 256)","(128, 128)",2.0
23.6692927665032,0.04361749139782278,1.0323951736355024,0.22954989506891949,5.208356159259067,000008.npy,"(256, 256)","(128, 128)",2.0
28.339659202155413,0.03616271282645429,1.0248389573271288,0.210938831328009,4.655336398911383,000009.npy,"(256, 256)","(128, 128)",2.0
26.772903445042388,0.03829498278227379,1.025267876459377,0.21761271855233794,5.361011399460286,000010.npy,"(256, 256)","(128, 128)",2.0
32.565391296843465,0.03151296058744622,1.0262318924521923,0.1954737920236059,4.462437108695969,000011.npy,"(256, 256)","(128, 128)",2.0
40.949588853275415,0.0247038028349816,1.0116105692048762,0.16068540727343503,2.995880684329805,000012.npy,"(256, 256)","(128, 128)",2.0
26.495370863557795,0.038582144967992886,1.0222482396385217,0.22873008386346907,7.598675277812614,000013.npy,"(256, 256)","(128, 128)",2.0
32.134374251661676,0.031766388805427724,1.0207930264974103,0.21078662909311777,6.712775698923864,000014.npy,"(256, 256)","(128, 128)",2.0
27.048539803443266,0.037923554344133734,1.025776769165345,0.2307663800716332,6.2399159270712685,000015.npy,"(256, 256)","(128, 128)",2.0
52.478490961857716,0.019203835196683405,1.0077882918021552,0.1507875221553791,5.575887460013024,000016.npy,"(256, 256)","(128, 128)",2.0
28.47249796980018,0.03633680800664707,1.0345996921982776,0.22706063934180012,4.843576543024494,000017.npy,"(256, 256)","(128, 128)",2.0
30.160054401190475,0.03420986686521057,1.0317714457122342,0.21469836182614105,5.494514659247383,000018.npy,"(256, 256)","(128, 128)",2.0
29.412565997108736,0.035136361593953835,1.033450554280444,0.22090291516103225,5.756154158826533,000019.npy,"(256, 256)","(128, 128)",2.0
105.20386396915673,0.009509907919037181,1.000479059073594,0.09788443383675913,1.7936621527837824,000020.npy,"(256, 256)","(128, 128)",2.0
75.25951773687687,0.013347632044646453,1.0045363506093758,0.11848382117217447,2.934821995828485,000021.npy,"(256, 256)","(128, 128)",2.0
66.72539914441029,0.01505709655899618,1.0046907778549468,0.1267137266284905,3.6763443702573713,000022.npy,"(256, 256)","(128, 128)",2.0
74.94616116268746,0.01343051187339007,1.0065653073604797,0.11990756450850751,3.26388426092523,000023.npy,"(256, 256)","(128, 128)",2.0
13.577401892497315,0.07799859389366352,1.0590182563439567,0.31106531536308135,6.105966034383903,000024.npy,"(256, 256)","(128, 128)",2.0
14.525630851765317,0.0730161068455626,1.060605014271697,0.31147568478059556,7.450076861323464,000025.npy,"(256, 256)","(128, 128)",2.0
14.742584947678726,0.07203006459418404,1.0619093460665439,0.3114352698725881,6.724381873304092,000026.npy,"(256, 256)","(128, 128)",2.0
14.112345671959043,0.07504817469118016,1.0591057832915025,0.3155403966487838,6.76221480980911,000027.npy,"(256, 256)","(128, 128)",2.0
81.60786152751595,0.012323058545637228,1.005658455387835,0.11332249735980082,3.047385964260385,000028.npy,"(256, 256)","(128, 128)",2.0
40.58685381649139,0.025016683851944086,1.0153484904722354,0.17206277910874462,5.032987903749671,000029.npy,"(256, 256)","(128, 128)",2.0
48.20437630837671,0.021072496086983028,1.0157865311337255,0.1593665566517223,4.276925101566933,000030.npy,"(256, 256)","(128, 128)",2.0
42.99726835167192,0.023657494340412477,1.017207632682875,0.16877385805888498,6.5971860127980415,000031.npy,"(256, 256)","(128, 128)",2.0
58.19794318096632,0.017327350151973682,1.0084161396212725,0.14821881092886097,5.300528475158838,000032.npy,"(256, 256)","(128, 128)",2.0
22.83363164679412,0.04508459466535025,1.0294450275336269,0.27047687995004466,7.190009077403322,000033.npy,"(256, 256)","(128, 128)",2.0
27.94253823919675,0.036555627584282706,1.021457021631655,0.2434722592918507,7.828275522898636,000034.npy,"(256, 256)","(128, 128)",2.0
20.615460302826524,0.04988180455616875,1.0283363616610481,0.28444460698806573,7.01735882245306,000035.npy,"(256, 256)","(128, 128)",2.0
52.02772586996215,0.0193180848656161,1.0050760237209388,0.16005663327644093,7.240603083398462,000036.npy,"(256, 256)","(128, 128)",2.0
69.04671801444643,0.014569930898576772,1.0060059102440004,0.12277415964444112,2.6397675506913707,000037.npy,"(256, 256)","(128, 128)",2.0
54.18464233995496,0.01853196839553116,1.0041480793672048,0.13816418084598653,2.5909655270799017,000038.npy,"(256, 256)","(128, 128)",2.0
76.5480701985712,0.01314609374552557,1.006308106869489,0.11712432667431531,2.933370287520258,000039.npy,"(256, 256)","(128, 128)",2.0
42.92029461795559,0.023577124326594544,1.0119371223416056,0.15782414349120769,3.3882744703998853,000040.npy,"(256, 256)","(128, 128)",2.0
25.13804444945899,0.04122080070471207,1.0362103203573425,0.23312118856283248,5.370233774206723,000041.npy,"(256, 256)","(128, 128)",2.0
19.384703664359755,0.053522270956561646,1.0375133619365162,0.26667795762882957,6.131390240458091,000042.npy,"(256, 256)","(128, 128)",2.0
23.154120668316278,0.04471877793699328,1.035423980492782,0.24457842569435037,4.875406735579538,000043.npy,"(256, 256)","(128, 128)",2.0
6.746976904745992,0.17036633477994834,1.1494577261065353,0.5249007666240711,8.508882674100144,000044.npy,"(256, 256)","(128, 128)",2.0
43.43054633820549,0.023455972460434512,1.018705698850573,0.16968232889094964,6.077640077043122,000045.npy,"(256, 256)","(128, 128)",2.0
40.30554010326766,0.025322221386251266,1.0206258095873724,0.17834826359201456,5.8059835490066245,000046.npy,"(256, 256)","(128, 128)",2.0
42.276140375700564,0.02405582365024423,1.0169873774908227,0.16861072199763819,5.397921715730992,000047.npy,"(256, 256)","(128, 128)",2.0
37.52180372959869,0.026911447538929788,1.009766052635115,0.1784250868904416,6.442813498402189,000048.npy,"(256, 256)","(128, 128)",2.0
6.106317671259155,0.1816154844829279,1.1090018422723955,0.6725374267897193,13.589831474387333,000049.npy,"(256, 256)","(128, 128)",2.0
6.0770753816519285,0.18248488192479506,1.108974383468831,0.6755833002938312,15.172380775102265,000050.npy,"(256, 256)","(128, 128)",2.0
5.762965986248795,0.19408751745786929,1.1185197614651698,0.7042579616026112,11.418224702566869,000051.npy,"(256, 256)","(128, 128)",2.0
74.71002351588487,0.013434068939439672,1.0036596063795564,0.11682717105006343,2.6185508063226703,000052.npy,"(256, 256)","(128, 128)",2.0
36.402002170686934,0.028076088476559923,1.0220258336681327,0.1954868355761035,5.3082849424283,000053.npy,"(256, 256)","(128, 128)",2.0
37.89951750341923,0.026969971891505802,1.0221489217688489,0.18765066164650676,4.620193331480412,000054.npy,"(256, 256)","(128, 128)",2.0
34.164033804304104,0.029906245726002374,1.0217179899429703,0.19626100782655842,5.203181737155306,000055.npy,"(256, 256)","(128, 128)",2.0
37.72914131329282,0.027217107196863773,1.0268780835695124,0.18344868120523655,4.167277135112661,000056.npy,"(256, 256)","(128, 128)",2.0
63.87197662741821,0.015702266648914682,1.0029348083969671,0.12605598910045335,1.9819690453079455,000057.npy,"(256, 256)","(128, 128)",2.0
93.2013204102992,0.010766898174975512,1.0034891266309585,0.10433634126275557,1.7515692573519182,000058.npy,"(256, 256)","(128, 128)",2.0
67.31138051395062,0.014867160411905967,1.0007290916477454,0.12226179088043251,1.7991233783543916,000059.npy,"(256, 256)","(128, 128)",2.0
59.06530844334714,0.017032050967239518,1.006003343802811,0.13745671492145584,4.972417427076315,000060.npy,"(256, 256)","(128, 128)",2.0
66.83784315984401,0.015032513803277404,1.0047407998816453,0.12390737875701809,3.2357487551700372,000061.npy,"(256, 256)","(128, 128)",2.0
56.275567430096345,0.01780936774793582,1.0022322755863453,0.13459820256352323,2.7852941725215574,000062.npy,"(256, 256)","(128, 128)",2.0
66.54048765417022,0.015038567022180848,1.0006735832758362,0.12293570386057658,2.2677913234936478,000063.npy,"(256, 256)","(128, 128)",2.0
63.98055357952956,0.015791960622547778,1.0103783827367392,0.1329868316338668,3.904543346411569,000064.npy,"(256, 256)","(128, 128)",2.0
38.74628791711601,0.026094014198986274,1.0110461870672354,0.1704071809508524,3.966523163111547,000065.npy,"(256, 256)","(128, 128)",2.0
40.739023903829484,0.02478353124415573,1.0096568717769652,0.166076936951963,4.337402536560221,000066.npy,"(256, 256)","(128, 128)",2.0
56.734134518105265,0.017838653563562887,1.0120605708970547,0.1404271895611831,4.01007747155577,000067.npy,"(256, 256)","(128, 128)",2.0
66.82816949630474,0.015107658434492171,1.0096171585525207,0.13149526432200065,4.247193648655428,000068.npy,"(256, 256)","(128, 128)",2.0
51.266116944693835,0.019664667452794844,1.008131141313495,0.14579561810181976,2.6816940249735195,000069.npy,"(256, 256)","(128, 128)",2.0
49.56487420317779,0.02038349125252789,1.0103051797531197,0.1498365996456614,3.002064848469142,000070.npy,"(256, 256)","(128, 128)",2.0
54.716462490462455,0.018479089062799152,1.0111103835625648,0.14188284516941074,2.9670813320352023,000071.npy,"(256, 256)","(128, 128)",2.0
28.63428611603271,0.03597674050775138,1.030168281221217,0.20991875034099203,4.734183887152084,000072.npy,"(256, 256)","(128, 128)",2.0
38.84010033327313,0.02621233100810629,1.0180895663238145,0.18222335393402558,4.8502973469166175,000073.npy,"(256, 256)","(128, 128)",2.0
35.73832896908494,0.02863251375056177,1.0232781956294246,0.19327932193603586,4.562289498172863,000074.npy,"(256, 256)","(128, 128)",2.0
31.491579490146833,0.03237668865431658,1.0195930643851456,0.20131125113947393,4.115974295723124,000075.npy,"(256, 256)","(128, 128)",2.0
51.555305611987194,0.01946578927133613,1.0035647148622757,0.14032190574890743,1.9069737837564245,000076.npy,"(256, 256)","(128, 128)",2.0
35.57459302737023,0.028336533444010808,1.00806064507715,0.17079978058340703,2.0697985452104417,000077.npy,"(256, 256)","(128, 128)",2.0
30.19837289478338,0.03368121740014048,1.0171179625997087,0.19104771476003732,2.6439512083280765,000078.npy,"(256, 256)","(128, 128)",2.0
31.272512091006565,0.03239259401748323,1.0129977880708112,0.18335541171425268,2.453869018136079,000079.npy,"(256, 256)","(128, 128)",2.0
29.627770500993496,0.03449346963316455,1.0219646020743876,0.23709641515161972,8.66058230745607,000080.npy,"(256, 256)","(128, 128)",2.0
16.540633685281342,0.06150677808298809,1.017361085432597,0.2888036427858901,10.753945359570654,000081.npy,"(256, 256)","(128, 128)",2.0
15.545810683856164,0.06522570714721566,1.0139864950312587,0.2892942224582102,8.66220329312118,000082.npy,"(256, 256)","(128, 128)",2.0
15.185684325511573,0.06653058818595194,1.0103125101824757,0.29191555507324024,9.40403657360405,000083.npy,"(256, 256)","(128, 128)",2.0
17.537337772945552,0.0596670158506762,1.0464006108770048,0.27660704569299766,6.292395319593551,000084.npy,"(256, 256)","(128, 128)",2.0
15.569344622513926,0.0677158853194951,1.0542919549578507,0.31578693540496466,8.15178749026463,000085.npy,"(256, 256)","(128, 128)",2.0
12.218756602979834,0.0882833976535693,1.0787133480130442,0.36756853027148495,7.791107229230575,000086.npy,"(256, 256)","(128, 128)",2.0
15.550950927043786,0.06820733159047458,1.0606888664280736,0.3135386675413948,7.493034479256323,000087.npy,"(256, 256)","(128, 128)",2.0
69.73892619690034,0.014348974547596585,1.0006820769760396,0.1198979531638056,1.7724109168087447,000088.npy,"(256, 256)","(128, 128)",2.0
61.457873081046834,0.01635592072935627,1.0052001003084405,0.1284755202946937,2.006527695538307,000089.npy,"(256, 256)","(128, 128)",2.0
93.7808233412,0.010699886548242141,1.0034441701515786,0.10385528149876884,1.8462896482371578,000090.npy,"(256, 256)","(128, 128)",2.0
85.67722696971282,0.011694640617177243,1.001964378487117,0.10842407770256744,1.805115249174572,000091.npy,"(256, 256)","(128, 128)",2.0
33.03592950713387,0.03092128995525523,1.0215135552314585,0.18543719403535783,3.98867728142835,000092.npy,"(256, 256)","(128, 128)",2.0
42.88508579387253,0.023451794303450152,1.0057322107237108,0.1550751396206978,2.1420159130928074,000093.npy,"(256, 256)","(128, 128)",2.0
37.576816402099006,0.026767807153201557,1.0058489748826474,0.1663280966290393,2.975175797017765,000094.npy,"(256, 256)","(128, 128)",2.0
44.51862150689884,0.022612288066492264,1.0066678938371345,0.15291774735496008,2.4055118858491293,000095.npy,"(256, 256)","(128, 128)",2.0
15.90114622679477,0.0660476965496311,1.0502340807786523,0.3209499454626223,12.355398691947517,000096.npy,"(256, 256)","(128, 128)",2.0
38.69112209657675,0.026253605051318032,1.0157814385158501,0.1699300065886669,3.3587530034057465,000097.npy,"(256, 256)","(128, 128)",2.0
40.46470747568121,0.02503711291942027,1.0131194503199399,0.1645030362275171,2.8248750403453045,000098.npy,"(256, 256)","(128, 128)",2.0
38.14915613204356,0.026547082563021133,1.0127487975469442,0.16995166537104442,3.3499025545926093,000099.npy,"(256, 256)","(128, 128)",2.0
42.71773797898199,0.023652737864332207,1.0103914585740892,0.16797710560819754,6.357044197087908,000100.npy,"(256, 256)","(128, 128)",2.0
100.36391214282743,0.009970730516247072,1.0007015215324295,0.10005550882234707,1.7071086132647575,000101.npy,"(256, 256)","(128, 128)",2.0
69.46998445602918,0.01442298640935477,1.001964641667396,0.1202868699924284,1.855038805268014,000102.npy,"(256, 256)","(128, 128)",2.0
77.99447462559083,0.012836350960735269,1.0011644492922454,0.11346939646238643,1.9187024972367146,000103.npy,"(256, 256)","(128, 128)",2.0
47.72800660492749,0.02112200735807472,1.0081113066955172,0.1521047206537101,4.248051170707486,000104.npy,"(256, 256)","(128, 128)",2.0
103.196579658651,0.009734423771661917,1.004559238183375,0.09877803531473382,1.6168843886760256,000105.npy,"(256, 256)","(128, 128)",2.0
78.12389523513401,0.012848686064739224,1.0037894040308135,0.11309991978613357,1.5897307599112784,000106.npy,"(256, 256)","(128, 128)",2.0
86.33174755177969,0.011628431081282291,1.0039027765325312,0.10823232266676854,1.6234210940027347,000107.npy,"(256, 256)","(128, 128)",2.0
6.099231805924548,0.18525402107834776,1.1299072175364753,0.5950329660399727,9.387476919148874,000108.npy,"(256, 256)","(128, 128)",2.0
10.451041430224288,0.10343430249881454,1.0809961807214623,0.40871857321759947,14.439543919693742,000109.npy,"(256, 256)","(128, 128)",2.0
10.753192355884268,0.09949381194315074,1.0698760980448754,0.3790464178513651,9.077204747406636,000110.npy,"(256, 256)","(128, 128)",2.0
10.579926388776713,0.10094735823372568,1.0680156192542904,0.3776290794883434,7.915966718931812,000111.npy,"(256, 256)","(128, 128)",2.0
30.241608276102305,0.03392062871624194,1.0258143661156958,0.20867885747123885,6.628670683346306,000112.npy,"(256, 256)","(128, 128)",2.0
63.19844729928712,0.015886939396581836,1.0040299022018455,0.1271869713473434,2.4952937292170057,000113.npy,"(256, 256)","(128, 128)",2.0
52.99936144306261,0.018953802162274817,1.0045394115187047,0.1387575534807491,2.257098285102035,000114.npy,"(256, 256)","(128, 128)",2.0
87.17256033270715,0.011517877473854535,1.004042868994313,0.1163658339979969,6.650037154877452,000115.npy,"(256, 256)","(128, 128)",2.0
49.90102144943021,0.0203592597074479,1.0159478553558778,0.15420863230476317,3.6322560141649496,000116.npy,"(256, 256)","(128, 128)",2.0
48.005556517653844,0.021101346368164124,1.0129818756754925,0.14981955355387008,3.84494593764004,000117.npy,"(256, 256)","(128, 128)",2.0
52.92825749389502,0.019126167049392864,1.0123146944615158,0.14197996190833925,3.04152318608149,000118.npy,"(256, 256)","(128, 128)",2.0
49.32267747395092,0.020548410636609865,1.0135026304318109,0.1469092193187311,3.0062610468327655,000119.npy,"(256, 256)","(128, 128)",2.0
50.10687340524335,0.020170636034095774,1.0106875062636766,0.16720550310862045,6.5406003832249535,000120.npy,"(256, 256)","(128, 128)",2.0
48.74464836926668,0.020874542519070026,1.0175222349613746,0.16186842672745075,3.785889762182679,000121.npy,"(256, 256)","(128, 128)",2.0
36.885575308279584,0.02754881742198719,1.0161539796727532,0.18194638361072724,3.7180330329802476,000122.npy,"(256, 256)","(128, 128)",2.0
35.48998161616116,0.028666343350204317,1.0173679985013149,0.1886026596047794,4.471260647931835,000123.npy,"(256, 256)","(128, 128)",2.0
18.258505877162776,0.05748924795361214,1.0496677716346954,0.30853186229872065,9.404031844769518,000124.npy,"(256, 256)","(128, 128)",2.0
37.836993389256904,0.026964662031675732,1.0202617390360613,0.17875937471385872,4.330024599650455,000125.npy,"(256, 256)","(128, 128)",2.0
40.68685986332134,0.025071197634252973,1.0200683047504842,0.17447773559028532,3.795655081997647,000126.npy,"(256, 256)","(128, 128)",2.0
37.68849973963246,0.02710852829834242,1.0216797617138975,0.18070548135387943,3.999748313307619,000127.npy,"(256, 256)","(128, 128)",2.0
66.30903935581651,0.015120814919210118,1.0026467115699211,0.123418625530634,2.145078157506344,000128.npy,"(256, 256)","(128, 128)",2.0
29.54308675921402,0.035014653610192,1.0344409494497286,0.20444784407441985,4.387401596496081,000129.npy,"(256, 256)","(128, 128)",2.0
31.222714674236098,0.033155546291731536,1.0352061617351604,0.19973104211593237,3.859573995253335,000130.npy,"(256, 256)","(128, 128)",2.0
32.571145639251675,0.03173437345039387,1.0336248994231805,0.19556397351391003,4.863503774039117,000131.npy,"(256, 256)","(128, 128)",2.0
77.47593657911288,0.0129283775239325,1.0016381571150228,0.12309339614732558,9.243204659322657,000132.npy,"(256, 256)","(128, 128)",2.0
43.29038226352478,0.023420822959546346,1.0138963788450992,0.15968678996656907,4.458927377603228,000133.npy,"(256, 256)","(128, 128)",2.0
31.369443376151047,0.0325467611388967,1.0209737806237333,0.2352035559720663,10.78635889610622,000134.npy,"(256, 256)","(128, 128)",2.0
37.15721137444835,0.027334489624812434,1.015673408801821,0.17212869184006843,3.4911776668597234,000135.npy,"(256, 256)","(128, 128)",2.0
36.69677482400604,0.027769001228332292,1.0190327851636574,0.18026442969603718,3.6664547094043383,000136.npy,"(256, 256)","(128, 128)",2.0
11.114382557151744,0.09119669374217179,1.0135949421979038,0.32039945200500364,4.961054831772062,000137.npy,"(256, 256)","(128, 128)",2.0
10.832758499193627,0.09344024471545682,1.0122156051080973,0.32255939090610924,6.743097690267254,000138.npy,"(256, 256)","(128, 128)",2.0
9.932581009188254,0.10196357695418051,1.0127614880839986,0.3374071167982481,5.261825145261662,000139.npy,"(256, 256)","(128, 128)",2.0
15.764303419902621,0.06637318348577317,1.0463270034145982,0.3347893095339726,7.525981264545853,000140.npy,"(256, 256)","(128, 128)",2.0
18.890812624124134,0.05568498529961133,1.0519346232720646,0.3052695677400883,7.268548186137117,000141.npy,"(256, 256)","(128, 128)",2.0
19.055814129350058,0.0550953634285883,1.0498870048841693,0.30864326581059626,7.008461232685735,000142.npy,"(256, 256)","(128, 128)",2.0
17.405810136939447,0.06059559850673556,1.0547154827424505,0.3185866495285422,7.92270634107943,000143.npy,"(256, 256)","(128, 128)",2.0
49.39332948898971,0.020516848187122527,1.013395442582124,0.15323080754542634,4.479455613614573,000144.npy,"(256, 256)","(128, 128)",2.0
60.66074370144727,0.016538611387069257,1.0032444665288454,0.13091032471039843,2.720134488609202,000145.npy,"(256, 256)","(128, 128)",2.0
45.65267722402662,0.022040981318692345,1.006229805843062,0.1511182242313334,3.29405752195456,000146.npy,"(256, 256)","(128, 128)",2.0
58.97364236035432,0.017043379974062658,1.005110195201996,0.13227681338264446,2.511788025033323,000147.npy,"(256, 256)","(128, 128)",2.0
36.61196530117311,0.027751266130055942,1.0160283926172287,0.17708144958036598,4.814629556497121,000148.npy,"(256, 256)","(128, 128)",2.0
61.38958006124906,0.01640369002132633,1.0070156418641252,0.13036145157295964,2.8455685457413065,000149.npy,"(256, 256)","(128, 128)",2.0
44.44236607621441,0.02261115473900774,1.0048932163169122,0.15202587982188304,2.643237784654133,000150.npy,"(256, 256)","(128, 128)",2.0
47.27933834894196,0.021296871402605475,1.0069019888176904,0.14875421730803293,3.7487386522027597,000151.npy,"(256, 256)","(128, 128)",2.0
17.946759516741626,0.05798401271343126,1.04062513198364,0.2744118527552587,7.033979870355519,000152.npy,"(256, 256)","(128, 128)",2.0
55.072445932877734,0.018249568588903683,1.0050483794107419,0.13717484867512406,2.382639903433439,000153.npy,"(256, 256)","(128, 128)",2.0
68.30114360680545,0.014657747372416681,1.001140908235707,0.12130473085717279,1.6956676950231144,000154.npy,"(256, 256)","(128, 128)",2.0
43.09878438403716,0.023302520044091835,1.004310286985018,0.1543554227890167,2.527978161126154,000155.npy,"(256, 256)","(128, 128)",2.0
13.01658176989837,0.08154530035419617,1.061441070011317,0.34726459331324816,7.030259871456237,000156.npy,"(256, 256)","(128, 128)",2.0
33.80224933214572,0.029942373290803147,1.0121195675719086,0.19723379653415346,5.642793990147352,000157.npy,"(256, 256)","(128, 128)",2.0
36.731883423552496,0.02751993843588066,1.01085917045011,0.19206188591740916,6.026430755639338,000158.npy,"(256, 256)","(128, 128)",2.0
42.144418527905316,0.023962488264525253,1.0098851343901718,0.18374458861106685,10.104441556520166,000159.npy,"(256, 256)","(128, 128)",2.0
74.35740769920478,0.01355111854187098,1.0076260461981539,0.11966308845160056,2.2302609482931346,000160.npy,"(256, 256)","(128, 128)",2.0
54.807297049378434,0.018414264585931678,1.009236069107007,0.13803010887277195,3.0341013630616422,000161.npy,"(256, 256)","(128, 128)",2.0
55.10782416120071,0.018366560306466415,1.0121411758148398,0.13827649065516112,3.037728768236282,000162.npy,"(256, 256)","(128, 128)",2.0
67.68719164337973,0.01491414851588479,1.0094968287925212,0.12462309609095612,2.6092963948135885,000163.npy,"(256, 256)","(128, 128)",2.0
62.70693638175568,0.016075530376801837,1.0080472606410937,0.1301053927451564,3.02500507789031,000164.npy,"(256, 256)","(128, 128)",2.0
80.37074826230635,0.01248352157656167,1.0033099700569077,0.11210089948744587,1.659598774434708,000165.npy,"(256, 256)","(128, 128)",2.0
66.06542399728625,0.01515633809144269,1.0013099022573815,0.1233326094405425,1.7405592173421665,000166.npy,"(256, 256)","(128, 128)",2.0
61.78879307822399,0.016248697521513058,1.0039874089474212,0.12781041589503328,1.7260260061972383,000167.npy,"(256, 256)","(128, 128)",2.0
34.984837473299116,0.02911286002675873,1.0185086764190607,0.1924088037555993,6.056179308332219,000168.npy,"(256, 256)","(128, 128)",2.0
83.66993130878528,0.011949684771875751,0.9998293040244817,0.1180187662200962,4.606991080125361,000169.npy,"(256, 256)","(128, 128)",2.0
78.6355090946533,0.012728082242348135,1.000879226925662,0.1149290909420493,4.5241168109718375,000170.npy,"(256, 256)","(128, 128)",2.0
65.32003851218988,0.015357978472425274,1.003183745288202,0.1264271499034568,3.402498637855056,000171.npy,"(256, 256)","(128, 128)",2.0
48.21042995470092,0.02092664468209765,1.0088825376331834,0.155437182470926,4.748939243460477,000172.npy,"(256, 256)","(128, 128)",2.0
26.324440969052564,0.038780375653975706,1.0208717096607667,0.20918015546748314,4.811805858036946,000173.npy,"(256, 256)","(128, 128)",2.0
29.490346435663163,0.034641674307675265,1.0215949764447554,0.1975617917707738,3.852250448668606,000174.npy,"(256, 256)","(128, 128)",2.0
24.98287222919425,0.040947188171922305,1.022978370243909,0.21518987554070404,4.471187188168303,000175.npy,"(256, 256)","(128, 128)",2.0
25.781942206420997,0.03994172901105281,1.0297753489874923,0.23380629774434936,6.144395166272965,000176.npy,"(256, 256)","(128, 128)",2.0
41.19680294103136,0.024465606249497066,1.0079047594933959,0.16023872829882874,3.93629325325906,000177.npy,"(256, 256)","(128, 128)",2.0
93.12194644081691,0.010752020916193662,1.0012491158883294,0.1037501759961889,1.615749744209524,000178.npy,"(256, 256)","(128, 128)",2.0
50.674512262659924,0.01992960174167632,1.0099228478485052,0.1454221223330103,3.266656206779369,000179.npy,"(256, 256)","(128, 128)",2.0
39.400292846447456,0.025042652720372677,0.9866878508345676,0.16503500076517935,5.384876556475505,000180.npy,"(256, 256)","(128, 128)",2.0
33.8756320538973,0.029963490099775083,1.0150321656705752,0.18428002267255336,3.8723619786059875,000181.npy,"(256, 256)","(128, 128)",2.0
33.201849050181366,0.030523119574396525,1.0134240086497495,0.19094486182877882,6.7221531152075675,000182.npy,"(256, 256)","(128, 128)",2.0
30.958283676060777,0.03275358632947346,1.0139948169961854,0.19447564494840713,4.535094938317797,000183.npy,"(256, 256)","(128, 128)",2.0
33.92988462271149,0.030018737663964328,1.0185323054577535,0.18128027675489736,3.503478729234447,000184.npy,"(256, 256)","(128, 128)",2.0
61.7536462894264,0.016237830476980776,1.002745239783139,0.12804368712450925,1.8615760726928106,000185.npy,"(256, 256)","(128, 128)",2.0
51.4710242103271,0.019434550231518577,1.0003162054833108,0.1401922294420033,2.0138228973869237,000186.npy,"(256, 256)","(128, 128)",2.0
47.14616890570602,0.021237406373729586,1.0012623480149727,0.1461946152401016,1.9130993227099027,000187.npy,"(256, 256)","(128, 128)",2.0
25.65708202553534,0.040038436906991666,1.0272694598969065,0.22012914877423528,6.010011497346203,000188.npy,"(256, 256)","(128, 128)",2.0
25.14716452446178,0.04109219222282982,1.03335211849831,0.23313889477564187,6.9285473101261,000189.npy,"(256, 256)","(128, 128)",2.0
26.25870483131236,0.03920673550842724,1.0295180951151242,0.22485191158551782,6.795532219363951,000190.npy,"(256, 256)","(128, 128)",2.0
25.338816142002358,0.040680189498637484,1.0307878423277903,0.23189533084648092,8.380431385075731,000191.npy,"(256, 256)","(128, 128)",2.0
72.36903779516945,0.013906347190140276,1.00638896539601,0.13066000217394916,6.034051130179291,000192.npy,"(256, 256)","(128, 128)",2.0
22.502856092076044,0.04630143106808835,1.041914440182371,0.24109848261309802,5.524504871348046,000193.npy,"(256, 256)","(128, 128)",2.0
25.841126184308553,0.040034129872149785,1.034527001705219,0.223984638065661,5.116584789402017,000194.npy,"(256, 256)","(128, 128)",2.0
27.467702250331392,0.03759422114435958,1.0326268727263817,0.22085487223721503,5.477939763480283,000195.npy,"(256, 256)","(128, 128)",2.0
49.722278951020726,0.020408448169487937,1.0147545528407276,0.15545488007938443,4.62278810049309,000196.npy,"(256, 256)","(128, 128)",2.0
97.4242790319928,0.010292142424239297,1.0027045553761,0.10234001470654946,2.300352977711383,000197.npy,"(256, 256)","(128, 128)",2.0
81.42204191057797,0.012307996378379503,1.0021421969556579,0.1115110658212021,2.2002605327715377,000198.npy,"(256, 256)","(128, 128)",2.0
68.9494971510182,0.014542696868616456,1.0027116363107917,0.12138539582047957,2.073742032938361,000199.npy,"(256, 256)","(128, 128)",2.0
50.56262394377041,0.019972842042882386,1.0098793013025893,0.14573039065681145,2.9275942975482145,000200.npy,"(256, 256)","(128, 128)",2.0
53.26783668605926,0.018778741697643778,1.00030294591978,0.13713433150869545,2.138510354195993,000201.npy,"(256, 256)","(128, 128)",2.0
62.86554098146935,0.015926659244873128,1.0012380494564694,0.12623898284625557,1.7796358027765724,000202.npy,"(256, 256)","(128, 128)",2.0
74.67701179768142,0.013366610681490693,0.9981785435566949,0.11524375500831477,1.8324475131690081,000203.npy,"(256, 256)","(128, 128)",2.0
25.940821910153826,0.039443670443672675,1.023201230462111,0.2594166469519982,8.309217912189029,000204.npy,"(256, 256)","(128, 128)",2.0
14.56824770109495,0.07247696368282529,1.0558623595546617,0.3448641169521106,7.892456424919412,000205.npy,"(256, 256)","(128, 128)",2.0
12.004737716263993,0.08910589949870412,1.0696929524537222,0.3868303960254443,8.550888618229054,000206.npy,"(256, 256)","(128, 128)",2.0
12.896794966145826,0.0827000667989358,1.0665658051924387,0.37322936144044566,9.092619726408596,000207.npy,"(256, 256)","(128, 128)",2.0
75.0976434431994,0.013340634647750696,1.0018502240827738,0.11614446670662722,2.436526979797494,000208.npy,"(256, 256)","(128, 128)",2.0
55.11176362213547,0.018157653762059387,1.0007003220671957,0.13521573857756783,2.42147282072013,000209.npy,"(256, 256)","(128, 128)",2.0
59.03706205585108,0.016939140696392834,1.0000371004657362,0.13028505666877566,1.840664829427763,000210.npy,"(256, 256)","(128, 128)",2.0
67.03063089811302,0.014975170346136405,1.0037951161082368,0.12352287871264757,2.0865550098004815,000211.npy,"(256, 256)","(128, 128)",2.0
41.36089562435319,0.02448589071273633,1.0127583700388065,0.16343434455657954,3.74017742664842,000212.npy,"(256, 256)","(128, 128)",2.0
59.6110605681599,0.0167807379152245,1.000317584242865,0.1293158918973153,1.871574901737225,000213.npy,"(256, 256)","(128, 128)",2.0
109.69637043991966,0.009132614091053246,1.001814618417007,0.0957274729604395,1.66143911561592,000214.npy,"(256, 256)","(128, 128)",2.0
87.20857396189496,0.01145077046456652,0.9986053629798316,0.10681805885697138,1.8328833943821496,000215.npy,"(256, 256)","(128, 128)",2.0
34.0063277063494,0.030003724063466068,1.0203164729131085,0.18219301871596252,3.2692377961215104,000216.npy,"(256, 256)","(128, 128)",2.0
50.20130138949932,0.020170755905416088,1.0125981964618163,0.14624779647316624,3.2507243037836777,000217.npy,"(256, 256)","(128, 128)",2.0
47.2600159332621,0.021317779592066023,1.00747860318281,0.14980874270444164,3.171718416811139,000218.npy,"(256, 256)","(128, 128)",2.0
61.14090810463411,0.016535115415163247,1.010971972098015,0.13201646693609004,2.6871713777625623,000219.npy,"(256, 256)","(128, 128)",2.0
57.87786307979632,0.01731055287182997,1.00189780895135,0.1324405638288322,1.9885139718823122,000220.npy,"(256, 256)","(128, 128)",2.0
23.6313179819852,0.04352136852377327,1.028467298596448,0.24013541098124402,6.2415258499014445,000221.npy,"(256, 256)","(128, 128)",2.0
28.433407191146912,0.03602758744017081,1.0243870638010268,0.21739267059636402,7.095361823959862,000222.npy,"(256, 256)","(128, 128)",2.0
19.3239416455208,0.05390795417890088,1.0417141607824898,0.2834518798738311,8.568746146029028,000223.npy,"(256, 256)","(128, 128)",2.0
26.46849138922106,0.03870807556002575,1.0245443646538597,0.23036796832190354,6.376945307823843,000224.npy,"(256, 256)","(128, 128)",2.0
20.03151784368673,0.05160626527886291,1.0337518237795733,0.24544124042558013,4.072195278864698,000225.npy,"(256, 256)","(128, 128)",2.0
18.785432795046383,0.05523317576505591,1.0375791113914423,0.2591660171686847,4.660375054746928,000226.npy,"(256, 256)","(128, 128)",2.0
19.179186369527983,0.053843017625267706,1.0326652697327894,0.2510686647057276,4.7181809749194015,000227.npy,"(256, 256)","(128, 128)",2.0
4.874013566661377,0.23391170494463798,1.1400888233010587,0.6594731970424139,12.019335851611833,000228.npy,"(256, 256)","(128, 128)",2.0
23.281537195505663,0.044749941997576224,1.041847439113292,0.25988017129598373,10.296998375983245,000229.npy,"(256, 256)","(128, 128)",2.0
23.20921511668239,0.04468017475221791,1.0369917872751868,0.2554728645347976,9.958185231705837,000230.npy,"(256, 256)","(128, 128)",2.0
28.68224572560753,0.03588147798004547,1.0291613684216399,0.21026748908403026,5.672710095308436,000231.npy,"(256, 256)","(128, 128)",2.0
10.619201830863869,0.10226085742812654,1.0859286844264704,0.3977366549154805,8.097553945445734,000232.npy,"(256, 256)","(128, 128)",2.0
13.540811301388269,0.07881652803453339,1.067239733546195,0.3363086959744761,7.715046051383115,000233.npy,"(256, 256)","(128, 128)",2.0
14.980158071728379,0.07081402848762156,1.0608053404404474,0.3127318635007841,6.625028076323431,000234.npy,"(256, 256)","(128, 128)",2.0
13.827536985187415,0.07710709024971313,1.0662011422480921,0.33202467036105215,8.104344431654134,000235.npy,"(256, 256)","(128, 128)",2.0
50.30545121508275,0.020065672059182478,1.0094126868710531,0.14899583732528013,4.96399553855207,000236.npy,"(256, 256)","(128, 128)",2.0
45.85266429451775,0.022198935363045295,1.0178803308974145,0.15454170003086734,3.6041504259885553,000237.npy,"(256, 256)","(128, 128)",2.0
49.281909160483224,0.02051488505452537,1.0110127016948742,0.14706694583377275,2.903104409409751,000238.npy,"(256, 256)","(128, 128)",2.0
73.45916989831491,0.013725014540147828,1.0082281749615618,0.11986161853380016,2.4036086668551886,000239.npy,"(256, 256)","(128, 128)",2.0
19.409451448947888,0.05366024971858485,1.0415160116512923,0.2822344554616192,8.903319259062553,000240.npy,"(256, 256)","(128, 128)",2.0
80.70923114668496,0.012399135190343285,1.0007246680964117,0.11151117371302581,2.0182388290012154,000241.npy,"(256, 256)","(128, 128)",2.0
110.7306048744278,0.009035001506175408,1.0004511818201691,0.09557383285115927,2.4760515474978466,000242.npy,"(256, 256)","(128, 128)",2.0
115.85599010973269,0.008648787816348256,1.00201387571202,0.09322239680131279,1.944957571390927,000243.npy,"(256, 256)","(128, 128)",2.0
8.822342014113412,0.12357759036862967,1.0902437675120584,0.4338750360967407,8.697812955005599,000244.npy,"(256, 256)","(128, 128)",2.0
42.90016988325492,0.023544541287872135,1.010064821073024,0.1830688387108136,7.487217264009565,000245.npy,"(256, 256)","(128, 128)",2.0
32.02465242514663,0.031851997116570815,1.020049136704953,0.22069266613900426,6.264377977058103,000246.npy,"(256, 256)","(128, 128)",2.0
38.065853248776804,0.026689484971353143,1.0159580182049628,0.19805299547400299,5.675620848536139,000247.npy,"(256, 256)","(128, 128)",2.0
40.927993353275205,0.02482872486660618,1.0161898863107566,0.17339334479174665,4.324099203026922,000248.npy,"(256, 256)","(128, 128)",2.0
6.9849305815355125,0.155162388558013,1.083798512942961,0.46245462383215613,6.540582628102382,000249.npy,"(256, 256)","(128, 128)",2.0
7.173462284562711,0.15349281137614068,1.1010748933582435,0.45860888783027787,5.941230580242537,000250.npy,"(256, 256)","(128, 128)",2.0
7.096547939265187,0.15235500586690107,1.0811946029214923,0.4561095913177024,6.352241745202282,000251.npy,"(256, 256)","(128, 128)",2.0
87.01602338158972,0.01153867868728883,1.0040499344457758,0.11249920759380222,3.232501678794863,000252.npy,"(256, 256)","(128, 128)",2.0
76.40231479217424,0.013140902825597767,1.0039953943346924,0.12040385513502046,3.8741681811518207,000253.npy,"(256, 256)","(128, 128)",2.0
77.88696563030398,0.012893402772971517,1.0042280186360986,0.1163858135773808,2.9606685130826222,000254.npy,"(256, 256)","(128, 128)",2.0
89.35098326088206,0.011215327005185429,1.0021004955056418,0.1110386758347553,3.4895425753853515,000255.npy,"(256, 256)","(128, 128)",2.0
54.84300188206182,0.018454124050050907,1.0120795600087442,0.154352484504822,6.9447664537998355,000256.npy,"(256, 256)","(128, 128)",2.0
12.691358949278158,0.08441195639838774,1.0713024382627558,0.3816410292438973,10.66372512985259,000257.npy,"(256, 256)","(128, 128)",2.0
14.025703155927323,0.07624699994609896,1.0694177877739905,0.36454785244636034,10.387426443085708,000258.npy,"(256, 256)","(128, 128)",2.0
13.149623501990586,0.08166082340933521,1.0738090826952973,0.3774066580221472,9.62244494649789,000259.npy,"(256, 256)","(128, 128)",2.0
21.337544466718878,0.04862297595201498,1.0374949114803222,0.23723301000241145,4.489081207950168,000260.npy,"(256, 256)","(128, 128)",2.0
37.10616194407583,0.02751520343406793,1.020983594548716,0.17480810882418857,2.8423612526526596,000261.npy,"(256, 256)","(128, 128)",2.0
31.655768379626043,0.03234453322859595,1.0238910522315514,0.19075243296599892,4.103341712747183,000262.npy,"(256, 256)","(128, 128)",2.0
29.47265091371226,0.03476931493972561,1.0247438817274535,0.19670570851667482,3.2212901860177148,000263.npy,"(256, 256)","(128, 128)",2.0
20.820214215127372,0.050159331414603055,1.0443280249396034,0.25593580437320856,5.733922701210041,000264.npy,"(256, 256)","(128, 128)",2.0
76.75540461749847,0.013059424638659601,1.0023814222120464,0.11773742335021453,3.8260861610603434,000265.npy,"(256, 256)","(128, 128)",2.0
72.77084399947553,0.013807063810130507,1.0047516866178114,0.12096312306251389,4.000413747621528,000266.npy,"(256, 256)","(128, 128)",2.0
52.68921952569174,0.019094939821391953,1.0060974760791936,0.14084240952390528,3.194944550860666,000267.npy,"(256, 256)","(128, 128)",2.0
67.44616249136249,0.014832126395461286,1.0003700069607084,0.12189291669625515,2.5302831367014513,000268.npy,"(256, 256)","(128, 128)",2.0
16.20735122178247,0.0643773860605347,1.0433869066233687,0.29986272058589897,9.609306690613785,000269.npy,"(256, 256)","(128, 128)",2.0
18.757523408408243,0.05587469294006905,1.048070860760968,0.2845617445176144,8.59953417403152,000270.npy,"(256, 256)","(128, 128)",2.0
18.254110432339782,0.05716830648880786,1.0435565798765456,0.2850905667865196,7.206828872786822,000271.npy,"(256, 256)","(128, 128)",2.0
12.748017782425128,0.08343754904994917,1.063663359010721,0.41053055294876245,10.305224002537331,000272.npy,"(256, 256)","(128, 128)",2.0
30.239207675668272,0.033610441587995435,1.0163531232503116,0.19543012944994606,5.158066310190988,000273.npy,"(256, 256)","(128, 128)",2.0
26.031448547395915,0.03915775586273361,1.0193331069722407,0.21252131326020055,4.805323977375007,000274.npy,"(256, 256)","(128, 128)",2.0
34.360240225796666,0.029588012478611394,1.016651216568957,0.18362848225800885,4.27310844258896,000275.npy,"(256, 256)","(128, 128)",2.0
69.35699151724546,0.014451659349192063,1.002323614892035,0.11996258835138796,1.682719554691231,000276.npy,"(256, 256)","(128, 128)",2.0
90.72964640243005,0.01105407309504979,1.002932143220483,0.10562551291853652,1.7947469291705014,000277.npy,"(256, 256)","(128, 128)",2.0
63.802908860713295,0.015710868523811247,1.0023991125473781,0.12573132565280626,1.8710628236051428,000278.npy,"(256, 256)","(128, 128)",2.0
53.22355775899537,0.01889865698428549,1.00585376157056,0.13795909514374716,1.8651429781470525,000279.npy,"(256, 256)","(128, 128)",2.0
22.86769749625384,0.04533726552859242,1.0367588734151885,0.26828387039545726,8.237487687543307,000280.npy,"(256, 256)","(128, 128)",2.0
34.82827962247263,0.029341856035171886,1.0219263666353025,0.20707654937669764,8.615584963786775,000281.npy,"(256, 256)","(128, 128)",2.0
35.41416309226835,0.028742022829645872,1.0178746840907793,0.20248830371594828,8.875254346576444,000282.npy,"(256, 256)","(128, 128)",2.0
37.19741299662884,0.02740337693052217,1.0193347291869244,0.1931356170837327,6.26284668238502,000283.npy,"(256, 256)","(128, 128)",2.0
27.96387048659546,0.036758208991137735,1.0279017955473844,0.21596413355343222,6.985718530580473,000284.npy,"(256, 256)","(128, 128)",2.0
48.35030228401933,0.02087686026523526,1.0094025045653567,0.14716223818200586,2.2752808679950762,000285.npy,"(256, 256)","(128, 128)",2.0
44.54174694317492,0.022661954573823497,1.0094030458649716,0.15334969193704776,2.9583906081969444,000286.npy,"(256, 256)","(128, 128)",2.0
38.58841476727796,0.026269983604564145,1.013717023262513,0.16527007470881502,2.8930147967090165,000287.npy,"(256, 256)","(128, 128)",2.0
54.699732331105544,0.018413041407072193,1.007188436368412,0.13810555673143243,2.9391369374995038,000288.npy,"(256, 256)","(128, 128)",2.0
39.76471314694453,0.025600466728837448,1.0179952159001184,0.1672228524800802,4.497721227540642,000289.npy,"(256, 256)","(128, 128)",2.0
16.72876962950335,0.06292965302250536,1.0527356682780715,0.278518611631456,5.41716486297278,000290.npy,"(256, 256)","(128, 128)",2.0
19.405213397460887,0.05384627370858903,1.0448984319732577,0.25282320078925613,4.687619324890394,000291.npy,"(256, 256)","(128, 128)",2.0
33.794569539224014,0.030113245559079852,1.0176641710980527,0.19715418166443308,4.855602668306938,000292.npy,"(256, 256)","(128, 128)",2.0
38.79879978873829,0.026182834990121057,1.0158625726832784,0.17369199258066595,4.427617744054376,000293.npy,"(256, 256)","(128, 128)",2.0
31.928976169632094,0.031801499155104405,1.0153893086819037,0.18946807822574574,3.7465934437785973,000294.npy,"(256, 256)","(128, 128)",2.0
30.882481881426994,0.032827379225093316,1.0137909441336772,0.1925486022330168,4.11878259728301,000295.npy,"(256, 256)","(128, 128)",2.0
22.060465258663477,0.047135759078844895,1.0398367755995894,0.2570437623238949,7.085296414902356,000296.npy,"(256, 256)","(128, 128)",2.0
32.80417509268276,0.030959904648336645,1.0156141329367983,0.21086889316308793,12.103355243281918,000297.npy,"(256, 256)","(128, 128)",2.0
33.42328733988373,0.0303692512540986,1.0150402109628618,0.20879043036435696,14.725734550311744,000298.npy,"(256, 256)","(128, 128)",2.0
44.374493129451984,0.022837597424397733,1.0134068100021276,0.1836250367078839,10.025459354736554,000299.npy,"(256, 256)","(128, 128)",2.0
5.759531637876174,0.15354617903562615,0.884354076030688,0.37657803944172247,6.35786725471117,000300.npy,"(256, 256)","(128, 128)",2.0
36.60936632476175,0.02773509538455618,1.0153642669854261,0.19069309531015421,5.1348816470565675,000301.npy,"(256, 256)","(128, 128)",2.0
44.962726773672735,0.02248529381002971,1.0110001220061207,0.16950298371772274,4.772894989441466,000302.npy,"(256, 256)","(128, 128)",2.0
38.097666759457894,0.02655976034742413,1.011864898927228,0.18247814235461354,5.629932051494956,000303.npy,"(256, 256)","(128, 128)",2.0
44.452080673643216,0.022861120707291963,1.0162243819704377,0.16282501318942605,5.649485024402125,000304.npy,"(256, 256)","(128, 128)",2.0
62.06220391613302,0.01617736322077873,1.00400281503332,0.1299253345354718,3.2509971081773688,000305.npy,"(256, 256)","(128, 128)",2.0
57.36170115449385,0.017536454793185767,1.0059208791560132,0.13566591456525764,3.5137260900413296,000306.npy,"(256, 256)","(128, 128)",2.0
77.2802173681792,0.013003238740075175,1.004893116323338,0.11786281615147504,3.16814469047609,000307.npy,"(256, 256)","(128, 128)",2.0
78.07051811222391,0.012825730705305823,1.0013114413310846,0.11352822938079479,1.7106408494099394,000308.npy,"(256, 256)","(128, 128)",2.0
59.090850869864326,0.01703378509205865,1.0065408546241559,0.1319714117842661,2.674377723205183,000309.npy,"(256, 256)","(128, 128)",2.0
79.74746588174902,0.01261747713426391,1.0062118272784595,0.11378233118848645,2.7686674942301543,000310.npy,"(256, 256)","(128, 128)",2.0
65.20572548757895,0.015442014113543744,1.0069077332630532,0.12580966660248027,3.615470424878276,000311.npy,"(256, 256)","(128, 128)",2.0
16.33993349168677,0.0648320252494193,1.0593509807068688,0.2963344241083552,5.767716126044548,000312.npy,"(256, 256)","(128, 128)",2.0
67.8735488994644,0.014690242695471959,0.9970789059361157,0.12094912714105821,1.8584812253825096,000313.npy,"(256, 256)","(128, 128)",2.0
102.51049082586977,0.009766344893636784,1.0011528086214336,0.09889660044776694,1.7892103970949487,000314.npy,"(256, 256)","(128, 128)",2.0
74.48826158103203,0.013421362842962982,0.9997339862205703,0.11595573394312404,1.7702206818136443,000315.npy,"(256, 256)","(128, 128)",2.0
61.11827099436094,0.016416634568566773,1.0033563203770577,0.13297336607133944,6.016921750554219,000316.npy,"(256, 256)","(128, 128)",2.0
36.136789519379256,0.02792528333773518,1.0091300862447647,0.18572274645731024,6.272749707105313,000317.npy,"(256, 256)","(128, 128)",2.0
27.842809288481764,0.03653662258366708,1.0172822146422782,0.22314823528270167,7.150283572970408,000318.npy,"(256, 256)","(128, 128)",2.0
31.231835700475045,0.03264618574202146,1.0196003093420052,0.21676495787164357,8.418379286783901,000319.npy,"(256, 256)","(128, 128)",2.0
31.02806745960164,0.03301953980344826,1.024532508506394,0.19956712972306118,5.001597185459827,000320.npy,"(256, 256)","(128, 128)",2.0
45.926443674783904,0.02211106035818353,1.015482368129863,0.15669100355664847,3.6136869233210565,000321.npy,"(256, 256)","(128, 128)",2.0
41.869490431779454,0.02431758817994765,1.0181650256242714,0.16554879452032528,3.7318305891293577,000322.npy,"(256, 256)","(128, 128)",2.0
39.36334102945086,0.025849820462081532,1.0175352983989923,0.16950166764483363,3.5885817916207303,000323.npy,"(256, 256)","(128, 128)",2.0
31.48952804562797,0.032640207351872674,1.0278247248219068,0.20383367867745503,6.317942135667272,000324.npy,"(256, 256)","(128, 128)",2.0
28.776417901271888,0.03484687402245776,1.0027682094232198,0.2049478353086288,5.684194338137712,000325.npy,"(256, 256)","(128, 128)",2.0
24.322656609524387,0.04128342751815299,1.0041226311882248,0.22156578412137495,4.08268495822848,000326.npy,"(256, 256)","(128, 128)",2.0
23.538882592296993,0.04268335077405078,1.0047183825162103,0.22617421572843682,5.223119121525491,000327.npy,"(256, 256)","(128, 128)",2.0
60.50211915364321,0.016551375584551622,1.0013932977732432,0.12930574491309263,2.1878418666608703,000328.npy,"(256, 256)","(128, 128)",2.0
42.40357571427255,0.02409167927145275,1.0215733460710172,0.16009374700773946,2.3131933190519156,000329.npy,"(256, 256)","(128, 128)",2.0
44.7367169407013,0.022792854487421146,1.0196774794743533,0.15545106404308628,2.373573727610809,000330.npy,"(256, 256)","(128, 128)",2.0
41.99692343166295,0.024298407484134057,1.020458358622524,0.16048009534562166,2.2078848327330167,000331.npy,"(256, 256)","(128, 128)",2.0
57.42312529386734,0.017479808221603114,1.0037452176218882,0.13277046165453177,1.921094592677583,000332.npy,"(256, 256)","(128, 128)",2.0
26.83866105811829,0.03810684942015437,1.0227368155802745,0.212764419446657,4.692105851784811,000333.npy,"(256, 256)","(128, 128)",2.0
31.45753617762731,0.032542778148733,1.023715620934268,0.19977140891622874,5.041631914870785,000334.npy,"(256, 256)","(128, 128)",2.0
28.39444922527425,0.03593796161730806,1.0204386264025087,0.20813358523758496,6.727969308800768,000335.npy,"(256, 256)","(128, 128)",2.0
86.9787372092067,0.01158734923935401,1.0078530044410736,0.1087429561576448,1.8691837492945047,000336.npy,"(256, 256)","(128, 128)",2.0
63.949135110277,0.015677947152653096,1.0025911607167954,0.12547592151454084,1.8902249077400803,000337.npy,"(256, 256)","(128, 128)",2.0
66.61066776742473,0.015029505720302969,1.0011254122437105,0.12262314453026782,1.7239073252810169,000338.npy,"(256, 256)","(128, 128)",2.0
67.87896614390101,0.01477329530476772,1.0027960118261798,0.12204838725398806,1.8071398204854021,000339.npy,"(256, 256)","(128, 128)",2.0
62.75156426325126,0.016008672459066068,1.004569238584425,0.13230560237669917,4.3917465046597846,000340.npy,"(256, 256)","(128, 128)",2.0
103.9551222433667,0.009653176692777658,1.0034971631345198,0.09883845366014239,1.8757519414922361,000341.npy,"(256, 256)","(128, 128)",2.0
77.47143702459765,0.012933799154607952,1.0020000066950043,0.11417015108729016,1.9174966494144852,000342.npy,"(256, 256)","(128, 128)",2.0
65.60011859878742,0.015282866169830102,1.0025578332702507,0.12422057968532506,2.0132064194270094,000343.npy,"(256, 256)","(128, 128)",2.0
44.47655313059162,0.022723349177113692,1.0106562469808824,0.16128125403349874,4.549568726791577,000344.npy,"(256, 256)","(128, 128)",2.0
57.14983603376758,0.017596452505510004,1.0056343754658754,0.13386583666059762,2.0852802219837043,000345.npy,"(256, 256)","(128, 128)",2.0
65.59063871670762,0.015308951580158913,1.0041239122257735,0.12651398275604175,3.8230426408298435,000346.npy,"(256, 256)","(128, 128)",2.0
56.97859050435721,0.01768661829942104,1.0077585814895822,0.13618542909991857,3.9036275024857425,000347.npy,"(256, 256)","(128, 128)",2.0
30.995887302634884,0.03240898779001735,1.0045453331318477,0.18991277159883518,4.8307762314417495,000348.npy,"(256, 256)","(128, 128)",2.0
17.095793889713356,0.06029865430837244,1.0308533658830115,0.2686663081494895,5.266693470248839,000349.npy,"(256, 256)","(128, 128)",2.0
18.35134578816233,0.0564316232388438,1.0355962314433196,0.26205358449892996,4.987135381568642,000350.npy,"(256, 256)","(128, 128)",2.0
17.267220125798065,0.06017310765043204,1.0390222954533537,0.27100377049624846,4.8554250943912205,000351.npy,"(256, 256)","(128, 128)",2.0
1.918677680876293,0.7534402069730344,1.4456089089939759,1.4463329848958868,17.468596224901912,000352.npy,"(256, 256)","(128, 128)",2.0
2.6294400651445806,0.47178029799847016,1.240518017503027,0.9445427634767182,11.57627744793683,000353.npy,"(256, 256)","(128, 128)",2.0
2.4126622529886586,0.5351981017651587,1.291252257999981,1.0523524795240657,10.885052123531125,000354.npy,"(256, 256)","(128, 128)",2.0
2.397365882463005,0.5443716157589122,1.3050579390016765,1.0730243180832577,12.780850805002228,000355.npy,"(256, 256)","(128, 128)",2.0
24.11663490562877,0.042523190689685034,1.0255162648855665,0.24420964232392647,5.400701762984377,000356.npy,"(256, 256)","(128, 128)",2.0
43.80718538155837,0.023225202236925323,1.0174307399171718,0.16340190992988232,4.28925862740614,000357.npy,"(256, 256)","(128, 128)",2.0
29.727174989839092,0.03444856884676341,1.0240586342572553,0.20646880616762936,5.8872540467972225,000358.npy,"(256, 256)","(128, 128)",2.0
37.75495548896425,0.027018401974930745,1.020078563946454,0.18252467197375213,7.126167261234493,000359.npy,"(256, 256)","(128, 128)",2.0
28.284964208151575,0.03642750448126338,1.0303506604448158,0.23370862996207933,6.540296206497497,000360.npy,"(256, 256)","(128, 128)",2.0
58.29605578750742,0.017259209441185495,1.0061438364316244,0.13935908617087558,5.454098470994961,000361.npy,"(256, 256)","(128, 128)",2.0
46.15217946226903,0.02184634865078838,1.0082566035264842,0.1561257509151912,5.043118904077631,000362.npy,"(256, 256)","(128, 128)",2.0
34.11555518382323,0.029777066331684653,1.0158611496509526,0.1856700061226992,4.4660877007947954,000363.npy,"(256, 256)","(128, 128)",2.0
41.7870604805731,0.024193886843333807,1.0109914127825317,0.20287579433673347,9.516418190582392,000364.npy,"(256, 256)","(128, 128)",2.0
23.41437797494008,0.04307378204446963,1.0085458135993992,0.22926335957933947,7.327482431678283,000365.npy,"(256, 256)","(128, 128)",2.0
23.43314505366554,0.042956003516439356,1.0065942613264904,0.2238893596455358,6.7295359089935785,000366.npy,"(256, 256)","(128, 128)",2.0
23.317514998008086,0.043205367300177995,1.0074418000163485,0.22936389390929562,7.872526712571368,000367.npy,"(256, 256)","(128, 128)",2.0
83.3228778582384,0.012077926424192406,1.006367588223774,0.11069008833468968,1.9084337559751356,000368.npy,"(256, 256)","(128, 128)",2.0
57.73299189859408,0.017508238887992314,1.01080301387911,0.13707808152100984,3.6070808064666426,000369.npy,"(256, 256)","(128, 128)",2.0
41.0816312354948,0.02477287401533204,1.0177100749412422,0.1656531059052612,4.1458635255818495,000370.npy,"(256, 256)","(128, 128)",2.0
45.29675360365516,0.022373545549262318,1.0134489799850908,0.15535308435290568,3.257545160736924,000371.npy,"(256, 256)","(128, 128)",2.0
63.167931132878586,0.01588481560135298,1.0034109379647405,0.12755812598215668,2.5100237526010907,000372.npy,"(256, 256)","(128, 128)",2.0
17.429961344333016,0.06003950350895251,1.0464862252939888,0.27889976938413236,5.115727466653668,000373.npy,"(256, 256)","(128, 128)",2.0
16.37316788105309,0.06397003976821172,1.0473922004825729,0.2906289471084951,5.949702951891369,000374.npy,"(256, 256)","(128, 128)",2.0
15.056472390503433,0.06964341246073072,1.0485841168954348,0.29928414298354633,5.582908248815098,000375.npy,"(256, 256)","(128, 128)",2.0
27.369655632567255,0.0372640390554195,1.0199039164253685,0.22088241523659954,6.626793215097747,000376.npy,"(256, 256)","(128, 128)",2.0
24.949482373524813,0.04138659677000459,1.0325741666134085,0.23598771577946925,6.737996470065451,000377.npy,"(256, 256)","(128, 128)",2.0
25.0229697406177,0.0413125498202214,1.0337626840591614,0.22981754886786826,6.1412942041861225,000378.npy,"(256, 256)","(128, 128)",2.0
25.13944150565143,0.04089806875244837,1.0281546070962864,0.23154591513079198,6.135717953660846,000379.npy,"(256, 256)","(128, 128)",2.0
32.03925620082659,0.03176915181329504,1.0178599942291144,0.19879762892631425,6.133035672427463,000380.npy,"(256, 256)","(128, 128)",2.0
43.09832239612679,0.023458948730254864,1.0110413354507333,0.15689557179477487,3.4958876062084707,000381.npy,"(256, 256)","(128, 128)",2.0
38.88620533081806,0.026094719909542586,1.014724636452659,0.166389829802267,3.371326023624874,000382.npy,"(256, 256)","(128, 128)",2.0
42.70826376986725,0.02367873244787065,1.0112775511197742,0.1585773508563489,4.342300326379968,000383.npy,"(256, 256)","(128, 128)",2.0
46.44773026972816,0.021610830242230466,1.0037740139960047,0.16073823077988494,5.786433866281182,000384.npy,"(256, 256)","(128, 128)",2.0
11.971692098960665,0.08723939502154728,1.0444031760975658,0.35442984299224234,7.692165742982945,000385.npy,"(256, 256)","(128, 128)",2.0
10.52150050932224,0.10008205811322912,1.0530134254123582,0.3821507205538453,7.836117008982861,000386.npy,"(256, 256)","(128, 128)",2.0
10.896897377076835,0.09638647012898068,1.0503134735341841,0.374723784815276,7.684999763432065,000387.npy,"(256, 256)","(128, 128)",2.0
45.12266186847671,0.022382782787429056,1.009970739392722,0.15649811296289853,5.582048850983117,000388.npy,"(256, 256)","(128, 128)",2.0
32.06376002997308,0.031533603052225,1.0110858811469692,0.18127989135355219,2.8554461391115127,000389.npy,"(256, 256)","(128, 128)",2.0
29.800055027131023,0.0338282375843431,1.0080833414842862,0.20325514760340915,5.8580060965621135,000390.npy,"(256, 256)","(128, 128)",2.0
45.13826256815917,0.022141980654902433,0.999450536580087,0.15065257749250552,2.4037922494643653,000391.npy,"(256, 256)","(128, 128)",2.0
61.01934470611532,0.016473473514285894,1.005200558875272,0.13022336633661183,2.4933081911909865,000392.npy,"(256, 256)","(128, 128)",2.0
90.55895588634635,0.011072615935149039,1.0027245380176175,0.10541260141685165,1.8319519813149086,000393.npy,"(256, 256)","(128, 128)",2.0
95.52426489815338,0.010485933316332496,1.0016610718137173,0.10264279395182947,1.751681755995408,000394.npy,"(256, 256)","(128, 128)",2.0
98.02850175642901,0.010202887061853677,1.00017373226357,0.10104143313290567,1.6839208564375987,000395.npy,"(256, 256)","(128, 128)",2.0
39.44334017672898,0.025899186547611603,1.0215504252980074,0.16924813936603794,3.2736575783387187,000396.npy,"(256, 256)","(128, 128)",2.0
59.68749097861274,0.016807665576238424,1.003207387453271,0.13077307714752415,3.4746236063568645,000397.npy,"(256, 256)","(128, 128)",2.0
48.15591154711254,0.020910235508654517,1.0069514515840587,0.14679019025128606,4.579404673784734,000398.npy,"(256, 256)","(128, 128)",2.0
44.435850931730215,0.022760548058482502,1.01138432065121,0.15576765269414258,5.207663657416007,000399.npy,"(256, 256)","(128, 128)",2.0
62.77930053297408,0.015993974790193204,1.00409055007035,0.1269609864599695,2.273277081537319,000400.npy,"(256, 256)","(128, 128)",2.0
102.3228962562548,0.009773614214065446,1.0000645132744759,0.09927930319730255,2.9577823768775127,000401.npy,"(256, 256)","(128, 128)",2.0
89.71400020446009,0.01116371766583039,1.0015417689548423,0.11316211741577492,5.874725023988331,000402.npy,"(256, 256)","(128, 128)",2.0
60.56401522706519,0.016547410267736658,1.0021776074236979,0.13463008332894885,7.830243832242803,000403.npy,"(256, 256)","(128, 128)",2.0
29.981966196477256,0.03422914825932459,1.0262571660452782,0.19798364328474172,4.548329724989901,000404.npy,"(256, 256)","(128, 128)",2.0
2.597860976275401,0.4815008819993418,1.2508723513882767,0.96111706525926,10.47687514219662,000405.npy,"(256, 256)","(128, 128)",2.0
2.683513036172056,0.4609013200324666,1.236834700696033,0.9275671078135508,10.388034012071998,000406.npy,"(256, 256)","(128, 128)",2.0
2.487355800395869,0.5153400387218893,1.2818340344911232,1.0271567475927652,10.27666832907201,000407.npy,"(256, 256)","(128, 128)",2.0
41.89269316102871,0.02425811672014779,1.0162378404215715,0.16651190193635734,4.928620399633776,000408.npy,"(256, 256)","(128, 128)",2.0
56.87572611140674,0.017577914389814348,0.9997566444448363,0.1324776074844507,2.3038144512736607,000409.npy,"(256, 256)","(128, 128)",2.0
59.6753679469879,0.016757268934755386,0.9999961894681577,0.12950292366113886,2.007473427971346,000410.npy,"(256, 256)","(128, 128)",2.0
64.83880363933406,0.015441830668666341,1.0012298265575035,0.12479565557440672,2.0643076070331223,000411.npy,"(256, 256)","(128, 128)",2.0
87.45849172436078,0.011453087870238113,1.0016697907175969,0.10829890517580407,2.551367093734032,000412.npy,"(256, 256)","(128, 128)",2.0
30.69491695999588,0.03319190956114996,1.0188229077231912,0.2009587401507179,6.015265505742025,000413.npy,"(256, 256)","(128, 128)",2.0
37.41176426471948,0.027251865352101983,1.0195403623267159,0.18425328331433113,5.555835759519629,000414.npy,"(256, 256)","(128, 128)",2.0
39.34535909910816,0.02591685717144072,1.0197080521306316,0.17890471206416272,5.427384209968615,000415.npy,"(256, 256)","(128, 128)",2.0
31.66014507090664,0.032074856475600266,1.0154946091460137,0.2014785395825309,6.133668450046277,000416.npy,"(256, 256)","(128, 128)",2.0
37.40333542497684,0.027071181075862805,1.0125524661307819,0.17134842001689018,3.2475293546000294,000417.npy,"(256, 256)","(128, 128)",2.0
31.11234507606062,0.03269757043909237,1.0172980946498407,0.1893857846595372,3.945249083786623,000418.npy,"(256, 256)","(128, 128)",2.0
34.37185721689457,0.029523616541298977,1.0147815322838751,0.1789950176367583,4.012527328306119,000419.npy,"(256, 256)","(128, 128)",2.0
81.59212442801848,0.012291424168709465,1.0028834101708963,0.122435662547334,7.256666841303454,000420.npy,"(256, 256)","(128, 128)",2.0
70.21994789999108,0.014281047282778155,1.0028143961539913,0.12219990066856203,3.097916395243522,000421.npy,"(256, 256)","(128, 128)",2.0
60.807620760647886,0.016505905499404953,1.0036848419189086,0.13038459630078109,3.166015387628428,000422.npy,"(256, 256)","(128, 128)",2.0
62.59349043967408,0.01598287046142443,1.0004236494257193,0.1281159029501993,2.7756544753976478,000423.npy,"(256, 256)","(128, 128)",2.0
46.348173414263336,0.02168794058967128,1.005196431448325,0.15493273684980868,4.2021877145314575,000424.npy,"(256, 256)","(128, 128)",2.0
20.720509220418588,0.04843498812630345,1.0035976180619355,0.22583065745947184,3.0096226902386007,000425.npy,"(256, 256)","(128, 128)",2.0
23.41752029294366,0.04295292324117284,1.0058509516414165,0.21050867202967025,2.6948621109172572,000426.npy,"(256, 256)","(128, 128)",2.0
25.43367401109965,0.0395881106068994,1.0068710998912358,0.20310252131125878,3.004563483743973,000427.npy,"(256, 256)","(128, 128)",2.0
30.012192416358612,0.0340146834084904,1.0208552234371346,0.19668376057809314,5.701279057283483,000428.npy,"(256, 256)","(128, 128)",2.0
16.513110480102885,0.06483937055417108,1.0706996894213567,0.31840098142813145,8.02480236541348,000429.npy,"(256, 256)","(128, 128)",2.0
15.370986775750014,0.06939661438663042,1.0666944420187192,0.3300368886471743,7.363970914664944,000430.npy,"(256, 256)","(128, 128)",2.0
17.341820335758875,0.06152381665158951,1.0669349747420354,0.30688313084951946,5.982727349663994,000431.npy,"(256, 256)","(128, 128)",2.0
39.73888845016645,0.025575560120066593,1.016344330661852,0.17204130355766672,5.280828669436425,000432.npy,"(256, 256)","(128, 128)",2.0
50.18335381436494,0.02014552771507443,1.0109701451026751,0.14445446009106652,2.442075545732964,000433.npy,"(256, 256)","(128, 128)",2.0
46.72135548049536,0.02157799504484848,1.0081531770467334,0.14876950917362944,2.4611139410327,000434.npy,"(256, 256)","(128, 128)",2.0
50.92849050806202,0.019828247557494634,1.0098227175233694,0.14381082575236753,3.2051221233356957,000435.npy,"(256, 256)","(128, 128)",2.0
61.672788986476675,0.016354077239621078,1.0086015546676916,0.12996659435395358,2.3139866202283907,000436.npy,"(256, 256)","(128, 128)",2.0
65.39563759056652,0.015364948083155892,1.0048005764439325,0.12452074290238359,1.8417844425355172,000437.npy,"(256, 256)","(128, 128)",2.0
67.33634538200812,0.014926912144031686,1.005123711617409,0.12274855109708042,1.9307216117285857,000438.npy,"(256, 256)","(128, 128)",2.0
69.91710059290565,0.01436808367508471,1.0045747516381833,0.12019440044107017,1.8894582722096256,000439.npy,"(256, 256)","(128, 128)",2.0
42.22703057498057,0.023800954914879578,1.0050436509043539,0.16283115718044047,4.135952638225792,000440.npy,"(256, 256)","(128, 128)",2.0
74.3304300229058,0.013531351758243538,1.0057911949814446,0.11877935182932245,2.5944455023788087,000441.npy,"(256, 256)","(128, 128)",2.0
76.60585368171596,0.013081878634874797,1.0021484805851848,0.11492833676650212,2.070142767688166,000442.npy,"(256, 256)","(128, 128)",2.0
61.512309446444604,0.016335869834999555,1.0048570803673327,0.1294381153713915,3.5245578831344555,000443.npy,"(256, 256)","(128, 128)",2.0
40.578188332873374,0.02508547210483736,1.0179230114891318,0.16516202623612314,3.850589065936479,000444.npy,"(256, 256)","(128, 128)",2.0
88.26254804057506,0.011379118247068058,1.0043499709412287,0.1073569289084074,2.0089836047851093,000445.npy,"(256, 256)","(128, 128)",2.0
71.4131909313106,0.014029364633839319,1.0018816952413436,0.11901297523687969,1.703393265699155,000446.npy,"(256, 256)","(128, 128)",2.0
98.19371195267888,0.010222769688318705,1.003811702133344,0.10177213712810164,1.8423219898401115,000447.npy,"(256, 256)","(128, 128)",2.0
27.081023567523694,0.03779051705685412,1.0234058830455726,0.20745288223394573,4.244314464562878,000448.npy,"(256, 256)","(128, 128)",2.0
57.24267578302618,0.01760142514407736,1.0075526728416253,0.13374904915102426,1.9563298447498008,000449.npy,"(256, 256)","(128, 128)",2.0
42.917976669401305,0.023411740883064355,1.0047845490094247,0.15398315970520576,1.9852661027101284,000450.npy,"(256, 256)","(128, 128)",2.0
45.51720115580815,0.02212646276634055,1.007134656602022,0.15012777814678455,2.0773155785831516,000451.npy,"(256, 256)","(128, 128)",2.0
76.82753076157172,0.013070849710130589,1.0042011081849387,0.11575755876538346,3.202425070727464,000452.npy,"(256, 256)","(128, 128)",2.0
71.11081077786834,0.014166523705996048,1.007392986637271,0.12369207746561894,3.3135749862767048,000453.npy,"(256, 256)","(128, 128)",2.0
65.14255661580704,0.01546103840661574,1.0071715697421328,0.12864537733410125,3.067596661572393,000454.npy,"(256, 256)","(128, 128)",2.0
74.44839667158867,0.01350049147177389,1.0050899443520225,0.1199702045375279,3.1408557955382066,000455.npy,"(256, 256)","(128, 128)",2.0
51.059893850531644,0.01980622384626987,1.0113036871704082,0.14730632815553185,3.3885476774209535,000456.npy,"(256, 256)","(128, 128)",2.0
20.466750323414065,0.05063525916886899,1.0363392069706043,0.27467409467828363,8.794965977243903,000457.npy,"(256, 256)","(128, 128)",2.0
21.6754415820516,0.04777150710189523,1.0354685114736932,0.2694800375232316,9.216530719889404,000458.npy,"(256, 256)","(128, 128)",2.0
23.07375174739097,0.04472680362803813,1.0320151633676575,0.2609608325564744,8.920273677222164,000459.npy,"(256, 256)","(128, 128)",2.0
55.81633275025101,0.018127122287249102,1.011789489389587,0.14034339181419409,3.161750089094824,000460.npy,"(256, 256)","(128, 128)",2.0
86.74598519828159,0.011522034161820823,0.9994902048554039,0.1071845401130256,1.6612236507629488,000461.npy,"(256, 256)","(128, 128)",2.0
72.90868654725472,0.013722756792582771,1.0005081735546277,0.11680706562802506,1.761086818765295,000462.npy,"(256, 256)","(128, 128)",2.0
101.31594008143217,0.009881384115787602,1.0011417209967524,0.09949528377883524,1.5934743704698302,000463.npy,"(256, 256)","(128, 128)",2.0
25.759280247459508,0.0397910039930024,1.024987623183529,0.21422564332465954,4.336727225195016,000464.npy,"(256, 256)","(128, 128)",2.0
44.5746135322264,0.02264934099514919,1.0095856216183872,0.15570312342113926,3.162294524282815,000465.npy,"(256, 256)","(128, 128)",2.0
40.57402127933008,0.02490803293498092,1.0106190583301704,0.1678269721487201,4.418718558326917,000466.npy,"(256, 256)","(128, 128)",2.0
35.39180656739212,0.028536688190503555,1.009964948512285,0.17822720779440684,4.097859210950433,000467.npy,"(256, 256)","(128, 128)",2.0
20.603454644467078,0.05002627589894456,1.0307141065155008,0.25521411454612203,4.684052018400417,000468.npy,"(256, 256)","(128, 128)",2.0
13.894225155443486,0.0760255862746847,1.0563166132750632,0.32016765053899415,9.277427666619705,000469.npy,"(256, 256)","(128, 128)",2.0
14.257188976967889,0.07408322170939743,1.0562184919334894,0.3180061676370417,8.860864769706525,000470.npy,"(256, 256)","(128, 128)",2.0
15.126985238012374,0.06969145843108773,1.054221662902617,0.31123275375893206,9.336468938271288,000471.npy,"(256, 256)","(128, 128)",2.0
30.294681879253552,0.03364949509974726,1.0194007494443444,0.21888890486990709,5.620713352839504,000472.npy,"(256, 256)","(128, 128)",2.0
84.31881804227476,0.011914980942491335,1.0046571100670982,0.11301132904952502,3.2841126179734506,000473.npy,"(256, 256)","(128, 128)",2.0
54.17291896450402,0.018505826638842527,1.002514646877176,0.13883339519546004,2.9574742983359994,000474.npy,"(256, 256)","(128, 128)",2.0
86.30973785390772,0.011640551044722803,1.0046929091450567,0.11119609880182485,2.7492497191282816,000475.npy,"(256, 256)","(128, 128)",2.0
23.34878140088461,0.04412632818874674,1.0302959909027403,0.247661141170174,6.279689514837701,000476.npy,"(256, 256)","(128, 128)",2.0
28.675390278553927,0.03555908941559136,1.0196707669420784,0.19967042590299247,4.283448065459408,000477.npy,"(256, 256)","(128, 128)",2.0
27.897341917057584,0.036469575066803595,1.017404205208418,0.2031729509482753,4.701194586140189,000478.npy,"(256, 256)","(128, 128)",2.0
26.07203440179161,0.0392001134682685,1.022026706898831,0.21160510181049053,4.728157239161874,000479.npy,"(256, 256)","(128, 128)",2.0
14.306100800342044,0.0737480907004349,1.0550476193931895,0.30312429112281897,5.258610617433299,000480.npy,"(256, 256)","(128, 128)",2.0
83.91405742317421,0.01195169406598435,1.0029151421572213,0.11011869596699136,2.0447415606170893,000481.npy,"(256, 256)","(128, 128)",2.0
86.29557563942505,0.011634857715076354,1.0040367440053197,0.10889854161418501,2.08730555112298,000482.npy,"(256, 256)","(128, 128)",2.0
67.90827733596612,0.014754546488100562,1.001955834880338,0.12216493572983764,2.249319730383261,000483.npy,"(256, 256)","(128, 128)",2.0
47.457422584231814,0.0213047418716685,1.0110681380517499,0.14885115787504982,2.5018405083325024,000484.npy,"(256, 256)","(128, 128)",2.0
60.09193640066977,0.016640561267876112,0.99996354938066,0.12921823416717343,2.0598085755712003,000485.npy,"(256, 256)","(128, 128)",2.0
109.7094563567384,0.009128948119264176,1.0015319352733423,0.09532016878895751,1.6214478138355541,000486.npy,"(256, 256)","(128, 128)",2.0
94.47519483435431,0.010600109375407646,1.001447398507103,0.10327301082320288,1.76447892659177,000487.npy,"(256, 256)","(128, 128)",2.0
15.509374517273631,0.06612582086507014,1.0255701210585197,0.29509718427784626,6.69274402141109,000488.npy,"(256, 256)","(128, 128)",2.0
47.264397840590505,0.021464014681370616,1.0144837291565763,0.15591784860265032,4.443789589428266,000489.npy,"(256, 256)","(128, 128)",2.0
41.32428753601462,0.024604083731957476,1.0167462306995905,0.16731393360683813,4.456529464354431,000490.npy,"(256, 256)","(128, 128)",2.0
48.47118423444781,0.020927833433706303,1.0143968699930148,0.15412107812060535,4.480215160171874,000491.npy,"(256, 256)","(128, 128)",2.0
21.581089944720716,0.04839305775703514,1.0443749321546398,0.25523834388364985,5.5715057196577815,000492.npy,"(256, 256)","(128, 128)",2.0
29.626021426188252,0.03436482961029937,1.0180931783420377,0.19770658256286294,5.291371096903942,000493.npy,"(256, 256)","(128, 128)",2.0
33.450186130606475,0.030442613421382877,1.018311085247356,0.18593134720221272,5.165267984676937,000494.npy,"(256, 256)","(128, 128)",2.0
37.04305174751507,0.02743812774236677,1.0163919858154211,0.17625344826334052,4.831459756501193,000495.npy,"(256, 256)","(128, 128)",2.0
9.495506332093218,0.11458871123577187,1.088077833125673,0.47951997653301814,11.35582233304199,000496.npy,"(256, 256)","(128, 128)",2.0
15.315370196481132,0.06907897242446535,1.0579700354731987,0.3116311983173879,7.652369987550074,000497.npy,"(256, 256)","(128, 128)",2.0
15.860312912234487,0.06662301411320008,1.0566618509915677,0.3070051537306427,9.041671938815819,000498.npy,"(256, 256)","(128, 128)",2.0
14.657058714566448,0.071982933073055,1.0550580764984743,0.3091000905586048,5.517283214515052,000499.npy,"(256, 256)","(128, 128)",2.0
61.125959059023224,0.01642517102925229,1.00400433187153,0.13472182336978902,5.853984887199568,000500.npy,"(256, 256)","(128, 128)",2.0
52.544887876804715,0.019116869795124516,1.0044937799402924,0.14075356426060232,2.9374735872022852,000501.npy,"(256, 256)","(128, 128)",2.0
61.338157293242084,0.016357805580246448,1.0033576516534297,0.13086995808913587,3.683930509025707,000502.npy,"(256, 256)","(128, 128)",2.0
60.05680622966371,0.01678465818995905,1.0080329645455086,0.13296814253295725,2.782604842175509,000503.npy,"(256, 256)","(128, 128)",2.0
28.685006949527452,0.035558047361526124,1.019982835677003,0.2237614799025251,6.451524951563937,000504.npy,"(256, 256)","(128, 128)",2.0
14.487836768511569,0.07301316279141934,1.0578027844748459,0.32755694714560196,6.2589377642218444,000505.npy,"(256, 256)","(128, 128)",2.0
14.347955145353863,0.07398247842453619,1.0614972819773552,0.3359000430649653,8.102230179170284,000506.npy,"(256, 256)","(128, 128)",2.0
14.366367415461776,0.07404006408016163,1.063686764039936,0.33526567122192824,7.741725809765861,000507.npy,"(256, 256)","(128, 128)",2.0
59.91120807734551,0.01673259741643267,1.0024701254903516,0.13354072024532498,5.201787433946836,000508.npy,"(256, 256)","(128, 128)",2.0
10.368053100916718,0.10366590889001544,1.0748136481264745,0.38061967400621577,9.04696915652208,000509.npy,"(256, 256)","(128, 128)",2.0
11.999452470712681,0.08881166294686195,1.0656913283758245,0.3444043474188859,5.692685101304048,000510.npy,"(256, 256)","(128, 128)",2.0
12.895084364043843,0.08234039280234717,1.0617863117547752,0.3322734898664367,7.589159144995035,000511.npy,"(256, 256)","(128, 128)",2.0
56.66834413038988,0.017726748761392484,1.0045454991235518,0.14478451283994365,5.9571388269458065,000512.npy,"(256, 256)","(128, 128)",2.0
9.691633750207549,0.11258111567903083,1.0910949403509154,0.423288078957584,11.195302684580637,000513.npy,"(256, 256)","(128, 128)",2.0
11.220835160831019,0.09587228216123482,1.075767074623896,0.397843321019972,10.813380025396892,000514.npy,"(256, 256)","(128, 128)",2.0
10.094968223333447,0.10707150703827273,1.0808834611757867,0.4110640708120207,7.733099136980598,000515.npy,"(256, 256)","(128, 128)",2.0
72.2437608755447,0.013914873334880973,1.0052627818186342,0.1236904069784307,6.011740416517135,000516.npy,"(256, 256)","(128, 128)",2.0
42.37145101293423,0.023891059475742608,1.012298856223526,0.1790429140065336,8.789337632267387,000517.npy,"(256, 256)","(128, 128)",2.0
57.17522104612714,0.017632209467938666,1.008125473861009,0.1453819488869703,6.084911441403455,000518.npy,"(256, 256)","(128, 128)",2.0
48.16408219227462,0.021012951136827152,1.0120695056563933,0.17608341273121134,7.2234190857096054,000519.npy,"(256, 256)","(128, 128)",2.0
24.992791944488168,0.04101657064894834,1.025118616505566,0.2797221673748407,10.748524119886424,000520.npy,"(256, 256)","(128, 128)",2.0
63.28489688127462,0.01584563276686576,1.002789235669646,0.12698891966455608,2.4408682590932926,000521.npy,"(256, 256)","(128, 128)",2.0
85.82927296860187,0.011673365637669283,1.0019164857778142,0.10905390981822413,2.354377148581884,000522.npy,"(256, 256)","(128, 128)",2.0
61.683205636326804,0.016215995350978344,1.0002545758321166,0.12853392369023714,2.6445224130584424,000523.npy,"(256, 256)","(128, 128)",2.0
15.689201042760274,0.06718444188461964,1.0540702156734414,0.3089005279022079,7.339996827850249,000524.npy,"(256, 256)","(128, 128)",2.0
54.33096387977993,0.01847486912723899,1.003757447235683,0.13701162470929965,2.080728144264118,000525.npy,"(256, 256)","(128, 128)",2.0
100.13408447915971,0.009997083076105568,1.0010487612879329,0.10020540902770587,1.6576008816403427,000526.npy,"(256, 256)","(128, 128)",2.0
93.1835892578963,0.01075004375265057,1.0017276615514048,0.10398868006229184,1.689343177309538,000527.npy,"(256, 256)","(128, 128)",2.0
50.14750214050509,0.020051779152422622,1.0055466379670488,0.1873619276645667,14.457611709782789,000528.npy,"(256, 256)","(128, 128)",2.0
23.99524286331363,0.04282420943349676,1.0275773057861615,0.2580596426316756,7.60511831943896,000529.npy,"(256, 256)","(128, 128)",2.0
19.189077802921428,0.053846133658028886,1.0332576481504225,0.2958495968441129,11.503269465634144,000530.npy,"(256, 256)","(128, 128)",2.0
19.202147966951006,0.05394052091807419,1.0357738640832765,0.2993064138706927,12.014278990363643,000531.npy,"(256, 256)","(128, 128)",2.0
27.385886472496118,0.03748583324679418,1.026582773623626,0.2352981158979755,9.464907950229394,000532.npy,"(256, 256)","(128, 128)",2.0
27.856840079082307,0.03665998973373891,1.021231471313564,0.2123080679279874,5.108158051281475,000533.npy,"(256, 256)","(128, 128)",2.0
29.998192492847814,0.034247819217355396,1.0273726733424797,0.21085439673471487,5.690976101263786,000534.npy,"(256, 256)","(128, 128)",2.0
31.18721405929264,0.032929347567786975,1.0269746114294198,0.20529372689105627,6.360230302503302,000535.npy,"(256, 256)","(128, 128)",2.0
96.70406738060694,0.01034483457707253,1.0003875799824544,0.1020538606034242,1.7614801977896375,000536.npy,"(256, 256)","(128, 128)",2.0
67.55976858460589,0.014824134578270445,1.0015151015750055,0.12189803810566775,2.017248705848055,000537.npy,"(256, 256)","(128, 128)",2.0
73.95526793002483,0.0135545430006662,1.0024298592833116,0.11662934776467383,1.7718103778267689,000538.npy,"(256, 256)","(128, 128)",2.0
85.67326741440755,0.01168724050326703,1.0012840809728913,0.10831934864704605,1.8983910909546307,000539.npy,"(256, 256)","(128, 128)",2.0
106.9509962715098,0.009370725607174824,1.002208439474296,0.09766022154496735,3.1570091194888,000540.npy,"(256, 256)","(128, 128)",2.0
65.09241499922022,0.015397007279666596,1.002228387594073,0.1246901862894988,2.0113775835035064,000541.npy,"(256, 256)","(128, 128)",2.0
49.12540288712078,0.020440522938180872,1.0041489245615691,0.1438429097370403,2.2608972119086044,000542.npy,"(256, 256)","(128, 128)",2.0
53.714444460891414,0.018688538781195252,1.0038444784177276,0.1375318132802824,2.008880837114655,000543.npy,"(256, 256)","(128, 128)",2.0
45.924623896664635,0.02189227848257876,1.0053946555534734,0.17030163892372466,7.227869754412777,000544.npy,"(256, 256)","(128, 128)",2.0
35.52756600092895,0.02863625114298708,1.0173763025016505,0.20080953347688651,6.649120990037129,000545.npy,"(256, 256)","(128, 128)",2.0
34.89188378321304,0.029103973771108155,1.0154924704511863,0.2018070992610498,7.489392368965869,000546.npy,"(256, 256)","(128, 128)",2.0
28.02609139626064,0.03667250824103913,1.0277870676934842,0.22550785896528824,6.334291018852981,000547.npy,"(256, 256)","(128, 128)",2.0
94.03191122085374,0.010667069276113045,1.0030449111581585,0.10966999523181997,3.672238409393357,000548.npy,"(256, 256)","(128, 128)",2.0
18.61415067384268,0.05438660908765343,1.0123605361969625,0.26713320987379763,5.215138493925545,000549.npy,"(256, 256)","(128, 128)",2.0
20.396762420392708,0.049255301590635625,1.004648684488986,0.24475972025729625,4.578712648633628,000550.npy,"(256, 256)","(128, 128)",2.0
18.52951053442538,0.054618586234010495,1.0120556689985185,0.2663787192841655,4.692506785373734,000551.npy,"(256, 256)","(128, 128)",2.0
27.439304097015764,0.03727501161970986,1.022800379053015,0.2495050346440515,9.773847692670703,000552.npy,"(256, 256)","(128, 128)",2.0
80.19689865764308,0.012531709399790746,1.0050042287420515,0.11299097431614914,2.598171434485162,000553.npy,"(256, 256)","(128, 128)",2.0
84.28523662892688,0.011894901956093263,1.0025646260472059,0.1092647027163346,1.838568812344434,000554.npy,"(256, 256)","(128, 128)",2.0
86.18528187056434,0.011650282082537213,1.004082845155055,0.10846014314647567,2.364759331281293,000555.npy,"(256, 256)","(128, 128)",2.0
103.16096399812895,0.009706226625752885,1.001303695496974,0.0989022379302986,2.261695087621136,000556.npy,"(256, 256)","(128, 128)",2.0
93.03496949304981,0.010749274533261381,1.0000584282743898,0.10376661175845749,1.6620575347627715,000557.npy,"(256, 256)","(128, 128)",2.0
81.64922033162591,0.012240055283371333,0.9993909707032678,0.1110229406324649,1.8377542200065256,000558.npy,"(256, 256)","(128, 128)",2.0
80.66384320392197,0.012403798083765882,1.000538023761999,0.11152646243782005,1.8658849950342422,000559.npy,"(256, 256)","(128, 128)",2.0
19.667262344771295,0.05277933878024313,1.038025102174603,0.2704605585641712,5.553566599067049,000560.npy,"(256, 256)","(128, 128)",2.0
18.190382187504515,0.05688073387432,1.0346822882796152,0.285216766229724,9.035803649391449,000561.npy,"(256, 256)","(128, 128)",2.0
16.863362265130178,0.06161056398750532,1.0389612598802855,0.30560887691276006,9.525399012701973,000562.npy,"(256, 256)","(128, 128)",2.0
17.46804226726924,0.059558114969643125,1.040363669648607,0.29741297618003454,8.579887866484686,000563.npy,"(256, 256)","(128, 128)",2.0
90.5348174846082,0.011079944788515225,1.0031207791677617,0.10700719591734566,3.4344712495085195,000564.npy,"(256, 256)","(128, 128)",2.0
42.46828808052522,0.02379147511741313,1.0103832191469484,0.1579037065639487,3.0741129238200107,000565.npy,"(256, 256)","(128, 128)",2.0
43.20701402658787,0.02341492964976606,1.0116891938090105,0.157305066205286,3.214955028183929,000566.npy,"(256, 256)","(128, 128)",2.0
54.618100584898734,0.01849089814287149,1.0099377346724723,0.14122073943056154,4.0465109131223,000567.npy,"(256, 256)","(128, 128)",2.0
24.598555158367592,0.041870194479421474,1.0299462883936275,0.253738915001962,7.17000244744931,000568.npy,"(256, 256)","(128, 128)",2.0
27.96570392387822,0.03680330286018026,1.0292302712086216,0.22941273232765283,5.970156800333845,000569.npy,"(256, 256)","(128, 128)",2.0
27.042281424887246,0.03797049146683823,1.0268087160875192,0.22796354540607652,6.515031737458134,000570.npy,"(256, 256)","(128, 128)",2.0
27.86052154794673,0.03687993966523857,1.0274943537303545,0.22980813571672576,6.709049193734533,000571.npy,"(256, 256)","(128, 128)",2.0
13.136312943638313,0.07946706079852338,1.0439041793605355,0.32283697308353576,5.766710551415986,000572.npy,"(256, 256)","(128, 128)",2.0
75.58848627165062,0.01324894696964114,1.0014678461285464,0.11862997235397595,4.594798521019735,000573.npy,"(256, 256)","(128, 128)",2.0
66.67982269675092,0.015001685436829911,1.0003097250802488,0.12333966740507576,4.813334486812435,000574.npy,"(256, 256)","(128, 128)",2.0
73.98592780785941,0.013533361990950425,1.0012783432600867,0.11668395343504441,4.105474704651667,000575.npy,"(256, 256)","(128, 128)",2.0
26.81755805155567,0.03864848850733158,1.0364580841502469,0.21989987098979008,5.099389820650018,000576.npy,"(256, 256)","(128, 128)",2.0
26.199296924044607,0.03937117981202774,1.0314972301452656,0.24574023500778475,9.288300143633192,000577.npy,"(256, 256)","(128, 128)",2.0
20.448044372201323,0.05059985120516208,1.0346680026699389,0.28186923496667093,9.127520932997077,000578.npy,"(256, 256)","(128, 128)",2.0
23.484675570322835,0.04365585655862688,1.0252436280239026,0.2544796270710643,5.987327333995454,000579.npy,"(256, 256)","(128, 128)",2.0
65.53303990071628,0.015284929069937347,1.0016678666198222,0.12415279011199389,2.5221067447898307,000580.npy,"(256, 256)","(128, 128)",2.0
75.57715180911222,0.0133805031337724,1.0112603166234184,0.1191172001063431,2.4078120373667327,000581.npy,"(256, 256)","(128, 128)",2.0
72.855931114482,0.01385295323053195,1.0092698062957768,0.12043077603009755,2.258802580898487,000582.npy,"(256, 256)","(128, 128)",2.0
91.44669767285188,0.011024356219826439,1.0081409702722925,0.10672150023783475,1.9313612185475186,000583.npy,"(256, 256)","(128, 128)",2.0
50.90306612275932,0.019741635700236893,1.0049097874205846,0.14275616096179156,2.25795157388741,000584.npy,"(256, 256)","(128, 128)",2.0
33.08560448430771,0.030592901298353115,1.012184632384775,0.18234509178418967,3.9738429964845237,000585.npy,"(256, 256)","(128, 128)",2.0
34.28411306705586,0.0295616982077757,1.0134966038095647,0.1789519832757614,3.7712525520008233,000586.npy,"(256, 256)","(128, 128)",2.0
36.992331591823124,0.02739429264354251,1.0133787571933655,0.1733818131311669,3.3799501709918345,000587.npy,"(256, 256)","(128, 128)",2.0
61.939402821101396,0.016247873835619975,1.0063836024908994,0.13250156710284017,4.318377426895598,000588.npy,"(256, 256)","(128, 128)",2.0
55.585012618705626,0.01800902672476227,1.0010319777465175,0.13474650346924036,2.7223173161711003,000589.npy,"(256, 256)","(128, 128)",2.0
71.79156350096709,0.01395997322002546,1.0022083038972578,0.11878414520623544,2.4845302956494355,000590.npy,"(256, 256)","(128, 128)",2.0
95.48634562943752,0.010490731492965057,1.0017216132428866,0.1028493996486112,2.1497985846659273,000591.npy,"(256, 256)","(128, 128)",2.0
74.16904813760063,0.013498826979797589,1.0011951480657495,0.11639128843491475,2.731434359169269,000592.npy,"(256, 256)","(128, 128)",2.0
41.96897160954271,0.024147033432653123,1.0134261605896977,0.17600945909820576,6.519956554807231,000593.npy,"(256, 256)","(128, 128)",2.0
58.51890019834156,0.017253557590821922,1.0096592147236465,0.1449657833692106,7.814945955291913,000594.npy,"(256, 256)","(128, 128)",2.0
47.7792946509838,0.021202715687967926,1.0130508002564562,0.1669673276713448,7.630568602361831,000595.npy,"(256, 256)","(128, 128)",2.0
52.51695622848245,0.019113901783800603,1.003803943335369,0.14419366553915772,3.4070027101844444,000596.npy,"(256, 256)","(128, 128)",2.0
97.43161729350861,0.010282708593632882,1.0018609284355111,0.10161893328362619,1.9806230047227946,000597.npy,"(256, 256)","(128, 128)",2.0
69.58573168905869,0.014424195660831206,1.003718209085085,0.12096357521949848,2.104147159207586,000598.npy,"(256, 256)","(128, 128)",2.0
50.78360401992331,0.019739050095205067,1.0024201037643237,0.14137243804404775,1.9928087398055774,000599.npy,"(256, 256)","(128, 128)",2.0
55.75755151087892,0.018001887661697708,1.0037411785901655,0.13507396329074137,2.009796177762471,000600.npy,"(256, 256)","(128, 128)",2.0
53.61336131250786,0.018635514640664926,0.9991125796744987,0.14013886736527803,2.477980735071506,000601.npy,"(256, 256)","(128, 128)",2.0
43.83329142217864,0.022724906743697516,0.9961074598383259,0.15434755968220656,3.2303387967227604,000602.npy,"(256, 256)","(128, 128)",2.0
62.5393583388936,0.015986851790581815,0.9998074528419789,0.13357327500890706,3.4536341515503066,000603.npy,"(256, 256)","(128, 128)",2.0
10.36857046271719,0.10043729859648107,1.0413912075825804,0.41794265888997,9.535614159326409,000604.npy,"(256, 256)","(128, 128)",2.0
13.373856016629851,0.07917658210119817,1.0588962089102965,0.36965468277815594,8.933266277788572,000605.npy,"(256, 256)","(128, 128)",2.0
13.888517369137285,0.07583121649586444,1.0531831674256231,0.3553838967707461,9.492053430937869,000606.npy,"(256, 256)","(128, 128)",2.0
13.952418941586604,0.07581834628587045,1.057849330838751,0.3697521523253484,10.247576556952263,000607.npy,"(256, 256)","(128, 128)",2.0
27.118845258469076,0.037892063839240944,1.0275890157804068,0.22546445323414022,7.3032851802810965,000608.npy,"(256, 256)","(128, 128)",2.0
46.961344064146004,0.0215436461104495,1.0117185773890198,0.15377514387070296,3.7677056958263186,000609.npy,"(256, 256)","(128, 128)",2.0
39.70002222737075,0.025410785267825173,1.0088087399476047,0.1667391947128218,3.750682118366656,000610.npy,"(256, 256)","(128, 128)",2.0
39.78369939562955,0.025532025015968643,1.0157584081969901,0.16797258700090031,4.952232908674403,000611.npy,"(256, 256)","(128, 128)",2.0
64.19865329027276,0.015642147781722855,1.0042048221540347,0.12488556998728662,1.8160334551617636,000612.npy,"(256, 256)","(128, 128)",2.0
12.232694659174072,0.08586365445386968,1.0503438672550196,0.34635214953450283,8.040771751230688,000613.npy,"(256, 256)","(128, 128)",2.0
15.436881709865997,0.06708740279559139,1.0356203011776777,0.30038716840666274,6.823734516366952,000614.npy,"(256, 256)","(128, 128)",2.0
15.491430085526684,0.06683085633900358,1.0353055385315517,0.29784816679243203,7.39543333189878,000615.npy,"(256, 256)","(128, 128)",2.0
57.217710165180264,0.017647590454029468,1.00975471571246,0.14876480077136406,7.278270938648098,000616.npy,"(256, 256)","(128, 128)",2.0
40.06047184820795,0.02520824263038289,1.0098540942372494,0.1694454420581007,5.250925070772973,000617.npy,"(256, 256)","(128, 128)",2.0
55.01462747978149,0.018359442170333008,1.0100378717374614,0.14584988315686656,4.949229586778582,000618.npy,"(256, 256)","(128, 128)",2.0
49.25656080467468,0.02050211940622265,1.0098638911573066,0.1519759180163644,4.16483533333041,000619.npy,"(256, 256)","(128, 128)",2.0
106.00357709039085,0.00945500801688163,1.0022646712077754,0.09747457655304081,1.9297042446315973,000620.npy,"(256, 256)","(128, 128)",2.0
36.690601855394355,0.027714303839336728,1.016854487868531,0.18372512919440517,8.579843508423641,000621.npy,"(256, 256)","(128, 128)",2.0
41.86634042448343,0.024304206455352882,1.0175281812067316,0.17383967709876022,9.371857591499674,000622.npy,"(256, 256)","(128, 128)",2.0
34.82221204796568,0.029229292229831574,1.0178286120391506,0.19323040487518198,9.016050453495682,000623.npy,"(256, 256)","(128, 128)",2.0
7.3241201410396695,0.1517191215178935,1.1112090736900488,0.4829168016858014,6.945434110553425,000624.npy,"(256, 256)","(128, 128)",2.0
1.876101225313834,0.7781572647446234,1.4599017978742497,1.4882452506249535,18.249476030060965,000625.npy,"(256, 256)","(128, 128)",2.0
1.8812895922404893,0.7740780689140346,1.4562650146295897,1.4798694119939335,19.50802849260959,000626.npy,"(256, 256)","(128, 128)",2.0
1.8655663312735375,0.7884148052016225,1.4708401156617317,1.5009569627980188,19.74332657952804,000627.npy,"(256, 256)","(128, 128)",2.0
58.24665483726719,0.017276748438256783,1.0063128029934378,0.13559695390956458,3.3377369058262825,000628.npy,"(256, 256)","(128, 128)",2.0
54.78667081311614,0.01837209197112129,1.0065457549701162,0.13940341703996184,3.0893183354158813,000629.npy,"(256, 256)","(128, 128)",2.0
41.93222518085458,0.024122418689275647,1.0115066923855613,0.1640613991619045,5.321001339513732,000630.npy,"(256, 256)","(128, 128)",2.0
48.130662160165045,0.020990016759627098,1.010263405393814,0.15039525968155343,4.030093803800756,000631.npy,"(256, 256)","(128, 128)",2.0
45.82966254842316,0.022062721881590624,1.0111270987330099,0.15899116237457722,3.784926153376564,000632.npy,"(256, 256)","(128, 128)",2.0
59.268402461059,0.01690690633816552,1.0020453292218232,0.13084588029827954,2.4209816544544527,000633.npy,"(256, 256)","(128, 128)",2.0
95.74974337983218,0.0104561236539527,1.0011711566137642,0.10329996605803861,2.6468432083392845,000634.npy,"(256, 256)","(128, 128)",2.0
72.81961509795374,0.013738590389990498,1.0004388641875543,0.11794806921131662,2.721557683934618,000635.npy,"(256, 256)","(128, 128)",2.0
17.83635564430096,0.058543671656084754,1.0442057483811094,0.26511859197405324,5.681715739947438,000636.npy,"(256, 256)","(128, 128)",2.0
72.4059506274408,0.013968323063872527,1.0113897101108968,0.12020165262564214,2.0911391015337255,000637.npy,"(256, 256)","(128, 128)",2.0
65.53879516874458,0.015437875507970922,1.011779760757485,0.12646686996755574,2.3185666778853404,000638.npy,"(256, 256)","(128, 128)",2.0
52.03942060080972,0.019427498543312275,1.0109957679170456,0.1420451336859134,2.3522592495831787,000639.npy,"(256, 256)","(128, 128)",2.0
32.968147939864366,0.030777964207753427,1.0146924772890653,0.18567145106945113,3.817731181707691,000640.npy,"(256, 256)","(128, 128)",2.0
29.927361460608747,0.03412710713556497,1.021334270850973,0.19371023892409242,3.708493285548115,000641.npy,"(256, 256)","(128, 128)",2.0
28.398367328963907,0.036102278366788684,1.0252457624725722,0.2023890423152047,4.997405763364078,000642.npy,"(256, 256)","(128, 128)",2.0
112.10234839777738,0.00892879299559897,1.00093866316427,0.09658382497150528,4.7757243007069246,000643.npy,"(256, 256)","(128, 128)",2.0
49.77641344835298,0.02029269635089848,1.0100976435442066,0.15887745596911712,6.1171688727783495,000644.npy,"(256, 256)","(128, 128)",2.0
52.016775266493624,0.019359028835048687,1.0069942522902975,0.14227412227471706,2.7280663400672394,000645.npy,"(256, 256)","(128, 128)",2.0
66.12118584540514,0.015257048720783211,1.0088141539193074,0.12732970058439763,4.163773769910021,000646.npy,"(256, 256)","(128, 128)",2.0
50.959251232212004,0.019719390065056526,1.004885352471201,0.14313281153349092,3.4276391757816267,000647.npy,"(256, 256)","(128, 128)",2.0
50.99602397411502,0.019963891914630345,1.0180791106951301,0.15698057093872797,5.788265855917776,000648.npy,"(256, 256)","(128, 128)",2.0
27.37732153041897,0.037637185902530484,1.0304053399537292,0.21762393988791998,5.2116998826635745,000649.npy,"(256, 256)","(128, 128)",2.0
29.6705841625288,0.034837427727737194,1.033646831401841,0.21190085153871127,5.416145092892616,000650.npy,"(256, 256)","(128, 128)",2.0
29.597379264842438,0.034886811896977225,1.0325582030560523,0.2091917318805782,4.3434848572074385,000651.npy,"(256, 256)","(128, 128)",2.0
73.9059047899789,0.013643593250077034,1.0083421037333922,0.11865132894552659,2.3608776672459246,000652.npy,"(256, 256)","(128, 128)",2.0
31.08118733953189,0.03305502486036268,1.0273894201978164,0.1900718561162773,3.5290631964767813,000653.npy,"(256, 256)","(128, 128)",2.0
28.107922786405076,0.03647825194059177,1.0253278889291846,0.2000144666090344,4.951261822167058,000654.npy,"(256, 256)","(128, 128)",2.0
27.114056892024507,0.0378860646085114,1.0272449112100943,0.20346314077553151,4.272193851852096,000655.npy,"(256, 256)","(128, 128)",2.0
33.62897055748658,0.030122604452595035,1.0129921782511326,0.1945875060746408,5.7488962763846665,000656.npy,"(256, 256)","(128, 128)",2.0
38.37585425068304,0.02650284238928275,1.017069216759939,0.1858905839553957,5.010178759414933,000657.npy,"(256, 256)","(128, 128)",2.0
39.501235705193,0.025781410685606156,1.0183975803045102,0.18437376405137795,5.101499316088254,000658.npy,"(256, 256)","(128, 128)",2.0
27.822614612849357,0.036967128372999654,1.0285221660656982,0.23131479570416494,6.4091108316547585,000659.npy,"(256, 256)","(128, 128)",2.0
53.24716832001979,0.01898081731922233,1.0106747746481781,0.14768904831435994,4.148486111526578,000660.npy,"(256, 256)","(128, 128)",2.0
77.73735330606358,0.01290772681761972,1.003412519999456,0.11448538496884739,2.0737321555305965,000661.npy,"(256, 256)","(128, 128)",2.0
64.00214719627539,0.015662233352690052,1.0024165644612826,0.1259982063808782,2.155897834431877,000662.npy,"(256, 256)","(128, 128)",2.0
53.09984899197864,0.018841554458440133,1.000483696517313,0.13765105802308075,2.474336962164494,000663.npy,"(256, 256)","(128, 128)",2.0
4.184489408576572,0.28967159595754216,1.2121277252498073,0.7992128062284649,13.651653903963386,000664.npy,"(256, 256)","(128, 128)",2.0
21.03575421304179,0.049106349096939055,1.0329890899030367,0.24369311119771403,7.895862889974562,000665.npy,"(256, 256)","(128, 128)",2.0
3.165043735526548,0.3223229348724468,1.0201661858345692,0.7449382926235785,7.516877731693667,000666.npy,"(256, 256)","(128, 128)",2.0
2.582436021520504,0.41243593418900504,1.0650894130191466,0.8899130919391148,7.234671025420737,000667.npy,"(256, 256)","(128, 128)",2.0
72.2870423764634,0.013863696988902571,1.0021656517312483,0.11792526960187853,1.6686822720387364,000668.npy,"(256, 256)","(128, 128)",2.0
92.24325435338017,0.010893060000339242,1.004811304297924,0.10601381651594491,2.4726927972650614,000669.npy,"(256, 256)","(128, 128)",2.0
77.58302808811311,0.01298483023295827,1.0074024486829818,0.1162404982473614,3.1949150667697004,000670.npy,"(256, 256)","(128, 128)",2.0
69.75432450456726,0.014394179748587494,1.0040562851600425,0.12110756515136784,2.147210330305405,000671.npy,"(256, 256)","(128, 128)",2.0
8.624714220490763,0.12527054473369864,1.0804226485733548,0.5060688705851059,8.623715971447734,000672.npy,"(256, 256)","(128, 128)",2.0
31.953439853820992,0.03226215934204306,1.0308869680903618,0.20756914791719094,4.587632469726359,000673.npy,"(256, 256)","(128, 128)",2.0
28.5354221802029,0.036153490487782144,1.0316551143568131,0.21743214368299826,5.020371242632766,000674.npy,"(256, 256)","(128, 128)",2.0
32.42552041613953,0.03181492870840855,1.031615620372525,0.2065834633190679,4.733269510592635,000675.npy,"(256, 256)","(128, 128)",2.0
10.7263805151442,0.09947861390673166,1.0670454658827193,0.42215058219521484,9.62099403205158,000676.npy,"(256, 256)","(128, 128)",2.0
10.052067226197877,0.10823994755501173,1.0880352293831106,0.4490727833632526,9.272684365464517,000677.npy,"(256, 256)","(128, 128)",2.0
10.62630408221326,0.10218264903454499,1.0858239005671502,0.439476455631841,10.952785759881131,000678.npy,"(256, 256)","(128, 128)",2.0
9.887123818828622,0.11012461275729667,1.088815681831946,0.4572609872206266,10.264716110405795,000679.npy,"(256, 256)","(128, 128)",2.0
37.86785086545112,0.026754359586860982,1.013130098835904,0.17623964213994905,4.358391278978891,000680.npy,"(256, 256)","(128, 128)",2.0
40.94953732998832,0.02482119482844748,1.016416444202423,0.1784450952981446,5.113201153777383,000681.npy,"(256, 256)","(128, 128)",2.0
33.80245450657146,0.03001139719567244,1.0144588883853638,0.19144011592921817,4.981806964165853,000682.npy,"(256, 256)","(128, 128)",2.0
38.14383608286509,0.026612004668532394,1.0150839439129402,0.1812147413134861,4.979952400262321,000683.npy,"(256, 256)","(128, 128)",2.0
38.591614774693596,0.026422453490710148,1.0196851465157442,0.193247115747052,7.680692230296749,000684.npy,"(256, 256)","(128, 128)",2.0
79.09593686550741,0.012705151537527989,1.0049258638790182,0.11589015231435437,3.1689690208739973,000685.npy,"(256, 256)","(128, 128)",2.0
67.07337991094393,0.014960190525559245,1.0034305426609391,0.12513997079982112,3.411724052189045,000686.npy,"(256, 256)","(128, 128)",2.0
62.3994834586873,0.016089871856429357,1.003999692757662,0.1316726144767092,3.9977105162133233,000687.npy,"(256, 256)","(128, 128)",2.0
55.1276697561889,0.018349638710988294,1.0115728230047425,0.14572734399652384,4.424072775569546,000688.npy,"(256, 256)","(128, 128)",2.0
64.21735309612436,0.015821461338501177,1.0160123692712104,0.13122809672703567,3.9319507354205734,000689.npy,"(256, 256)","(128, 128)",2.0
50.982788978695694,0.01985577546044912,1.0123028103084417,0.14516748389073297,4.035168338862576,000690.npy,"(256, 256)","(128, 128)",2.0
58.44118378282852,0.01733356510123572,1.0129940636929393,0.13649317637216066,4.138600299527181,000691.npy,"(256, 256)","(128, 128)",2.0
43.36383441665039,0.02333761815680239,1.0120086094305927,0.18466721225145502,9.29222264111363,000692.npy,"(256, 256)","(128, 128)",2.0
58.527762956996916,0.017254304671514068,1.00985585380218,0.13955249929126823,3.775076030761131,000693.npy,"(256, 256)","(128, 128)",2.0
40.51516389556365,0.025108067331161374,1.0172574630228506,0.1726552217929808,3.951116435657068,000694.npy,"(256, 256)","(128, 128)",2.0
42.4115348053006,0.023929125182655483,1.014870925544588,0.16431623714901303,3.8917951828586466,000695.npy,"(256, 256)","(128, 128)",2.0
52.050844683739165,0.019308197599586265,1.00500799437901,0.1418073161254404,3.125284630375651,000696.npy,"(256, 256)","(128, 128)",2.0
60.13019218418912,0.016703130926408405,1.0043624726826101,0.13025880108108318,2.2317459414392156,000697.npy,"(256, 256)","(128, 128)",2.0
75.12111318436222,0.013317910716869998,1.0004562783412216,0.11600931448073018,2.140939342202193,000698.npy,"(256, 256)","(128, 128)",2.0
73.26018692050192,0.013714574969193864,1.0047323257783793,0.11838655225193649,2.565180328593493,000699.npy,"(256, 256)","(128, 128)",2.0
51.882200542746,0.019431628293779445,1.0081556360099624,0.14218049610072434,2.5204098248925417,000700.npy,"(256, 256)","(128, 128)",2.0
14.071677262993077,0.07421891453850764,1.0443846121955442,0.2940117891776291,3.935055341249668,000701.npy,"(256, 256)","(128, 128)",2.0
16.06292915185682,0.06500438107519214,1.0441607677711138,0.27533789513502943,4.065122633068904,000702.npy,"(256, 256)","(128, 128)",2.0
14.264272104037218,0.07319857726604409,1.0441244237512457,0.29059255518739563,4.289620017031478,000703.npy,"(256, 256)","(128, 128)",2.0
37.28961002726316,0.026723043611058487,0.9964918749979172,0.16669278515932937,4.641159287035108,000704.npy,"(256, 256)","(128, 128)",2.0
13.417665756352351,0.07860652695754873,1.0547161049840896,0.3171802704091947,5.061599888689145,000705.npy,"(256, 256)","(128, 128)",2.0
13.753816654221707,0.076479854703047,1.051889899327224,0.31338095937743093,5.440214411660208,000706.npy,"(256, 256)","(128, 128)",2.0
12.666349237899803,0.08315879203769468,1.0533183021513222,0.3237630043543372,5.210139892655314,000707.npy,"(256, 256)","(128, 128)",2.0
39.17905001082603,0.026033098842299793,1.0199520814792409,0.17331315187683785,3.7165091831270014,000708.npy,"(256, 256)","(128, 128)",2.0
46.362017058629554,0.021579535543259306,1.0004707949738907,0.14996408708003067,2.3604593744736175,000709.npy,"(256, 256)","(128, 128)",2.0
47.94848253252518,0.02091481938765387,1.0028338520798405,0.14750275123357368,2.465703351329647,000710.npy,"(256, 256)","(128, 128)",2.0
45.05759091508362,0.022319529752693006,1.005664241013879,0.15201533107161724,2.7385535075591685,000711.npy,"(256, 256)","(128, 128)",2.0
41.124140774266436,0.024706234209648317,1.0160226536395747,0.1671686843794802,3.5724638036561696,000712.npy,"(256, 256)","(128, 128)",2.0
74.96987508565353,0.013348700471283417,1.000750406887922,0.11599998311877865,1.8818672123022153,000713.npy,"(256, 256)","(128, 128)",2.0
75.5059608489392,0.013304291079362733,1.0045532813612534,0.11629502495619944,1.8382519673540474,000714.npy,"(256, 256)","(128, 128)",2.0
74.30777010704553,0.013516870991713965,1.0044085422188738,0.11710894063869497,1.9951953395694382,000715.npy,"(256, 256)","(128, 128)",2.0
12.92797133663344,0.08264520262450264,1.068434810639833,0.34121571004324314,8.664648368374017,000716.npy,"(256, 256)","(128, 128)",2.0
14.202702706192587,0.07584049469365405,1.077139999224545,0.32557775676005063,8.106812461891176,000717.npy,"(256, 256)","(128, 128)",2.0
13.053966474025168,0.08281042699359341,1.0810045376740771,0.3394214099627986,7.008850612702314,000718.npy,"(256, 256)","(128, 128)",2.0
13.587241860795517,0.0796225177614931,1.0818504063908936,0.33345269206502487,6.239972840094984,000719.npy,"(256, 256)","(128, 128)",2.0
18.301437690399194,0.05765072766228531,1.0550912001174877,0.2825398762060066,6.48995358361407,000720.npy,"(256, 256)","(128, 128)",2.0
23.606528882074883,0.04455866446900637,1.051875399734283,0.24521595748412756,4.106354481740986,000721.npy,"(256, 256)","(128, 128)",2.0
20.575130229095056,0.05138992532883873,1.0573544061043274,0.2651673930233416,4.1183274319184715,000722.npy,"(256, 256)","(128, 128)",2.0
17.544863811936505,0.060665582445417233,1.0643693820766513,0.2870933325974627,4.6446918711613865,000723.npy,"(256, 256)","(128, 128)",2.0
18.3303746720957,0.057383792613967505,1.0518664187198623,0.27729231029504603,8.502479153203533,000724.npy,"(256, 256)","(128, 128)",2.0
11.447763649756007,0.09353583850243204,1.07077617195759,0.370237146928212,7.919274234953771,000725.npy,"(256, 256)","(128, 128)",2.0
11.195131024369648,0.09592422223179325,1.0738842362956773,0.37608140098760295,6.873621877369058,000726.npy,"(256, 256)","(128, 128)",2.0
11.212772379647797,0.09548692940648665,1.0706732046664325,0.37336042573076544,8.348044373849566,000727.npy,"(256, 256)","(128, 128)",2.0
90.97243839137377,0.011063289068025403,1.0064543831469,0.10685092430522285,2.4175921856021905,000728.npy,"(256, 256)","(128, 128)",2.0
51.425340065848715,0.019587646470185897,1.007301380818931,0.14268396180792228,2.514735132629524,000729.npy,"(256, 256)","(128, 128)",2.0
58.436210584883376,0.017238313559843996,1.0073417213112943,0.1380462474842442,5.434095983290371,000730.npy,"(256, 256)","(128, 128)",2.0
66.80041618898493,0.015071186761559862,1.0067615481341188,0.1257923746603298,2.871430905793944,000731.npy,"(256, 256)","(128, 128)",2.0
20.871335279569863,0.04995489776882554,1.0426254201897944,0.2669631544460475,7.834362579309401,000732.npy,"(256, 256)","(128, 128)",2.0
73.36546375704111,0.013695804143672231,1.0047990225261185,0.12857250500033937,6.2491833546678235,000733.npy,"(256, 256)","(128, 128)",2.0
49.842285837099254,0.020151554569305057,1.0043995429052062,0.14940995776322039,5.320949363150245,000734.npy,"(256, 256)","(128, 128)",2.0
66.53536464474894,0.01511142074528125,1.0054438895875117,0.13194234330351964,6.049116848141775,000735.npy,"(256, 256)","(128, 128)",2.0
44.74855617237524,0.022649879170028735,1.0135493903375428,0.15780642120751764,3.9303496509511837,000736.npy,"(256, 256)","(128, 128)",2.0
114.01312175049405,0.008784180592063446,1.0015118513212566,0.09497937234093622,4.290822550395387,000737.npy,"(256, 256)","(128, 128)",2.0
98.15350916301239,0.010200229465974629,1.0011883163533697,0.10103545711470113,1.9285926992210565,000738.npy,"(256, 256)","(128, 128)",2.0
72.39922932443658,0.01380951333448799,0.9997981227624608,0.11764750220745138,1.8222215313185564,000739.npy,"(256, 256)","(128, 128)",2.0
65.69436687029804,0.01528189821859678,1.003934628047051,0.12621321550434608,3.9169434122683495,000740.npy,"(256, 256)","(128, 128)",2.0
59.8541051630901,0.016854350816185082,1.0088020862075553,0.1489780122259725,5.151816202702579,000741.npy,"(256, 256)","(128, 128)",2.0
46.25316775901249,0.021733748205294088,1.005254701771604,0.16332651725965217,6.46781427837795,000742.npy,"(256, 256)","(128, 128)",2.0
48.249161004934464,0.02090236178673539,1.0085214192315854,0.16304575844283428,6.158535888908116,000743.npy,"(256, 256)","(128, 128)",2.0
14.069506181935887,0.07575317698472304,1.0658097918878442,0.31292040934122217,4.920374335467533,000744.npy,"(256, 256)","(128, 128)",2.0
83.1769546977986,0.01204371364645203,1.0017594243641994,0.11032530861619881,2.343922213593986,000745.npy,"(256, 256)","(128, 128)",2.0
57.9979173298037,0.017282876238489533,1.0023708273011447,0.13188463363356395,2.4539214043728803,000746.npy,"(256, 256)","(128, 128)",2.0
90.19124467244482,0.011095961517393347,1.0007585800912555,0.10576669703924671,2.232668288962484,000747.npy,"(256, 256)","(128, 128)",2.0
34.63674427131137,0.029441455063905487,1.0197561500237995,0.1887119742472904,5.14512125977237,000748.npy,"(256, 256)","(128, 128)",2.0
34.172791932489396,0.030064519267507882,1.0273885614788654,0.18241081148775526,3.4780267060166614,000749.npy,"(256, 256)","(128, 128)",2.0
30.640675880327077,0.03356619023401045,1.0284907554977143,0.19379749991641912,4.015457232285838,000750.npy,"(256, 256)","(128, 128)",2.0
35.4382652300617,0.028960441446117213,1.0263078051471735,0.17879639512344458,3.5993446180026223,000751.npy,"(256, 256)","(128, 128)",2.0
45.311589343388164,0.022226833212100807,1.007133138910693,0.15415965589466912,4.253511946373922,000752.npy,"(256, 256)","(128, 128)",2.0
27.949545350239777,0.03637934671712044,1.0167862008822544,0.2024030937239789,4.366273331610825,000753.npy,"(256, 256)","(128, 128)",2.0
25.985928173584224,0.039221121437676025,1.0191972445668736,0.21196297376303766,5.4558001843597745,000754.npy,"(256, 256)","(128, 128)",2.0
24.576963399272685,0.04165297951801059,1.0237037530848012,0.2235394253803511,5.554326474898446,000755.npy,"(256, 256)","(128, 128)",2.0
51.49478178635499,0.019621243846759697,1.0103916702657512,0.14708733146690667,5.477656848697078,000756.npy,"(256, 256)","(128, 128)",2.0
71.87056633273659,0.013941740715502884,1.0020008008873644,0.11844027012353489,1.6309777682357023,000757.npy,"(256, 256)","(128, 128)",2.0
78.34528962479348,0.012802430032397585,1.003010088789343,0.11367312349097906,1.8861302666430138,000758.npy,"(256, 256)","(128, 128)",2.0
56.21653621395857,0.01785458319366397,1.0037228226917467,0.13439269268899517,2.589198341392488,000759.npy,"(256, 256)","(128, 128)",2.0
42.98572839479507,0.023537648081545414,1.0117829474855804,0.16023717411906604,5.047704432156548,000760.npy,"(256, 256)","(128, 128)",2.0
31.772279343371302,0.03213700634087258,1.0210659427218984,0.19231766331576788,5.75960743934797,000761.npy,"(256, 256)","(128, 128)",2.0
28.691149413541208,0.035575181557129555,1.0206928494694596,0.19940354665354143,4.726764624482778,000762.npy,"(256, 256)","(128, 128)",2.0
30.560333250551956,0.033387895202462894,1.0203452039217709,0.19490692268219614,5.8784163283148185,000763.npy,"(256, 256)","(128, 128)",2.0
12.43153416203717,0.08686040575942171,1.0798081015266612,0.34931943458815734,10.04206108568286,000764.npy,"(256, 256)","(128, 128)",2.0
55.96689002558299,0.018010289505335373,1.0079798920740164,0.14414507703058457,6.693240862775398,000765.npy,"(256, 256)","(128, 128)",2.0
46.231234251830465,0.021849565497399685,1.0101323808109974,0.1572218676194839,6.8854368991854145,000766.npy,"(256, 256)","(128, 128)",2.0
51.14363782227898,0.01968141354694991,1.0065790862757014,0.14789284390721805,6.279608902261611,000767.npy,"(256, 256)","(128, 128)",2.0
24.234118762781595,0.04280789724415383,1.0374116657997747,0.25340925207837406,8.378974285362903,000768.npy,"(256, 256)","(128, 128)",2.0
85.51911886944606,0.011749399769362253,1.0047983155207327,0.11251046172144505,2.642348299910257,000769.npy,"(256, 256)","(128, 128)",2.0
88.07521364294541,0.0113775537120516,1.0020804739230313,0.1108571954991986,2.590110641685114,000770.npy,"(256, 256)","(128, 128)",2.0
68.01764138511528,0.014719977216800921,1.0012181315294324,0.12279909295500913,2.1692691317971042,000771.npy,"(256, 256)","(128, 128)",2.0
71.83877519840712,0.014000650811404737,1.0057896062719012,0.12265962937683249,3.8199327581080675,000772.npy,"(256, 256)","(128, 128)",2.0
54.02367708753247,0.01853824983552964,1.0015044228826553,0.13737917010047965,2.451851892960396,000773.npy,"(256, 256)","(128, 128)",2.0
47.77823303676864,0.021007502798916382,1.0037013642471964,0.14629397395471277,2.6881368779374846,000774.npy,"(256, 256)","(128, 128)",2.0
47.77250373563111,0.02099387685935393,1.0029300606888651,0.145774665618914,2.5430827931878897,000775.npy,"(256, 256)","(128, 128)",2.0
25.77501852403246,0.04002585172376179,1.0316670696201367,0.2363801406162062,8.80443291855162,000776.npy,"(256, 256)","(128, 128)",2.0
48.34970594179082,0.02085505485065195,1.00833576942894,0.14600221117612264,2.9559969453706896,000777.npy,"(256, 256)","(128, 128)",2.0
48.925614560464645,0.020625991756335327,1.0091393225977834,0.1454560593109243,2.476648744448019,000778.npy,"(256, 256)","(128, 128)",2.0
51.079900932158445,0.019776994836318028,1.010206936974934,0.14225832268170607,2.3067308399137114,000779.npy,"(256, 256)","(128, 128)",2.0
16.4201879686437,0.06411629994573455,1.052801696962901,0.28199700687998,5.482764847591041,000780.npy,"(256, 256)","(128, 128)",2.0
79.93193774690704,0.012523880810512538,1.001058061295572,0.11215811495207152,1.7563065820028791,000781.npy,"(256, 256)","(128, 128)",2.0
104.90212721936864,0.009540097831739402,1.0007765564303497,0.0979308077280023,1.8470004396698605,000782.npy,"(256, 256)","(128, 128)",2.0
103.44995267122124,0.009677470308228537,1.001133845363391,0.0985260787047375,1.6655385593054823,000783.npy,"(256, 256)","(128, 128)",2.0
36.360475711488405,0.028097279598224025,1.0216304523901234,0.18856145136024946,7.0932797744783045,000784.npy,"(256, 256)","(128, 128)",2.0
42.62124830532352,0.023540623894347492,1.0033307762632164,0.1606167845085735,3.387731143887867,000785.npy,"(256, 256)","(128, 128)",2.0
39.69274554745888,0.024734948251518358,0.9817980070770811,0.16229484206994574,3.759828570730931,000786.npy,"(256, 256)","(128, 128)",2.0
38.826702838890746,0.025725708382930246,0.9988444347039933,0.16431378951310655,3.6475565311444287,000787.npy,"(256, 256)","(128, 128)",2.0
75.89437962956335,0.013220132155835151,1.0033337285879507,0.11543809558024094,1.9067969567278873,000788.npy,"(256, 256)","(128, 128)",2.0
73.54939710229212,0.013591480022516103,0.9996451613839071,0.11663131155913514,1.8112002295205758,000789.npy,"(256, 256)","(128, 128)",2.0
76.2996275986224,0.013102809850230261,0.9997395120681302,0.11514801441061126,2.0635088177482066,000790.npy,"(256, 256)","(128, 128)",2.0
88.9436368342768,0.011270471939077289,1.0024367631001978,0.10622986713862542,1.64492852705875,000791.npy,"(256, 256)","(128, 128)",2.0
51.221566466677345,0.01955932970087077,1.0018595063168085,0.14682783109580508,5.235022478047561,000792.npy,"(256, 256)","(128, 128)",2.0
41.70509479220844,0.024402854666915875,1.0177233670842127,0.16805577035705974,4.366417597792652,000793.npy,"(256, 256)","(128, 128)",2.0
41.38201127498643,0.024567312853308668,1.0166448174917384,0.1674920890939036,4.50291701365686,000794.npy,"(256, 256)","(128, 128)",2.0
43.2780157715177,0.023492662005745672,1.016715796799596,0.16264156531753177,5.207326099382483,000795.npy,"(256, 256)","(128, 128)",2.0
80.27130026680119,0.012468837882313708,1.0008898296292692,0.12514175077786432,11.783990658220445,000796.npy,"(256, 256)","(128, 128)",2.0
21.6810853297204,0.046507914058341135,1.008342053206197,0.22444226505949305,4.605500247389102,000797.npy,"(256, 256)","(128, 128)",2.0
22.778213302240644,0.0441736332796963,1.0061964411798783,0.21884114611414188,3.9075422400371376,000798.npy,"(256, 256)","(128, 128)",2.0
19.658170282544294,0.051150925410621634,1.005533601831722,0.23781593646005156,5.032874304545162,000799.npy,"(256, 256)","(128, 128)",2.0
37.10882047221147,0.027380334262807636,1.0160519086276691,0.17155321773466548,3.264894934000963,000800.npy,"(256, 256)","(128, 128)",2.0
73.42555979339407,0.013639645562813675,1.0014986108330777,0.11708322113028612,2.2610601188164825,000801.npy,"(256, 256)","(128, 128)",2.0
61.83581902164595,0.016208864737727313,1.0022884264684448,0.12744643968916186,1.921188501737259,000802.npy,"(256, 256)","(128, 128)",2.0
68.11563365584165,0.014713137194416562,1.0021946630630163,0.12165439612057918,2.000898785570422,000803.npy,"(256, 256)","(128, 128)",2.0
15.57357790240826,0.06798761516677468,1.0588104211987188,0.2977926576532766,5.693785414125656,000804.npy,"(256, 256)","(128, 128)",2.0
86.95645287763658,0.011498481575648497,0.999867171297251,0.10745362381390572,1.5688900025197228,000805.npy,"(256, 256)","(128, 128)",2.0
63.23933035311093,0.015801118821763452,0.9992521731182579,0.12552149888096092,1.709080380087103,000806.npy,"(256, 256)","(128, 128)",2.0
51.82210849209695,0.019316357612518594,1.0010143798680815,0.13832444365624313,1.864190173181235,000807.npy,"(256, 256)","(128, 128)",2.0
41.220260888901244,0.024459093572908475,1.008210218181335,0.16144414897045026,3.4425785942037064,000808.npy,"(256, 256)","(128, 128)",2.0
91.37278991844015,0.010988243997406655,1.0040265103475994,0.11451870447894666,4.694170312738824,000809.npy,"(256, 256)","(128, 128)",2.0
65.94201467852064,0.015191967833655385,1.0017889658825168,0.13207843875314773,6.590860560796117,000810.npy,"(256, 256)","(128, 128)",2.0
76.04995467910369,0.013229859715487388,1.0061302317737155,0.12521690111005374,8.371634069514222,000811.npy,"(256, 256)","(128, 128)",2.0
21.9214196844877,0.04622596082955358,1.0133386876633332,0.2265757501391467,4.04863832381342,000812.npy,"(256, 256)","(128, 128)",2.0
15.22823683466976,0.06888569572113433,1.049007688962431,0.3010637846335767,7.089304969724465,000813.npy,"(256, 256)","(128, 128)",2.0
14.65190923154107,0.0715969052654269,1.04903135720828,0.30530831628097316,6.219940044826254,000814.npy,"(256, 256)","(128, 128)",2.0
15.209973921946748,0.06895857505395415,1.0488581282652503,0.2980872281645117,5.531444611761306,000815.npy,"(256, 256)","(128, 128)",2.0
76.7467270180576,0.013059215138586397,1.0022520193111755,0.1156683914564907,2.3336489728537737,000816.npy,"(256, 256)","(128, 128)",2.0
14.186726762385385,0.07510477975841624,1.0654909889817838,0.3121071892913564,6.751459326126481,000817.npy,"(256, 256)","(128, 128)",2.0
14.481792559789206,0.07343653569783612,1.0634926762856176,0.3126307880308314,7.130619380730357,000818.npy,"(256, 256)","(128, 128)",2.0
15.141976232502957,0.07017535055771702,1.0625934902525143,0.3031321351281583,6.647203723159179,000819.npy,"(256, 256)","(128, 128)",2.0
25.200778386286128,0.041239969585096556,1.0392793341711986,0.25425066111088446,8.32392226778789,000820.npy,"(256, 256)","(128, 128)",2.0
37.50644565823436,0.026380125803124994,0.9894247548922938,0.16105121398979935,2.412453560832751,000821.npy,"(256, 256)","(128, 128)",2.0
30.974882726463967,0.03205055080510051,0.9927620525065636,0.17712065023094695,2.7530712241974338,000822.npy,"(256, 256)","(128, 128)",2.0
36.944396014567474,0.02667356811763554,0.9854388636594684,0.1609537514601316,2.722116792590086,000823.npy,"(256, 256)","(128, 128)",2.0
66.54348908010525,0.015067046746102417,1.0026138606187014,0.12383198798720571,2.4483390586376776,000824.npy,"(256, 256)","(128, 128)",2.0
45.23938019423806,0.022282106926770615,1.0080287067888412,0.15479867794159144,3.2550031732364886,000825.npy,"(256, 256)","(128, 128)",2.0
53.4824485447071,0.01888238317520439,1.0098760865693117,0.14227988739928463,3.1999526113210885,000826.npy,"(256, 256)","(128, 128)",2.0
37.17086804520545,0.027263312455663186,1.0134009897646625,0.1757830821603506,5.154961054955542,000827.npy,"(256, 256)","(128, 128)",2.0
56.558736985401566,0.017686151495160878,1.0003063906987708,0.1330535514975573,1.9393423509909908,000828.npy,"(256, 256)","(128, 128)",2.0
81.67576556233419,0.012277504355312,1.002774567415,0.11133395281268144,2.1622309873339187,000829.npy,"(256, 256)","(128, 128)",2.0
88.06535042500167,0.011366966739735305,1.0010359092041283,0.10700687061630702,2.3225107345699527,000830.npy,"(256, 256)","(128, 128)",2.0
97.49809308434297,0.010260688840869085,1.0003975957165332,0.10156773604109916,2.240408188981055,000831.npy,"(256, 256)","(128, 128)",2.0
35.18720953087085,0.028932306098495352,1.0180471168990486,0.21070005206254835,8.719030792592033,000832.npy,"(256, 256)","(128, 128)",2.0
26.37213992611611,0.03882961377152778,1.0240200076597756,0.22468749596792906,6.003844431736318,000833.npy,"(256, 256)","(128, 128)",2.0
18.65358592192167,0.05593241106133127,1.0433400355527849,0.28510636915987264,7.86240619322105,000834.npy,"(256, 256)","(128, 128)",2.0
24.338510561719396,0.04247366676789114,1.0337457872252687,0.24140802540740125,5.858678431654432,000835.npy,"(256, 256)","(128, 128)",2.0
16.697231620062926,0.06331119648623379,1.0571217118739595,0.28020290189672176,4.4356822948988865,000836.npy,"(256, 256)","(128, 128)",2.0
35.65486490428188,0.0285802667301387,1.0190255491914373,0.1799059689057186,3.7836502634420834,000837.npy,"(256, 256)","(128, 128)",2.0
35.79236950765717,0.02842569656378736,1.017423034923618,0.18032093927152573,4.217233119839884,000838.npy,"(256, 256)","(128, 128)",2.0
31.74916272340118,0.032101784979286695,1.019204795019009,0.18939811737204665,4.0094272601614085,000839.npy,"(256, 256)","(128, 128)",2.0
41.272956598445916,0.02454632181421142,1.013099274889434,0.16642789072379024,5.596602140605081,000840.npy,"(256, 256)","(128, 128)",2.0
83.7992369951598,0.011962772739164107,1.00247122788845,0.10961573967223838,1.7394978157002177,000841.npy,"(256, 256)","(128, 128)",2.0
90.99565526292102,0.01100620630725532,1.001516954887592,0.1049923419300851,1.6372284479447239,000842.npy,"(256, 256)","(128, 128)",2.0
69.98362583515743,0.01431671829366116,1.0019358562509362,0.12006201512242662,1.9444894093020038,000843.npy,"(256, 256)","(128, 128)",2.0
38.9906573547184,0.025952779830308925,1.011915945766022,0.16733474713594676,3.589516269522645,000844.npy,"(256, 256)","(128, 128)",2.0
52.726025417201136,0.01913016666460758,1.0086576537933931,0.13987452748721615,2.2409670848941605,000845.npy,"(256, 256)","(128, 128)",2.0
71.99032372061954,0.014008932863131984,1.008507611797297,0.12010625446206356,2.10236478095072,000846.npy,"(256, 256)","(128, 128)",2.0
64.79152504310919,0.015502116949425524,1.0044057985499113,0.1255516484492441,2.6623422258116856,000847.npy,"(256, 256)","(128, 128)",2.0
32.255241450638465,0.03142682148615984,1.0136797150621986,0.1940645864340042,7.113546215335611,000848.npy,"(256, 256)","(128, 128)",2.0
49.45158704785802,0.020290284558535123,1.003386773072209,0.14296909353737083,2.287538059984789,000849.npy,"(256, 256)","(128, 128)",2.0
51.132624253034066,0.01961257342707378,1.0028423476816042,0.14049726371643428,1.9445327959974843,000850.npy,"(256, 256)","(128, 128)",2.0
56.70690482212602,0.017675103507921782,1.0023004123449462,0.13347901910851265,2.1429826153810247,000851.npy,"(256, 256)","(128, 128)",2.0
10.802467020816971,0.0969517152476924,1.0473177065748351,0.3667515441636919,7.108893485149965,000852.npy,"(256, 256)","(128, 128)",2.0
12.802352366844229,0.08251857887308287,1.0564319235444346,0.33328499586065535,5.597215523088224,000853.npy,"(256, 256)","(128, 128)",2.0
14.70241176719364,0.07180106823117348,1.0556488704590783,0.3101684533338934,5.284780347592625,000854.npy,"(256, 256)","(128, 128)",2.0
12.008561380925695,0.08888993024589031,1.0674401835039773,0.3478307618033428,6.405960964671468,000855.npy,"(256, 256)","(128, 128)",2.0
29.939538291762755,0.034197210299748176,1.0238486872407742,0.2100943021782521,7.175469536195474,000856.npy,"(256, 256)","(128, 128)",2.0
83.05257165331255,0.012036444040541066,0.9996576311281237,0.10986541423569957,1.6821483991406072,000857.npy,"(256, 256)","(128, 128)",2.0
63.713617543834914,0.01570310848293085,1.0005018481308057,0.12592068296515527,2.523670687141795,000858.npy,"(256, 256)","(128, 128)",2.0
99.73346287058207,0.010064454204212184,1.0037628696884695,0.10097381542938198,2.0516732577825887,000859.npy,"(256, 256)","(128, 128)",2.0
44.36635211446325,0.022922453950041752,1.0169856632751213,0.15968962553946914,3.864881282365744,000860.npy,"(256, 256)","(128, 128)",2.0
62.72147825224331,0.01601496500308673,1.0044822791515422,0.12801500437993163,3.181880852987976,000861.npy,"(256, 256)","(128, 128)",2.0
83.16824445671197,0.012067395321000979,1.0036240840127917,0.11065305751447325,2.8473473884368716,000862.npy,"(256, 256)","(128, 128)",2.0
58.3946187038154,0.01719859858030416,1.0043056063368423,0.13205641692496017,2.8607021141197886,000863.npy,"(256, 256)","(128, 128)",2.0
16.657339061674463,0.06329559087285581,1.0543361182781867,0.2990780851261401,9.068855520597051,000864.npy,"(256, 256)","(128, 128)",2.0
28.402609997444653,0.03583611309119514,1.0178391439535361,0.202062426632104,6.468572586885764,000865.npy,"(256, 256)","(128, 128)",2.0
31.2025326204065,0.032681285376942024,1.0197388730508474,0.19367292230494815,5.322865436154606,000866.npy,"(256, 256)","(128, 128)",2.0
30.760373334032717,0.033125813307791754,1.0189623843411435,0.19563283538664628,6.212089232165069,000867.npy,"(256, 256)","(128, 128)",2.0
31.35998124341461,0.03275302758639528,1.0271343307743972,0.20733313577913523,5.278913257612641,000868.npy,"(256, 256)","(128, 128)",2.0
27.470630915634683,0.037059262978132466,1.0180413352777216,0.2030106165073373,4.090809218094193,000869.npy,"(256, 256)","(128, 128)",2.0
31.830844260057024,0.03197794304476054,1.0178849248147464,0.19012337216762465,3.485652851405555,000870.npy,"(256, 256)","(128, 128)",2.0
29.50006329901121,0.034499800118616634,1.0177462873024252,0.1966621761031805,4.065702390803076,000871.npy,"(256, 256)","(128, 128)",2.0
95.8588610704239,0.010475195084839973,1.0041402703232623,0.10301021196892518,1.99379747794492,000872.npy,"(256, 256)","(128, 128)",2.0
50.07933227982866,0.020230190749512645,1.0131144446291598,0.14978020549334434,4.709697225420676,000873.npy,"(256, 256)","(128, 128)",2.0
39.89037917392882,0.025369712801406145,1.012007463181767,0.16641399952078134,6.105105111837607,000874.npy,"(256, 256)","(128, 128)",2.0
49.197674627577356,0.020595565372927734,1.0132539239882976,0.14974314099724675,4.4422971363757915,000875.npy,"(256, 256)","(128, 128)",2.0
50.39038434018315,0.019974196918780933,1.0065074596238732,0.14319062924372278,2.6262627043558036,000876.npy,"(256, 256)","(128, 128)",2.0
64.30883305123324,0.015544699197093292,0.9996614654975118,0.12470345814115898,1.6955112515502377,000877.npy,"(256, 256)","(128, 128)",2.0
95.44758500930122,0.010495775576577049,1.0017964315838854,0.10246114930964227,1.5967650887300877,000878.npy,"(256, 256)","(128, 128)",2.0
83.61161551974982,0.011968978171531168,1.0007456010423421,0.10967127924977503,1.8787804162486872,000879.npy,"(256, 256)","(128, 128)",2.0
56.12090372871808,0.017940205818036948,1.0068205635874397,0.13701114005904363,2.9042551922408038,000880.npy,"(256, 256)","(128, 128)",2.0
70.04180764271864,0.0143157892959781,1.0027037601225885,0.11991232314893649,1.7487449435728593,000881.npy,"(256, 256)","(128, 128)",2.0
92.58464142220564,0.010804556846474578,1.0003360213566856,0.10405540544094079,1.5594733798185334,000882.npy,"(256, 256)","(128, 128)",2.0
86.56439731745613,0.011580058941898964,1.0024208232061025,0.10792327294057108,1.847763581736637,000883.npy,"(256, 256)","(128, 128)",2.0
34.649516954456786,0.029124355719354053,1.0091448572853887,0.1739044616763026,3.2159316682147243,000884.npy,"(256, 256)","(128, 128)",2.0
51.15186874182728,0.019824236285311648,1.014046732373231,0.14637213028395762,3.003969388317242,000885.npy,"(256, 256)","(128, 128)",2.0
26.446271345144503,0.038271546831923256,1.0121397123154479,0.2124843475634521,4.866388609311808,000886.npy,"(256, 256)","(128, 128)",2.0
41.42857797161905,0.024442443657919807,1.0126156828990363,0.1645684872400577,4.356931675270573,000887.npy,"(256, 256)","(128, 128)",2.0
53.63095653914836,0.01871729810371227,1.0038266011304768,0.13827679660065692,3.4217990071634,000888.npy,"(256, 256)","(128, 128)",2.0
72.16798289494311,0.013852090621967706,0.9996774390653672,0.11781024782371599,1.886479767940971,000889.npy,"(256, 256)","(128, 128)",2.0
83.75043169766897,0.01194249099347328,1.0001887762489108,0.1093313259322753,1.7215290613769445,000890.npy,"(256, 256)","(128, 128)",2.0
103.1456532934205,0.009701288575278095,1.0006457478850557,0.09854071239146371,1.8029981965564936,000891.npy,"(256, 256)","(128, 128)",2.0
30.319418628977683,0.03375537675831627,1.0234433989142546,0.21506000192217706,7.268998756222584,000892.npy,"(256, 256)","(128, 128)",2.0
80.55979263480278,0.012480673120217797,1.0054404385075026,0.1233652367401226,7.615032195667994,000893.npy,"(256, 256)","(128, 128)",2.0
55.86985506178568,0.01806138245574932,1.0090868200181933,0.15080319413689666,4.947761085000783,000894.npy,"(256, 256)","(128, 128)",2.0
46.3284846419149,0.021805919489263855,1.0102352061611932,0.16953128557602948,5.991368166677153,000895.npy,"(256, 256)","(128, 128)",2.0
40.225482968112175,0.025291062321771928,1.0173451966699003,0.17784694608077134,4.340203056207576,000896.npy,"(256, 256)","(128, 128)",2.0
56.863558563178785,0.01773684350845595,1.0085800395690223,0.1439273325248563,3.596292925047027,000897.npy,"(256, 256)","(128, 128)",2.0
67.62496745130198,0.014919480138046745,1.0089293587257575,0.1309572258092541,3.3561284022671085,000898.npy,"(256, 256)","(128, 128)",2.0
76.79025084313503,0.013117988040570164,1.0073335921926283,0.12322809797339698,3.098113357024825,000899.npy,"(256, 256)","(128, 128)",2.0
12.43306380771908,0.08545999813538144,1.062529609824751,0.3348408846121954,7.836793413575754,000900.npy,"(256, 256)","(128, 128)",2.0
23.101826909800888,0.04436635686907619,1.0249438970078537,0.24636884789867855,7.296334689219788,000901.npy,"(256, 256)","(128, 128)",2.0
25.417625069428333,0.040320584306295704,1.0248534944777004,0.22754688985642837,7.204256702960474,000902.npy,"(256, 256)","(128, 128)",2.0
25.224952912024857,0.04061755275864406,1.0245758557384816,0.23425415255238605,6.410809449990844,000903.npy,"(256, 256)","(128, 128)",2.0
23.376305480894356,0.04396371345012567,1.0277091956846416,0.25818295183067386,9.288397065584281,000904.npy,"(256, 256)","(128, 128)",2.0
45.84304779049891,0.021968041377812223,1.0070819707467031,0.14989392857452424,3.2496772737296222,000905.npy,"(256, 256)","(128, 128)",2.0
99.92282285287486,0.010012102996787862,1.000437594132771,0.1002507206260367,2.194067655678527,000906.npy,"(256, 256)","(128, 128)",2.0
82.0646586339845,0.012232082609657293,1.003821683744224,0.11111714131898806,1.9015018211093186,000907.npy,"(256, 256)","(128, 128)",2.0
38.33426672149334,0.026611318637066842,1.020125386443967,0.17318595264563763,3.8780950311539084,000908.npy,"(256, 256)","(128, 128)",2.0
54.6753685879863,0.01832111617780559,1.0017137799648395,0.13560098985589666,1.9153185991151254,000909.npy,"(256, 256)","(128, 128)",2.0
66.51489320005008,0.015059895422301966,1.0017073356183384,0.12271019747426348,1.855233226840077,000910.npy,"(256, 256)","(128, 128)",2.0
84.17533254478145,0.011906083748646573,1.0021985588483435,0.1095033831119909,1.7249076266436194,000911.npy,"(256, 256)","(128, 128)",2.0
66.5530563728166,0.015064131815676854,1.0025640139362817,0.12297111718442778,2.601840193215383,000912.npy,"(256, 256)","(128, 128)",2.0
17.99031172666704,0.05807620790028253,1.0448090840288058,0.27591006867277634,7.039146758654586,000913.npy,"(256, 256)","(128, 128)",2.0
19.469941083017755,0.05361537398588499,1.0438881726491436,0.26562915757332567,5.7188743615493545,000914.npy,"(256, 256)","(128, 128)",2.0
20.342016554954625,0.051412138648432436,1.045826575512035,0.260370531193461,4.723804311886721,000915.npy,"(256, 256)","(128, 128)",2.0
14.854882690154387,0.0716987171266111,1.0650760319503711,0.32644487961380925,6.265673155053309,000916.npy,"(256, 256)","(128, 128)",2.0
81.03745557306232,0.012403021564339794,1.0051093089919199,0.11595693130476727,3.701253198943396,000917.npy,"(256, 256)","(128, 128)",2.0
84.38286279469078,0.011887739288980905,1.0031214733611307,0.11344754395050786,3.581963929033345,000918.npy,"(256, 256)","(128, 128)",2.0
63.67719595689081,0.01578182015299251,1.0049420544385126,0.12903332499298387,3.2180266402880116,000919.npy,"(256, 256)","(128, 128)",2.0
12.348591166622844,0.08492087796182762,1.0486532034612812,0.3258450309672794,5.693917239963326,000920.npy,"(256, 256)","(128, 128)",2.0
51.47535553760131,0.019744300292319255,1.016344877388299,0.14921521697254064,4.465649543940858,000921.npy,"(256, 256)","(128, 128)",2.0
47.212736805980285,0.021508893413338614,1.0154937237118389,0.15577689133885683,4.233094944158839,000922.npy,"(256, 256)","(128, 128)",2.0
45.50517519043433,0.02227790890149046,1.0137601474388598,0.15959597710939638,5.211340606603774,000923.npy,"(256, 256)","(128, 128)",2.0
94.7228454101249,0.01058672055917562,1.0028042949269833,0.1058791934701126,2.3684926619129922,000924.npy,"(256, 256)","(128, 128)",2.0
33.0680411636343,0.0306952478888359,1.0150317207159842,0.1808678375919898,2.555082161506349,000925.npy,"(256, 256)","(128, 128)",2.0
29.277455630925328,0.03472059705926044,1.016530739881734,0.19212689077000125,3.251887530075117,000926.npy,"(256, 256)","(128, 128)",2.0
33.96856816722418,0.029890527548936414,1.0153384226003388,0.17873288846261334,2.814152797772049,000927.npy,"(256, 256)","(128, 128)",2.0
71.85415375246633,0.013949068632582863,1.0022985222293144,0.12461819183114384,6.388791740680415,000928.npy,"(256, 256)","(128, 128)",2.0
58.194449168662636,0.017267288972752575,1.0048603704054586,0.13233842227713732,2.529790082894041,000929.npy,"(256, 256)","(128, 128)",2.0
62.772039551940544,0.016103336611975647,1.0108392827251476,0.13020740262292363,3.689546072462351,000930.npy,"(256, 256)","(128, 128)",2.0
67.81127501352557,0.01490080544676284,1.0104426160734747,0.12718258785393585,4.808047819777247,000931.npy,"(256, 256)","(128, 128)",2.0
19.886471949455753,0.05337248863673784,1.061390498147133,0.28426139526489863,6.29990814555144,000932.npy,"(256, 256)","(128, 128)",2.0
30.82672843722818,0.03247097711204724,1.0009739935245319,0.18060633027978493,2.9302291218620944,000933.npy,"(256, 256)","(128, 128)",2.0
44.53542923779495,0.02258114390878799,1.005660936658292,0.15947640499568844,6.406753228951668,000934.npy,"(256, 256)","(128, 128)",2.0
29.213062831386463,0.03429753890603419,1.0019361590238984,0.18567607825892948,3.7188367893429612,000935.npy,"(256, 256)","(128, 128)",2.0
21.968014941854797,0.04718730152640055,1.036611344997775,0.24067263735862446,4.433362999579879,000936.npy,"(256, 256)","(128, 128)",2.0
52.671281865873645,0.019012779766753023,1.001427482148428,0.14007850643982497,2.891398892315345,000937.npy,"(256, 256)","(128, 128)",2.0
101.06721124147616,0.009905103445593883,1.0010811823045103,0.09986253752217196,2.849492420280788,000938.npy,"(256, 256)","(128, 128)",2.0
57.642807639971174,0.01744230600053073,1.0054234895861078,0.13583370734677314,3.2516259956298734,000939.npy,"(256, 256)","(128, 128)",2.0
20.990581664775267,0.04916430257818882,1.0319873082591937,0.24063962191277782,5.622980517076969,000940.npy,"(256, 256)","(128, 128)",2.0
69.5499641866765,0.014342761101721424,0.9975385209627818,0.11980868522381453,2.211646541001632,000941.npy,"(256, 256)","(128, 128)",2.0
64.87903948860587,0.015379788822135773,0.9978259263177659,0.12350047176349456,1.8958172784338754,000942.npy,"(256, 256)","(128, 128)",2.0
63.05710243714085,0.015792355438773765,0.9958201746264956,0.12531336895189724,1.8973823798476517,000943.npy,"(256, 256)","(128, 128)",2.0
75.93899823676674,0.013156829020550634,0.999116415793036,0.1154672181002591,3.237522507043546,000944.npy,"(256, 256)","(128, 128)",2.0
60.943737725441935,0.016484545531937247,1.0046298194214893,0.1299022846330022,2.6345800939205777,000945.npy,"(256, 256)","(128, 128)",2.0
76.97858715151773,0.013076401591131756,1.006602919511181,0.1181637296737687,3.2123338415120557,000946.npy,"(256, 256)","(128, 128)",2.0
71.61521371750916,0.014019797837566761,1.0040308184136164,0.11984808144970331,3.466617179443348,000947.npy,"(256, 256)","(128, 128)",2.0
61.692450281889066,0.01633953269145477,1.0080258081968743,0.13349788155230893,3.245635597074246,000948.npy,"(256, 256)","(128, 128)",2.0
69.13067409009184,0.014533512306957699,1.0047115026766316,0.12206133940809097,2.937198583138832,000949.npy,"(256, 256)","(128, 128)",2.0
71.2115454895016,0.014089086626806835,1.0033056332303836,0.12044857759279479,2.490854331457447,000950.npy,"(256, 256)","(128, 128)",2.0
66.11597793755888,0.015220071841519984,1.0062899340819964,0.12542578032115062,2.8929318720771606,000951.npy,"(256, 256)","(128, 128)",2.0
54.59704947367692,0.018444273730861896,1.0070029253899064,0.1380846280104525,3.0221404608506823,000952.npy,"(256, 256)","(128, 128)",2.0
62.56081093648354,0.01600432424677419,1.0012435033686196,0.12747113521250183,2.5284461888102476,000953.npy,"(256, 256)","(128, 128)",2.0
60.198245469534875,0.01663663087583004,1.0014959892492596,0.12922124627015683,2.0978898856492183,000954.npy,"(256, 256)","(128, 128)",2.0
57.25551654858163,0.01751390150131095,1.0027674772385378,0.1332218369071479,2.483456487386353,000955.npy,"(256, 256)","(128, 128)",2.0
28.084295936158387,0.0366207972914745,1.0284693085518375,0.2267506612776517,8.983135261315741,000956.npy,"(256, 256)","(128, 128)",2.0
1.8930170072668089,0.7678695916397742,1.453590196337112,1.4748753959324024,17.706294777121688,000957.npy,"(256, 256)","(128, 128)",2.0
1.8355705819075547,0.8027648212935622,1.4735314901567382,1.5231885032919052,17.47845250215732,000958.npy,"(256, 256)","(128, 128)",2.0
1.8770833818300723,0.7786062645254518,1.4615088801295149,1.4844459693183283,20.691459968816083,000959.npy,"(256, 256)","(128, 128)",2.0
102.32249869373878,0.009787870003781736,1.0015193156764417,0.10053583236768363,2.9974500612602055,000960.npy,"(256, 256)","(128, 128)",2.0
74.34704332735969,0.013488005894006932,1.0027933586014162,0.11735417825741712,2.4671712256283804,000961.npy,"(256, 256)","(128, 128)",2.0
44.857300147282636,0.022444266643593315,1.006789205417309,0.1512934863041558,2.359571054671514,000962.npy,"(256, 256)","(128, 128)",2.0
72.13035958593152,0.013915953088595381,1.0037627002613392,0.11890967881587222,2.653124642381891,000963.npy,"(256, 256)","(128, 128)",2.0
57.646030973441334,0.017510614997878267,1.009417454531697,0.1346695585302368,3.213266505694067,000964.npy,"(256, 256)","(128, 128)",2.0
58.94508808929929,0.01705751172615108,1.005456531282231,0.1314123409598977,1.8666919398276696,000965.npy,"(256, 256)","(128, 128)",2.0
85.63107600121599,0.011754582939121577,1.0065575850225166,0.10910625793410533,1.91362467280096,000966.npy,"(256, 256)","(128, 128)",2.0
51.59432682118776,0.01949261928578622,1.0057085700318418,0.14023288886229573,1.8767790355077312,000967.npy,"(256, 256)","(128, 128)",2.0
26.134621303217752,0.03955920833279756,1.0338649288327604,0.21161471921204777,4.442075715378217,000968.npy,"(256, 256)","(128, 128)",2.0
33.91512352707623,0.03012695307178959,1.0217593349241727,0.18453978860070552,5.431260067098752,000969.npy,"(256, 256)","(128, 128)",2.0
37.723186962072546,0.027062424836810997,1.0208809117660569,0.17520629411981276,5.291133612997799,000970.npy,"(256, 256)","(128, 128)",2.0
35.43403007988089,0.028762192918243966,1.0191604090283939,0.1816986252092833,8.475873613290048,000971.npy,"(256, 256)","(128, 128)",2.0
58.34491739384645,0.0172897880843234,1.0087712575369594,0.1386292590505372,4.451785670868036,000972.npy,"(256, 256)","(128, 128)",2.0
66.17044654166392,0.01522523501320769,1.0074605995257293,0.12726064645963792,3.081963818125251,000973.npy,"(256, 256)","(128, 128)",2.0
56.49058983773588,0.01789818398774323,1.0110789704919347,0.13796453179214638,3.1620224803250094,000974.npy,"(256, 256)","(128, 128)",2.0
53.18542134701766,0.018973763104054367,1.0091275852276291,0.142664498112181,3.92131236151601,000975.npy,"(256, 256)","(128, 128)",2.0
85.58062739098152,0.011698485189745776,1.001163702062549,0.10979576842503579,3.3473841963281252,000976.npy,"(256, 256)","(128, 128)",2.0
73.19795890449898,0.013675978483443128,1.0010537110098823,0.11955960716274502,3.471043249768184,000977.npy,"(256, 256)","(128, 128)",2.0
94.19688405541434,0.010625650765958342,1.0009031932143027,0.10473469674853958,3.31823672371215,000978.npy,"(256, 256)","(128, 128)",2.0
78.38084529252492,0.01277457819756971,1.0012822373809733,0.11461962656907193,2.589210286915332,000979.npy,"(256, 256)","(128, 128)",2.0
8.808789064694853,0.12549714536053544,1.105477881702305,0.4178008335555667,7.044035871362194,000980.npy,"(256, 256)","(128, 128)",2.0
59.89439281935036,0.016780771318577664,1.0050741091665785,0.13558320950955433,5.597649515931804,000981.npy,"(256, 256)","(128, 128)",2.0
57.363869528097716,0.017565521581296553,1.0076262881824802,0.14191601535268047,7.311099625738289,000982.npy,"(256, 256)","(128, 128)",2.0
64.7001957493688,0.015476231237564206,1.0013151905329003,0.1267715047035264,4.931230308853951,000983.npy,"(256, 256)","(128, 128)",2.0
1.8635775029161947,0.7858647592334224,1.4645198856420578,1.4907245371914883,18.670054722843545,000984.npy,"(256, 256)","(128, 128)",2.0
50.799855897092804,0.019874192071625885,1.0096060933097393,0.14484424878336777,3.180940867098444,000985.npy,"(256, 256)","(128, 128)",2.0
49.20994446649875,0.020488939939102602,1.0082595965806673,0.14697608958074823,2.9391579884104444,000986.npy,"(256, 256)","(128, 128)",2.0
47.14901000767853,0.021521213108822296,1.0147038922452447,0.15274442508353173,2.757155829465659,000987.npy,"(256, 256)","(128, 128)",2.0
55.98286060627871,0.01804315244879934,1.01010728843897,0.1427798392805096,4.067351257272689,000988.npy,"(256, 256)","(128, 128)",2.0
54.92701155644315,0.018284062927343945,1.0042889357089546,0.13697641791712234,2.2651234691009487,000989.npy,"(256, 256)","(128, 128)",2.0
67.24405400413947,0.014954311082418369,1.0055885020208422,0.124711770368228,2.7601782748325596,000990.npy,"(256, 256)","(128, 128)",2.0
71.82266179728877,0.013993076697285898,1.0050200151326876,0.11980131428309948,2.4010297289979983,000991.npy,"(256, 256)","(128, 128)",2.0
48.64286958909976,0.020488663353727742,0.996627379570346,0.14322907863022896,2.418539212910807,000992.npy,"(256, 256)","(128, 128)",2.0
70.5348521301585,0.01421753363138132,1.0028316323450368,0.12026933906315261,2.34090490697005,000993.npy,"(256, 256)","(128, 128)",2.0
69.5705323312935,0.014413976847529165,1.0027880422935438,0.12152604091057174,2.7972244847831678,000994.npy,"(256, 256)","(128, 128)",2.0
82.47619865454293,0.01217791530458906,1.0043881618594859,0.11136418208616147,2.488908075354025,000995.npy,"(256, 256)","(128, 128)",2.0
35.42502554061969,0.028710595335676766,1.017073573052746,0.21339192546859181,7.484737029718106,000996.npy,"(256, 256)","(128, 128)",2.0
59.964251097910534,0.01680276278605754,1.0075650868417811,0.13118889361422834,4.050198999284766,000997.npy,"(256, 256)","(128, 128)",2.0
67.65406089399805,0.014896210114122559,1.0077891061506372,0.12328649190027449,1.820120651983873,000998.npy,"(256, 256)","(128, 128)",2.0
72.65451791046411,0.013863461527026338,1.007243113816365,0.11964756522364224,3.154784067267433,000999.npy,"(256, 256)","(128, 128)",2.0
9.215737620082697,0.11811531966550852,1.0885197949495204,0.4239219352406095,8.27900102422027,001000.npy,"(256, 256)","(128, 128)",2.0
49.691849425404385,0.02021967066186341,1.0047528299605832,0.1457185890791451,2.951630161068627,001001.npy,"(256, 256)","(128, 128)",2.0
72.69402951013593,0.013802165382460797,1.0033350176163818,0.12092862846060744,3.870219359730063,001002.npy,"(256, 256)","(128, 128)",2.0
49.422469388826784,0.02029456595477825,1.0030075646595542,0.14548332671771783,3.237849665311623,001003.npy,"(256, 256)","(128, 128)",2.0
50.43539076695235,0.020154531926607724,1.0165016934434776,0.14568083233106763,2.6673525582716135,001004.npy,"(256, 256)","(128, 128)",2.0
80.28500736121042,0.012463556459118477,1.0006367220671886,0.11189704523276593,1.8778388670853174,001005.npy,"(256, 256)","(128, 128)",2.0
74.3121999761992,0.013500192572063646,1.0032290101323926,0.11672045875351852,1.7179670891647836,001006.npy,"(256, 256)","(128, 128)",2.0
86.41447802795,0.011603825888330647,1.002738557267306,0.1081041215048941,1.7979322174986891,001007.npy,"(256, 256)","(128, 128)",2.0
35.54099945388703,0.028588973389109058,1.0160806876095159,0.1833503778598783,5.718016738127994,001008.npy,"(256, 256)","(128, 128)",2.0
49.0839813605745,0.02051654337849481,1.0070336327734575,0.14655203547852533,3.1254634350874952,001009.npy,"(256, 256)","(128, 128)",2.0
65.2659778707282,0.015363749771217298,1.0027301525796735,0.1257121145047614,3.3416874492260598,001010.npy,"(256, 256)","(128, 128)",2.0
83.09435740052463,0.01209422486549869,1.00496184345606,0.11258557428206878,2.5578989562458814,001011.npy,"(256, 256)","(128, 128)",2.0
24.884916314052482,0.04150262149485268,1.0327892627132047,0.22002257993378113,4.228768891107398,001012.npy,"(256, 256)","(128, 128)",2.0
65.43663182862795,0.01534386473643188,1.0040508275861604,0.1294046952623096,4.019881648873572,001013.npy,"(256, 256)","(128, 128)",2.0
66.16412634622334,0.015124100126163182,1.0006728716203932,0.12396813115220623,2.7801171392377513,001014.npy,"(256, 256)","(128, 128)",2.0
82.18313448850988,0.012217557764940375,1.004077192917233,0.1122543263953663,2.367832376336842,001015.npy,"(256, 256)","(128, 128)",2.0
35.895771553086185,0.028443109195196544,1.0209873499302602,0.1883082993737279,5.330138612151353,001016.npy,"(256, 256)","(128, 128)",2.0
57.157274725977835,0.017547454066556955,1.0029646528236729,0.13319041171675297,2.03799265831303,001017.npy,"(256, 256)","(128, 128)",2.0
55.254750672540084,0.018177650849481853,1.0044015655006062,0.13600352806460864,2.738401095585504,001018.npy,"(256, 256)","(128, 128)",2.0
54.655641106528634,0.018387131874851314,1.0049604807302863,0.13643820795826378,2.159526910311738,001019.npy,"(256, 256)","(128, 128)",2.0
31.56817795173478,0.03250683479036945,1.0261815453100258,0.19760681681091125,5.121295522295823,001020.npy,"(256, 256)","(128, 128)",2.0
17.55811984249419,0.059548848319345954,1.045565815273585,0.2696935770320117,6.184034193934229,001021.npy,"(256, 256)","(128, 128)",2.0
16.468167613332575,0.06338165311233795,1.0437796870640836,0.2792265033561127,8.253401571108828,001022.npy,"(256, 256)","(128, 128)",2.0
19.333850824438045,0.053785118889858624,1.0398734651911914,0.2614966698427132,6.992943478943599,001023.npy,"(256, 256)","(128, 128)",2.0
41.88359559214795,0.024243523263748852,1.0154059241076876,0.17685080397125658,6.861137903219211,001024.npy,"(256, 256)","(128, 128)",2.0
41.85067801944423,0.024214780950816417,1.0134050008839894,0.16341972922741052,4.625390199787042,001025.npy,"(256, 256)","(128, 128)",2.0
48.164522098405136,0.021001103482877554,1.011508112791949,0.15005865469770513,2.8677770635857747,001026.npy,"(256, 256)","(128, 128)",2.0
46.12920096013781,0.021780770863937572,1.0047295562492906,0.14952057794827636,2.366234561850702,001027.npy,"(256, 256)","(128, 128)",2.0
51.75230970230605,0.01958067708918208,1.0133452649001995,0.15663294606813175,6.156876268846663,001028.npy,"(256, 256)","(128, 128)",2.0
112.31097897452624,0.00891688861691147,1.0014644899721363,0.09497434796347055,2.299999179819495,001029.npy,"(256, 256)","(128, 128)",2.0
82.79467667298722,0.012097784521102268,1.0016321578841318,0.11054562597948313,2.7453703340970166,001030.npy,"(256, 256)","(128, 128)",2.0
104.27297053468726,0.00959916086469535,1.0009330180021014,0.09803557691522237,1.7935423895773213,001031.npy,"(256, 256)","(128, 128)",2.0
17.958836871759658,0.05866392329275256,1.053535828671965,0.28130778264544487,5.647007074913114,001032.npy,"(256, 256)","(128, 128)",2.0
20.86164467267352,0.0499395053292213,1.0418202153073004,0.2501718243157551,5.292268247948717,001033.npy,"(256, 256)","(128, 128)",2.0
19.675831312122284,0.05293318405158863,1.0415044002125795,0.2602842648975666,5.582387148303141,001034.npy,"(256, 256)","(128, 128)",2.0
22.172153355170828,0.046983594259742904,1.0417274571041435,0.2430122453422945,4.759813209321174,001035.npy,"(256, 256)","(128, 128)",2.0
55.031742765323315,0.01825638114449264,1.0046804709694177,0.14571808625927096,5.173266526783974,001036.npy,"(256, 256)","(128, 128)",2.0
43.86880256868715,0.02310283221937917,1.0134935854094493,0.17469262339242897,7.60302744126259,001037.npy,"(256, 256)","(128, 128)",2.0
51.579611871093185,0.019606442421967855,1.0112926902980381,0.16120592240046983,10.164975341166588,001038.npy,"(256, 256)","(128, 128)",2.0
47.85169554866074,0.021228486598171552,1.01581907765453,0.16841162191796913,7.479168294308496,001039.npy,"(256, 256)","(128, 128)",2.0
29.64428737713193,0.03439343272142496,1.0195688034799744,0.22160597460826775,8.657911507851848,001040.npy,"(256, 256)","(128, 128)",2.0
9.322246943132637,0.11839670877523693,1.1037233564569175,0.43418828664704856,6.905047911294001,001041.npy,"(256, 256)","(128, 128)",2.0
9.83305978720311,0.11250168858004485,1.1062358299688864,0.4287340085658138,8.395531967566285,001042.npy,"(256, 256)","(128, 128)",2.0
8.894048491986142,0.12531796623603383,1.114584068620367,0.45184903067698035,7.8820584059388805,001043.npy,"(256, 256)","(128, 128)",2.0
24.920681185304225,0.041076818994103835,1.0236623102585107,0.24971862880097706,9.882994922885455,001044.npy,"(256, 256)","(128, 128)",2.0
111.02106302541847,0.009028895142649034,1.002397536681933,0.0951344672735527,1.569508046232795,001045.npy,"(256, 256)","(128, 128)",2.0
107.94870687232729,0.00928650975624364,1.0024667195437524,0.09651222618391816,1.5891574523584717,001046.npy,"(256, 256)","(128, 128)",2.0
97.815666908918,0.010234435042566856,1.0010880891246776,0.10115226237410167,1.629213160071657,001047.npy,"(256, 256)","(128, 128)",2.0
63.31957281892397,0.015808203335121004,1.0009686822145512,0.12613086572160215,2.258745044799433,001048.npy,"(256, 256)","(128, 128)",2.0
71.78174587357009,0.01396232764169957,1.0022402545800018,0.11890105798013183,2.3749234277873668,001049.npy,"(256, 256)","(128, 128)",2.0
61.44589526587225,0.016285123160186928,1.0006539720926766,0.12850228534779873,2.3680435986254253,001050.npy,"(256, 256)","(128, 128)",2.0
99.28743771961167,0.010123040109202027,1.0050907143755272,0.1026747345773755,2.7008187599440134,001051.npy,"(256, 256)","(128, 128)",2.0
53.83609350219214,0.0186565829838315,1.0043975459489596,0.13958334437269795,3.827699843098733,001052.npy,"(256, 256)","(128, 128)",2.0
88.43743596498135,0.011308330633450318,1.0000797662665994,0.10625129669348221,1.7983993977591568,001053.npy,"(256, 256)","(128, 128)",2.0
55.78709762686193,0.017904253618684356,0.9988263445616402,0.13353961102340142,2.1027780405845315,001054.npy,"(256, 256)","(128, 128)",2.0
111.7422810896383,0.008955767214368544,1.0007378574413368,0.0948262313755442,1.9866210056940148,001055.npy,"(256, 256)","(128, 128)",2.0
24.85572541484661,0.04146190903020426,1.0305658260301063,0.22537133222355446,4.57873187781011,001056.npy,"(256, 256)","(128, 128)",2.0
22.438245058975628,0.04612517722432156,1.0349680299480084,0.2534774200739529,8.076473156367038,001057.npy,"(256, 256)","(128, 128)",2.0
26.943825152076105,0.03817646870395427,1.0286200976830493,0.22630325273575236,6.004678584432031,001058.npy,"(256, 256)","(128, 128)",2.0
29.172548099555804,0.035284935886304235,1.029351489332953,0.22103154288825266,7.195380532072275,001059.npy,"(256, 256)","(128, 128)",2.0
83.1061672610594,0.012103212411581452,1.0058515950730182,0.11225708884287412,3.4251418835540193,001060.npy,"(256, 256)","(128, 128)",2.0
69.4904340362569,0.014461215622957671,1.0049161503312278,0.12160580017403427,2.0448526325384506,001061.npy,"(256, 256)","(128, 128)",2.0
70.8279466613357,0.014191277698324041,1.005139059873098,0.12052517076900741,2.0776900185872944,001062.npy,"(256, 256)","(128, 128)",2.0
61.37558626738206,0.016341985919431076,1.002998966578385,0.12937092966376368,3.0157444338089094,001063.npy,"(256, 256)","(128, 128)",2.0
91.73212986635653,0.01091373153287883,1.0011398383005912,0.10494683388551239,2.0895232249283047,001064.npy,"(256, 256)","(128, 128)",2.0
61.1056826550085,0.0163664941010536,1.0000857947140498,0.1281110896953744,1.8030305648639968,001065.npy,"(256, 256)","(128, 128)",2.0
64.7024301116538,0.01548398317630322,1.0018513393147823,0.12458668368177918,1.9342298697834104,001066.npy,"(256, 256)","(128, 128)",2.0
80.10817964670011,0.01250235898947585,1.0015412199364675,0.1118668028521904,2.0249060114667112,001067.npy,"(256, 256)","(128, 128)",2.0
55.642913673788215,0.01810654605297907,1.0075009789563851,0.14534621479680426,5.2060691885500745,001068.npy,"(256, 256)","(128, 128)",2.0
20.36263418650693,0.051198874650243115,1.0425439552637235,0.2795999502170088,7.396980518330397,001069.npy,"(256, 256)","(128, 128)",2.0
19.24394755828106,0.0543928186570827,1.0467325497839912,0.2888081193614508,7.3180233408305355,001070.npy,"(256, 256)","(128, 128)",2.0
16.129196682048775,0.0650882742992133,1.0498215778671516,0.3172321561302264,9.439165295746452,001071.npy,"(256, 256)","(128, 128)",2.0
40.209641910526386,0.02529513953152104,1.0171085026392612,0.16878644886194585,4.685270073429632,001072.npy,"(256, 256)","(128, 128)",2.0
27.511309959485015,0.03731215594925725,1.026506287576659,0.21156478471868512,5.885400989682049,001073.npy,"(256, 256)","(128, 128)",2.0
31.12001303555074,0.03299617995249695,1.0268415502450832,0.20271555005946054,7.736731839160046,001074.npy,"(256, 256)","(128, 128)",2.0
26.93223219991209,0.03797939548063993,1.0228698978968864,0.2131077845329651,6.688110541831617,001075.npy,"(256, 256)","(128, 128)",2.0
46.00130818694943,0.022085471907596663,1.015960599675568,0.15638969430999058,3.993565435698339,001076.npy,"(256, 256)","(128, 128)",2.0
23.164672306815095,0.04477539233526529,1.0372072908555008,0.23077072826625575,5.067443391165052,001077.npy,"(256, 256)","(128, 128)",2.0
22.95666388833518,0.04512769473097397,1.035981319994364,0.2301855167195015,3.8948772687028432,001078.npy,"(256, 256)","(128, 128)",2.0
24.055445447838444,0.043037542192552264,1.0352872484219864,0.22648645934634473,4.611548093206221,001079.npy,"(256, 256)","(128, 128)",2.0
45.41365323228204,0.02221935839536743,1.0090622372110112,0.1631600218460661,4.84920479962659,001080.npy,"(256, 256)","(128, 128)",2.0
82.60516810317112,0.012128745001108951,1.0018970196971013,0.1102854353669922,1.790904681390217,001081.npy,"(256, 256)","(128, 128)",2.0
107.40242617546804,0.00930352666802338,0.9992213361338793,0.09637291330778266,1.7209712023550294,001082.npy,"(256, 256)","(128, 128)",2.0
60.87238701751096,0.016429007010943113,1.0000728730835302,0.12824805316491794,1.778531963771748,001083.npy,"(256, 256)","(128, 128)",2.0
78.72812159609884,0.012759880118607776,1.004561393529397,0.11400783127297263,2.419742673940559,001084.npy,"(256, 256)","(128, 128)",2.0
62.696270977445614,0.016074291055208467,1.0077981077676803,0.12734437738930976,1.6781547392888927,001085.npy,"(256, 256)","(128, 128)",2.0
60.33669992597177,0.01666224149868743,1.0053446654003777,0.1296097260407306,1.8695499392187063,001086.npy,"(256, 256)","(128, 128)",2.0
66.65261805684612,0.01508929582017651,1.0057410710489896,0.1239993149164546,1.8398640730683649,001087.npy,"(256, 256)","(128, 128)",2.0
50.16278828876015,0.020171521806009902,1.0118597778169836,0.148316117986546,5.468005215605568,001088.npy,"(256, 256)","(128, 128)",2.0
73.3926597055545,0.013748958234372515,1.0090726130011833,0.12260814206348161,3.1256305689996546,001089.npy,"(256, 256)","(128, 128)",2.0
61.10513918279137,0.016538547814593765,1.010590266092002,0.13311061913236263,2.7192267965054584,001090.npy,"(256, 256)","(128, 128)",2.0
65.88554311069977,0.015335361843235105,1.0103786438406468,0.13073618749954766,3.6260487271449464,001091.npy,"(256, 256)","(128, 128)",2.0
41.53644878801206,0.024384440482896553,1.0128430633421608,0.16401145524322555,3.535507257165189,001092.npy,"(256, 256)","(128, 128)",2.0
57.12125089789799,0.017544993557621406,1.002191979006896,0.13267189587392245,1.767840867027484,001093.npy,"(256, 256)","(128, 128)",2.0
74.26501947742258,0.013487272308653174,1.0016325406994302,0.11649871128027656,1.7861409512519557,001094.npy,"(256, 256)","(128, 128)",2.0
87.67910861895365,0.011430911402135072,1.0022521224414367,0.10717639154996284,1.6152221850021713,001095.npy,"(256, 256)","(128, 128)",2.0
39.62438820723125,0.025785118645224456,1.0217195511678905,0.1759022673583083,3.4696085594055575,001096.npy,"(256, 256)","(128, 128)",2.0
28.57246621384496,0.03614931034553917,1.0328749485017141,0.209508285093198,7.407464899462607,001097.npy,"(256, 256)","(128, 128)",2.0
23.50174416397985,0.043969059627979666,1.0333495905075532,0.23143981038961106,4.958639272957373,001098.npy,"(256, 256)","(128, 128)",2.0
24.97212764937226,0.041413362788910967,1.0341797819544478,0.2263410187344737,5.679793642390336,001099.npy,"(256, 256)","(128, 128)",2.0
39.269074320625016,0.025767762879323242,1.011876195584387,0.17632014488777017,4.920279887420533,001100.npy,"(256, 256)","(128, 128)",2.0
71.61778219649838,0.013987887785591445,1.0017815008175481,0.12099043573313306,4.757237268940104,001101.npy,"(256, 256)","(128, 128)",2.0
55.6689270441123,0.018101669029109504,1.007700492558164,0.14505209018553675,5.604449402762229,001102.npy,"(256, 256)","(128, 128)",2.0
48.5068655867166,0.020750811734318846,1.006556835611866,0.15227528161288087,5.866505091254377,001103.npy,"(256, 256)","(128, 128)",2.0
33.274257976383865,0.030447957555644597,1.0131331945605047,0.21770780307016388,9.637765969085649,001104.npy,"(256, 256)","(128, 128)",2.0
19.66901015336252,0.051730815372298615,1.0174939327994634,0.2538904578942509,6.912939790174293,001105.npy,"(256, 256)","(128, 128)",2.0
15.479448009701295,0.06634106885776135,1.0269231262917304,0.302418662793716,10.78452699963794,001106.npy,"(256, 256)","(128, 128)",2.0
22.22345323673522,0.04627803936429375,1.028457843700174,0.24339899931697082,9.680770956891127,001107.npy,"(256, 256)","(128, 128)",2.0
23.130573766572013,0.04476009819810248,1.0353267531702164,0.262186839774298,7.770312974081972,001108.npy,"(256, 256)","(128, 128)",2.0
17.723003116380184,0.05913037041188116,1.0479677390824844,0.29198178651289686,7.085450617464534,001109.npy,"(256, 256)","(128, 128)",2.0
15.483869113713572,0.06840985089492276,1.0592491773456452,0.3151418727713831,7.50193568955413,001110.npy,"(256, 256)","(128, 128)",2.0
16.56583824882719,0.06335002782533954,1.0494463140132766,0.30204429752175455,8.607829846985958,001111.npy,"(256, 256)","(128, 128)",2.0
28.57895072362447,0.035571405006221975,1.0165934308429065,0.2260603386675128,7.518862572577958,001112.npy,"(256, 256)","(128, 128)",2.0
65.78213786906306,0.01532231703517723,1.0079347716815221,0.1288059904148113,2.8509862347661823,001113.npy,"(256, 256)","(128, 128)",2.0
58.77983523602178,0.01712267457557249,1.00646799035217,0.13616449100366645,2.88494709843343,001114.npy,"(256, 256)","(128, 128)",2.0
62.34461932535129,0.016181368763438234,1.008821275719687,0.13189510578015276,2.5564388974142784,001115.npy,"(256, 256)","(128, 128)",2.0
61.53159683448701,0.016517942519543152,1.01637537964776,0.13314445743491585,2.4485648384896934,001116.npy,"(256, 256)","(128, 128)",2.0
66.19178299545707,0.015152236343137119,1.0029535399208103,0.12347686039816347,2.6980130905260626,001117.npy,"(256, 256)","(128, 128)",2.0
99.23130690428009,0.010086725392999736,1.000918943131952,0.10127583911975896,3.5001435077957805,001118.npy,"(256, 256)","(128, 128)",2.0
100.66500074633393,0.009956690068577715,1.0022902131843914,0.1007310483606172,3.1295982934003796,001119.npy,"(256, 256)","(128, 128)",2.0
46.33259212229974,0.021836929746105228,1.0117615591296079,0.18067909114496142,7.561185122040081,001120.npy,"(256, 256)","(128, 128)",2.0
19.754683409481114,0.05280410098909515,1.0431282977618432,0.2663275941449416,6.670952603578533,001121.npy,"(256, 256)","(128, 128)",2.0
16.794504796748853,0.06242225612243443,1.0483508798721106,0.2925556558641047,7.7971559147513405,001122.npy,"(256, 256)","(128, 128)",2.0
20.5658735858664,0.050618585897653,1.0410154386664512,0.2649526640181279,7.400840961802544,001123.npy,"(256, 256)","(128, 128)",2.0
69.15109834231211,0.014516670961151099,1.003843741237546,0.12135728068183727,2.130108860872404,001124.npy,"(256, 256)","(128, 128)",2.0
54.90170243122961,0.018347059279718518,1.007284789063236,0.13740607257224852,2.1681276196571764,001125.npy,"(256, 256)","(128, 128)",2.0
72.92535781682598,0.013797887044646706,1.0062158498470086,0.12041437087406699,2.547379939194301,001126.npy,"(256, 256)","(128, 128)",2.0
73.02325053057396,0.01379417481997808,1.0072954837417942,0.12059388321044723,3.0941317413969034,001127.npy,"(256, 256)","(128, 128)",2.0
74.38587768794277,0.013498740447464193,1.0041156558663573,0.11938163428804202,3.9873672788589523,001128.npy,"(256, 256)","(128, 128)",2.0
72.01744594937972,0.013931031704666983,1.0032773228099496,0.11849822311340014,1.8038498592325973,001129.npy,"(256, 256)","(128, 128)",2.0
100.66422792190394,0.009957649860509234,1.0023791351248166,0.10019914418790286,1.736749305013722,001130.npy,"(256, 256)","(128, 128)",2.0
80.37672882947541,0.012487932390973722,1.0037391554301174,0.11229052657107223,1.6057867775532022,001131.npy,"(256, 256)","(128, 128)",2.0
10.358367896702521,0.10371780746327022,1.0743472071439115,0.4466719758082752,11.794228401100607,001132.npy,"(256, 256)","(128, 128)",2.0
10.692845429864995,0.09884538956900771,1.0569384721161892,0.41560707321546775,9.738079911481647,001133.npy,"(256, 256)","(128, 128)",2.0
11.036818266390885,0.0956879662595029,1.0560906938866763,0.4001300664052511,7.071391564801565,001134.npy,"(256, 256)","(128, 128)",2.0
11.063099703639077,0.09513958737558176,1.0525387408991427,0.40043547744507796,10.054965118808251,001135.npy,"(256, 256)","(128, 128)",2.0
31.28855655400523,0.033106751171630075,1.0358624563529264,0.1939429747262851,3.449078254844687,001136.npy,"(256, 256)","(128, 128)",2.0
60.08844010474807,0.01682650572607867,1.0110784814936786,0.13238207393716406,2.6307481961179078,001137.npy,"(256, 256)","(128, 128)",2.0
59.53108352047552,0.016964303381595724,1.0099033614764603,0.1332495996081353,2.598052526387586,001138.npy,"(256, 256)","(128, 128)",2.0
47.37226504134125,0.021386820746467663,1.0131421407933219,0.14952077932655483,2.91663972810164,001139.npy,"(256, 256)","(128, 128)",2.0
27.48396480467476,0.03705495298954686,1.0184170238035837,0.22390180919251507,5.722851425683571,001140.npy,"(256, 256)","(128, 128)",2.0
70.84194174359453,0.014172261383308984,1.0039905152913695,0.12061270932684762,2.33018669939178,001141.npy,"(256, 256)","(128, 128)",2.0
89.42830456186371,0.01119841650800107,1.001455402088122,0.10713548545469774,2.3479014705101173,001142.npy,"(256, 256)","(128, 128)",2.0
80.67997312789879,0.012440599022747438,1.0037071948502272,0.11468445570263747,4.6981789329475,001143.npy,"(256, 256)","(128, 128)",2.0
28.200459775752144,0.03650045743934423,1.02932968181478,0.21433899405156953,4.664069683434775,001144.npy,"(256, 256)","(128, 128)",2.0
28.21280164153209,0.03656773723092734,1.031678316975821,0.2214636745838769,5.103091138718513,001145.npy,"(256, 256)","(128, 128)",2.0
28.01618357800671,0.03673371209256511,1.0291384214869492,0.2199654569843646,5.396163487390434,001146.npy,"(256, 256)","(128, 128)",2.0
29.24214280988972,0.035289769250985786,1.0319484721653813,0.21590975037002727,5.468971198045425,001147.npy,"(256, 256)","(128, 128)",2.0
25.319883753479353,0.04081653633983004,1.0334699553441622,0.2351595804799985,7.286856038838886,001148.npy,"(256, 256)","(128, 128)",2.0
19.315279793698007,0.05428383123912464,1.0485073886575769,0.281189054820544,7.9891705078480655,001149.npy,"(256, 256)","(128, 128)",2.0
18.825203938107432,0.055822810389911985,1.0508757899883956,0.2859650107090999,8.007161183793961,001150.npy,"(256, 256)","(128, 128)",2.0
17.493523173253298,0.060136231539506486,1.0519945599884826,0.29507898243547837,6.954652592785249,001151.npy,"(256, 256)","(128, 128)",2.0
23.470957158416788,0.04403332794458959,1.033504353729979,0.2391718738801351,6.624827807990645,001152.npy,"(256, 256)","(128, 128)",2.0
44.937470906243696,0.022577022751305246,1.0145543030363815,0.1594750673360259,4.291160564074224,001153.npy,"(256, 256)","(128, 128)",2.0
43.213511898191356,0.023423921272673773,1.0122299006189857,0.16378526449671685,5.604909688372968,001154.npy,"(256, 256)","(128, 128)",2.0
47.780686427739134,0.02121193104300312,1.0135206256925575,0.15485264557171555,5.741205752373523,001155.npy,"(256, 256)","(128, 128)",2.0
25.65025540567988,0.03949518684439109,1.0130616298536794,0.21955851720279163,4.489181450400114,001156.npy,"(256, 256)","(128, 128)",2.0
22.322636102103427,0.0461797193273917,1.0308530698426372,0.23225862711381484,3.465218596067684,001157.npy,"(256, 256)","(128, 128)",2.0
19.26477513206565,0.05369375532668986,1.0343981223648324,0.24990605413942674,3.7837860607171208,001158.npy,"(256, 256)","(128, 128)",2.0
20.480641945999942,0.05062024198629143,1.0367350513411075,0.24629214890435636,3.55564019575462,001159.npy,"(256, 256)","(128, 128)",2.0
107.72195228767498,0.009312040910162609,1.003111226625414,0.09685253984631394,2.036240192697193,001160.npy,"(256, 256)","(128, 128)",2.0
91.91044113031955,0.01089549846739384,1.0014100704728885,0.1046456015050651,1.8783555475905476,001161.npy,"(256, 256)","(128, 128)",2.0
101.17326057856847,0.009901887420557786,1.0018062362197422,0.09961699952255967,1.788609846357095,001162.npy,"(256, 256)","(128, 128)",2.0
88.64555242370096,0.011286355658203179,1.0004852321717839,0.10640154628978458,1.7753201005169532,001163.npy,"(256, 256)","(128, 128)",2.0
18.455948705013753,0.055426462679223965,1.0229479521081166,0.2552316412255846,6.084317947859526,001164.npy,"(256, 256)","(128, 128)",2.0
72.11980031519052,0.01391108050347658,1.003264348079271,0.11874659395497923,3.0412254415295448,001165.npy,"(256, 256)","(128, 128)",2.0
108.05357012905986,0.009294591729095006,1.004313819220747,0.09747241891784476,2.6854169345053247,001166.npy,"(256, 256)","(128, 128)",2.0
91.20970047380565,0.010977413517165698,1.0012465988777888,0.10675598985465266,3.8806314102549355,001167.npy,"(256, 256)","(128, 128)",2.0
28.007817989502314,0.03629382942738275,1.016510968744179,0.20129910571682053,5.873592257074065,001168.npy,"(256, 256)","(128, 128)",2.0
40.789997837177616,0.02483733623110412,1.0131148911479904,0.16194789062801018,3.1838347594561176,001169.npy,"(256, 256)","(128, 128)",2.0
41.92306362058564,0.024124513316501207,1.0113735065833456,0.16011797907750627,3.703460327253526,001170.npy,"(256, 256)","(128, 128)",2.0
40.970865198912335,0.024687822625871176,1.011481452859226,0.162206524337915,4.02150853846833,001171.npy,"(256, 256)","(128, 128)",2.0
62.06859612465382,0.016142264174069193,1.0019276755577693,0.1283704180501223,2.3654194460289606,001172.npy,"(256, 256)","(128, 128)",2.0
81.76980536789877,0.01224416869479588,1.0012032910651782,0.1106790674275334,1.8820718360941229,001173.npy,"(256, 256)","(128, 128)",2.0
85.48738885813191,0.011712526789884329,1.001273332198129,0.10817662434039077,1.6565342731106225,001174.npy,"(256, 256)","(128, 128)",2.0
122.20119448793672,0.008186610602371837,1.0004135944174457,0.09052585304172357,1.5826672306771787,001175.npy,"(256, 256)","(128, 128)",2.0
22.59019954606336,0.04622886825828597,1.0443193587433546,0.24251150212155512,6.528593099645804,001176.npy,"(256, 256)","(128, 128)",2.0
38.77408769275363,0.026261582454065846,1.0182689010244292,0.18695654794744562,7.35657017481511,001177.npy,"(256, 256)","(128, 128)",2.0
41.053660244424975,0.024697360921785372,1.013917064216915,0.16883730756145235,6.971362747331708,001178.npy,"(256, 256)","(128, 128)",2.0
50.27617823555166,0.020147333327355105,1.0129309213371753,0.1509526739740824,6.208043751309032,001179.npy,"(256, 256)","(128, 128)",2.0
25.29161581676836,0.040907560396495686,1.0346183015494173,0.23780305461101633,6.846317108889297,001180.npy,"(256, 256)","(128, 128)",2.0
52.42353787964224,0.019300386367083533,1.0117945358065343,0.1428135543432614,3.883990983641137,001181.npy,"(256, 256)","(128, 128)",2.0
59.17466239861439,0.017056682164302322,1.0093234087130574,0.13571159557730425,5.620769951904904,001182.npy,"(256, 256)","(128, 128)",2.0
51.57485382938889,0.019587412443036346,1.0102179336455528,0.14320338295333895,3.6675792714051916,001183.npy,"(256, 256)","(128, 128)",2.0
61.24027143389769,0.016514385477237038,1.0113454491900142,0.13256686927175373,2.6264130373444656,001184.npy,"(256, 256)","(128, 128)",2.0
51.032856842305826,0.01989809010167003,1.0154563835938293,0.14805016862064965,3.5518000461246935,001185.npy,"(256, 256)","(128, 128)",2.0
54.46003826742378,0.018649087199481485,1.0156300025362848,0.1461022060676885,3.472868538428416,001186.npy,"(256, 256)","(128, 128)",2.0
37.6299627722564,0.02705874423615823,1.0182195382706416,0.17372076345919102,3.722987425636444,001187.npy,"(256, 256)","(128, 128)",2.0
27.14263750896845,0.03788347065688432,1.028257311621454,0.214672894662379,5.062662673189042,001188.npy,"(256, 256)","(128, 128)",2.0
23.723748153930362,0.04366587711606532,1.0359182716220048,0.2366454698600533,5.448256368006822,001189.npy,"(256, 256)","(128, 128)",2.0
24.23280692281651,0.04277876341424026,1.036649514214131,0.23053189434184815,4.7691394550726525,001190.npy,"(256, 256)","(128, 128)",2.0
22.845033414840007,0.045529787043822656,1.0401295063866782,0.2415025791071163,5.058935806577633,001191.npy,"(256, 256)","(128, 128)",2.0
101.50176887071896,0.009846964811231228,0.9994843463476948,0.0994638089608323,2.285484648821969,001192.npy,"(256, 256)","(128, 128)",2.0
81.6651820914374,0.012254766340720447,1.0007877247029533,0.11151345422916217,2.9752736768281616,001193.npy,"(256, 256)","(128, 128)",2.0
67.73779404521711,0.014735370530530588,0.9981414941770426,0.12218978522443623,3.238760180600958,001194.npy,"(256, 256)","(128, 128)",2.0
66.77660423158646,0.014988742747028513,1.000897342347385,0.12391868375131952,3.7959552964570085,001195.npy,"(256, 256)","(128, 128)",2.0
100.71339326051928,0.009939501096075533,1.0010408827024175,0.09966194832973736,1.5908163892314673,001196.npy,"(256, 256)","(128, 128)",2.0
53.683981617042406,0.018711556119924044,1.0045108347682596,0.13832620753316374,2.103989149643463,001197.npy,"(256, 256)","(128, 128)",2.0
67.97413686061299,0.014794973292824252,1.0056755394555497,0.12407149262725316,2.6553768596326255,001198.npy,"(256, 256)","(128, 128)",2.0
58.85216944523053,0.017036150056003847,1.002614389790312,0.1312298583844126,2.2954966997676025,001199.npy,"(256, 256)","(128, 128)",2.0
78.38048569646388,0.012839448543767104,1.0063622129352214,0.11584850072904262,2.8397591673602336,001200.npy,"(256, 256)","(128, 128)",2.0
77.23912334222533,0.0129837677991943,1.002854842488782,0.11432067133995293,2.0156056304340253,001201.npy,"(256, 256)","(128, 128)",2.0
56.06668773707286,0.017921434256006664,1.0047954582320062,0.13515409661880926,3.0165695546152285,001202.npy,"(256, 256)","(128, 128)",2.0
96.32205090306273,0.010400047308711309,1.0017538862639512,0.10190548116558877,2.0360891073141674,001203.npy,"(256, 256)","(128, 128)",2.0
14.711069526439738,0.07169040432218705,1.0546425223622697,0.32980804098181177,7.751059438624517,001204.npy,"(256, 256)","(128, 128)",2.0
46.12194396213653,0.02180759791435329,1.0058088089546078,0.1509512352529944,2.757784985379085,001205.npy,"(256, 256)","(128, 128)",2.0
75.11859438131901,0.013332111882906214,1.0014895047783952,0.11632491772733766,3.6033920079493953,001206.npy,"(256, 256)","(128, 128)",2.0
46.24955531138482,0.021759582269541083,1.0063710037277687,0.1505431977942073,3.057882922896362,001207.npy,"(256, 256)","(128, 128)",2.0
29.390264560649065,0.03469763366524126,1.0197726330499242,0.19943892634911042,6.18148807986887,001208.npy,"(256, 256)","(128, 128)",2.0
27.074521048011754,0.037841933723700934,1.0245522310998068,0.2383584558066059,8.1119899721293,001209.npy,"(256, 256)","(128, 128)",2.0
25.282298999779165,0.04062989160712521,1.0272170679399577,0.24777880992256596,7.424870661805718,001210.npy,"(256, 256)","(128, 128)",2.0
28.391952729284075,0.03607439740688797,1.0242225859137712,0.2330290821150835,7.645077129033926,001211.npy,"(256, 256)","(128, 128)",2.0
26.186348217788137,0.03984060600330088,1.0432799820101373,0.22213142457397247,4.9311061754975745,001212.npy,"(256, 256)","(128, 128)",2.0
18.181804810496892,0.05744814990170393,1.044511048236947,0.28781305675421864,7.074418998405303,001213.npy,"(256, 256)","(128, 128)",2.0
18.1056517100597,0.057637503251379264,1.0435645593069065,0.2886308302245336,6.563680985560175,001214.npy,"(256, 256)","(128, 128)",2.0
19.681975729034065,0.05299260236907933,1.0429991136465724,0.2796712653728329,8.076968612019902,001215.npy,"(256, 256)","(128, 128)",2.0
25.86157208943809,0.039907373925900796,1.0320674276848454,0.22043572457679914,5.9899503360645046,001216.npy,"(256, 256)","(128, 128)",2.0
28.61965560549924,0.03588144281425223,1.0269145359723142,0.20707767040351877,5.990866074360004,001217.npy,"(256, 256)","(128, 128)",2.0
24.987491605708215,0.041103359841517036,1.027069859006311,0.22157301635411186,5.760575528835589,001218.npy,"(256, 256)","(128, 128)",2.0
28.663182657961816,0.03589663504604973,1.028911807131117,0.2087592860646029,7.526849160395195,001219.npy,"(256, 256)","(128, 128)",2.0
78.68174975267304,0.012749752396547707,1.0031728274737102,0.11318643114437338,2.4431187228186504,001220.npy,"(256, 256)","(128, 128)",2.0
48.13533663619312,0.02104735799873415,1.0131216625715402,0.1513665760722152,4.966513507160757,001221.npy,"(256, 256)","(128, 128)",2.0
59.97421056161745,0.016899706815824714,1.0135465750018728,0.13669607087157146,4.541287362565523,001222.npy,"(256, 256)","(128, 128)",2.0
46.6305739744861,0.02174231076067513,1.0138564303019268,0.1533162525632057,4.368912434870604,001223.npy,"(256, 256)","(128, 128)",2.0
7.532929377213598,0.14778580927589044,1.113260064229641,0.48046152359631433,10.713773891617958,001224.npy,"(256, 256)","(128, 128)",2.0
100.25237171594526,0.009970403101791446,0.9995565579186096,0.09988431546859083,1.7501588489749433,001225.npy,"(256, 256)","(128, 128)",2.0
107.10262780068668,0.009345870697189,1.0009673107543775,0.09677183359336418,1.6907363264370048,001226.npy,"(256, 256)","(128, 128)",2.0
109.32831031205963,0.009152335653063795,1.0006093923582855,0.09578859898959169,1.6800585516692195,001227.npy,"(256, 256)","(128, 128)",2.0
40.878059710320436,0.024532676662262033,1.002848221453932,0.15718244081228203,1.9183480165505755,001228.npy,"(256, 256)","(128, 128)",2.0
27.82455916267297,0.03734618803710979,1.0391412185388709,0.2248778006084195,6.2237970100031745,001229.npy,"(256, 256)","(128, 128)",2.0
32.527263003967036,0.03191676683627806,1.0381650691199094,0.21021626654623832,5.923219349774013,001230.npy,"(256, 256)","(128, 128)",2.0
30.127427918235025,0.03435785242798168,1.0351137224493743,0.21782336369929314,7.9046827646296105,001231.npy,"(256, 256)","(128, 128)",2.0
27.062677599629538,0.03816536362747849,1.032856931323078,0.22821987550312162,5.344723314583361,001232.npy,"(256, 256)","(128, 128)",2.0
92.77472522015702,0.01079273030751779,1.0012925886552237,0.10399673640944314,1.632678121131825,001233.npy,"(256, 256)","(128, 128)",2.0
59.96216148485282,0.01669708839353267,1.0011935105798677,0.12936812843165696,2.012469200050726,001234.npy,"(256, 256)","(128, 128)",2.0
111.76945505378495,0.00897279278444943,1.0028841598284464,0.09486133274549492,1.6470290916978103,001235.npy,"(256, 256)","(128, 128)",2.0
9.26883034297362,0.1163717114846405,1.0786296504726076,0.4030118532467092,6.828939659415886,001236.npy,"(256, 256)","(128, 128)",2.0
50.469006210108304,0.02004593988548674,1.011698664568088,0.1452031248389543,2.5766341773762527,001237.npy,"(256, 256)","(128, 128)",2.0
40.519934317052325,0.025021127278871562,1.0138544338784818,0.16384837478993503,3.5879957149773194,001238.npy,"(256, 256)","(128, 128)",2.0
55.94527366448894,0.018070974389583765,1.0109856076092347,0.13777068056223823,2.5196668355834544,001239.npy,"(256, 256)","(128, 128)",2.0
34.37914854055588,0.029640585686658925,1.0190180981507218,0.2009584252709308,5.587333022524658,001240.npy,"(256, 256)","(128, 128)",2.0
32.848410654651055,0.031067151904755185,1.020506563637823,0.19484938878234237,5.676956461573333,001241.npy,"(256, 256)","(128, 128)",2.0
26.967666511614542,0.03777280234115352,1.0186443367453613,0.22076111295304088,6.718714462008972,001242.npy,"(256, 256)","(128, 128)",2.0
31.767464558035556,0.0321081344856573,1.0199940242977577,0.19672768349315056,5.047740854738379,001243.npy,"(256, 256)","(128, 128)",2.0
35.23980485270942,0.028978090280367425,1.0211822464843436,0.18987334067892203,6.834319176994132,001244.npy,"(256, 256)","(128, 128)",2.0
59.81134456447795,0.016939728962916772,1.0131879658298817,0.13486942465721713,3.4983704678296283,001245.npy,"(256, 256)","(128, 128)",2.0
59.66290653567029,0.016956559701897272,1.0116776366608102,0.13473243204953037,3.8853468316842763,001246.npy,"(256, 256)","(128, 128)",2.0
62.161292165262445,0.016279543022169107,1.0119574301180134,0.132717159742883,3.8006042077271958,001247.npy,"(256, 256)","(128, 128)",2.0
28.815822300722306,0.03554638051073877,1.024298184231307,0.21546957603623929,5.695428066615519,001248.npy,"(256, 256)","(128, 128)",2.0
66.0679817274982,0.015162204406155282,1.00173624365446,0.12374592968718623,2.7274688451393994,001249.npy,"(256, 256)","(128, 128)",2.0
74.53064365866096,0.013433664438117261,1.0012196572673435,0.11642147073106093,2.6475770840333523,001250.npy,"(256, 256)","(128, 128)",2.0
59.14681948475088,0.016950492846979432,1.0025677405978535,0.1306599390315093,2.17060750357624,001251.npy,"(256, 256)","(128, 128)",2.0
22.885646525118524,0.045071837876366184,1.0314981498759652,0.23082028609258834,4.613630041116628,001252.npy,"(256, 256)","(128, 128)",2.0
89.25694370633111,0.01125322072893041,1.00442808911706,0.11142403736337068,4.183960167336414,001253.npy,"(256, 256)","(128, 128)",2.0
59.29711105081168,0.01699100038133033,1.0075172364761282,0.16243627798721003,7.747470911848167,001254.npy,"(256, 256)","(128, 128)",2.0
58.14958060993862,0.017275000623704732,1.0045340413048582,0.13348530025076702,4.522337999620805,001255.npy,"(256, 256)","(128, 128)",2.0
40.58549710958779,0.024970609467415385,1.0134445983644327,0.16559908039124271,5.015901149329424,001256.npy,"(256, 256)","(128, 128)",2.0
73.01700384224921,0.013721964547077567,1.0019367380571702,0.11921376901430515,4.337809261581341,001257.npy,"(256, 256)","(128, 128)",2.0
70.79826663851746,0.014170657832665143,1.0032580116802228,0.1271423555112911,7.918066012055059,001258.npy,"(256, 256)","(128, 128)",2.0
96.88110841332747,0.01034579146927183,1.0023117449562027,0.10752325201120942,7.063225161828707,001259.npy,"(256, 256)","(128, 128)",2.0
7.53331377652223,0.15139904323556835,1.1405364981587918,0.4847927256240244,8.82598825603281,001260.npy,"(256, 256)","(128, 128)",2.0
53.232146216816695,0.01886078820500073,1.0040002354930107,0.13920631253920746,3.715475568812312,001261.npy,"(256, 256)","(128, 128)",2.0
71.0304578261698,0.014119230636861796,1.0028954162895762,0.12022660179171853,2.762383610164221,001262.npy,"(256, 256)","(128, 128)",2.0
60.916517892161345,0.016512926588030014,1.005909987951677,0.12965937201449124,2.9372140922956986,001263.npy,"(256, 256)","(128, 128)",2.0
18.989288121210073,0.054775741552455355,1.0401523383925135,0.2911027859814179,7.03660111421662,001264.npy,"(256, 256)","(128, 128)",2.0
38.57107500544235,0.02574557166603923,0.9930343757887905,0.17108971057077538,5.241407425985627,001265.npy,"(256, 256)","(128, 128)",2.0
42.78855231521909,0.023144309579685714,0.9903115012500087,0.1588733034010318,3.847741560377429,001266.npy,"(256, 256)","(128, 128)",2.0
34.424062192351656,0.02884904484782853,0.9931013140315914,0.1816018916202419,6.157290043300011,001267.npy,"(256, 256)","(128, 128)",2.0
57.825047626601695,0.01741218601110357,1.0068604853753116,0.1338362976246539,2.406495751796333,001268.npy,"(256, 256)","(128, 128)",2.0
92.0502233599155,0.010860102443049158,0.9996748555942391,0.10405121896267333,1.630957184991917,001269.npy,"(256, 256)","(128, 128)",2.0
97.22914127911211,0.010287384010436197,1.00023351334318,0.10148905543006888,1.736350581124965,001270.npy,"(256, 256)","(128, 128)",2.0
84.24446588431029,0.01185873036928056,0.9990324060260906,0.10880542528945454,1.777734292384176,001271.npy,"(256, 256)","(128, 128)",2.0
30.219618711699866,0.033795473661640665,1.0212863282360762,0.19480632355982985,3.061926071542781,001272.npy,"(256, 256)","(128, 128)",2.0
40.56819292902674,0.024947832088790246,1.012088465339007,0.1667994702667904,3.0691916740859915,001273.npy,"(256, 256)","(128, 128)",2.0
33.86729715522291,0.029871350233151243,1.0116618947738703,0.18257781695523786,4.035648904753626,001274.npy,"(256, 256)","(128, 128)",2.0
40.311642035786434,0.025076148481520778,1.0108607212232952,0.16786763741231087,3.291560060970186,001275.npy,"(256, 256)","(128, 128)",2.0
22.452319870189907,0.046201828846624736,1.0373382398521858,0.2556113254064826,6.417973797241182,001276.npy,"(256, 256)","(128, 128)",2.0
55.32915180929459,0.018219559491610207,1.0080727730097754,0.14248859177207387,4.178134169448843,001277.npy,"(256, 256)","(128, 128)",2.0
64.97734020414389,0.015524450818927319,1.0087375223439405,0.13229035064496386,4.313927516578325,001278.npy,"(256, 256)","(128, 128)",2.0
62.49935471617812,0.016156502334640815,1.0097709703854763,0.13597192423814541,6.241163603099945,001279.npy,"(256, 256)","(128, 128)",2.0
17.093655022148276,0.06161407111784168,1.0532096761984955,0.299461420820402,8.056984018395205,001280.npy,"(256, 256)","(128, 128)",2.0
9.940358497347672,0.10922803316304575,1.0857658076008552,0.38240554597126347,6.001995787573718,001281.npy,"(256, 256)","(128, 128)",2.0
9.812881141042803,0.11054986137117156,1.0848126497940658,0.3836436108400127,5.832818549168981,001282.npy,"(256, 256)","(128, 128)",2.0
10.251071749827855,0.10556602094263441,1.0821648550267753,0.37341200133332575,6.318742875181998,001283.npy,"(256, 256)","(128, 128)",2.0
72.00486939408293,0.01388932992527166,1.0000993872405135,0.11810615602560995,1.7732187651536002,001284.npy,"(256, 256)","(128, 128)",2.0
17.35124059921552,0.060194486202546096,1.0444490128465362,0.27591786776258626,8.090064887437988,001285.npy,"(256, 256)","(128, 128)",2.0
20.032585227191134,0.051772854399633764,1.037144118215621,0.25249679876413783,4.7637611635789785,001286.npy,"(256, 256)","(128, 128)",2.0
20.266484110466955,0.05111873836535102,1.0359970988285039,0.24815709077915252,5.658999671318948,001287.npy,"(256, 256)","(128, 128)",2.0
37.50495204501308,0.026142322518031003,0.9804665523840183,0.16037093438572486,2.6076782531253193,001288.npy,"(256, 256)","(128, 128)",2.0
8.739423758687964,0.12440692971176319,1.087244877268407,0.4014313526889854,5.5604937358373965,001289.npy,"(256, 256)","(128, 128)",2.0
8.653907254694321,0.1254858068802281,1.0859425345219764,0.4043056938035635,8.495743540816212,001290.npy,"(256, 256)","(128, 128)",2.0
8.277793476580847,0.1318625204577189,1.091530711650414,0.4149326211735472,8.991623563392954,001291.npy,"(256, 256)","(128, 128)",2.0
28.089744494580664,0.03661201507171844,1.0284221487963074,0.2134183007447208,7.428214762219553,001292.npy,"(256, 256)","(128, 128)",2.0
23.497727452592827,0.043677032083518696,1.026310995836675,0.2413851977014085,6.646686679137679,001293.npy,"(256, 256)","(128, 128)",2.0
27.659910784295377,0.0370036619864632,1.0235179892377944,0.21940520699134175,7.0089228360200435,001294.npy,"(256, 256)","(128, 128)",2.0
26.554905950933826,0.0385755804396465,1.0243709105774952,0.22624690260131483,6.483930789488185,001295.npy,"(256, 256)","(128, 128)",2.0
75.52713312984152,0.013251015603513166,1.0008112195921461,0.11530561891606102,1.9582817672100417,001296.npy,"(256, 256)","(128, 128)",2.0
77.70620536579199,0.012899270623774344,1.002353372159937,0.11396244482609955,2.5599610940458573,001297.npy,"(256, 256)","(128, 128)",2.0
101.75391615942281,0.009837975723689166,1.0010525569667044,0.09927986281081508,2.0248246762728055,001298.npy,"(256, 256)","(128, 128)",2.0
70.5459206640339,0.014189322033715044,1.0009987864668897,0.11938164644115612,2.178323745611639,001299.npy,"(256, 256)","(128, 128)",2.0
67.08976241873722,0.014934967890083682,1.0019834474771834,0.12314958065132785,2.00737595478667,001300.npy,"(256, 256)","(128, 128)",2.0
89.3616401219567,0.011212095461334701,1.0019312396288156,0.10608053780146622,1.8139595084330098,001301.npy,"(256, 256)","(128, 128)",2.0
65.96706219530759,0.015143551155833494,0.9989755809546902,0.12299475871483272,1.94439638489234,001302.npy,"(256, 256)","(128, 128)",2.0
57.2468649683778,0.017461369322849255,0.9996086517881257,0.13216576401670144,1.9821026049784407,001303.npy,"(256, 256)","(128, 128)",2.0
29.863813051467208,0.034038002147217736,1.0165045327699498,0.22478793189599286,7.411850036524901,001304.npy,"(256, 256)","(128, 128)",2.0
54.90756188074636,0.018389239143618008,1.0097082862180489,0.1438892621946622,3.7372122215238686,001305.npy,"(256, 256)","(128, 128)",2.0
46.62705797185345,0.02166929907395067,1.0103756641305284,0.15717439412184872,3.7385509916649244,001306.npy,"(256, 256)","(128, 128)",2.0
46.56451907634818,0.021617054114250345,1.0065877286774612,0.15200306347433973,3.658748480801724,001307.npy,"(256, 256)","(128, 128)",2.0
11.44290383896618,0.09479014314235101,1.084674492859762,0.3557635825466321,5.616301088727418,001308.npy,"(256, 256)","(128, 128)",2.0
9.562542446081075,0.11454951289821676,1.0953845792671093,0.3863579718821864,5.113702945132365,001309.npy,"(256, 256)","(128, 128)",2.0
9.391428499511232,0.11631645804819334,1.0923776990760055,0.39114647539872816,4.927560493611,001310.npy,"(256, 256)","(128, 128)",2.0
8.653124727566722,0.12676166781726345,1.096884522297161,0.40845848205597385,5.617097691623438,001311.npy,"(256, 256)","(128, 128)",2.0
8.265582124342938,0.13309490165302482,1.1001068399444234,0.4944717948641828,13.587719117023482,001312.npy,"(256, 256)","(128, 128)",2.0
11.371787257769146,0.09367015514032472,1.0651970766580037,0.4099496905437601,11.05978686443461,001313.npy,"(256, 256)","(128, 128)",2.0
10.99476725124788,0.09728956227666696,1.0696760932077392,0.42233851093586516,11.614492231597485,001314.npy,"(256, 256)","(128, 128)",2.0
11.04289792361863,0.09686872355884163,1.0697114262515193,0.4170343011523346,13.202136393737527,001315.npy,"(256, 256)","(128, 128)",2.0
33.65427879393069,0.030225949296640946,1.0172325244403677,0.20715309133361465,6.523054898652369,001316.npy,"(256, 256)","(128, 128)",2.0
30.120397688254204,0.034150097290210665,1.0286145114737175,0.21319187100467651,4.964102942244756,001317.npy,"(256, 256)","(128, 128)",2.0
28.271511331503827,0.03633934925134503,1.027368324138876,0.21907152670824365,4.810074054451101,001318.npy,"(256, 256)","(128, 128)",2.0
28.183453238116204,0.036630398101102836,1.0323711119760124,0.2289580052267669,7.452518218868596,001319.npy,"(256, 256)","(128, 128)",2.0
60.632277334603586,0.016553874869357024,1.0036991320411797,0.1292512829116716,2.047517665844328,001320.npy,"(256, 256)","(128, 128)",2.0
30.32059525584595,0.03286627733438378,0.9965250926222341,0.17910599719116477,2.688042106617344,001321.npy,"(256, 256)","(128, 128)",2.0
28.460210741137782,0.03492172600665223,0.9938796815935943,0.18364467442554372,3.0533662378842847,001322.npy,"(256, 256)","(128, 128)",2.0
51.91219197987277,0.01915651106363837,0.9944564800001519,0.1372250981728124,1.9453651948887989,001323.npy,"(256, 256)","(128, 128)",2.0
92.56932051182494,0.010803932729541207,1.0001127116290958,0.10414028044391398,1.7272682572282914,001324.npy,"(256, 256)","(128, 128)",2.0
13.415484321998692,0.07822738344341337,1.0494582361360922,0.34622347870571635,10.82974776566397,001325.npy,"(256, 256)","(128, 128)",2.0
13.17837844074026,0.07982366378649394,1.0519464499048308,0.3438697036393252,8.086521466585776,001326.npy,"(256, 256)","(128, 128)",2.0
13.180855763096543,0.0799833962161524,1.0542496089677067,0.34851661225294944,7.874518410032014,001327.npy,"(256, 256)","(128, 128)",2.0
71.54190771574503,0.014023964025173113,1.003301140097863,0.12167043572384624,3.8988043919966002,001328.npy,"(256, 256)","(128, 128)",2.0
89.12780312428137,0.01125071620242328,1.0027516186967447,0.10624147458436499,1.8187975361844733,001329.npy,"(256, 256)","(128, 128)",2.0
70.26236672406681,0.014266856119099088,1.0024230766396367,0.1197932198084539,2.0631052670156955,001330.npy,"(256, 256)","(128, 128)",2.0
58.93715273474223,0.017056121001654847,1.0052392085367763,0.13101995956317222,2.3300845449282144,001331.npy,"(256, 256)","(128, 128)",2.0
15.094971940807248,0.07041877038273925,1.0629693630335975,0.33222079592726933,10.013181428790134,001332.npy,"(256, 256)","(128, 128)",2.0
26.618836330294293,0.03861913273499375,1.0279963734907092,0.2139751846114628,5.99146995535747,001333.npy,"(256, 256)","(128, 128)",2.0
24.561617733383745,0.0418102910887399,1.0269283870431303,0.22602933621206883,10.934536242693902,001334.npy,"(256, 256)","(128, 128)",2.0
30.80047620224242,0.03327963490184379,1.025028602813556,0.19568700977824596,6.44171110286048,001335.npy,"(256, 256)","(128, 128)",2.0
67.70646520215185,0.014825825410696027,1.0038042322624692,0.1269280112010825,4.29156992564337,001336.npy,"(256, 256)","(128, 128)",2.0
52.86483856493055,0.01912928269751179,1.01126644166688,0.14170003682285415,2.653388107204611,001337.npy,"(256, 256)","(128, 128)",2.0
60.11236357914865,0.016791645670763123,1.0093855096531503,0.1326732523879848,2.5364561742516516,001338.npy,"(256, 256)","(128, 128)",2.0
40.93891933200984,0.024683210430271676,1.010503960659916,0.16030445367304194,2.5726494648641904,001339.npy,"(256, 256)","(128, 128)",2.0
101.76777340424131,0.009837927238904132,1.0011839500162092,0.09928845115041578,1.6095702707714612,001340.npy,"(256, 256)","(128, 128)",2.0
68.09812519376695,0.014697930440866164,1.0009015072513823,0.12108861935024878,1.8427562149013412,001341.npy,"(256, 256)","(128, 128)",2.0
92.72911744682342,0.010798154770847277,1.001303361954874,0.1039614553247043,1.6405582738314317,001342.npy,"(256, 256)","(128, 128)",2.0
97.8247738353775,0.01023236844199502,1.0009791286384169,0.10112526671978916,1.7420596838947648,001343.npy,"(256, 256)","(128, 128)",2.0
21.270326320200162,0.048794681123361966,1.03787879018402,0.28410587719455127,8.296421885638015,001344.npy,"(256, 256)","(128, 128)",2.0
37.84000365663552,0.026740909293542038,1.0118761054493894,0.17436808886590993,6.254272345559491,001345.npy,"(256, 256)","(128, 128)",2.0
43.60092451239974,0.02317233341487898,1.0103351599982966,0.16247241621894368,5.586669664423716,001346.npy,"(256, 256)","(128, 128)",2.0
43.3165941494278,0.023400411737374338,1.0136261381573508,0.16799912419104837,4.973030254218272,001347.npy,"(256, 256)","(128, 128)",2.0
75.70407654325727,0.013249645703679926,1.003052192522425,0.1160696153169837,2.870361949942349,001348.npy,"(256, 256)","(128, 128)",2.0
116.34274520829679,0.008587616655274128,0.9991068964710836,0.09254230375237173,1.7008019411676205,001349.npy,"(256, 256)","(128, 128)",2.0
68.31240867966568,0.014713484652924835,1.0051135767125903,0.12183843777786199,2.3146354946170375,001350.npy,"(256, 256)","(128, 128)",2.0
90.31956638573,0.011065140646092805,0.9993987051522184,0.10521669980311732,1.8626786816786183,001351.npy,"(256, 256)","(128, 128)",2.0
31.498034368401942,0.03238862526935076,1.020178031879302,0.19204038784049052,6.003655698030742,001352.npy,"(256, 256)","(128, 128)",2.0
73.97208140196645,0.013597824036532402,1.0058593465199908,0.1181570187635003,2.279025219419923,001353.npy,"(256, 256)","(128, 128)",2.0
57.923465933068485,0.017342343703005414,1.004528654680599,0.13292181679277637,2.219117934806869,001354.npy,"(256, 256)","(128, 128)",2.0
56.014962854993406,0.017955919421277285,1.0058001594101018,0.13549208788095737,2.3416640698122158,001355.npy,"(256, 256)","(128, 128)",2.0
18.32696513389414,0.05731451663263469,1.050401147992292,0.26610113653522116,5.493288216969951,001356.npy,"(256, 256)","(128, 128)",2.0
26.480371652196716,0.03877834489959208,1.0268649849982652,0.22252875773256908,5.9933048743678485,001357.npy,"(256, 256)","(128, 128)",2.0
26.812357592571043,0.03830473549658587,1.0270402656233097,0.22098509970315267,5.5157419698168155,001358.npy,"(256, 256)","(128, 128)",2.0
28.854726454577353,0.035325732208034304,1.0193143396704827,0.20347087618260012,7.1837364550678275,001359.npy,"(256, 256)","(128, 128)",2.0
16.573070766989883,0.06286164117497399,1.041810427721969,0.3216394740357769,10.37916935699893,001360.npy,"(256, 256)","(128, 128)",2.0
27.82713078012131,0.03664350510794358,1.019683608880789,0.2049302620809183,5.945897315927876,001361.npy,"(256, 256)","(128, 128)",2.0
32.81475869203234,0.030883397157489768,1.0134312253132243,0.18284412628060254,4.561073845690672,001362.npy,"(256, 256)","(128, 128)",2.0
30.793745741581088,0.033166028769458414,1.0213062571846658,0.19801676817790503,5.386122045561293,001363.npy,"(256, 256)","(128, 128)",2.0
11.459910930797518,0.09180897519506259,1.052122678383216,0.37222285653896314,6.678589611929192,001364.npy,"(256, 256)","(128, 128)",2.0
26.461894575508143,0.0384489826290935,1.017432924866616,0.24145541149870492,8.543512608355677,001365.npy,"(256, 256)","(128, 128)",2.0
15.270914651124887,0.06848806232078611,1.0458753543216468,0.34481195400323783,8.825188867121867,001366.npy,"(256, 256)","(128, 128)",2.0
21.896637319647006,0.046956732275492116,1.0281945363522138,0.27590256548914627,7.013367487638559,001367.npy,"(256, 256)","(128, 128)",2.0
51.25605976158667,0.01952858579500496,1.0009583605680468,0.1393453330038213,2.2580265566936677,001368.npy,"(256, 256)","(128, 128)",2.0
32.423595078224174,0.031631404212394014,1.025603841938298,0.1926986911448481,5.072448137630645,001369.npy,"(256, 256)","(128, 128)",2.0
25.147271035425106,0.04089654061122496,1.028436391161744,0.2222325372438339,5.7226013050755995,001370.npy,"(256, 256)","(128, 128)",2.0
32.642587796022916,0.031368978614932555,1.0239646385095011,0.19176968167347014,5.873716184163554,001371.npy,"(256, 256)","(128, 128)",2.0
59.92501911966399,0.016813243871214367,1.0075339604460944,0.13387892376859087,3.8785807728157757,001372.npy,"(256, 256)","(128, 128)",2.0
68.29747752308191,0.01483092367449129,1.0129146763051122,0.1278431438696832,4.2910374870280075,001373.npy,"(256, 256)","(128, 128)",2.0
49.6837086919253,0.020259288185563648,1.006556572517308,0.1458315427974446,3.0666382819149107,001374.npy,"(256, 256)","(128, 128)",2.0
52.17790097040219,0.019374926690767943,1.010943006179692,0.14482857635866853,3.6236463981315064,001375.npy,"(256, 256)","(128, 128)",2.0
55.25371500213964,0.018265818036203457,1.0092543040533277,0.14832824432954708,5.526183771599991,001376.npy,"(256, 256)","(128, 128)",2.0
43.8040883155662,0.02303753520803256,1.009138226825624,0.15889993307999734,6.312285951095551,001377.npy,"(256, 256)","(128, 128)",2.0
55.33389249535963,0.018286349871825053,1.0118549179401009,0.14245244325442674,4.342098667549843,001378.npy,"(256, 256)","(128, 128)",2.0
47.2987668564408,0.02137603198319917,1.0110599530891595,0.15259300591432887,4.9342517996902275,001379.npy,"(256, 256)","(128, 128)",2.0
29.612471891760567,0.034269047163037615,1.0147911958728686,0.22172898707313415,7.258879830745488,001380.npy,"(256, 256)","(128, 128)",2.0
10.62158789413294,0.09876668165162597,1.0490589901745924,0.3881733460269424,6.6740436547049375,001381.npy,"(256, 256)","(128, 128)",2.0
11.16218761076938,0.09342812082593716,1.0428622127807403,0.373475178057705,7.558443938722615,001382.npy,"(256, 256)","(128, 128)",2.0
10.071762445100118,0.10359252295403197,1.0433592822815911,0.3894780732320141,7.614945194842931,001383.npy,"(256, 256)","(128, 128)",2.0
7.892033993443911,0.1391144323034001,1.0978958287170852,0.5460865075792434,14.377749505705076,001384.npy,"(256, 256)","(128, 128)",2.0
6.377030030575415,0.17843656116317666,1.1378953090901842,0.6363199888967283,13.626395655256989,001385.npy,"(256, 256)","(128, 128)",2.0
6.733962525614607,0.16737778071897155,1.1271157029820935,0.6192405412842168,13.169047796307837,001386.npy,"(256, 256)","(128, 128)",2.0
6.667699529563171,0.16965557813900667,1.1312124185452226,0.6200104094662745,13.015720325361801,001387.npy,"(256, 256)","(128, 128)",2.0
11.016344768766203,0.09820075333988267,1.0818133553447167,0.3756488157022341,5.739615058579813,001388.npy,"(256, 256)","(128, 128)",2.0
49.01760778490426,0.02046192161980034,1.0029944484848259,0.14393117578649992,2.3258595770235524,001389.npy,"(256, 256)","(128, 128)",2.0
86.18622310340189,0.011621262627971148,1.0015927335975479,0.10858205414182266,2.324105259744846,001390.npy,"(256, 256)","(128, 128)",2.0
55.10281244652663,0.018203212887463977,1.003048225662124,0.1358793412565671,2.207005211583757,001391.npy,"(256, 256)","(128, 128)",2.0
55.69594284703964,0.01805427273519496,1.0055497424042845,0.14155477503485359,3.6603028826198236,001392.npy,"(256, 256)","(128, 128)",2.0
77.09895282421468,0.012979232117650959,1.0006852047333032,0.11427528269143152,2.040438145308112,001393.npy,"(256, 256)","(128, 128)",2.0
102.0851780897961,0.009824768498574329,1.002963241867979,0.09966611210817616,2.8570326321250907,001394.npy,"(256, 256)","(128, 128)",2.0
66.50227839876618,0.015077179348331596,1.0026667784908758,0.12331203589889846,2.0060577593956315,001395.npy,"(256, 256)","(128, 128)",2.0
56.143084067918466,0.017912196169555233,1.0056459353883866,0.13510634726411216,2.4806118532140875,001396.npy,"(256, 256)","(128, 128)",2.0
89.0848462231491,0.011284828852247377,1.0053072429570138,0.10831531270228476,3.5932150132748224,001397.npy,"(256, 256)","(128, 128)",2.0
82.565567919984,0.012176087231941277,1.0053255573484976,0.11262483518518315,4.107470172352455,001398.npy,"(256, 256)","(128, 128)",2.0
70.95131662327492,0.014164649967649755,1.0050005647125786,0.12073895451029873,2.817114277888595,001399.npy,"(256, 256)","(128, 128)",2.0
63.59268836268496,0.01589841944030189,1.0110232329263702,0.1281344725546812,2.2968865641493283,001400.npy,"(256, 256)","(128, 128)",2.0
93.82298878086834,0.010664844235368853,1.0006075610447203,0.10350161218401169,2.2033686912661063,001401.npy,"(256, 256)","(128, 128)",2.0
100.33818543568223,0.009985518293057955,1.0019287861602462,0.10008011979602408,1.8758024729070353,001402.npy,"(256, 256)","(128, 128)",2.0
61.556857316191376,0.016264683894843167,1.0012028258078167,0.12774037399505173,1.867877523185552,001403.npy,"(256, 256)","(128, 128)",2.0
37.22983813352806,0.027190218847661887,1.012287446513656,0.19132223241767557,6.643527595031939,001404.npy,"(256, 256)","(128, 128)",2.0
55.15032138745269,0.018203723837814875,1.0039412201039242,0.13529518517277975,1.8917444520279962,001405.npy,"(256, 256)","(128, 128)",2.0
63.34891210254852,0.01583997221431538,1.0034450075114758,0.1282612123857724,5.378190228685137,001406.npy,"(256, 256)","(128, 128)",2.0
54.92561117687246,0.01823333703454846,1.0014771804164775,0.13515000927352178,1.824217123821354,001407.npy,"(256, 256)","(128, 128)",2.0
32.92225221941476,0.03047017983973473,1.0031469458546736,0.1921481081658917,7.1503305196620275,001408.npy,"(256, 256)","(128, 128)",2.0
48.13856915217124,0.020587875400557613,0.9910708636660279,0.1421317166064045,1.9836148374845297,001409.npy,"(256, 256)","(128, 128)",2.0
39.07272927770319,0.025601392233733974,1.0003162678809805,0.15981310622865916,2.430537241348512,001410.npy,"(256, 256)","(128, 128)",2.0
41.536767965075114,0.02417209988824185,1.0040309042865199,0.1562988253532768,2.063979587427445,001411.npy,"(256, 256)","(128, 128)",2.0
25.794116416438705,0.04008919479958835,1.034065357701871,0.234090226571846,7.043652817914504,001412.npy,"(256, 256)","(128, 128)",2.0
16.862314998742523,0.06249339189637049,1.0537832594964625,0.3095584426996021,9.08809743187805,001413.npy,"(256, 256)","(128, 128)",2.0
18.495483173227512,0.05675029688362829,1.0496241610868127,0.29664924859310565,7.850970843815812,001414.npy,"(256, 256)","(128, 128)",2.0
17.48157217025654,0.06013021674399526,1.0511707236233214,0.303543339376181,8.124078472971979,001415.npy,"(256, 256)","(128, 128)",2.0
102.09454065432857,0.009829615139553995,1.0035500424815988,0.09991897679942059,2.429661867918705,001416.npy,"(256, 256)","(128, 128)",2.0
44.90716826244029,0.022468001621836278,1.008974329352583,0.15135914037222975,2.4699879074506645,001417.npy,"(256, 256)","(128, 128)",2.0
52.81984988521443,0.01910631956310859,1.0091929311823316,0.13990570754658094,2.4067627464898314,001418.npy,"(256, 256)","(128, 128)",2.0
60.52077439862218,0.016652286556714635,1.0078092779201353,0.13051265968882886,2.617830955888302,001419.npy,"(256, 256)","(128, 128)",2.0
54.90498513709739,0.018400706931628378,1.010290540593141,0.15291432185731033,7.492431591709826,001420.npy,"(256, 256)","(128, 128)",2.0
77.12810190004866,0.012985207361228214,1.0015243965500717,0.11594118930509584,4.015706493179954,001421.npy,"(256, 256)","(128, 128)",2.0
84.04357814639768,0.011915413982139895,1.0014140261546538,0.1118712667505139,4.552809610952617,001422.npy,"(256, 256)","(128, 128)",2.0
80.41703114418523,0.012455022122640413,1.0015959019378902,0.11430839412640965,5.389012845160952,001423.npy,"(256, 256)","(128, 128)",2.0
20.700718419625133,0.04966239814585,1.0280473200605542,0.2896340336356997,8.362441005969176,001424.npy,"(256, 256)","(128, 128)",2.0
28.462287978042298,0.03567901838796799,1.0155064961322113,0.22153019307951397,6.60337706368508,001425.npy,"(256, 256)","(128, 128)",2.0
29.933908280304603,0.03392880227076778,1.0156216552337531,0.2195301433255543,6.147165887350328,001426.npy,"(256, 256)","(128, 128)",2.0
29.275452204848982,0.034836599144576055,1.0198571932365192,0.2424859925032222,7.439563656752347,001427.npy,"(256, 256)","(128, 128)",2.0
28.773785359829077,0.03573141935607488,1.0281281911537405,0.21308320697949684,5.5058983830592325,001428.npy,"(256, 256)","(128, 128)",2.0
53.32348627350482,0.01891606838611696,1.0086707129357861,0.1493982109956129,5.695564820998341,001429.npy,"(256, 256)","(128, 128)",2.0
64.14709524452246,0.015703408627617287,1.0073280488994218,0.13799759922486418,4.570803319228059,001430.npy,"(256, 256)","(128, 128)",2.0
55.91482481683312,0.01801821968300233,1.0074855970862897,0.14623936007795552,3.808618803756817,001431.npy,"(256, 256)","(128, 128)",2.0
110.2054080179141,0.009083022488998598,1.0009981994359802,0.09542150241654919,1.5521193426200552,001432.npy,"(256, 256)","(128, 128)",2.0
80.04775926195694,0.012471785206637673,0.9983384597877684,0.11171165798511948,1.8608538166042043,001433.npy,"(256, 256)","(128, 128)",2.0
113.61429454877182,0.008809967039963429,1.0009381902433765,0.09423350161543238,2.108967152958702,001434.npy,"(256, 256)","(128, 128)",2.0
109.7247517864325,0.009122377921842874,1.0009506531762413,0.09592876902909521,2.072417438088535,001435.npy,"(256, 256)","(128, 128)",2.0
53.701519065951416,0.018747763182404883,1.0067833619838578,0.14716974671034683,4.956373513932182,001436.npy,"(256, 256)","(128, 128)",2.0
65.85999824588562,0.015316675389869513,1.0087562143096056,0.12658131167476006,3.118729809507796,001437.npy,"(256, 256)","(128, 128)",2.0
61.296257957963796,0.016375931291562475,1.0037833087495047,0.13079902375720986,3.3467709135572514,001438.npy,"(256, 256)","(128, 128)",2.0
76.68058337310751,0.013139883650323399,1.0075739437615556,0.11782391024679859,2.882776798968591,001439.npy,"(256, 256)","(128, 128)",2.0
51.27770430711712,0.019777400263556847,1.0141396826781681,0.14684539323214024,3.7607773429566307,001440.npy,"(256, 256)","(128, 128)",2.0
70.52381121741952,0.014301567065187674,1.00860101581856,0.12182905368837092,2.511770211174879,001441.npy,"(256, 256)","(128, 128)",2.0
58.90739106827897,0.01713570524139134,1.0094196898853973,0.13290698164948095,2.5456366200872256,001442.npy,"(256, 256)","(128, 128)",2.0
49.14201684524131,0.020527562171382564,1.0087658060178202,0.1455604347914585,2.9954277848294066,001443.npy,"(256, 256)","(128, 128)",2.0
49.5055238055682,0.020517812124978073,1.015745036591278,0.15402670248788375,3.8617614335867962,001444.npy,"(256, 256)","(128, 128)",2.0
20.311729457578846,0.05080297445455478,1.031896272761206,0.2515069296750507,5.494270262252016,001445.npy,"(256, 256)","(128, 128)",2.0
21.943424212657316,0.047020980666937405,1.0318013256697658,0.23540210616828589,3.341643799385431,001446.npy,"(256, 256)","(128, 128)",2.0
21.379840723859083,0.048273595984661466,1.0320817933199855,0.2384786718352176,3.4527320113468756,001447.npy,"(256, 256)","(128, 128)",2.0
67.16677727499089,0.01497320614761004,1.005702002409048,0.1306416988617512,5.958798513570333,001448.npy,"(256, 256)","(128, 128)",2.0
99.21568475382189,0.010090754746595525,1.0011611418663535,0.10048914462162362,1.7692026684925874,001449.npy,"(256, 256)","(128, 128)",2.0
52.992743163390806,0.01892471569687498,1.0028725983646862,0.13793488631155268,2.063836804202691,001450.npy,"(256, 256)","(128, 128)",2.0
79.1820862084638,0.012637390480285761,1.0006549424600069,0.11239686160120693,1.797934913824068,001451.npy,"(256, 256)","(128, 128)",2.0
24.871731360468157,0.04138851703910523,1.0294040772047843,0.24228879710900866,7.415920478283131,001452.npy,"(256, 256)","(128, 128)",2.0
63.23390318192931,0.01583713621680278,1.001443938212333,0.12582413136210285,2.354822485584444,001453.npy,"(256, 256)","(128, 128)",2.0
94.62086200796428,0.010585504086072128,1.0016095214129728,0.10292715323879353,2.1055620520995486,001454.npy,"(256, 256)","(128, 128)",2.0
83.99354354581406,0.011913120979376758,1.0006252457478328,0.10914202227332297,1.8660086866258931,001455.npy,"(256, 256)","(128, 128)",2.0
34.854297932300305,0.029333518269678307,1.0223991851739418,0.19400403335148672,5.7120529085559335,001456.npy,"(256, 256)","(128, 128)",2.0
26.171098290439964,0.03951406050916676,1.0341263614397955,0.23523474212420056,7.159797736015185,001457.npy,"(256, 256)","(128, 128)",2.0
27.614160261989376,0.03736410495957573,1.0317783823995161,0.22663153423043808,6.749161446169238,001458.npy,"(256, 256)","(128, 128)",2.0
22.889823965617808,0.04519383522764864,1.034478932692014,0.24758325331203468,6.081486956971677,001459.npy,"(256, 256)","(128, 128)",2.0
26.01572570569788,0.03962376738508289,1.0308410637166943,0.21854175859390293,5.517609511751344,001460.npy,"(256, 256)","(128, 128)",2.0
29.811426938513293,0.03426831209707676,1.021587282388175,0.20253590239811578,4.853820248252543,001461.npy,"(256, 256)","(128, 128)",2.0
24.96888368451552,0.04139705339564206,1.033638211117465,0.22854377651595642,5.279847671120162,001462.npy,"(256, 256)","(128, 128)",2.0
29.686420716467737,0.03457165689827163,1.0263087515474656,0.20711648351058176,4.841320871942984,001463.npy,"(256, 256)","(128, 128)",2.0
22.05429556521382,0.04722660702420366,1.0415495498539906,0.2672690900275932,7.592474227613234,001464.npy,"(256, 256)","(128, 128)",2.0
61.1277936095203,0.016408515381664646,1.0030163416890359,0.1345001026079632,4.1615367799955445,001465.npy,"(256, 256)","(128, 128)",2.0
53.88202364590856,0.01863615516872285,1.0041537534699456,0.14260999348461717,3.7391849153042096,001466.npy,"(256, 256)","(128, 128)",2.0
49.27653581239193,0.020375104164114723,1.004014550024215,0.14845785529047792,3.5218641019131365,001467.npy,"(256, 256)","(128, 128)",2.0
66.51546778732714,0.015130075393504147,1.006384042456456,0.12413953444990905,2.1793996807578893,001468.npy,"(256, 256)","(128, 128)",2.0
41.86781746133269,0.02422240751151364,1.0141393361660669,0.16357355065812687,3.26038504267384,001469.npy,"(256, 256)","(128, 128)",2.0
31.99079020539084,0.0318641005410835,1.019357755493283,0.19272692020628987,6.428821188970962,001470.npy,"(256, 256)","(128, 128)",2.0
41.763150375872215,0.02420224194529361,1.010761869794539,0.1621014169772951,3.154606036347454,001471.npy,"(256, 256)","(128, 128)",2.0
82.45293799843071,0.012146721178768503,1.0015328482372245,0.11040516190562652,1.8883578405714811,001472.npy,"(256, 256)","(128, 128)",2.0
58.40321993809921,0.01716473940066607,1.0024760503972578,0.132332597150004,2.6610858651457137,001473.npy,"(256, 256)","(128, 128)",2.0
84.41885309859836,0.011883690226471403,1.0032074994977385,0.10935659613931997,2.2084020713577135,001474.npy,"(256, 256)","(128, 128)",2.0
57.513865065729725,0.017477534698654137,1.0052005723400033,0.13420154663962713,3.621801389820804,001475.npy,"(256, 256)","(128, 128)",2.0
19.9536618061915,0.05196031431982937,1.0367985392812846,0.2676698309142664,5.800466975300198,001476.npy,"(256, 256)","(128, 128)",2.0
34.08141540333935,0.029892605870583074,1.0187823181636422,0.18776637894744158,5.061002307478515,001477.npy,"(256, 256)","(128, 128)",2.0
36.349756844156786,0.02806422879105722,1.020127892573714,0.1823183524208453,4.5120518754133805,001478.npy,"(256, 256)","(128, 128)",2.0
46.41607129795976,0.021956978220626342,1.0191566665763419,0.16328935274010614,3.8295777830576223,001479.npy,"(256, 256)","(128, 128)",2.0
26.312516823283325,0.03923374602975518,1.0323386024483585,0.22659907006370664,6.5350001871697705,001480.npy,"(256, 256)","(128, 128)",2.0
64.73632613902906,0.015507568638085825,1.0039030209785027,0.12689615362663859,3.2528378823742385,001481.npy,"(256, 256)","(128, 128)",2.0
100.30219025269103,0.010025874580534472,1.0056171796263875,0.10272162386519308,3.126855200326809,001482.npy,"(256, 256)","(128, 128)",2.0
58.46192532159572,0.01717235116137987,1.0039287111928075,0.13356654929459122,3.3397270683865377,001483.npy,"(256, 256)","(128, 128)",2.0
58.64675209811036,0.017106479168396548,1.0032394430604414,0.13436509053558446,4.1202308053838195,001484.npy,"(256, 256)","(128, 128)",2.0
60.99057195904171,0.01643340194495482,1.0022825838556229,0.1298591583434104,4.051488315909563,001485.npy,"(256, 256)","(128, 128)",2.0
68.6102736639235,0.01461676460802239,1.0028602198375676,0.12191776430816938,3.44345367549478,001486.npy,"(256, 256)","(128, 128)",2.0
94.73719012810409,0.01057530397061084,1.0018745829262532,0.10532792758853017,5.1628650846695665,001487.npy,"(256, 256)","(128, 128)",2.0
67.94384617357576,0.014874779554870191,1.01064973394195,0.129187615130025,3.795337037581425,001488.npy,"(256, 256)","(128, 128)",2.0
18.759424295609627,0.05599051054204678,1.0503497437860594,0.28904411676407676,8.030286586728305,001489.npy,"(256, 256)","(128, 128)",2.0
19.725879300493,0.052886468133279387,1.0432320870264384,0.27379178357192735,6.61454554806567,001490.npy,"(256, 256)","(128, 128)",2.0
22.092090482977326,0.04727204592633738,1.0443383159201052,0.26443982420739937,7.062202411111651,001491.npy,"(256, 256)","(128, 128)",2.0
25.884715157674822,0.04032551958440712,1.0438145880276157,0.23847435248964355,8.954755902235824,001492.npy,"(256, 256)","(128, 128)",2.0
41.756231802175755,0.024093766482304102,1.0060648982225828,0.1743275847544691,5.569478252252837,001493.npy,"(256, 256)","(128, 128)",2.0
60.939079321501126,0.016493376073832246,1.005091152842612,0.14789475049961784,4.505012243159882,001494.npy,"(256, 256)","(128, 128)",2.0
42.3227281649742,0.023725903896898222,1.0041449810967256,0.17017440343025636,5.166749525208778,001495.npy,"(256, 256)","(128, 128)",2.0
77.09760665369464,0.013035174067693832,1.0049807229334997,0.12058354863953144,3.6561399860592734,001496.npy,"(256, 256)","(128, 128)",2.0
58.631640043414116,0.017122031238674527,1.0038927723980569,0.13753355497027964,3.37044102486972,001497.npy,"(256, 256)","(128, 128)",2.0
60.49374691129344,0.016558665889778473,1.0016957435249265,0.13444132876966722,4.163948921243554,001498.npy,"(256, 256)","(128, 128)",2.0
72.05783637632737,0.013920617629175507,1.003089587380547,0.1248175214389103,4.338773411831058,001499.npy,"(256, 256)","(128, 128)",2.0
55.75137632269155,0.01805920310892539,1.0068254286136205,0.13695484458263707,2.8278126053105104,001500.npy,"(256, 256)","(128, 128)",2.0
59.549721874431036,0.016958242958461687,1.009858651655422,0.13544570194563244,3.334057896336667,001501.npy,"(256, 256)","(128, 128)",2.0
70.30552811190547,0.014300517981079992,1.0054054689336291,0.123575116119431,2.726141743447712,001502.npy,"(256, 256)","(128, 128)",2.0
63.241538513917035,0.01594675506469892,1.0084973245961584,0.13079440504942652,2.9861753189682743,001503.npy,"(256, 256)","(128, 128)",2.0
33.34167848439093,0.030593956037121218,1.0200538457552866,0.18735233731434195,5.221810239343414,001504.npy,"(256, 256)","(128, 128)",2.0
27.335071322321774,0.03754255976918947,1.0262285489133223,0.20424372633382118,3.3452786366799714,001505.npy,"(256, 256)","(128, 128)",2.0
23.485245772404845,0.04388549599300611,1.0306616592396365,0.22208854868496036,3.290215580294216,001506.npy,"(256, 256)","(128, 128)",2.0
22.418272531755,0.04568844043472679,1.0242559092165602,0.22374328034664254,2.9318623809291537,001507.npy,"(256, 256)","(128, 128)",2.0
20.384679400664606,0.05085651526002273,1.0366937590105705,0.25650469011068805,5.442851557856353,001508.npy,"(256, 256)","(128, 128)",2.0
8.871225194200207,0.12257805412546811,1.0874175220138893,0.4405511689164917,9.57144453323762,001509.npy,"(256, 256)","(128, 128)",2.0
9.043322329191762,0.12014103965567059,1.0864741465704388,0.43620952181885436,9.412370549902464,001510.npy,"(256, 256)","(128, 128)",2.0
8.767678784374104,0.12380349621644962,1.085469287208305,0.44096342614223394,9.514381855883252,001511.npy,"(256, 256)","(128, 128)",2.0
55.416298592335274,0.018092674222969077,1.002629037073902,0.13938815448097033,3.6900870579816774,001512.npy,"(256, 256)","(128, 128)",2.0
8.759896252466863,0.11725558103143684,1.027146724858108,0.37665894623032664,5.853013844563802,001513.npy,"(256, 256)","(128, 128)",2.0
9.440908054365812,0.10840653185497517,1.0234560997354991,0.36318016291617783,5.366475885097513,001514.npy,"(256, 256)","(128, 128)",2.0
9.12377089781254,0.11215764684052415,1.0233006742107107,0.36879005264223297,5.873264046259701,001515.npy,"(256, 256)","(128, 128)",2.0
30.959061068846196,0.033157601329214005,1.0265282044475923,0.1979875943564231,4.588129784780391,001516.npy,"(256, 256)","(128, 128)",2.0
61.93207681901641,0.016219406569044168,1.0045015335929028,0.1279383470453368,2.2155936534043543,001517.npy,"(256, 256)","(128, 128)",2.0
62.22143289060836,0.016132974116417214,1.0038167663105755,0.1274473086831824,2.1177607184870246,001518.npy,"(256, 256)","(128, 128)",2.0
70.87632349582225,0.014156934914569475,1.0033914987143269,0.11959888920477754,2.175176214809132,001519.npy,"(256, 256)","(128, 128)",2.0
72.02102592247131,0.013948764044252337,1.0046042968175333,0.1188936621644758,1.981097418976209,001520.npy,"(256, 256)","(128, 128)",2.0
55.930216791638884,0.01799181909007671,1.0062863421839374,0.13538302280706258,2.1265412434826128,001521.npy,"(256, 256)","(128, 128)",2.0
78.21043470997962,0.012847816500422068,1.004833313572059,0.11458849094765729,2.230930344699309,001522.npy,"(256, 256)","(128, 128)",2.0
74.68592644553645,0.013481376146909946,1.0068690672927259,0.11769809698379434,2.276700556053382,001523.npy,"(256, 256)","(128, 128)",2.0
41.92835759172373,0.024253005895897104,1.0168887038773577,0.17014701646027444,5.400762571739437,001524.npy,"(256, 256)","(128, 128)",2.0
91.64259616984167,0.010906532917299358,0.9995029917531502,0.10421598791287069,1.661653575205473,001525.npy,"(256, 256)","(128, 128)",2.0
60.150194638958055,0.016614328871771184,0.9993551154326972,0.12839758031408843,1.7086574082223391,001526.npy,"(256, 256)","(128, 128)",2.0
56.61171102864969,0.01771040183672858,1.002616150982145,0.1333208219805564,1.8472993550603354,001527.npy,"(256, 256)","(128, 128)",2.0
17.132723932392846,0.06091577345186551,1.043653129678997,0.3304253510728264,6.9944105267888625,001528.npy,"(256, 256)","(128, 128)",2.0
55.389703252786674,0.018188130523839822,1.0074351524384393,0.1381550537753241,3.320263930939249,001529.npy,"(256, 256)","(128, 128)",2.0
52.592631231846354,0.019126461638750827,1.005910943736878,0.14142267196479263,3.226882134203647,001530.npy,"(256, 256)","(128, 128)",2.0
66.80509261357406,0.015081984619997546,1.0075533793354357,0.1263058002830391,3.3212965083368746,001531.npy,"(256, 256)","(128, 128)",2.0
67.89796869825402,0.014769892906524217,1.0028457262437454,0.12203090147462484,1.9311398296734765,001532.npy,"(256, 256)","(128, 128)",2.0
23.304222269045862,0.04404941289407012,1.0265373089043848,0.2437569768213836,7.254089595482758,001533.npy,"(256, 256)","(128, 128)",2.0
28.310978223293162,0.03597674412761349,1.0185368195418556,0.21857389193951493,6.536712749288886,001534.npy,"(256, 256)","(128, 128)",2.0
28.784146462969506,0.03559749847369186,1.02464360978208,0.22163395133361447,6.260815579765957,001535.npy,"(256, 256)","(128, 128)",2.0
27.43651859303682,0.0373465517094123,1.0246593603611016,0.20866876324257605,6.298832574703128,001536.npy,"(256, 256)","(128, 128)",2.0
64.09351792859331,0.015693593566552783,1.0058576206219074,0.12606294692325384,3.3581474425987365,001537.npy,"(256, 256)","(128, 128)",2.0
68.78465674965292,0.01458719760346098,1.0033753800934233,0.12145496715355072,2.37658520115633,001538.npy,"(256, 256)","(128, 128)",2.0
79.79810912753968,0.012573389452365386,1.0033327036229094,0.112914655005334,2.5354311693000136,001539.npy,"(256, 256)","(128, 128)",2.0
52.74197402504811,0.019136437373050198,1.0092934828613733,0.14229141626185363,4.616756953715468,001540.npy,"(256, 256)","(128, 128)",2.0
61.514792026866516,0.016309774550221083,1.0032923894619303,0.1295434949521522,2.767280175401489,001541.npy,"(256, 256)","(128, 128)",2.0
81.69767625357188,0.012271360817738722,1.0025416632783852,0.11257199088589596,2.590125201135375,001542.npy,"(256, 256)","(128, 128)",2.0
92.48645610796248,0.010828719541986886,1.0015098946254057,0.10617570339148155,2.6280801329203265,001543.npy,"(256, 256)","(128, 128)",2.0
16.068024517943066,0.0657558578809805,1.0565667366299745,0.2865407247583628,4.85317171752665,001544.npy,"(256, 256)","(128, 128)",2.0
34.610466407832114,0.029130278659927764,1.0082125310102186,0.1764368134158635,3.6326969312643396,001545.npy,"(256, 256)","(128, 128)",2.0
34.4358913344576,0.02935276615439321,1.0107886656584295,0.17711760727195605,5.229435654721046,001546.npy,"(256, 256)","(128, 128)",2.0
40.24787149632894,0.025047137449737123,1.0080939694279079,0.16422328798329944,3.6591476197593726,001547.npy,"(256, 256)","(128, 128)",2.0
32.530794405837064,0.031275663006831766,1.017422163181488,0.19780247214702382,4.416436755100078,001548.npy,"(256, 256)","(128, 128)",2.0
41.84916543758689,0.024316247487554878,1.0176146639279906,0.1799734129582373,6.303384502723988,001549.npy,"(256, 256)","(128, 128)",2.0
51.70580793021798,0.019561369143743346,1.011436395798486,0.15858051047504745,5.95595658369627,001550.npy,"(256, 256)","(128, 128)",2.0
40.33467564656154,0.02507441424715137,1.0113683656863721,0.17605771430807687,5.259918948635938,001551.npy,"(256, 256)","(128, 128)",2.0
16.210501823991827,0.06532708635808011,1.0589848525637293,0.3100414406740836,6.217617604763654,001552.npy,"(256, 256)","(128, 128)",2.0
39.661927912215646,0.025636533594899726,1.0167943473600076,0.17594095013042155,6.0805560513392525,001553.npy,"(256, 256)","(128, 128)",2.0
40.091905994068114,0.025340151263463107,1.0159349623302292,0.17284074579486006,6.692079578060454,001554.npy,"(256, 256)","(128, 128)",2.0
38.87445508969282,0.02623212177114023,1.0197594396995442,0.1792377471096606,5.9478101352710135,001555.npy,"(256, 256)","(128, 128)",2.0
53.84012281595002,0.01866870292484398,1.0051252582880852,0.1538777670562511,8.383356800372605,001556.npy,"(256, 256)","(128, 128)",2.0
10.485466065382452,0.1021661042237423,1.0712592188703767,0.39121514750364367,8.373012444101109,001557.npy,"(256, 256)","(128, 128)",2.0
9.61544396952089,0.11252762326076318,1.0820030564872238,0.4192086673850158,9.069991099957372,001558.npy,"(256, 256)","(128, 128)",2.0
9.657372616987614,0.11188875207381152,1.0805513704265435,0.4147218631527862,9.183728790495936,001559.npy,"(256, 256)","(128, 128)",2.0
29.489562433864744,0.03463932427123381,1.021498515763436,0.21106820453967917,6.648395973075069,001560.npy,"(256, 256)","(128, 128)",2.0
28.106142116691927,0.036731857062376146,1.032390794805158,0.2388143426604146,10.66015284616211,001561.npy,"(256, 256)","(128, 128)",2.0
29.709387839339737,0.03455635683332625,1.0266482074759076,0.23190672034877963,7.67076297758892,001562.npy,"(256, 256)","(128, 128)",2.0
33.58374268508729,0.03049969482833082,1.0242939030883498,0.21842017800837954,6.604386854912075,001563.npy,"(256, 256)","(128, 128)",2.0
80.38628068219016,0.012485388332118397,1.0036539308918115,0.11488671144145045,2.882409262214611,001564.npy,"(256, 256)","(128, 128)",2.0
46.047805270140735,0.02206013178673709,1.0158206527493112,0.16986282357242855,4.318023997994041,001565.npy,"(256, 256)","(128, 128)",2.0
43.67053059235887,0.02325893433075876,1.0157300032370664,0.17280752293166143,4.69532627535102,001566.npy,"(256, 256)","(128, 128)",2.0
40.30767613744547,0.02523585910955845,1.0171988360382849,0.1753299660221091,3.918127464471931,001567.npy,"(256, 256)","(128, 128)",2.0
26.743601771322588,0.038408594799215136,1.0271841639063015,0.20511446615066317,2.822974270055404,001568.npy,"(256, 256)","(128, 128)",2.0
16.7802675235293,0.06220848531529627,1.0438750258242153,0.269794726758515,3.708263751069414,001569.npy,"(256, 256)","(128, 128)",2.0
18.76875523040594,0.05522463134988351,1.036497588495366,0.25142803192652996,3.4184032401960245,001570.npy,"(256, 256)","(128, 128)",2.0
19.013458773642746,0.054608398549430684,1.0382945345142527,0.250508535278691,3.793511115545014,001571.npy,"(256, 256)","(128, 128)",2.0
13.90824832495463,0.0768488561665584,1.0688329750532153,0.3235364763810746,6.620164600864569,001572.npy,"(256, 256)","(128, 128)",2.0
12.692743399403627,0.084770253878891,1.0759670803870636,0.3521733743939045,8.191980178832706,001573.npy,"(256, 256)","(128, 128)",2.0
13.354447955375905,0.0801326176940123,1.0701268725227215,0.34173410886418815,8.439683379892374,001574.npy,"(256, 256)","(128, 128)",2.0
12.17921831962746,0.08843052187141132,1.0770146319905094,0.36257682153074405,10.458968708125251,001575.npy,"(256, 256)","(128, 128)",2.0
37.3708905183881,0.027181665435528565,1.015803043098592,0.1839973146213246,5.849200665754551,001576.npy,"(256, 256)","(128, 128)",2.0
30.1240644376278,0.03338156835467068,1.0055885161451767,0.1985608800407479,4.453834131729103,001577.npy,"(256, 256)","(128, 128)",2.0
32.30940600337434,0.030944759075302714,0.9998067846405582,0.18836502480207654,3.94205617350194,001578.npy,"(256, 256)","(128, 128)",2.0
26.32044717368307,0.037993406028581644,1.000003436323575,0.20752844869518133,3.677365073459634,001579.npy,"(256, 256)","(128, 128)",2.0
78.3565783468868,0.012758312179808112,0.9996976878911745,0.11302136486294231,1.932621477583775,001580.npy,"(256, 256)","(128, 128)",2.0
71.5267893179804,0.01397761403325138,0.9997738541244178,0.11824396576401859,1.732911102676126,001581.npy,"(256, 256)","(128, 128)",2.0
82.89298056154368,0.012085601714021458,1.0018115479549397,0.11012421283576723,1.714568945790252,001582.npy,"(256, 256)","(128, 128)",2.0
67.1786168534087,0.014911678271615821,1.001745921250179,0.12224341420071883,1.9045717771658193,001583.npy,"(256, 256)","(128, 128)",2.0
23.536617820941846,0.04393638253616494,1.034113844188418,0.24164552771351538,10.084901403059398,001584.npy,"(256, 256)","(128, 128)",2.0
34.909182424613654,0.029297957753779514,1.022767751895313,0.18823426546667432,5.87607712062908,001585.npy,"(256, 256)","(128, 128)",2.0
30.37997651016736,0.03368478460240698,1.0233429649711712,0.20006286429414533,4.012499414923038,001586.npy,"(256, 256)","(128, 128)",2.0
33.587760279474914,0.030429876378187237,1.0220713931246093,0.19075410677554624,5.570235813732531,001587.npy,"(256, 256)","(128, 128)",2.0
63.46586025318545,0.015771098289973536,1.0009263201107124,0.12565477919810217,1.9373838980705829,001588.npy,"(256, 256)","(128, 128)",2.0
14.353600181483293,0.07358363902928784,1.0561901345249871,0.3474829161940158,10.35610988588625,001589.npy,"(256, 256)","(128, 128)",2.0
12.077497171949284,0.0886739829526979,1.070959778336688,0.38928418119215563,10.697462310324223,001590.npy,"(256, 256)","(128, 128)",2.0
12.790385121290877,0.08337465348830733,1.0663939274696286,0.37399568324578836,7.967911326985122,001591.npy,"(256, 256)","(128, 128)",2.0
57.91445469147253,0.017439060889380756,1.0099737017398724,0.1363433102788768,3.8604669439452897,001592.npy,"(256, 256)","(128, 128)",2.0
47.642105404661024,0.02114601220265348,1.0074405422470654,0.14993586567965303,4.300025946077202,001593.npy,"(256, 256)","(128, 128)",2.0
58.91533553468126,0.01702406356779696,1.002978417260501,0.13928210558659504,3.8594983945014496,001594.npy,"(256, 256)","(128, 128)",2.0
72.81222817428487,0.01379805130109406,1.0046668596957489,0.12711380339188152,3.716565017490026,001595.npy,"(256, 256)","(128, 128)",2.0
44.71647064697496,0.022545411806404774,1.0081512452650618,0.15531609758292234,3.542180820258012,001596.npy,"(256, 256)","(128, 128)",2.0
38.22617413676658,0.026524857622545278,1.0139438264323561,0.17469884508352068,4.273878896126161,001597.npy,"(256, 256)","(128, 128)",2.0
31.129056355346794,0.03286243963578023,1.0229767353963848,0.1977162186256386,4.862393428318447,001598.npy,"(256, 256)","(128, 128)",2.0
40.67149370539876,0.024947768679434556,1.0146630168093669,0.16877949701729728,3.763562195934084,001599.npy,"(256, 256)","(128, 128)",2.0
48.32289268969762,0.020942770741880612,1.0120152631848358,0.15686225223888517,4.448222563001999,001600.npy,"(256, 256)","(128, 128)",2.0
26.389116965463277,0.038998134449288915,1.029126331417148,0.20759156439589768,3.3234612240524495,001601.npy,"(256, 256)","(128, 128)",2.0
29.795941854601264,0.03453732341405415,1.029072080258716,0.1984252866059071,4.488917775235582,001602.npy,"(256, 256)","(128, 128)",2.0
26.339561658497548,0.03894695319042355,1.0258456749697789,0.20682449920642737,3.555556432681395,001603.npy,"(256, 256)","(128, 128)",2.0
42.70868004129005,0.023619137711978686,1.0087421953920652,0.16435626997061326,4.806302628484426,001604.npy,"(256, 256)","(128, 128)",2.0
11.404890789142689,0.09710894119371324,1.1075168689635793,0.39411167461483493,6.555894472718029,001605.npy,"(256, 256)","(128, 128)",2.0
12.353327875699874,0.08971256427966955,1.1082487211165586,0.3809480264143984,6.613113427686161,001606.npy,"(256, 256)","(128, 128)",2.0
11.524182154142977,0.09610112644951474,1.1074868864225353,0.39053833665191384,7.121355513997344,001607.npy,"(256, 256)","(128, 128)",2.0
34.76037300353754,0.029401905969162045,1.0220212185030095,0.19807109222123775,4.685585614747148,001608.npy,"(256, 256)","(128, 128)",2.0
85.27347142874515,0.011765345237519492,1.0032718309609412,0.10901411020950717,2.079339098434221,001609.npy,"(256, 256)","(128, 128)",2.0
74.00301094773687,0.013624582781712588,1.008260148753424,0.11863890664639667,2.2368738126846544,001610.npy,"(256, 256)","(128, 128)",2.0
52.8523451249985,0.01905950152283665,1.007339352395397,0.13955179694690587,2.2269819185746127,001611.npy,"(256, 256)","(128, 128)",2.0
55.160805505891794,0.01818019421577454,1.0028341571956785,0.1353190622951138,2.4551484072997787,001612.npy,"(256, 256)","(128, 128)",2.0
20.416824566765207,0.04978106910297999,1.0163713546215583,0.26443649807072117,6.9027292150927995,001613.npy,"(256, 256)","(128, 128)",2.0
23.693379184119603,0.04255862380611467,1.0083576113925743,0.22595568451962567,4.900953584384929,001614.npy,"(256, 256)","(128, 128)",2.0
24.13386524283905,0.0416509537160277,1.005198504218339,0.22133009277145418,5.564907408528768,001615.npy,"(256, 256)","(128, 128)",2.0
68.5253472005698,0.014650810909212065,1.0039519043236524,0.12193918106085938,3.0456334185418514,001616.npy,"(256, 256)","(128, 128)",2.0
61.387749458399284,0.016324887597996995,1.0021481098023692,0.1334773610352114,4.401788036378188,001617.npy,"(256, 256)","(128, 128)",2.0
56.464232108562996,0.017783225848453346,1.0041161919460668,0.13377579755560634,1.9885228552551895,001618.npy,"(256, 256)","(128, 128)",2.0
51.35304107272457,0.019519615845762665,1.0023916342512555,0.14584612484218273,3.8766102674954572,001619.npy,"(256, 256)","(128, 128)",2.0
43.98390670606207,0.023065401188232453,1.0145064540011095,0.17384040352601038,7.216467711015937,001620.npy,"(256, 256)","(128, 128)",2.0
54.39790662743969,0.018499356680134343,1.0063262773536505,0.14175645315608185,3.9634864838375576,001621.npy,"(256, 256)","(128, 128)",2.0
65.99746460749589,0.01524687151420192,1.0062548631335784,0.1300516202133015,3.5870473033281773,001622.npy,"(256, 256)","(128, 128)",2.0
70.83564246496469,0.014180132015571008,1.004458761560987,0.12618522549916042,4.276084944830249,001623.npy,"(256, 256)","(128, 128)",2.0
17.36362323160871,0.06000889345166712,1.041971816440499,0.33048446996811914,10.792809045393712,001624.npy,"(256, 256)","(128, 128)",2.0
44.140903755838764,0.02294473701180229,1.0128014281409965,0.16799376661651835,5.656737160606133,001625.npy,"(256, 256)","(128, 128)",2.0
45.855775899811846,0.022192905820319228,1.0176729158621884,0.1703506925897681,6.282930121039309,001626.npy,"(256, 256)","(128, 128)",2.0
42.721560499117594,0.023791170012816908,1.0163959090473498,0.17485763469239915,6.038863500907966,001627.npy,"(256, 256)","(128, 128)",2.0
82.53446942433743,0.012168771403314306,1.0043430913185962,0.11861442327596432,3.3280848356151074,001628.npy,"(256, 256)","(128, 128)",2.0
59.45719455257429,0.01700262455330259,1.0109283559700886,0.13461710139874544,3.781583775598658,001629.npy,"(256, 256)","(128, 128)",2.0
59.355353288618446,0.017044062003749652,1.0116563217056787,0.13387971532851106,3.0893218702315086,001630.npy,"(256, 256)","(128, 128)",2.0
64.03539783412454,0.015762259626228244,1.0093425659302848,0.128542037471237,2.956274210232966,001631.npy,"(256, 256)","(128, 128)",2.0
24.899035170248347,0.041601398121501425,1.0358346749587675,0.2396834918117223,5.7706231815801035,001632.npy,"(256, 256)","(128, 128)",2.0
47.299144780705376,0.02130572554657733,1.0077425972855343,0.15072900468074588,3.293636533722976,001633.npy,"(256, 256)","(128, 128)",2.0
52.34320064359346,0.01923844300306365,1.0070016821796974,0.14398231730390532,3.39049197451363,001634.npy,"(256, 256)","(128, 128)",2.0
100.1985909205723,0.009991580604592445,1.0011422976494828,0.10132186944368321,2.945961433832598,001635.npy,"(256, 256)","(128, 128)",2.0
14.486806748457724,0.07240407299570245,1.048903813289968,0.383260638555118,13.004597963740757,001636.npy,"(256, 256)","(128, 128)",2.0
9.054361394135105,0.11711861948292426,1.060434306780589,0.4175011215112054,7.337818447678962,001637.npy,"(256, 256)","(128, 128)",2.0
7.231063355519097,0.14911286082092065,1.0782445437187784,0.47715291360245105,7.16425644486772,001638.npy,"(256, 256)","(128, 128)",2.0
7.7922077516634305,0.13770889799333663,1.0730563424167063,0.4567341601999902,6.9473085675226605,001639.npy,"(256, 256)","(128, 128)",2.0
39.888752713549785,0.025285067893049188,1.0085898205311563,0.1620767505796148,3.026436600199993,001640.npy,"(256, 256)","(128, 128)",2.0
50.21824874174335,0.020135082896300532,1.0111486013220423,0.14515738323017172,2.601536076778856,001641.npy,"(256, 256)","(128, 128)",2.0
47.92307974350017,0.02120056012260043,1.01599613336225,0.15058228138600185,2.958576113663907,001642.npy,"(256, 256)","(128, 128)",2.0
48.04725833920646,0.021001212156716437,1.0090506659302378,0.1470427648721565,2.5374498892237742,001643.npy,"(256, 256)","(128, 128)",2.0
49.75727311786811,0.02025659364149995,1.0079128622577835,0.15303837949893687,6.156369074415276,001644.npy,"(256, 256)","(128, 128)",2.0
55.99679998637465,0.0180305213728489,1.009651498965473,0.15214140593484254,6.675476723669416,001645.npy,"(256, 256)","(128, 128)",2.0
51.50526533927761,0.01968304931136867,1.0137806774681288,0.16013687342173247,7.312311438572408,001646.npy,"(256, 256)","(128, 128)",2.0
58.51137418538966,0.01728304714071693,1.0112548383142173,0.1497392831278085,5.78834420242719,001647.npy,"(256, 256)","(128, 128)",2.0
37.738244186422364,0.0269983285221682,1.0188695143948352,0.18032008601951574,5.780002884339514,001648.npy,"(256, 256)","(128, 128)",2.0
45.979784920012605,0.02194063372906694,1.008825619871272,0.1546296728419331,3.474612080152155,001649.npy,"(256, 256)","(128, 128)",2.0
48.285637717605,0.020897657774394573,1.0090567324409079,0.15074419053543572,3.2653740376413083,001650.npy,"(256, 256)","(128, 128)",2.0
58.28149258497295,0.01732728166182159,1.009859837691193,0.1377656740383228,3.023161337077116,001651.npy,"(256, 256)","(128, 128)",2.0
109.72548226976929,0.009133195715871647,1.0021443045882072,0.09588946255075,1.7280180962890144,001652.npy,"(256, 256)","(128, 128)",2.0
74.16719547168707,0.013542442784412127,1.0044050011556322,0.11817506444294493,3.2512350485753374,001653.npy,"(256, 256)","(128, 128)",2.0
74.25669888247944,0.013529381919923688,1.0046472392938348,0.11900244106922651,3.547735632120157,001654.npy,"(256, 256)","(128, 128)",2.0
66.87936176832626,0.01502043531943069,1.0045571276459504,0.1255097038952625,3.746045510211966,001655.npy,"(256, 256)","(128, 128)",2.0
92.70880096518741,0.010791574259887436,1.000473910160944,0.10438157732155212,2.1311916088947918,001656.npy,"(256, 256)","(128, 128)",2.0
63.152910083862984,0.015986975221434673,1.0096240086722095,0.1313031962855161,2.919924464003431,001657.npy,"(256, 256)","(128, 128)",2.0
44.97312216088368,0.02243786192257465,1.0091007052729901,0.15315885049564879,2.6554451084336566,001658.npy,"(256, 256)","(128, 128)",2.0
56.505113865828,0.01782931538850063,1.0074474961769875,0.13832037855881799,3.085570081678702,001659.npy,"(256, 256)","(128, 128)",2.0
70.7231310719552,0.014180228965309318,1.0028701917439065,0.12244277074121943,2.780601246721035,001660.npy,"(256, 256)","(128, 128)",2.0
90.39220218894171,0.011139013490638623,1.0068799596311557,0.10708326183549458,2.0993240823720516,001661.npy,"(256, 256)","(128, 128)",2.0
64.46607336415694,0.015579326219695567,1.0043379870430282,0.12626036830338272,1.974149939166731,001662.npy,"(256, 256)","(128, 128)",2.0
59.2421908962182,0.016954070864175348,1.004396302603487,0.13107098416365398,2.0756174483398735,001663.npy,"(256, 256)","(128, 128)",2.0
24.98073216426427,0.041533659345121765,1.0375412199022787,0.24611265005790345,7.264903248725443,001664.npy,"(256, 256)","(128, 128)",2.0
32.11670700602136,0.03181627759705733,1.0218340656069316,0.20668993906136632,6.9346830429056014,001665.npy,"(256, 256)","(128, 128)",2.0
37.6053977607595,0.02699319324642574,1.015089768864887,0.18596481642534293,5.855380522087364,001666.npy,"(256, 256)","(128, 128)",2.0
40.35738985733221,0.02524124612785958,1.018670810466906,0.18599196171251245,5.668500997994361,001667.npy,"(256, 256)","(128, 128)",2.0
16.80883652317961,0.06224477419470276,1.0462622338609875,0.3044769578094265,8.438870893863756,001668.npy,"(256, 256)","(128, 128)",2.0
32.76412820796732,0.031138570782918217,1.0202281253443977,0.18904527339377944,4.515826678078652,001669.npy,"(256, 256)","(128, 128)",2.0
35.229763735187724,0.028953636036162834,1.0200297568286338,0.18417851969437876,6.914819208994744,001670.npy,"(256, 256)","(128, 128)",2.0
36.040519215784705,0.028250047868689506,1.0181463930583419,0.18006754492087862,5.271155684767354,001671.npy,"(256, 256)","(128, 128)",2.0
43.29959561811645,0.023477161898618936,1.016551616471251,0.15837268221763545,3.4100530208975273,001672.npy,"(256, 256)","(128, 128)",2.0
61.89984412385294,0.01627663503215697,1.0075211713513603,0.12939206268716558,2.7196693886728127,001673.npy,"(256, 256)","(128, 128)",2.0
59.73269042181319,0.01690326386673315,1.0096774276697922,0.13316564642034975,3.1302666609115652,001674.npy,"(256, 256)","(128, 128)",2.0
50.806041569116715,0.01986515461508462,1.00926987115092,0.14358381388502228,2.256135066697497,001675.npy,"(256, 256)","(128, 128)",2.0
13.582425585277962,0.07784705227852613,1.0573517946063244,0.3538801505339513,7.322582817281294,001676.npy,"(256, 256)","(128, 128)",2.0
26.71709507921842,0.037897204362644286,1.0125032121933386,0.21268980858280043,5.9605105129672085,001677.npy,"(256, 256)","(128, 128)",2.0
23.51127418416091,0.04325761126575819,1.0170415590210886,0.23319023881115708,5.342834921561257,001678.npy,"(256, 256)","(128, 128)",2.0
12.275616982457295,0.08481618014817137,1.0411709414140498,0.3438976685616611,7.559583346464499,001679.npy,"(256, 256)","(128, 128)",2.0
62.836687197966974,0.01596919347336118,1.0034512150894122,0.1283521748985589,5.663384526164107,001680.npy,"(256, 256)","(128, 128)",2.0
54.05409286250614,0.01868503366785024,1.0100025450210306,0.1397228960693433,3.3226843852664256,001681.npy,"(256, 256)","(128, 128)",2.0
77.20082362991023,0.013085062908798245,1.0101776338084134,0.11890734277758339,3.5858844743346596,001682.npy,"(256, 256)","(128, 128)",2.0
71.83839272740673,0.014079914674856338,1.0114784399807069,0.12710731381635845,4.456953125873381,001683.npy,"(256, 256)","(128, 128)",2.0
28.71961921039365,0.03567453101078959,1.0245589461392566,0.20875043584804095,4.5420404978710405,001684.npy,"(256, 256)","(128, 128)",2.0
63.161309095955204,0.01582939714898761,0.9998054461298385,0.12590662672484956,1.8266223148403338,001685.npy,"(256, 256)","(128, 128)",2.0
81.69307085925267,0.012256276010130763,1.001252824566171,0.11065223542920873,1.6711008870709192,001686.npy,"(256, 256)","(128, 128)",2.0
83.70845118013581,0.011938064724654422,0.9993169081890361,0.10926965718462531,1.6391896114796352,001687.npy,"(256, 256)","(128, 128)",2.0
58.245356523023155,0.017330767956977328,1.0094367584719302,0.14300680873599678,4.9095863546689245,001688.npy,"(256, 256)","(128, 128)",2.0
60.728746863950356,0.01654236686794861,1.0045972100542506,0.13049378656435404,2.943716674119287,001689.npy,"(256, 256)","(128, 128)",2.0
77.83388980690138,0.012893307719838551,1.0035362923123847,0.11594388164330209,3.261087525319197,001690.npy,"(256, 256)","(128, 128)",2.0
80.6050018118708,0.012442460784855476,1.002924574107407,0.11384195535319042,3.8950973662670916,001691.npy,"(256, 256)","(128, 128)",2.0
45.16682989972002,0.02243581226174376,1.0133545160882331,0.15567761412338488,3.1603275697464994,001692.npy,"(256, 256)","(128, 128)",2.0
31.692214552269267,0.03216045546793044,1.0192360547883528,0.20691677776238726,7.745629374436155,001693.npy,"(256, 256)","(128, 128)",2.0
32.891350903102385,0.031084321689358662,1.022405332269612,0.20485743208150997,7.764630971038367,001694.npy,"(256, 256)","(128, 128)",2.0
28.352610185378662,0.03612193627200847,1.0241511782613464,0.22337361199106623,8.055321577236725,001695.npy,"(256, 256)","(128, 128)",2.0
37.24243595566862,0.02714413246460322,1.0109136148851707,0.18785011266207974,7.091224030958097,001696.npy,"(256, 256)","(128, 128)",2.0
21.600985423033563,0.04643029255764882,1.002940072724956,0.21991707619099188,4.357498765459698,001697.npy,"(256, 256)","(128, 128)",2.0
17.867477248642253,0.05823408386547083,1.040496168561825,0.2722708410984757,9.742881927116905,001698.npy,"(256, 256)","(128, 128)",2.0
19.38720672771365,0.053450674784589244,1.036259281784623,0.25567846205879846,7.331558430446295,001699.npy,"(256, 256)","(128, 128)",2.0
61.297294655294706,0.01637773142368681,1.0039106288630097,0.1287311539962145,1.9320375894228008,001700.npy,"(256, 256)","(128, 128)",2.0
49.36678689692399,0.020468980456694087,1.0104877962029188,0.14634473796566339,3.0434916340994116,001701.npy,"(256, 256)","(128, 128)",2.0
56.81046231360195,0.017787147327393123,1.0104960629093527,0.13767066520647533,4.145440241534831,001702.npy,"(256, 256)","(128, 128)",2.0
43.57658893605381,0.02315500618852153,1.0090161864889848,0.1564055682328219,2.8964793558880526,001703.npy,"(256, 256)","(128, 128)",2.0
44.39739123830432,0.022888521581459716,1.016190647518439,0.17736899615111362,6.357895361974773,001704.npy,"(256, 256)","(128, 128)",2.0
69.53324556627189,0.01437795709729641,0.999746021587633,0.1197833769851043,1.8559546636866464,001705.npy,"(256, 256)","(128, 128)",2.0
113.08365286708235,0.00885830685372354,1.0017296972365692,0.09426791292979557,1.6251320338198665,001706.npy,"(256, 256)","(128, 128)",2.0
87.62219781977684,0.011434829088059395,1.0019448563892788,0.10704625581855855,1.8122051461816369,001707.npy,"(256, 256)","(128, 128)",2.0
46.401205340512746,0.02184553632117901,1.0136592166126566,0.16161908916005513,6.138072492934082,001708.npy,"(256, 256)","(128, 128)",2.0
48.535064222715995,0.020810337554425278,1.0100310697004293,0.15214140029488682,3.8636113935848564,001709.npy,"(256, 256)","(128, 128)",2.0
55.89137613585979,0.01799154469154961,1.0055721916205307,0.1410508736973037,4.418041186035831,001710.npy,"(256, 256)","(128, 128)",2.0
45.524243852958506,0.022210864526026792,1.0111328128678694,0.157161096012251,3.6013125303019016,001711.npy,"(256, 256)","(128, 128)",2.0
36.03445192620831,0.028213502741064832,1.0166581081928472,0.2062912088005682,5.83236841086682,001712.npy,"(256, 256)","(128, 128)",2.0
38.52041719889984,0.02632651445791476,1.0141083203117451,0.20733231947676264,5.841551682049636,001713.npy,"(256, 256)","(128, 128)",2.0
31.8236144803129,0.031894063081768786,1.0149843677249903,0.22035145691871155,7.3187093694078635,001714.npy,"(256, 256)","(128, 128)",2.0
35.79087625651204,0.028368586868748293,1.0153365821914826,0.21379157115508304,6.057016993819866,001715.npy,"(256, 256)","(128, 128)",2.0
76.71950628818422,0.01312935979781445,1.0072780015682588,0.12003217495021877,6.6212014980067595,001716.npy,"(256, 256)","(128, 128)",2.0
85.96099214819436,0.011653319511791176,1.0017309070534814,0.10825022907946882,1.996896420182416,001717.npy,"(256, 256)","(128, 128)",2.0
83.58381961009702,0.011981200676271855,1.0014345160378793,0.1118575070876095,3.9913093866130938,001718.npy,"(256, 256)","(128, 128)",2.0
59.015947118626755,0.01696195759329779,1.0010259923544518,0.13158523555869772,4.234884427238612,001719.npy,"(256, 256)","(128, 128)",2.0
104.55112270432981,0.009595515674334816,1.0032219366786994,0.09889058061425558,2.0815733474259726,001720.npy,"(256, 256)","(128, 128)",2.0
47.77971008292831,0.021180552814295654,1.0120006728631976,0.15208039178442598,3.892971172055268,001721.npy,"(256, 256)","(128, 128)",2.0
48.0087043626441,0.021103202143172673,1.0131373927966942,0.15296991076942962,3.6799341774363223,001722.npy,"(256, 256)","(128, 128)",2.0
38.09342756276882,0.026603021274222725,1.0134002638604012,0.16966153702077766,3.079723828783968,001723.npy,"(256, 256)","(128, 128)",2.0
53.84159508447364,0.018784377717238218,1.0113808589653495,0.14230641375821948,4.115024576642056,001724.npy,"(256, 256)","(128, 128)",2.0
52.307923413983,0.01938956226306368,1.01422773788699,0.15394550592720038,4.9554755429771475,001725.npy,"(256, 256)","(128, 128)",2.0
42.19184826815815,0.02403132619182533,1.013926068368109,0.16791005654730773,4.7259582848000425,001726.npy,"(256, 256)","(128, 128)",2.0
34.64640464134568,0.029452822739530093,1.020434414463587,0.19083630002896515,4.448035316404062,001727.npy,"(256, 256)","(128, 128)",2.0
11.439586520702134,0.09219777624960328,1.054704438423673,0.3697968019298478,9.971429482390588,001728.npy,"(256, 256)","(128, 128)",2.0
20.64922323202646,0.050470345943605235,1.0421734399871057,0.2687312909880343,8.747583812801812,001729.npy,"(256, 256)","(128, 128)",2.0
15.390544470503599,0.06877854801119405,1.058539301782949,0.32270061676686324,7.97799987172108,001730.npy,"(256, 256)","(128, 128)",2.0
15.303435726295016,0.06919898478546511,1.0589822159892321,0.323495971190699,7.976038534328085,001731.npy,"(256, 256)","(128, 128)",2.0
81.9694873148523,0.012228846229180612,1.0023922558580995,0.11091563014555536,1.795860225675608,001732.npy,"(256, 256)","(128, 128)",2.0
37.02641352145346,0.027008472829009318,1.0000268835498392,0.16437573643835238,2.0106921982442083,001733.npy,"(256, 256)","(128, 128)",2.0
40.586869326437686,0.02466984790813261,1.0012718933504703,0.1579519024524672,2.013840465725754,001734.npy,"(256, 256)","(128, 128)",2.0
47.168344166418535,0.02116524837469703,0.9983297197054402,0.14571696373894186,2.1188607657145218,001735.npy,"(256, 256)","(128, 128)",2.0
55.45257463504133,0.018210877489794313,1.0098400431724133,0.14172919947809498,3.4868050735807743,001736.npy,"(256, 256)","(128, 128)",2.0
50.12189461353899,0.020199870711244995,1.0124557909961345,0.14685146665813525,2.9683912932697782,001737.npy,"(256, 256)","(128, 128)",2.0
56.60197118439131,0.017886333578156183,1.012401737785207,0.1386972947458214,3.0070870621126002,001738.npy,"(256, 256)","(128, 128)",2.0
65.83994353499473,0.015330078820039908,1.0093315238984462,0.1276114034614954,3.0271496949634953,001739.npy,"(256, 256)","(128, 128)",2.0
39.87279509747031,0.025332411477695504,1.0100740521749578,0.17140505415222249,7.837792115410783,001740.npy,"(256, 256)","(128, 128)",2.0
15.95464403006772,0.06184141813567264,0.9866578126692312,0.2796599073527133,6.99729235266135,001741.npy,"(256, 256)","(128, 128)",2.0
19.105455420689132,0.052140437788650844,0.9961668097862838,0.2570011711745704,7.626504966714283,001742.npy,"(256, 256)","(128, 128)",2.0
16.701811934077067,0.05911107499889219,0.9872620578526222,0.2748785098226964,6.346111603431549,001743.npy,"(256, 256)","(128, 128)",2.0
13.414352226950488,0.07949272568804418,1.0663434218597796,0.3333681638223946,7.629849849095921,001744.npy,"(256, 256)","(128, 128)",2.0
17.52281034562059,0.059451475442239256,1.0417569289416786,0.3035038856928818,9.297825289818418,001745.npy,"(256, 256)","(128, 128)",2.0
16.94281896677732,0.0615238703469268,1.04238779742346,0.31321318563965267,11.387936126455626,001746.npy,"(256, 256)","(128, 128)",2.0
14.720704011715869,0.0717110489501595,1.0556371259649662,0.33380973685249726,7.77549241957035,001747.npy,"(256, 256)","(128, 128)",2.0
13.922653932295214,0.07568286816878575,1.0537063821175252,0.32396771209780145,6.878708186411526,001748.npy,"(256, 256)","(128, 128)",2.0
63.23485788873849,0.015894185771933324,1.005066578545413,0.12998995889821643,7.747102911637224,001749.npy,"(256, 256)","(128, 128)",2.0
65.08618890215497,0.015464831410814188,1.006546938544232,0.12665934566273043,3.7975237108410096,001750.npy,"(256, 256)","(128, 128)",2.0
73.34616323523736,0.013715411098321929,1.0059727812559063,0.12094817964382797,7.162857513246995,001751.npy,"(256, 256)","(128, 128)",2.0
68.79063779403442,0.014551084030885283,1.0009783510791879,0.12112477700781066,3.5148136782804795,001752.npy,"(256, 256)","(128, 128)",2.0
21.345542393126994,0.04836568034227483,1.0323916801184563,0.3025504098180031,8.99552194500456,001753.npy,"(256, 256)","(128, 128)",2.0
17.40861077830478,0.06024187091934262,1.0487272833917132,0.33290914407880606,8.579752164177027,001754.npy,"(256, 256)","(128, 128)",2.0
16.372158779248053,0.06432319347688958,1.053109536791929,0.3477901702026804,8.701786878122496,001755.npy,"(256, 256)","(128, 128)",2.0
37.17612902781022,0.027239019269563552,1.0126412949563035,0.18680124103415569,6.22865483297081,001756.npy,"(256, 256)","(128, 128)",2.0
81.07577931346627,0.012338327443746315,1.0003395129264607,0.11107343854637317,1.9283108427573292,001757.npy,"(256, 256)","(128, 128)",2.0
74.71662991179512,0.01341246550215899,1.0021342211295325,0.1160564455708986,1.7215422246029373,001758.npy,"(256, 256)","(128, 128)",2.0
78.58171771870511,0.012722101410320338,0.9997245818145329,0.1129476098808159,1.8319646437165544,001759.npy,"(256, 256)","(128, 128)",2.0
53.408580653733374,0.018889474892631573,1.008860043309785,0.14120998817339026,3.102692568700242,001760.npy,"(256, 256)","(128, 128)",2.0
10.817079704312045,0.0939354293412945,1.0161070262435548,0.3389120509565973,5.671913686421643,001761.npy,"(256, 256)","(128, 128)",2.0
9.544932428559123,0.10974658946205308,1.0475237806801154,0.3853810090555033,7.11123188702885,001762.npy,"(256, 256)","(128, 128)",2.0
11.739273186145684,0.08636501435800617,1.0138624972740289,0.31853392986928375,4.697854826983913,001763.npy,"(256, 256)","(128, 128)",2.0
61.483699975789776,0.01641360856007646,1.009169384227796,0.13231183588781542,3.764802255150139,001764.npy,"(256, 256)","(128, 128)",2.0
37.632771944131335,0.026877518242629975,1.0114755144491234,0.17198514712925114,3.777078692769794,001765.npy,"(256, 256)","(128, 128)",2.0
42.891238095567225,0.023458984821383734,1.0061849034542674,0.15855442742164136,3.644666890337372,001766.npy,"(256, 256)","(128, 128)",2.0
49.203366058301626,0.020514267885768947,1.0093710322015508,0.149679248425519,2.859493420395642,001767.npy,"(256, 256)","(128, 128)",2.0
87.37443273592987,0.011465737924040504,1.0018123470118772,0.10824816257503675,2.5127583621181033,001768.npy,"(256, 256)","(128, 128)",2.0
59.941960306606134,0.01669225458786395,1.0005664619335048,0.12957860218201575,2.547436721600328,001769.npy,"(256, 256)","(128, 128)",2.0
81.40829168915602,0.012319108325322566,1.0028775638981697,0.11157683433386478,2.6474442167554764,001770.npy,"(256, 256)","(128, 128)",2.0
112.04258072177377,0.008935057456529064,1.0011068963268444,0.0949792046508414,2.2895503361413283,001771.npy,"(256, 256)","(128, 128)",2.0
17.666096630450678,0.05951756729164579,1.0514430949835651,0.29556590089390755,6.363132270965691,001772.npy,"(256, 256)","(128, 128)",2.0
20.029870133122365,0.0508527201571253,1.0185733806632338,0.23309005254843654,3.557647490114059,001773.npy,"(256, 256)","(128, 128)",2.0
21.411692815905656,0.0477115969156432,1.021586056914064,0.2270744218990745,2.877738813565473,001774.npy,"(256, 256)","(128, 128)",2.0
23.597877288891322,0.04328593615357838,1.021456209686927,0.2163601939625315,3.0194149371521455,001775.npy,"(256, 256)","(128, 128)",2.0
10.796067489250873,0.10080408416746751,1.0882876958641048,0.4338835161864123,10.911247437106763,001776.npy,"(256, 256)","(128, 128)",2.0
20.966928282018916,0.04986311349984413,1.0454763246694012,0.265822367095837,8.71825565112449,001777.npy,"(256, 256)","(128, 128)",2.0
20.801497517744917,0.0505780893263131,1.0520999995735827,0.27232778414574804,6.477503763557121,001778.npy,"(256, 256)","(128, 128)",2.0
18.500442378446568,0.05716913776898488,1.0576543391205782,0.2920986681813656,9.145860857740967,001779.npy,"(256, 256)","(128, 128)",2.0
57.138791783054685,0.017553668394964226,1.0029954034486486,0.14538745918748391,8.7897472878576,001780.npy,"(256, 256)","(128, 128)",2.0
60.90784568441682,0.016500691396627916,1.0050215652719974,0.13136844838500325,5.728203253552885,001781.npy,"(256, 256)","(128, 128)",2.0
56.492298108412555,0.01779947873177152,1.0055334586895857,0.13474760417733733,3.6050884919088904,001782.npy,"(256, 256)","(128, 128)",2.0
60.46619667476913,0.016609181544326276,1.0042940378661782,0.13026403202095643,4.0331810564235955,001783.npy,"(256, 256)","(128, 128)",2.0
39.470667276499896,0.02583712110571455,1.0198084105462921,0.18195969396257053,5.59044079051741,001784.npy,"(256, 256)","(128, 128)",2.0
47.81261712879266,0.021241518347818508,1.0156125839984707,0.15864185311579365,4.266431580643163,001785.npy,"(256, 256)","(128, 128)",2.0
49.359360841174166,0.020603636493864447,1.0169823283410397,0.155846792269934,4.3315937250426515,001786.npy,"(256, 256)","(128, 128)",2.0
50.444780853258614,0.020094692918824795,1.0136723806036445,0.1529016537544407,3.88909479686925,001787.npy,"(256, 256)","(128, 128)",2.0
34.12757153581192,0.029929881083708112,1.0214341577425925,0.18830220413521417,5.520787369558115,001788.npy,"(256, 256)","(128, 128)",2.0
43.43843811440642,0.02325663063031511,1.0102317103845517,0.1597039070842164,4.1346325081779245,001789.npy,"(256, 256)","(128, 128)",2.0
54.10794902902035,0.018682146305719464,1.0108526200625696,0.1450432501928895,3.745029187877194,001790.npy,"(256, 256)","(128, 128)",2.0
55.93131940299206,0.018126885615186914,1.0138606291245216,0.14485652956391998,4.672627915920494,001791.npy,"(256, 256)","(128, 128)",2.0
20.376315567639388,0.05057059875259443,1.030442478627335,0.2525708601887038,7.572251544686069,001792.npy,"(256, 256)","(128, 128)",2.0
19.86144145172817,0.05222403535982686,1.0372446206721828,0.2932521649466362,8.33191426397226,001793.npy,"(256, 256)","(128, 128)",2.0
18.991623632267583,0.054584018326751214,1.0366391323984552,0.2984236713648993,10.738516784487217,001794.npy,"(256, 256)","(128, 128)",2.0
19.00989561519622,0.05491014088247781,1.0438360463916216,0.304216367646424,8.81552148962034,001795.npy,"(256, 256)","(128, 128)",2.0
46.90879317794366,0.021709033612415666,1.0183445678178336,0.15247886832437418,3.370990772688615,001796.npy,"(256, 256)","(128, 128)",2.0
23.711156038578643,0.043381109968718266,1.0286162675950183,0.2464305605763559,6.352469216716323,001797.npy,"(256, 256)","(128, 128)",2.0
17.028758544202333,0.061374264438541694,1.0451275299519502,0.2879943346930871,5.906444602584017,001798.npy,"(256, 256)","(128, 128)",2.0
23.8883973314261,0.043148593201796634,1.030750738696589,0.24682099485417888,6.404608461138367,001799.npy,"(256, 256)","(128, 128)",2.0
68.76985782165931,0.014568946869313884,1.0019044048140244,0.12158895025855039,2.2152770661079635,001800.npy,"(256, 256)","(128, 128)",2.0
90.80648216810842,0.011027532382110412,1.0013714226143473,0.10501326837602215,1.579306508648052,001801.npy,"(256, 256)","(128, 128)",2.0
80.14123003628164,0.012490562138290728,1.0010090136072272,0.11189037666523825,1.8009695819832263,001802.npy,"(256, 256)","(128, 128)",2.0
69.27974290035955,0.01443369209179598,0.9999624772225784,0.12007535622514115,1.6988344698088822,001803.npy,"(256, 256)","(128, 128)",2.0
107.69003600225251,0.009304252165640188,1.0019752506918278,0.09742867968515231,2.799947345530125,001804.npy,"(256, 256)","(128, 128)",2.0
66.7856506997449,0.015099656995291094,1.0084404177734707,0.12655304025536043,4.032378170287746,001805.npy,"(256, 256)","(128, 128)",2.0
50.066302915161124,0.020174959522455394,1.0100856347523661,0.14543356150536876,2.5901436988288085,001806.npy,"(256, 256)","(128, 128)",2.0
70.15944381474374,0.014394195569201707,1.0098887552958404,0.12363292023235176,2.6971421018891935,001807.npy,"(256, 256)","(128, 128)",2.0
45.48456015821708,0.022369393604709877,1.0174620291162628,0.16910019207558805,5.29653253164428,001808.npy,"(256, 256)","(128, 128)",2.0
61.96133347722066,0.016217239686028364,1.0048417962660208,0.13205096449168477,4.556920221778208,001809.npy,"(256, 256)","(128, 128)",2.0
46.33537395309005,0.02174182446052686,1.0074155668009523,0.15553708362833235,4.152113147286268,001810.npy,"(256, 256)","(128, 128)",2.0
48.61261794533126,0.020835478409765865,1.0128671516421461,0.1521415718530564,4.235189838075202,001811.npy,"(256, 256)","(128, 128)",2.0
26.84215344888132,0.038294924852307226,1.0279182491990093,0.22139100785111257,5.887762328688544,001812.npy,"(256, 256)","(128, 128)",2.0
30.59962094172007,0.033607037275399196,1.0283626016014722,0.2007808557753884,4.734861643541741,001813.npy,"(256, 256)","(128, 128)",2.0
35.16376100099768,0.029292985603677966,1.0300515447733978,0.1904703533838193,4.369917603475488,001814.npy,"(256, 256)","(128, 128)",2.0
50.319470848449924,0.020076529123980186,1.010240321992177,0.14499423695576386,2.5092644491134046,001815.npy,"(256, 256)","(128, 128)",2.0
55.47343736285207,0.018282503591594435,1.0141933178244318,0.14472723469686158,5.086419333010921,001816.npy,"(256, 256)","(128, 128)",2.0
44.305395773881514,0.022732452086149664,1.0071702865876593,0.15312093537606727,2.413809730275783,001817.npy,"(256, 256)","(128, 128)",2.0
46.786324300127376,0.02147406511202952,1.0046925743734643,0.14799629707179976,2.3108625566640892,001818.npy,"(256, 256)","(128, 128)",2.0
50.1596624055163,0.02004808903398113,1.0056053778202267,0.14347072952640774,2.327473629294147,001819.npy,"(256, 256)","(128, 128)",2.0
23.023241611191665,0.04474243116134483,1.030115802899753,0.25599193202036824,8.095956040167223,001820.npy,"(256, 256)","(128, 128)",2.0
21.672714358643013,0.04783245547023636,1.0366591444789441,0.2550294347020252,7.590340995387124,001821.npy,"(256, 256)","(128, 128)",2.0
19.588704865143598,0.05288898850457921,1.0360267864321746,0.2594917010802313,7.832500871671107,001822.npy,"(256, 256)","(128, 128)",2.0
23.2185039308946,0.04425109475579009,1.0274442175337015,0.23591794733445123,5.803743367323006,001823.npy,"(256, 256)","(128, 128)",2.0
29.58470715519454,0.0344312759937758,1.018639217255537,0.21503257888586208,7.030243264217405,001824.npy,"(256, 256)","(128, 128)",2.0
41.66651640644415,0.024227975731054945,1.0094953482929316,0.16203165256398255,2.3275236109259305,001825.npy,"(256, 256)","(128, 128)",2.0
38.98621826089092,0.02541996619027857,0.9910283500786682,0.1617262152245103,2.1853911177276824,001826.npy,"(256, 256)","(128, 128)",2.0
26.88433104589253,0.036975441702905086,0.9940600153090006,0.200328578495783,1.959238971482663,001827.npy,"(256, 256)","(128, 128)",2.0
54.14519397996876,0.0184755817655498,1.0003639585884676,0.135370123934239,2.043212573841224,001828.npy,"(256, 256)","(128, 128)",2.0
37.43010825091798,0.02727170147451788,1.0207827383779238,0.18595751511911449,4.068473388117581,001829.npy,"(256, 256)","(128, 128)",2.0
36.34133378754129,0.028141729317053665,1.0227079784696835,0.18809048016974,5.59790461550502,001830.npy,"(256, 256)","(128, 128)",2.0
38.60938662839215,0.026521993695991643,1.0239979087643207,0.18221280390154637,5.308638836495425,001831.npy,"(256, 256)","(128, 128)",2.0
16.509445560049034,0.06393911736261271,1.0555993772556405,0.29767707734143795,6.733308050392105,001832.npy,"(256, 256)","(128, 128)",2.0
14.456507756801077,0.07249198592423493,1.0479809568196168,0.31554531449597445,6.372337095490194,001833.npy,"(256, 256)","(128, 128)",2.0
13.828371687117082,0.07592411286959841,1.0499068527754363,0.3236307136041248,6.783871231309626,001834.npy,"(256, 256)","(128, 128)",2.0
13.21117835096611,0.07996824208325023,1.0564747085750525,0.33189291866556603,7.192209171060018,001835.npy,"(256, 256)","(128, 128)",2.0
13.520714513120364,0.07793218625942545,1.0536988417970132,0.33033010290324283,7.129281038610411,001836.npy,"(256, 256)","(128, 128)",2.0
21.986409074308117,0.04677731365400225,1.028465153394112,0.2409817918887048,4.532305145679302,001837.npy,"(256, 256)","(128, 128)",2.0
20.382926308830893,0.05050211185618177,1.0293808244048879,0.25027312275150304,5.366573254760255,001838.npy,"(256, 256)","(128, 128)",2.0
18.44547813384369,0.056438820886252586,1.0410410365572926,0.2783047944992623,5.7327754189322455,001839.npy,"(256, 256)","(128, 128)",2.0
29.491259453902465,0.03449368790828353,1.0172622996251277,0.23910302229095115,7.346857746143178,001840.npy,"(256, 256)","(128, 128)",2.0
52.811419472209145,0.01917563686651075,1.0126926022040574,0.1491288199347314,4.663702464696381,001841.npy,"(256, 256)","(128, 128)",2.0
52.23889641678865,0.019392196375286046,1.013026937742592,0.14781701255404187,4.882201821831393,001842.npy,"(256, 256)","(128, 128)",2.0
46.91830532939082,0.02152725913894604,1.0100225171859891,0.1537251220490582,5.910095892805144,001843.npy,"(256, 256)","(128, 128)",2.0
81.32273588584832,0.012343772961662504,1.0038293883961555,0.11200761525842992,2.800794368934866,001844.npy,"(256, 256)","(128, 128)",2.0
37.85754382848276,0.026616890366089763,1.0076500936121637,0.166464300123236,3.00911961083678,001845.npy,"(256, 256)","(128, 128)",2.0
46.95714777090252,0.021546787940470706,1.0117757053089833,0.15013709495502914,3.266052099504389,001846.npy,"(256, 256)","(128, 128)",2.0
54.14479855495329,0.018647688266547686,1.0096753247077905,0.13946724522739037,2.7496954347716267,001847.npy,"(256, 256)","(128, 128)",2.0
5.14045050079969,0.21807522859972672,1.1210049180674722,0.618748236846425,9.310536171624266,001848.npy,"(256, 256)","(128, 128)",2.0
102.28509731815905,0.009772324945873581,0.9995632081133526,0.09889072164729246,1.5867401669457164,001849.npy,"(256, 256)","(128, 128)",2.0
97.84449286921341,0.010224298382429524,1.0003912901723357,0.10118650938111494,1.5877025884719282,001850.npy,"(256, 256)","(128, 128)",2.0
82.9065961572141,0.012079412842944464,1.001463002386262,0.11070611448197518,2.6267420004079507,001851.npy,"(256, 256)","(128, 128)",2.0
84.51880824953449,0.011823452775954832,0.9993041380183527,0.11174361279596307,5.857212732490138,001852.npy,"(256, 256)","(128, 128)",2.0
88.46167820025249,0.011314268295997866,1.0008791610718824,0.1067754889265439,1.8670300708200278,001853.npy,"(256, 256)","(128, 128)",2.0
95.0262673859446,0.010548209657302821,1.002356991337861,0.10306587300047632,1.7418691028701787,001854.npy,"(256, 256)","(128, 128)",2.0
101.54789088980267,0.009864877912685213,1.0017575459185823,0.09977542110410702,2.158227017724751,001855.npy,"(256, 256)","(128, 128)",2.0
74.3816116852488,0.013425334085421185,0.9985979866865333,0.116793046254041,3.090779525256497,001856.npy,"(256, 256)","(128, 128)",2.0
98.09921539213391,0.010201728747643357,1.0007815857871902,0.10103706151574536,1.6328433654565275,001857.npy,"(256, 256)","(128, 128)",2.0
104.40666683175442,0.009584184689195635,1.0006527776988505,0.0980172096245897,1.6554641963934693,001858.npy,"(256, 256)","(128, 128)",2.0
85.58782570771179,0.011707632037563366,1.002030770280996,0.10808990169192906,1.6156412104460787,001859.npy,"(256, 256)","(128, 128)",2.0
59.41502111960499,0.01684712980342387,1.000972573075156,0.12996694882700924,1.8351704604156054,001860.npy,"(256, 256)","(128, 128)",2.0
53.243935351873354,0.018848889345807942,1.0035890457828125,0.13805860995605812,1.9654828296215663,001861.npy,"(256, 256)","(128, 128)",2.0
83.09356547752398,0.012069013672462712,1.0028573778419125,0.11039775409492311,1.988726234707525,001862.npy,"(256, 256)","(128, 128)",2.0
65.37226674195182,0.015357172995775159,1.003933209482113,0.12465318601974014,2.6298377581591104,001863.npy,"(256, 256)","(128, 128)",2.0
18.21116389868681,0.05722608094013457,1.042153539280308,0.28416093341049414,8.597266524836796,001864.npy,"(256, 256)","(128, 128)",2.0
84.17422770331363,0.011872332255160578,0.9993443986152816,0.10909232339495882,1.8429420166706805,001865.npy,"(256, 256)","(128, 128)",2.0
82.3404146776598,0.012160349418254302,1.0012882137242982,0.11032015893035796,1.9012554626906812,001866.npy,"(256, 256)","(128, 128)",2.0
101.98251486527712,0.009807868779956418,1.0002311236485928,0.09936128498456338,1.803944657247754,001867.npy,"(256, 256)","(128, 128)",2.0
64.18986640669829,0.01565609076599693,1.0049623747204857,0.12582114354234447,1.8111795361653673,001868.npy,"(256, 256)","(128, 128)",2.0
68.76610841771338,0.014544921498916496,1.000197648721622,0.12067790981046779,1.764471425212675,001869.npy,"(256, 256)","(128, 128)",2.0
94.73653090821387,0.01057485269822511,1.001824859495212,0.10318476159549153,1.9167688117501336,001870.npy,"(256, 256)","(128, 128)",2.0
99.78992757049107,0.01003909548342398,1.001800611164123,0.10050032391159185,2.0100830746702227,001871.npy,"(256, 256)","(128, 128)",2.0
7.605315709298395,0.14730332963113413,1.120288326875624,0.49352290455782644,10.298185824855087,001872.npy,"(256, 256)","(128, 128)",2.0
8.34566724303545,0.12991014493109865,1.0841868410894577,0.44303315269137206,8.614166228051829,001873.npy,"(256, 256)","(128, 128)",2.0
8.7665358842816,0.12359760886266985,1.0835228733059967,0.43627496776309876,9.078642202559488,001874.npy,"(256, 256)","(128, 128)",2.0
8.816016626354147,0.12399794811206183,1.0931679721897358,0.43861034565115414,7.645172140752639,001875.npy,"(256, 256)","(128, 128)",2.0
53.64939635475848,0.01880228789430319,1.008731395617749,0.1447606267139609,4.053024400690005,001876.npy,"(256, 256)","(128, 128)",2.0
60.12483140631928,0.016619117503877227,0.999221638042428,0.12890191343010857,1.6867920629554605,001877.npy,"(256, 256)","(128, 128)",2.0
59.308311769718095,0.016853379595984347,0.9995454914520452,0.1298235569243779,2.0768009096821496,001878.npy,"(256, 256)","(128, 128)",2.0
55.89539657680462,0.017904212301336677,1.0007630469785174,0.13353803372712328,2.192841589964928,001879.npy,"(256, 256)","(128, 128)",2.0
77.91944105806019,0.012925394242574032,1.0071394948364378,0.11589474117817664,2.3457153878281187,001880.npy,"(256, 256)","(128, 128)",2.0
74.9669507347803,0.013409163984272634,1.0052441358035569,0.11716128662724089,2.2921117901671746,001881.npy,"(256, 256)","(128, 128)",2.0
64.5836126073518,0.01556034698429901,1.004943421669942,0.1259213490426442,2.3824424071644255,001882.npy,"(256, 256)","(128, 128)",2.0
75.06750558222649,0.013400719677807796,1.005958599219689,0.11704630638075575,2.0342024059115764,001883.npy,"(256, 256)","(128, 128)",2.0
75.53064315983983,0.01325509866677533,1.001166127448676,0.11862676775925864,5.102185728684123,001884.npy,"(256, 256)","(128, 128)",2.0
59.317996510402764,0.016858251428804674,0.999997699425328,0.1348140433142602,5.190056383289662,001885.npy,"(256, 256)","(128, 128)",2.0
65.82199317294011,0.01523986494938983,1.0031182866552666,0.1374788030478579,5.376199645821252,001886.npy,"(256, 256)","(128, 128)",2.0
52.157412467548774,0.019191969419224374,1.0010034650630681,0.14867031650596704,6.494781505287775,001887.npy,"(256, 256)","(128, 128)",2.0
15.211956258693263,0.06922045167450248,1.0529784830795226,0.30447050732849773,6.451138231534424,001888.npy,"(256, 256)","(128, 128)",2.0
92.50505658758887,0.010830393998861685,1.001866209730583,0.10465798758113135,1.9221796760032381,001889.npy,"(256, 256)","(128, 128)",2.0
88.67278782804847,0.011287684098226244,1.0009104171120524,0.10655326300029856,2.0548554682586153,001890.npy,"(256, 256)","(128, 128)",2.0
80.94309442108958,0.012379065728733943,1.0019998861257857,0.11170971876144777,2.0051201228900855,001891.npy,"(256, 256)","(128, 128)",2.0
42.831580801514285,0.023524047964347445,1.0075721611636452,0.17451002490003922,10.063838232203198,001892.npy,"(256, 256)","(128, 128)",2.0
24.241156283132167,0.042364748099041484,1.026970479564391,0.24279637152112307,5.966507811723594,001893.npy,"(256, 256)","(128, 128)",2.0
28.592507635335735,0.03580421506293127,1.023732292564065,0.22335227232593574,6.558846408249967,001894.npy,"(256, 256)","(128, 128)",2.0
34.955263059820105,0.029126820762226304,1.0181356818398504,0.20425300317174525,8.063148699446785,001895.npy,"(256, 256)","(128, 128)",2.0
72.37566517976934,0.013872611440395132,1.0040394807790758,0.11817456847426978,1.6995105711832406,001896.npy,"(256, 256)","(128, 128)",2.0
43.72377601066508,0.023169286451039505,1.0130486911121885,0.15876428339266957,3.417955751551218,001897.npy,"(256, 256)","(128, 128)",2.0
44.870631749810194,0.022462765913537828,1.0079184973885447,0.15369680198779018,2.6844803499961873,001898.npy,"(256, 256)","(128, 128)",2.0
42.320020346348336,0.02384274760804543,1.0090255638853307,0.15848968887176634,3.0630979552653472,001899.npy,"(256, 256)","(128, 128)",2.0
67.29393905393346,0.014946963427040523,1.0058400459006374,0.12416103734877734,2.346266182314201,001900.npy,"(256, 256)","(128, 128)",2.0
90.51948404876681,0.011120879979905438,1.0066563179493004,0.10794184230403318,2.314393415744169,001901.npy,"(256, 256)","(128, 128)",2.0
75.44375039529217,0.013321724031754105,1.0050408226866219,0.11758966694417455,2.2107267226424177,001902.npy,"(256, 256)","(128, 128)",2.0
70.47367921237456,0.014304192399193555,1.008069066532853,0.12184447693336159,2.6884583661952814,001903.npy,"(256, 256)","(128, 128)",2.0
64.7782794348155,0.015582146135981497,1.00938461659074,0.1358700659824437,5.924490777388724,001904.npy,"(256, 256)","(128, 128)",2.0
61.672130326693704,0.01630334557621605,1.0054620531375216,0.13087813624759828,3.175689299384591,001905.npy,"(256, 256)","(128, 128)",2.0
63.754016965068644,0.015723734826934913,1.0024512569106492,0.12792190961613625,3.0317193092865597,001906.npy,"(256, 256)","(128, 128)",2.0
65.73129333659173,0.015233691018364023,1.0013302129270885,0.12557888620340085,3.0963008166314894,001907.npy,"(256, 256)","(128, 128)",2.0
16.854796219567692,0.06252474299195582,1.0538418018102584,0.28256097393539004,5.107604120909272,001908.npy,"(256, 256)","(128, 128)",2.0
58.44354484774124,0.017273010296600413,1.0094959519248623,0.137598628469425,3.833053129110293,001909.npy,"(256, 256)","(128, 128)",2.0
41.537853364846974,0.02442850420323259,1.0147076255164234,0.17245498739492224,6.105161405415406,001910.npy,"(256, 256)","(128, 128)",2.0
61.45322886185019,0.016420804223647088,1.0091114400514207,0.13475076475158207,4.636610673980196,001911.npy,"(256, 256)","(128, 128)",2.0
17.170705718381065,0.06140051935459132,1.0542902487934485,0.2778917595354299,4.897314007864128,001912.npy,"(256, 256)","(128, 128)",2.0
12.224646922858659,0.08633003003017553,1.0553541359586809,0.3230683333123491,4.818890822172326,001913.npy,"(256, 256)","(128, 128)",2.0
11.965016837548504,0.0880056256083258,1.052988792202608,0.3255965241534605,4.863318365463364,001914.npy,"(256, 256)","(128, 128)",2.0
12.336513788269514,0.08573075985636129,1.0576187010468237,0.32147460448105275,4.021550764410351,001915.npy,"(256, 256)","(128, 128)",2.0
31.981372986325095,0.032022639039798656,1.024127963138256,0.2155806709785807,7.0027736134994925,001916.npy,"(256, 256)","(128, 128)",2.0
29.047814632916488,0.035345907404699575,1.0267213663239436,0.2060620109934793,5.381981930380426,001917.npy,"(256, 256)","(128, 128)",2.0
31.342300916734626,0.0326989591635144,1.0248606177668855,0.19800170825323876,6.288847505138492,001918.npy,"(256, 256)","(128, 128)",2.0
31.45745560192518,0.03251991453461718,1.0229937676511214,0.19924748764522357,5.533639021616744,001919.npy,"(256, 256)","(128, 128)",2.0
60.768389113721945,0.016643721304981773,1.0114121325614764,0.13064880191945852,1.9958524550967052,001920.npy,"(256, 256)","(128, 128)",2.0
34.74441719267795,0.029373133033189395,1.0205523883611622,0.1915310286536321,6.409914038687031,001921.npy,"(256, 256)","(128, 128)",2.0
34.824715937895455,0.02909677757718517,1.0132870138335994,0.1791898881284887,4.646174403632137,001922.npy,"(256, 256)","(128, 128)",2.0
48.12171391694198,0.02103724221032369,1.0123481512466128,0.1547044437956348,3.9855662521325494,001923.npy,"(256, 256)","(128, 128)",2.0
49.033282527474064,0.02072900578571422,1.01641119720457,0.15007125194573573,2.9556265854990578,001924.npy,"(256, 256)","(128, 128)",2.0
51.86486766478681,0.019354812612891095,1.0038347948443431,0.14120867226268788,3.1912205488245617,001925.npy,"(256, 256)","(128, 128)",2.0
52.137790017297185,0.019247826668677092,1.003539145140819,0.1398445843458414,2.811934355895077,001926.npy,"(256, 256)","(128, 128)",2.0
69.5148369078193,0.014445688259264802,1.0041896633639928,0.12119082680022282,3.297435009274262,001927.npy,"(256, 256)","(128, 128)",2.0
24.132649740784398,0.04264442478803141,1.029122966806786,0.2303528845728041,5.136089388919728,001928.npy,"(256, 256)","(128, 128)",2.0
29.446443254096636,0.034802129501862934,1.0247989314983292,0.1940405139231237,3.033301628719915,001929.npy,"(256, 256)","(128, 128)",2.0
29.65391302417884,0.03463050837607507,1.026930083367227,0.194044174590455,3.6056146428523297,001930.npy,"(256, 256)","(128, 128)",2.0
31.653369456347832,0.03233814634966108,1.0236112939392683,0.1869319619882777,3.2175360296736635,001931.npy,"(256, 256)","(128, 128)",2.0
65.21684903909008,0.015387998230104881,1.0035567575865354,0.13826778562359845,6.907148754336305,001932.npy,"(256, 256)","(128, 128)",2.0
46.314691070369214,0.021709435840195624,1.0054658142506616,0.14955939252342984,3.1267188509442057,001933.npy,"(256, 256)","(128, 128)",2.0
58.60236024854997,0.017154098369119616,1.0052706523662114,0.1329438775859633,2.8553921983398265,001934.npy,"(256, 256)","(128, 128)",2.0
83.85847445780577,0.011964618969384227,1.0033346942414856,0.10991278205279548,2.16130540908747,001935.npy,"(256, 256)","(128, 128)",2.0
105.13958415493606,0.009526910989095876,1.001655459674631,0.09997264975732106,4.155396837489402,001936.npy,"(256, 256)","(128, 128)",2.0
36.48085507541005,0.027786101787594386,1.0136607524238228,0.17589101265466645,4.881765323445443,001937.npy,"(256, 256)","(128, 128)",2.0
39.885359048148395,0.025280467778445788,1.0083205342484567,0.16240697130490295,2.882726711921719,001938.npy,"(256, 256)","(128, 128)",2.0
45.04200678328224,0.02241564009966274,1.0096454134206225,0.1539749694525325,3.566262754905556,001939.npy,"(256, 256)","(128, 128)",2.0
30.8349341993382,0.03321898283416924,1.0243051498605538,0.20965567643727737,6.006415066389225,001940.npy,"(256, 256)","(128, 128)",2.0
8.733790812354181,0.12276605377962614,1.072213032569478,0.4074921207214084,7.000895131329605,001941.npy,"(256, 256)","(128, 128)",2.0
9.068941212492513,0.11770313540381089,1.0674428155032072,0.4005513564476805,5.993736175132107,001942.npy,"(256, 256)","(128, 128)",2.0
8.582446164301114,0.12432006994954355,1.0669703074841062,0.41193220168021183,5.709600219518791,001943.npy,"(256, 256)","(128, 128)",2.0
37.88805469129717,0.026837316441944304,1.0168137131200345,0.17596522075077672,3.608179998545974,001944.npy,"(256, 256)","(128, 128)",2.0
25.239633035234565,0.04088501405459061,1.0319227513782745,0.22317354977168888,5.571054405128915,001945.npy,"(256, 256)","(128, 128)",2.0
28.181138087428344,0.036605671747174974,1.0315894902902123,0.21275416790908666,5.867733898304148,001946.npy,"(256, 256)","(128, 128)",2.0
24.532145916484193,0.04218723450479209,1.0349433926844962,0.22634686015830585,5.557666118966074,001947.npy,"(256, 256)","(128, 128)",2.0
31.23761315266129,0.03274787525507079,1.0229654587895103,0.20125404004725725,5.481757169491256,001948.npy,"(256, 256)","(128, 128)",2.0
58.46006795033945,0.01728571205444638,1.010523901272937,0.13696393880639202,3.301473052744208,001949.npy,"(256, 256)","(128, 128)",2.0
47.73594757336061,0.021190603610812042,1.0115535430135898,0.15527184757100493,4.210888564925093,001950.npy,"(256, 256)","(128, 128)",2.0
44.87352999342611,0.02252730406560961,1.0108796546591627,0.1632843229010284,4.744989241626745,001951.npy,"(256, 256)","(128, 128)",2.0
17.28451196864996,0.06054319788602533,1.0464596284813477,0.2823960361619058,6.882285636638372,001952.npy,"(256, 256)","(128, 128)",2.0
30.945160525827585,0.032060839404715366,0.9921278219716955,0.19403937714425362,5.021273683313014,001953.npy,"(256, 256)","(128, 128)",2.0
34.831266459023524,0.02852345244498853,0.9935079724426815,0.182216023077938,4.112683882454194,001954.npy,"(256, 256)","(128, 128)",2.0
35.043369812497254,0.028447965205082623,0.9969125650947647,0.18666537524547175,4.6619110376912305,001955.npy,"(256, 256)","(128, 128)",2.0
16.196522399255173,0.0646519132748315,1.0471361615105113,0.29429097223675205,7.066570799728593,001956.npy,"(256, 256)","(128, 128)",2.0
47.422013516721975,0.021205572715735636,1.005610955955446,0.14879803280272952,2.588896231062397,001957.npy,"(256, 256)","(128, 128)",2.0
30.733104956987276,0.03300131022991905,1.0142327310142,0.1937254608958628,3.145670661116982,001958.npy,"(256, 256)","(128, 128)",2.0
57.966468036413445,0.01738450517943467,1.0077183638125637,0.13425151801568255,2.3406491594580614,001959.npy,"(256, 256)","(128, 128)",2.0
55.324713343433295,0.01824340415253702,1.0093111051475112,0.14958015488184645,5.9631133669812675,001960.npy,"(256, 256)","(128, 128)",2.0
47.936882288169166,0.021119209450677297,1.0123890574563075,0.1555697759789269,4.5127350484151005,001961.npy,"(256, 256)","(128, 128)",2.0
45.24842670399287,0.022427977186132667,1.0148306818255481,0.16204253295747895,4.215517401159384,001962.npy,"(256, 256)","(128, 128)",2.0
49.437765018971156,0.020454423976398257,1.0112210061435867,0.15489827452596855,4.179523790874256,001963.npy,"(256, 256)","(128, 128)",2.0
35.734057881754374,0.02846365372769713,1.017121849831743,0.18666784870746458,7.110196484717482,001964.npy,"(256, 256)","(128, 128)",2.0
57.4906457473997,0.01751638152289255,1.0070280849089133,0.13463362238117513,2.5768181224094775,001965.npy,"(256, 256)","(128, 128)",2.0
78.57027023683176,0.012801267388300567,1.005799038072717,0.11401456314227815,2.3357698103873656,001966.npy,"(256, 256)","(128, 128)",2.0
64.01239037244686,0.015721602919438978,1.006377383359728,0.1278202180396707,2.565211351531057,001967.npy,"(256, 256)","(128, 128)",2.0
77.67979618360064,0.012898459624891334,1.0019497147439609,0.1142554035564186,3.4849772133235937,001968.npy,"(256, 256)","(128, 128)",2.0
91.24260740527107,0.010988712841949192,1.0026388117272307,0.10602642934180202,3.1323531819729276,001969.npy,"(256, 256)","(128, 128)",2.0
64.76859983473865,0.015474290204138284,1.0022481099584488,0.1253550335469032,2.379190660808432,001970.npy,"(256, 256)","(128, 128)",2.0
93.37849507398766,0.010729728973223019,1.0019259440713284,0.10432128371029381,2.386786021016996,001971.npy,"(256, 256)","(128, 128)",2.0
6.850240058026288,0.1626679864258861,1.1143147567730813,0.583914705503673,9.380349773525976,001972.npy,"(256, 256)","(128, 128)",2.0
12.990438556755862,0.08034751298550614,1.0437494306263613,0.3723064861145228,11.22781257566463,001973.npy,"(256, 256)","(128, 128)",2.0
12.650798985652372,0.08246502534148656,1.0432484589418753,0.3697347815234763,8.320015251930771,001974.npy,"(256, 256)","(128, 128)",2.0
15.769238748571249,0.06504484741041743,1.0257077281792588,0.3308080694538691,9.484830885883035,001975.npy,"(256, 256)","(128, 128)",2.0
8.021569598370801,0.13429764057888224,1.0772778708004906,0.6587107250714154,16.105237859966568,001976.npy,"(256, 256)","(128, 128)",2.0
36.30479990773728,0.02803612705404036,1.017845982884835,0.17551214471895693,3.5546782524279417,001977.npy,"(256, 256)","(128, 128)",2.0
33.74455766048779,0.030124949543783718,1.0165530968994951,0.1806927770090648,4.174140973457328,001978.npy,"(256, 256)","(128, 128)",2.0
27.83330048820218,0.03652242766112747,1.016539703650788,0.19870894737027256,3.473829817783508,001979.npy,"(256, 256)","(128, 128)",2.0
35.61336084369523,0.02849705156409795,1.01487578033361,0.18869733385498388,4.8068746944757565,001980.npy,"(256, 256)","(128, 128)",2.0
48.522990641614314,0.02083201834144059,1.0108318310276594,0.15048625624755205,3.9225514878435614,001981.npy,"(256, 256)","(128, 128)",2.0
67.38975707804548,0.015046563828576205,1.0139842812670563,0.13052296958965431,3.3456481501851365,001982.npy,"(256, 256)","(128, 128)",2.0
53.989186447531374,0.018711730013744685,1.0102310804679306,0.14150137079182495,3.3279013843089973,001983.npy,"(256, 256)","(128, 128)",2.0
58.722132649940015,0.01719319048140274,1.0096208121246177,0.14001825549624372,3.425111182926806,001984.npy,"(256, 256)","(128, 128)",2.0
78.27122549321501,0.012791372348063068,1.0011963894229197,0.11431765264011055,3.0439372801922686,001985.npy,"(256, 256)","(128, 128)",2.0
99.98853248568736,0.010008910558071864,1.0007762784821077,0.10068080305469276,2.100658505370291,001986.npy,"(256, 256)","(128, 128)",2.0
76.77706253530027,0.013038963067684949,1.001093282843118,0.11543701922884439,2.710839530011984,001987.npy,"(256, 256)","(128, 128)",2.0
79.88259100341733,0.012553646259612625,1.0028177897582151,0.12522962445197866,5.606668714998415,001988.npy,"(256, 256)","(128, 128)",2.0
67.98235799747528,0.01468793440489799,0.9985204149572091,0.12119331621928459,1.7637557381537563,001989.npy,"(256, 256)","(128, 128)",2.0
60.155996850254965,0.016616919833560274,0.999607377168591,0.1286406230615062,1.9635154300881128,001990.npy,"(256, 256)","(128, 128)",2.0
71.85596885850343,0.01393634072568707,1.0014092651864632,0.11800615524756769,1.7361789667280283,001991.npy,"(256, 256)","(128, 128)",2.0
75.01786640686002,0.013343046538512756,1.000966882686666,0.12038332908577944,5.695292294546195,001992.npy,"(256, 256)","(128, 128)",2.0
20.27459385458097,0.05138484434410318,1.041806849357554,0.25569666639806893,6.299041532532546,001993.npy,"(256, 256)","(128, 128)",2.0
19.81443126395499,0.052471825483983686,1.0396993793466365,0.2570473650643841,5.633073150109276,001994.npy,"(256, 256)","(128, 128)",2.0
20.804970506619547,0.050018065649394844,1.04062438063382,0.25206048920775226,5.6278616512727995,001995.npy,"(256, 256)","(128, 128)",2.0
39.250743271331295,0.02611994040529259,1.0252270751106125,0.17025113308564313,2.997244165394756,001996.npy,"(256, 256)","(128, 128)",2.0
53.47273931664171,0.018944273207150013,1.0130021827491726,0.1419911224735366,3.5278709518680853,001997.npy,"(256, 256)","(128, 128)",2.0
41.76569504436522,0.024253738797819866,1.0129742583154338,0.16097595826733047,3.5633133239843,001998.npy,"(256, 256)","(128, 128)",2.0
42.70756334149554,0.023720234569432667,1.013033420349178,0.15879084270834468,3.92193612449768,001999.npy,"(256, 256)","(128, 128)",2.0
21.279332878953312,0.048853061512338564,1.0395605580770346,0.2676357690818569,8.118665378899006,002000.npy,"(256, 256)","(128, 128)",2.0
52.044405157394316,0.019396206090819674,1.0094640083069384,0.14593453447701818,3.827084387832424,002001.npy,"(256, 256)","(128, 128)",2.0
47.71064546645035,0.021120734066485493,1.0076838550372695,0.14952311225357753,3.093993170052214,002002.npy,"(256, 256)","(128, 128)",2.0
52.54613753373539,0.01922121434657039,1.0100005726202956,0.14411389904155097,3.1566012459800223,002003.npy,"(256, 256)","(128, 128)",2.0
52.70982290236713,0.019104441172213663,1.0069917108360733,0.14085063809316412,2.517362921649164,002004.npy,"(256, 256)","(128, 128)",2.0
8.714035876378457,0.11887467072194867,1.0358781454637365,0.39549395965703293,8.435867369010698,002005.npy,"(256, 256)","(128, 128)",2.0
7.988121707758855,0.1315200739163553,1.050598357457287,0.4165445904916957,6.847094486256162,002006.npy,"(256, 256)","(128, 128)",2.0
8.907464160166752,0.1164244783290442,1.037046868082072,0.3914507967866478,8.934419268914322,002007.npy,"(256, 256)","(128, 128)",2.0
44.05706670079117,0.02296578472225913,1.0118051093445812,0.16689666104729983,5.9135884361165845,002008.npy,"(256, 256)","(128, 128)",2.0
53.597701688247966,0.01872080731763302,1.0033922459736642,0.15702316856367138,11.568379915066362,002009.npy,"(256, 256)","(128, 128)",2.0
91.64410869076247,0.010938433798995107,1.0024430159818174,0.10876093445061844,4.731465185049639,002010.npy,"(256, 256)","(128, 128)",2.0
72.69663310312605,0.013785853204409238,1.002185112414493,0.1177516280613604,1.8299649879683029,002011.npy,"(256, 256)","(128, 128)",2.0
52.728950112545704,0.019246058918332285,1.0148244805678583,0.14539428607858645,3.326589929967036,002012.npy,"(256, 256)","(128, 128)",2.0
67.86835037597338,0.01486452135713802,1.0088305436373823,0.1261579669582982,3.1146837235967335,002013.npy,"(256, 256)","(128, 128)",2.0
63.63434469606183,0.01587501545322113,1.0101962054055815,0.13049378811030865,3.299965417994185,002014.npy,"(256, 256)","(128, 128)",2.0
67.55937330846476,0.014935860720905813,1.0090573901269113,0.1258518414380737,2.641749641590394,002015.npy,"(256, 256)","(128, 128)",2.0
67.79125570768143,0.014770068915205931,1.0012815186508022,0.12607020893815057,3.7216508127207044,002016.npy,"(256, 256)","(128, 128)",2.0
30.209038540478378,0.03402468987868406,1.0278531678729914,0.20075858885715375,4.188264636759079,002017.npy,"(256, 256)","(128, 128)",2.0
25.732617036306667,0.040036412476484984,1.0302416697649983,0.22216763813032564,5.428617599949215,002018.npy,"(256, 256)","(128, 128)",2.0
26.36675521371988,0.0390445419668161,1.029477880470853,0.22188159950665398,5.326877011900924,002019.npy,"(256, 256)","(128, 128)",2.0
49.03315804369101,0.020703756641764274,1.0151705715137451,0.15005237327860285,2.7657167045076076,002020.npy,"(256, 256)","(128, 128)",2.0
61.08274685474106,0.01651244756148141,1.0086256543501553,0.1304630968932052,1.9853016100114056,002021.npy,"(256, 256)","(128, 128)",2.0
64.21151823711854,0.015669578364044964,1.0061674168908312,0.12720520510714284,2.1478102354474724,002022.npy,"(256, 256)","(128, 128)",2.0
65.85121903001324,0.015289551717494286,1.0068356190194314,0.1250988664095651,1.8713764376687634,002023.npy,"(256, 256)","(128, 128)",2.0
10.772593611821462,0.10028292318439924,1.0803071776710416,0.4238783277128117,10.181563616688706,002024.npy,"(256, 256)","(128, 128)",2.0
50.61314585605811,0.01991986069694494,1.0082068148868337,0.15256767367130156,7.469124411056168,002025.npy,"(256, 256)","(128, 128)",2.0
50.017937317678545,0.020133661213193488,1.0070442045368877,0.15193310768361185,5.738286927220524,002026.npy,"(256, 256)","(128, 128)",2.0
48.58914162731547,0.020754940710682887,1.0084647536579063,0.15528986954941368,5.754057756159112,002027.npy,"(256, 256)","(128, 128)",2.0
13.824368000247112,0.07705755386261338,1.0652719817956307,0.3319472643165173,7.577271402257322,002028.npy,"(256, 256)","(128, 128)",2.0
63.81507827307638,0.0157013954052497,1.0019857767825313,0.12802068826648008,5.983969847302554,002029.npy,"(256, 256)","(128, 128)",2.0
76.41533355996745,0.013112657363637138,1.0020080862998952,0.11824067607781297,5.211878168634233,002030.npy,"(256, 256)","(128, 128)",2.0
83.65958817664033,0.011984968064224243,1.0026574925631864,0.11124025121289678,3.879313680633236,002031.npy,"(256, 256)","(128, 128)",2.0
20.59715150845305,0.05021711517527065,1.0343295295824864,0.2770963435242136,10.287918235278099,002032.npy,"(256, 256)","(128, 128)",2.0
27.698681212383214,0.0370145318319078,1.025253717437625,0.223070349608156,6.705119331671613,002033.npy,"(256, 256)","(128, 128)",2.0
24.80736429111595,0.04138557120714901,1.0266669413316647,0.23557842376685847,7.1103573549004615,002034.npy,"(256, 256)","(128, 128)",2.0
28.0809295327859,0.03656437974509453,1.0267617710320234,0.22369258580347354,7.762017675555085,002035.npy,"(256, 256)","(128, 128)",2.0
85.06431962216524,0.011751488635950462,0.9996323853647328,0.10816317778136422,1.943721666286455,002036.npy,"(256, 256)","(128, 128)",2.0
54.07813902833927,0.018632714499299707,1.0076225251684825,0.14147077537270156,3.211029129534733,002037.npy,"(256, 256)","(128, 128)",2.0
30.64854324216749,0.03300784376518135,1.0116423269678692,0.1888668896121808,4.408959460520906,002038.npy,"(256, 256)","(128, 128)",2.0
38.34726893966019,0.02632359578401823,1.0094380069886522,0.16598428560628972,2.946396823975738,002039.npy,"(256, 256)","(128, 128)",2.0
18.36970556573969,0.05666306997818784,1.0408839119502147,0.30982601916054636,11.484415256049775,002040.npy,"(256, 256)","(128, 128)",2.0
17.986157331832434,0.05797931273028604,1.0428250407584398,0.3011363056465624,11.358211676322423,002041.npy,"(256, 256)","(128, 128)",2.0
21.402542880673714,0.04843691212204901,1.0366730886995783,0.2727821760326105,11.39332711364493,002042.npy,"(256, 256)","(128, 128)",2.0
18.329384343295008,0.0568266186001105,1.0415969332512622,0.30116817093182213,12.273645433039615,002043.npy,"(256, 256)","(128, 128)",2.0
30.128638597676847,0.03394875271417341,1.0228297013672316,0.20942803538650986,7.115623408406638,002044.npy,"(256, 256)","(128, 128)",2.0
33.03476912723314,0.031011594862234322,1.0244608765412002,0.2003192886996698,4.94832832134393,002045.npy,"(256, 256)","(128, 128)",2.0
31.032821952531187,0.03302172418049672,1.0247572870589485,0.20615813730256027,4.968852073186147,002046.npy,"(256, 256)","(128, 128)",2.0
31.27764002340264,0.032483552345738714,1.0160088569513719,0.2011572937811793,5.910876958353347,002047.npy,"(256, 256)","(128, 128)",2.0
13.484401211356772,0.07777266326328688,1.048717794717908,0.32813560445435747,5.883181214494009,002048.npy,"(256, 256)","(128, 128)",2.0
47.88140909237091,0.021014050949910653,1.0061823702205974,0.146547942474583,3.1012831412773543,002049.npy,"(256, 256)","(128, 128)",2.0
71.55885914712837,0.01408010607548557,1.0075563274322983,0.12030955374290161,2.783455614863561,002050.npy,"(256, 256)","(128, 128)",2.0
53.14896961321986,0.018957773421924028,1.0075861235361472,0.13899780854784327,2.2483267944932934,002051.npy,"(256, 256)","(128, 128)",2.0
41.81387231432779,0.024268881435894132,1.0147759095720372,0.1744000446789425,5.262376921929807,002052.npy,"(256, 256)","(128, 128)",2.0
27.93553698017669,0.036731466047434165,1.0261132281042016,0.21528837949468452,4.956641055515403,002053.npy,"(256, 256)","(128, 128)",2.0
28.858845899898135,0.035513093865890605,1.0248669033043547,0.21603199699096015,5.728147595424061,002054.npy,"(256, 256)","(128, 128)",2.0
28.734527896144723,0.035767457669335985,1.0277610101737105,0.215123184158967,6.665767809505587,002055.npy,"(256, 256)","(128, 128)",2.0
30.4179983441557,0.03326997404420836,1.0120060153868329,0.20131047746403363,3.8054596994580665,002056.npy,"(256, 256)","(128, 128)",2.0
29.633029670081587,0.034368908377552666,1.0184548816803338,0.20280185346949192,3.6985989725651476,002057.npy,"(256, 256)","(128, 128)",2.0
27.59158362882828,0.036878455979031964,1.0175350022475227,0.20800564245734732,3.880954850550977,002058.npy,"(256, 256)","(128, 128)",2.0
34.95167948880878,0.029109277613844155,1.0174181413098373,0.1874439721816067,3.9953541227808116,002059.npy,"(256, 256)","(128, 128)",2.0
22.176080921866298,0.04694742246638839,1.0411098396876728,0.2488859787930964,6.1556040915826395,002060.npy,"(256, 256)","(128, 128)",2.0
68.90463993887515,0.014590183815543728,1.0053313624520441,0.12253062529736604,2.4717063783377338,002061.npy,"(256, 256)","(128, 128)",2.0
59.104637775212474,0.016958785134611392,1.0023428524888642,0.13173214040043588,3.0596684226081754,002062.npy,"(256, 256)","(128, 128)",2.0
66.27834409674657,0.015166066655529685,1.0051817843893909,0.12477368984825274,2.841249923797448,002063.npy,"(256, 256)","(128, 128)",2.0
32.30807616928259,0.03150064618809162,1.0177252764264855,0.18791777791839118,3.4382613064295406,002064.npy,"(256, 256)","(128, 128)",2.0
18.98641181221144,0.055345337216728754,1.0508093642825242,0.29090223149124433,7.222922939613169,002065.npy,"(256, 256)","(128, 128)",2.0
17.72196755523846,0.05931842222240392,1.0512391540533783,0.30251553508853257,6.803395450000097,002066.npy,"(256, 256)","(128, 128)",2.0
17.572762084008485,0.06007490669329614,1.055682042540302,0.3079832991003305,7.024007744906425,002067.npy,"(256, 256)","(128, 128)",2.0
28.863342563296797,0.03569506931173159,1.0302790133651316,0.21205218524856792,4.309744249668259,002068.npy,"(256, 256)","(128, 128)",2.0
55.1704553542777,0.018157451948965318,1.0017548920978336,0.13538362125225412,1.9591447618070905,002069.npy,"(256, 256)","(128, 128)",2.0
59.21331190798312,0.016897866120670367,1.0005786171825952,0.13034054032411715,2.265761928993109,002070.npy,"(256, 256)","(128, 128)",2.0
44.85520584399147,0.022311258457758734,1.0007760907612637,0.14868644492547817,1.8870958847676629,002071.npy,"(256, 256)","(128, 128)",2.0
16.68810637122588,0.06292917068770901,1.0501686942895176,0.2792175623874099,5.751363079243464,002072.npy,"(256, 256)","(128, 128)",2.0
12.188979557952543,0.08791401770180225,1.0715821646247456,0.36237187596697173,10.950247949548254,002073.npy,"(256, 256)","(128, 128)",2.0
13.04626199214045,0.08212309902680348,1.0713994655101726,0.3492296277999924,8.394387154009692,002074.npy,"(256, 256)","(128, 128)",2.0
12.918057741438506,0.08294868820398876,1.071535943795706,0.3474075594350702,8.847195328788015,002075.npy,"(256, 256)","(128, 128)",2.0
66.54162621033811,0.015099673174373147,1.0047568082674074,0.12434635937376819,2.466709172438099,002076.npy,"(256, 256)","(128, 128)",2.0
20.87291494076592,0.05009434007598488,1.0456148994198338,0.2539873061255631,5.002881094097342,002077.npy,"(256, 256)","(128, 128)",2.0
20.314609626896974,0.051387718403238074,1.043921438978691,0.25933737067337836,4.61579620578721,002078.npy,"(256, 256)","(128, 128)",2.0
17.92336943796481,0.05808167540293196,1.041019325822703,0.2690548228001654,4.883894700994933,002079.npy,"(256, 256)","(128, 128)",2.0
11.33287494248328,0.09430357352158185,1.0687306053493646,0.3765784996714782,8.415370228113384,002080.npy,"(256, 256)","(128, 128)",2.0
68.96239164211855,0.014556150423771463,1.0038269463257175,0.12238882949629723,3.346656088011002,002081.npy,"(256, 256)","(128, 128)",2.0
57.33013063135584,0.01750011946155139,1.0032841347950738,0.13407304143740345,3.102689573069169,002082.npy,"(256, 256)","(128, 128)",2.0
83.06001447716737,0.012053678486881856,1.0011787096235278,0.11111411108418598,3.278992381790206,002083.npy,"(256, 256)","(128, 128)",2.0
85.0480937457849,0.011769451721938669,1.0009694333839294,0.10872257830907926,1.887903882523168,002084.npy,"(256, 256)","(128, 128)",2.0
59.46099381638717,0.016887892853696986,1.0041708925454855,0.1329252822545999,5.283635301304597,002085.npy,"(256, 256)","(128, 128)",2.0
74.36363656750842,0.013519086205650208,1.0053284133217886,0.11791010432086109,2.5563859443773675,002086.npy,"(256, 256)","(128, 128)",2.0
78.50754454895348,0.012801709321985965,1.0050307648985661,0.11471336863536653,2.7888367330592816,002087.npy,"(256, 256)","(128, 128)",2.0
29.689929016851185,0.0347089375991726,1.0305058935697518,0.20118367217578517,3.703618061846026,002088.npy,"(256, 256)","(128, 128)",2.0
55.89387081503598,0.017858834890204234,0.9981994102601327,0.13189570640016232,1.9548942289809563,002089.npy,"(256, 256)","(128, 128)",2.0
43.1687906614257,0.023224924857438576,1.002591919298108,0.1540895657849145,2.265911910705372,002090.npy,"(256, 256)","(128, 128)",2.0
44.028854739801396,0.02258269703603081,0.994290287432344,0.14879479438336965,2.2231871329133135,002091.npy,"(256, 256)","(128, 128)",2.0
26.671815110445078,0.03850563501198496,1.0270151777499434,0.22128089014708138,7.686141202374913,002092.npy,"(256, 256)","(128, 128)",2.0
96.37603251449183,0.0104177015381017,1.004016742162361,0.10241789633516798,1.6785976439505663,002093.npy,"(256, 256)","(128, 128)",2.0
97.44609191744573,0.010283666908903729,1.0021031508534277,0.10158954593840333,1.6037993137362738,002094.npy,"(256, 256)","(128, 128)",2.0
77.5139978806292,0.012908993552198498,1.0006276988461704,0.113704798544326,1.757903352832435,002095.npy,"(256, 256)","(128, 128)",2.0
41.293784834685724,0.02476448957491203,1.022619504047235,0.16761483999197005,3.753984176146268,002096.npy,"(256, 256)","(128, 128)",2.0
66.96132943860005,0.014982333335812396,1.0032369582582534,0.1239857955323419,2.6299004542313824,002097.npy,"(256, 256)","(128, 128)",2.0
81.44691080527258,0.012326190811911868,1.0039301636265563,0.1128602759558923,2.7008803493512694,002098.npy,"(256, 256)","(128, 128)",2.0
57.74939337968631,0.017361325005835124,1.0026059873545574,0.1333454249969743,2.8457342511942483,002099.npy,"(256, 256)","(128, 128)",2.0
61.41447138515198,0.016372540874368492,1.0055109430311349,0.1313153990964988,3.208599683461091,002100.npy,"(256, 256)","(128, 128)",2.0
51.57665786660063,0.019563827779170574,1.0090368519273778,0.1422979458371433,2.4509954442900623,002101.npy,"(256, 256)","(128, 128)",2.0
52.10433423513579,0.019309885825458426,1.0061287450919967,0.14176890358988836,2.469167799018856,002102.npy,"(256, 256)","(128, 128)",2.0
60.716116108681234,0.016522528139618017,1.0031837369340004,0.1303950330527549,2.69324744237343,002103.npy,"(256, 256)","(128, 128)",2.0
96.41811840911605,0.010398345062457391,1.002588865490864,0.10215519290782485,1.732524125547856,002104.npy,"(256, 256)","(128, 128)",2.0
77.41482264153588,0.012932100340977044,1.0011362542792834,0.1136188375567092,1.7839519553603336,002105.npy,"(256, 256)","(128, 128)",2.0
84.43019042670373,0.011827808954275928,0.9986241623401881,0.10889824188066446,1.9007029824842507,002106.npy,"(256, 256)","(128, 128)",2.0
59.119448167453235,0.016946132114072237,1.0018459791567083,0.1306193194923123,2.384857870305676,002107.npy,"(256, 256)","(128, 128)",2.0
40.56784396837123,0.024877590006771234,1.0092301897038067,0.16286012223219395,3.5291737890271118,002108.npy,"(256, 256)","(128, 128)",2.0
24.380065902089182,0.04227156469818286,1.0305835331261248,0.229393047737366,4.486643566288232,002109.npy,"(256, 256)","(128, 128)",2.0
23.947525359452715,0.043100478650656165,1.0321498054911389,0.23085538504518,4.384569631215632,002110.npy,"(256, 256)","(128, 128)",2.0
27.54745354293524,0.03742415394019621,1.0309401420512119,0.21703843560239838,4.634657434351424,002111.npy,"(256, 256)","(128, 128)",2.0
38.236229829518884,0.026469463518731612,1.0120924905662876,0.16970319362469374,5.300917745467938,002112.npy,"(256, 256)","(128, 128)",2.0
56.8238508127092,0.017703649629183978,1.005989545369225,0.13383589232120222,2.0785299628856087,002113.npy,"(256, 256)","(128, 128)",2.0
82.18508194903718,0.012210071595936392,1.0034857347156436,0.1109416602795587,1.7582531260453804,002114.npy,"(256, 256)","(128, 128)",2.0
68.43731088307484,0.01467723813415519,1.0044707090921001,0.12186348247405679,1.9361845604597139,002115.npy,"(256, 256)","(128, 128)",2.0
98.08821776602596,0.010209531995024213,1.0014347976171445,0.10130773914080704,1.7496025295846935,002116.npy,"(256, 256)","(128, 128)",2.0
14.626087801738857,0.07190650679038181,1.0517108818324556,0.34688928006961806,10.484325377222442,002117.npy,"(256, 256)","(128, 128)",2.0
13.268492479449733,0.07935214446525071,1.0528833320653879,0.3614021845177973,10.952424448264082,002118.npy,"(256, 256)","(128, 128)",2.0
12.684580162145789,0.08341120319437198,1.0580360933400423,0.3737369869905267,10.03379350855238,002119.npy,"(256, 256)","(128, 128)",2.0
29.06215878304802,0.03513841619958814,1.0211982309772574,0.20941443413899294,5.197390315485544,002120.npy,"(256, 256)","(128, 128)",2.0
44.46735109506344,0.02278615243824436,1.013239840577048,0.15463191822212247,3.099642716858692,002121.npy,"(256, 256)","(128, 128)",2.0
60.48201538506078,0.016675894558449547,1.0085917112437968,0.1327693308834351,2.8673505339526626,002122.npy,"(256, 256)","(128, 128)",2.0
59.22730306643738,0.01705479596546833,1.0101095693830464,0.1350258060029761,3.6689881484220863,002123.npy,"(256, 256)","(128, 128)",2.0
20.54890652810574,0.050867092221378,1.0452631234136311,0.25592394513738365,5.011004081145022,002124.npy,"(256, 256)","(128, 128)",2.0
11.58043354910257,0.0944808452242267,1.0941291497822023,0.3629437560670389,6.145192691882927,002125.npy,"(256, 256)","(128, 128)",2.0
12.209350037920725,0.08925687327330126,1.089768409084066,0.3524804831654209,6.120783815594795,002126.npy,"(256, 256)","(128, 128)",2.0
11.93232986535134,0.0911255181019978,1.0873397411440826,0.3543299820059568,7.624379190658873,002127.npy,"(256, 256)","(128, 128)",2.0
27.153746207553812,0.0378419632195401,1.0275510652589779,0.21862055632000757,5.094362408560932,002128.npy,"(256, 256)","(128, 128)",2.0
48.010670683167966,0.020958958459906182,1.006253652480753,0.2076062318641347,11.574478789158118,002129.npy,"(256, 256)","(128, 128)",2.0
58.584364758278106,0.017131116354165685,1.003615569208946,0.1873561894870512,10.41192675290311,002130.npy,"(256, 256)","(128, 128)",2.0
46.623247868116074,0.02158603854862253,1.0064112257431368,0.1878585329542947,7.29686501283741,002131.npy,"(256, 256)","(128, 128)",2.0
47.191020073113165,0.021566692599057684,1.0177542233527923,0.15471545641474402,3.5250904734136377,002132.npy,"(256, 256)","(128, 128)",2.0
21.11550492211353,0.04920237660950292,1.0389330254776425,0.2432789970089943,5.947023644585994,002133.npy,"(256, 256)","(128, 128)",2.0
22.53760972360819,0.046216485532047186,1.0416091137180639,0.2408827071426666,6.213724525014182,002134.npy,"(256, 256)","(128, 128)",2.0
24.77695741204177,0.04191089299747382,1.0384244108990484,0.22650793962513252,5.760078614028813,002135.npy,"(256, 256)","(128, 128)",2.0
14.378965987420408,0.07273135229059294,1.0458016408055273,0.35902583471028454,8.781484811710653,002136.npy,"(256, 256)","(128, 128)",2.0
50.601131780229984,0.01988891932237561,1.0064018275978908,0.14987997096058506,5.717008096212706,002137.npy,"(256, 256)","(128, 128)",2.0
48.880949895804896,0.020635471819713015,1.0086814640956858,0.1535150277863239,6.569213522457362,002138.npy,"(256, 256)","(128, 128)",2.0
56.15633913556743,0.017971820454595704,1.009231644331804,0.14316274050717806,4.580840009174545,002139.npy,"(256, 256)","(128, 128)",2.0
23.76055860615959,0.0429891368563702,1.0214459057039995,0.22625259382491575,4.606009412391527,002140.npy,"(256, 256)","(128, 128)",2.0
113.58970767439031,0.008806895337342064,1.000372666887636,0.09482228403942411,3.111271833324851,002141.npy,"(256, 256)","(128, 128)",2.0
116.47280279992714,0.008591400762293153,1.000664526761714,0.09258699908932946,1.5642056307893122,002142.npy,"(256, 256)","(128, 128)",2.0
46.4075460296243,0.021761062556987936,1.0098775122669514,0.15165452806576704,3.6977938443101834,002143.npy,"(256, 256)","(128, 128)",2.0
42.08155655206044,0.024039663859139485,1.0116264741809018,0.18702622062407173,5.886017496275719,002144.npy,"(256, 256)","(128, 128)",2.0
34.11087968872118,0.029817444976573296,1.0170992782209554,0.17948035674513677,4.100513181379585,002145.npy,"(256, 256)","(128, 128)",2.0
42.18333819522248,0.024135614648275298,1.0181207952577627,0.16499435345203312,4.675157470361529,002146.npy,"(256, 256)","(128, 128)",2.0
37.819147110924014,0.026861265252387193,1.0158701421655827,0.1725172505055625,4.8216710951153035,002147.npy,"(256, 256)","(128, 128)",2.0
66.318396826921,0.015128816030344657,1.0033188250218807,0.1279893401927091,3.5040040232916145,002148.npy,"(256, 256)","(128, 128)",2.0
75.47689907052026,0.013309935971040342,1.004592693921299,0.11916928366524954,2.506024192327852,002149.npy,"(256, 256)","(128, 128)",2.0
77.49571516635515,0.012954186372355413,1.0038939373239346,0.1174530082317757,2.549125863952673,002150.npy,"(256, 256)","(128, 128)",2.0
72.44474081869244,0.013842419192452927,1.0028104707009462,0.12111480998062761,2.648529818341766,002151.npy,"(256, 256)","(128, 128)",2.0
13.428544947094087,0.0779860610040783,1.047239325440087,0.32591951054403895,5.919340472952837,002152.npy,"(256, 256)","(128, 128)",2.0
30.911332451533514,0.03291099260092729,1.017322633597223,0.1929639484662836,3.430508112510774,002153.npy,"(256, 256)","(128, 128)",2.0
35.1295958846052,0.02889332150824812,1.015010708348728,0.17922701661771911,3.7897736434700153,002154.npy,"(256, 256)","(128, 128)",2.0
36.75515070122143,0.02756079841532691,1.0130012992013253,0.17610248999635925,3.9270196791368477,002155.npy,"(256, 256)","(128, 128)",2.0
38.442682557358104,0.026407428469070963,1.0151723897926361,0.17109898393207956,3.3187447556807266,002156.npy,"(256, 256)","(128, 128)",2.0
57.73729373652448,0.017516122948955604,1.011333535828927,0.14196600694364608,3.5763920170469095,002157.npy,"(256, 256)","(128, 128)",2.0
61.80465471789996,0.016288348058530938,1.0066957276824808,0.13602428854232612,4.4780916837750215,002158.npy,"(256, 256)","(128, 128)",2.0
57.99718052508869,0.017363851930258006,1.0070544550100833,0.13940060779135452,3.5285336585112543,002159.npy,"(256, 256)","(128, 128)",2.0
30.428732191128667,0.03348867351606976,1.01901787785663,0.2094717212259508,9.462651494429103,002160.npy,"(256, 256)","(128, 128)",2.0
26.085385539338414,0.03926564786016647,1.0242595628843407,0.21806370567679326,5.004607234584223,002161.npy,"(256, 256)","(128, 128)",2.0
31.973757958412037,0.032050080573626856,1.0247615188087487,0.19784400257401358,6.071492674247643,002162.npy,"(256, 256)","(128, 128)",2.0
27.33957102950054,0.037493759216369396,1.0250632932589216,0.21281113470390028,4.995702513043369,002163.npy,"(256, 256)","(128, 128)",2.0
21.90921667046082,0.04723422252094999,1.0348648154722535,0.25748791640772756,7.659262429392482,002164.npy,"(256, 256)","(128, 128)",2.0
74.53536742546763,0.01341714836059225,1.000052082858754,0.11633515258291523,2.0242672388978313,002165.npy,"(256, 256)","(128, 128)",2.0
109.01983328867522,0.009184061172382366,1.0012448179261206,0.09616984362360884,2.405809611195638,002166.npy,"(256, 256)","(128, 128)",2.0
82.30445191717023,0.012163473628302574,1.0011080303863973,0.11068379039484905,1.8735869887360501,002167.npy,"(256, 256)","(128, 128)",2.0
109.15261502085262,0.009180202995995694,1.0020431634351958,0.0957509927198111,1.6619592077916339,002168.npy,"(256, 256)","(128, 128)",2.0
58.580344095271016,0.01720288768352877,1.007751079933415,0.13283586832724348,2.0642623454371614,002169.npy,"(256, 256)","(128, 128)",2.0
78.65610198736448,0.012826646978058872,1.008894052862119,0.11460016373754936,1.9016014126885679,002170.npy,"(256, 256)","(128, 128)",2.0
81.42068728470527,0.01237270550283608,1.0073941856121684,0.11235895650895014,2.007092089596527,002171.npy,"(256, 256)","(128, 128)",2.0
57.09975978575603,0.01775264398851076,1.0136717073060102,0.15147538099505878,5.726310850662129,002172.npy,"(256, 256)","(128, 128)",2.0
23.977553537594616,0.04324488902769637,1.0369066418889277,0.2652378361809341,7.8364928461184835,002173.npy,"(256, 256)","(128, 128)",2.0
22.39966282098898,0.04615374261436055,1.0338282724883867,0.2678856409552753,6.9221583375718865,002174.npy,"(256, 256)","(128, 128)",2.0
25.058315728060666,0.04111748367881913,1.0303348879672312,0.24758049239179516,7.842744171543525,002175.npy,"(256, 256)","(128, 128)",2.0
42.581798730941124,0.023948387895886793,1.019765433313158,0.16908763793978407,3.7753635218122614,002176.npy,"(256, 256)","(128, 128)",2.0
40.41375001840196,0.025104899411654114,1.0145831290597158,0.1637900907455308,3.530254199172168,002177.npy,"(256, 256)","(128, 128)",2.0
39.662343729142506,0.02552697407570764,1.0124596201556262,0.16481871070759843,3.076277695253202,002178.npy,"(256, 256)","(128, 128)",2.0
41.38860802762125,0.02446877091754026,1.0127283684237323,0.16134829893014896,3.4653648375167796,002179.npy,"(256, 256)","(128, 128)",2.0
30.927935951328827,0.03297688122518871,1.0199068704072145,0.20685513566746574,6.815606146986027,002180.npy,"(256, 256)","(128, 128)",2.0
79.86696049444572,0.012622521521572278,1.008122427703704,0.11871142354243279,3.9510595967759325,002181.npy,"(256, 256)","(128, 128)",2.0
74.34288311408274,0.013583028057596182,1.0098014672211792,0.12158797858217528,3.4215889006582665,002182.npy,"(256, 256)","(128, 128)",2.0
78.48209901152977,0.012874670798286959,1.010431188332008,0.11933562806471579,3.322961454441928,002183.npy,"(256, 256)","(128, 128)",2.0
14.635682654902519,0.07219308387995596,1.056595065545794,0.3284134428413668,7.474421707106897,002184.npy,"(256, 256)","(128, 128)",2.0
71.23401084772064,0.014094848682917665,1.004032603975938,0.12123558281593595,3.1508162385594582,002185.npy,"(256, 256)","(128, 128)",2.0
66.96039580276184,0.014946096259936705,1.0007965212715402,0.1227490108228687,2.359801554044591,002186.npy,"(256, 256)","(128, 128)",2.0
66.45017878842002,0.015097919956193633,1.0032594804223214,0.12495967650971518,3.061543088329136,002187.npy,"(256, 256)","(128, 128)",2.0
23.89675249196507,0.043113417440127755,1.0302706656495033,0.24008114399631075,5.5989357264115585,002188.npy,"(256, 256)","(128, 128)",2.0
35.23047959796496,0.028790647925704037,1.0143083343587083,0.18823185337343587,5.756331266312108,002189.npy,"(256, 256)","(128, 128)",2.0
30.20656586737522,0.03364115892870114,1.016183883034649,0.2051305133266907,6.473919106491699,002190.npy,"(256, 256)","(128, 128)",2.0
45.41683873002149,0.022367389323861925,1.0158561137334414,0.16880466195167293,4.593902185375254,002191.npy,"(256, 256)","(128, 128)",2.0
63.049642282704895,0.015914169273427776,1.003382679916035,0.12723243800282172,2.0829119759965184,002192.npy,"(256, 256)","(128, 128)",2.0
56.87671163615634,0.017643939051850365,1.0035292335780108,0.13424594676001866,2.156965908286937,002193.npy,"(256, 256)","(128, 128)",2.0
63.31903355007272,0.015876530641516565,1.005286576348945,0.12755803695897924,2.0793867432156508,002194.npy,"(256, 256)","(128, 128)",2.0
58.355614516590585,0.01722033052847546,1.0049029701679906,0.1324586114201542,2.4495524104361173,002195.npy,"(256, 256)","(128, 128)",2.0
18.761394055981103,0.05570249944050744,1.045056541906427,0.3099282407650511,6.85697358789852,002196.npy,"(256, 256)","(128, 128)",2.0
36.04960504401868,0.02787249505072914,1.004792438170151,0.16994513821733978,2.7623373157372755,002197.npy,"(256, 256)","(128, 128)",2.0
37.520088532539816,0.0269095496344368,1.0096486846548431,0.16835711155375338,2.9336939504766133,002198.npy,"(256, 256)","(128, 128)",2.0
39.485410385473436,0.02542829880188276,1.0040468135967833,0.1620923251513525,2.894675361884455,002199.npy,"(256, 256)","(128, 128)",2.0
35.396676900784264,0.028681457685414063,1.0152282907341172,0.18780081749010075,7.780833562130709,002200.npy,"(256, 256)","(128, 128)",2.0
55.115825026715754,0.018381989556856063,1.013138520058595,0.14879832397989087,6.934343291705248,002201.npy,"(256, 256)","(128, 128)",2.0
54.59175297598816,0.01856133706971704,1.0132959282140444,0.14784888265826118,6.074971805496624,002202.npy,"(256, 256)","(128, 128)",2.0
54.9632062709384,0.018420713202582394,1.0124614594113344,0.1486983654582754,7.088971803735369,002203.npy,"(256, 256)","(128, 128)",2.0
5.992550468201501,0.19717989400008284,1.1816104661101188,0.6595511841683898,14.473699875798424,002204.npy,"(256, 256)","(128, 128)",2.0
19.83682183442258,0.052883535371447236,1.0490412691377833,0.27870673246564026,8.506080194349497,002205.npy,"(256, 256)","(128, 128)",2.0
18.1449628073553,0.05800761776021471,1.0525460668023785,0.28911263380959706,8.087833676288955,002206.npy,"(256, 256)","(128, 128)",2.0
19.52789146222235,0.05378783858005782,1.050363073778905,0.27502829975396265,9.071253723774797,002207.npy,"(256, 256)","(128, 128)",2.0
38.1191171088606,0.02662257110991027,1.0148289058776385,0.18065569017598002,5.797641518871941,002208.npy,"(256, 256)","(128, 128)",2.0
22.076681394617918,0.04682514254977564,1.0337437533289637,0.23961596385527745,4.556539100579825,002209.npy,"(256, 256)","(128, 128)",2.0
23.820399403273736,0.04347975383985402,1.0357051024213477,0.23510216713738571,4.406268331896037,002210.npy,"(256, 256)","(128, 128)",2.0
22.3382297076092,0.04629250071094236,1.0340925146206927,0.2395837831277111,6.046622653605524,002211.npy,"(256, 256)","(128, 128)",2.0
34.45454916954382,0.029483830732913857,1.0158520956936876,0.17799582312802398,2.856815828213179,002212.npy,"(256, 256)","(128, 128)",2.0
41.00608228671416,0.02471352935167125,1.013405018189757,0.16316083949691373,4.81744543545659,002213.npy,"(256, 256)","(128, 128)",2.0
44.47822001885036,0.022813102804910324,1.0146862058694537,0.1567224513305445,3.792976055304721,002214.npy,"(256, 256)","(128, 128)",2.0
40.115717807054736,0.025311822560027432,1.0154019310003022,0.16437058614808417,2.9976153032760804,002215.npy,"(256, 256)","(128, 128)",2.0
19.1354549601614,0.05287678388039311,1.0118213163814507,0.24069673513236772,3.9727904378956933,002216.npy,"(256, 256)","(128, 128)",2.0
44.32991368597901,0.022501575984559576,0.9974929211940241,0.15001569103122864,2.179522175752512,002217.npy,"(256, 256)","(128, 128)",2.0
35.33098125529686,0.02811097616670484,0.9931883720139456,0.16689384003674734,1.953839238749944,002218.npy,"(256, 256)","(128, 128)",2.0
23.608150717898997,0.04173241425887988,0.9852251256454334,0.20137165760885886,2.402700212350774,002219.npy,"(256, 256)","(128, 128)",2.0
60.01955930133629,0.016645253748780252,0.9990407944607065,0.12857365649140537,1.91665103176828,002220.npy,"(256, 256)","(128, 128)",2.0
102.11210795132772,0.009794962007251745,1.0001842178636438,0.09905517404640386,1.8914426676808065,002221.npy,"(256, 256)","(128, 128)",2.0
102.41919945519035,0.009761298218734052,0.9997443492061171,0.09903562761386848,1.91527540790421,002222.npy,"(256, 256)","(128, 128)",2.0
109.39302144862083,0.009143643915090085,1.000250834922001,0.09586267237858156,1.7565454046517686,002223.npy,"(256, 256)","(128, 128)",2.0
11.02459772920033,0.0867928917658823,0.956856717472876,0.3278529591296175,2.796987522758276,002224.npy,"(256, 256)","(128, 128)",2.0
27.909558919240236,0.03489650041541703,0.973945934419373,0.19281308700497796,2.982196117358772,002225.npy,"(256, 256)","(128, 128)",2.0
28.62737033190009,0.03394545727064517,0.9717691763724498,0.1973290766881658,3.952111417685286,002226.npy,"(256, 256)","(128, 128)",2.0
31.414800565973156,0.031111128169897067,0.9773498868397458,0.191215133324618,3.5437613192542345,002227.npy,"(256, 256)","(128, 128)",2.0
14.565120747405171,0.07354190716067635,1.071146757789712,0.3204052401758293,6.938946333761209,002228.npy,"(256, 256)","(128, 128)",2.0
93.79726146833003,0.010650020785272859,0.9989427842393879,0.10397220331771276,3.460500771705329,002229.npy,"(256, 256)","(128, 128)",2.0
83.94840058334717,0.011925653903490145,1.0011395711085485,0.10935981904728051,1.876763493374096,002230.npy,"(256, 256)","(128, 128)",2.0
93.44558317359756,0.010722143744322125,1.0019369750593219,0.10598922966087276,3.3331769574473786,002231.npy,"(256, 256)","(128, 128)",2.0
60.91829169996097,0.016508759669984156,1.0056854371806463,0.1318163418215243,3.052374433042925,002232.npy,"(256, 256)","(128, 128)",2.0
113.46825026493849,0.008821650337059199,1.000977228195212,0.09522535041408803,3.77026204850207,002233.npy,"(256, 256)","(128, 128)",2.0
103.97212821579019,0.009625502470979028,1.0007839770540368,0.09949306287782114,3.5411055578392787,002234.npy,"(256, 256)","(128, 128)",2.0
80.12268819928936,0.012497215121288478,1.001310470522441,0.11288408710013778,3.89868359184456,002235.npy,"(256, 256)","(128, 128)",2.0
9.002464451198849,0.11821330302439398,1.064211058135904,0.4270891615985416,7.429536287362816,002236.npy,"(256, 256)","(128, 128)",2.0
14.98255112932291,0.06996170675167436,1.048204848501657,0.311016924555369,5.663147478678236,002237.npy,"(256, 256)","(128, 128)",2.0
13.315482537338116,0.07895624966932173,1.051340563685562,0.32767931501918246,6.416258768246955,002238.npy,"(256, 256)","(128, 128)",2.0
12.532635711237297,0.08441275530982059,1.0579143116797933,0.3403392634507073,7.625239000414762,002239.npy,"(256, 256)","(128, 128)",2.0
88.85587516035409,0.011291754008074363,1.0033386844828835,0.10738503731006309,2.353116540512953,002240.npy,"(256, 256)","(128, 128)",2.0
56.3178350300261,0.01790597647752549,1.0084258293128083,0.13825007997076014,3.587307980769951,002241.npy,"(256, 256)","(128, 128)",2.0
50.943851728656995,0.01979004199404989,1.008180965048773,0.1446892731695488,3.9905605696630024,002242.npy,"(256, 256)","(128, 128)",2.0
47.076260501457234,0.02142596545106287,1.0086543310694582,0.1510904755221561,2.9630337059150107,002243.npy,"(256, 256)","(128, 128)",2.0
17.45547683973009,0.059637253566750134,1.0409966984195176,0.3801081231998509,11.160986250486594,002244.npy,"(256, 256)","(128, 128)",2.0
21.74760225407874,0.04519331152086555,0.9828461635004584,0.21371580408454874,3.866437958510155,002245.npy,"(256, 256)","(128, 128)",2.0
18.369882928506318,0.05477783054145293,1.0062623341240482,0.24097494448939824,5.277214224247204,002246.npy,"(256, 256)","(128, 128)",2.0
20.25342568191483,0.050149288002513545,1.015694877559851,0.23171096623978837,3.7887718880064756,002247.npy,"(256, 256)","(128, 128)",2.0
32.11091027922834,0.03209979534072959,1.03075364816776,0.20563157009168692,5.119014965287174,002248.npy,"(256, 256)","(128, 128)",2.0
84.90660039506632,0.011857035281435791,1.0067405565110714,0.111295555947021,2.81287847537996,002249.npy,"(256, 256)","(128, 128)",2.0
68.16191656128724,0.014798205481646462,1.0086740472967697,0.12397415881855625,3.0519623384678574,002250.npy,"(256, 256)","(128, 128)",2.0
60.30955798610689,0.01669526077109796,1.006883797567708,0.13124482137030763,2.7261704448248945,002251.npy,"(256, 256)","(128, 128)",2.0
22.95721621310123,0.04504388442777137,1.034082193886291,0.26372973693832247,5.459438122329094,002252.npy,"(256, 256)","(128, 128)",2.0
42.68886434863159,0.02380066926134563,1.0160235415042291,0.17750692940295199,5.085249402593961,002253.npy,"(256, 256)","(128, 128)",2.0
34.33329339409481,0.029716493532320747,1.020265091088889,0.19704686742368735,5.367091636651383,002254.npy,"(256, 256)","(128, 128)",2.0
37.421424621738,0.02720652130712504,1.0181067863142885,0.1877944394695439,4.711412302733618,002255.npy,"(256, 256)","(128, 128)",2.0
22.675415118971106,0.04542101832058811,1.0299404455457273,0.23796080966719485,4.743357090274248,002256.npy,"(256, 256)","(128, 128)",2.0
10.562939532164172,0.10522814577099074,1.1115185408607322,0.41131186261704383,9.207855002468378,002257.npy,"(256, 256)","(128, 128)",2.0
11.049561901570165,0.10020345642378614,1.1072042945059135,0.40189728299014793,8.111313196362854,002258.npy,"(256, 256)","(128, 128)",2.0
10.104307138081179,0.11036654715030045,1.1151774901761538,0.42777890857019535,13.989697523425372,002259.npy,"(256, 256)","(128, 128)",2.0
16.940040511484437,0.06240409086651243,1.0571278273610765,0.28598727612044056,5.884240844063987,002260.npy,"(256, 256)","(128, 128)",2.0
94.33301630229693,0.010619375981274546,1.0017577675617921,0.10326980132753819,1.6829134379044246,002261.npy,"(256, 256)","(128, 128)",2.0
67.45550679867182,0.014821546939770903,0.9997949603625497,0.1217135674399569,1.745924420447483,002262.npy,"(256, 256)","(128, 128)",2.0
100.87746144284037,0.00991474125083322,1.000173928246667,0.09961155526507702,1.5596099492415192,002263.npy,"(256, 256)","(128, 128)",2.0
13.198216861226753,0.08144151963050489,1.0748828375912591,0.4209348190402363,9.902814631618748,002264.npy,"(256, 256)","(128, 128)",2.0
18.141275904979913,0.05787784521643593,1.0499779588570861,0.3118986513042452,6.169869877803478,002265.npy,"(256, 256)","(128, 128)",2.0
18.396937161274558,0.0568038109169941,1.0450161399608622,0.3029489786834367,6.9646153319679645,002266.npy,"(256, 256)","(128, 128)",2.0
19.95341074570671,0.052503845124333995,1.0476307874948068,0.29778412665729387,8.125702434935219,002267.npy,"(256, 256)","(128, 128)",2.0
61.47524849626087,0.016430624156701306,1.0100767029818793,0.1296625752133659,1.913363679100216,002268.npy,"(256, 256)","(128, 128)",2.0
69.75439626265019,0.01440813130029302,1.0050305001249327,0.12095612150105517,1.989305953911532,002269.npy,"(256, 256)","(128, 128)",2.0
66.54591183554876,0.01511395218928648,1.0057717298749573,0.12354889293057754,1.8482658311976237,002270.npy,"(256, 256)","(128, 128)",2.0
53.23812016075168,0.01890191499632679,1.0063024218427599,0.138565586049134,2.073421644880621,002271.npy,"(256, 256)","(128, 128)",2.0
50.684393268980934,0.020074233370503316,1.0174503387238907,0.1472448228709147,3.346619236624361,002272.npy,"(256, 256)","(128, 128)",2.0
21.270752516121863,0.04420976519053931,0.9403749741638208,0.21531402754072068,3.989171757510948,002273.npy,"(256, 256)","(128, 128)",2.0
20.979648079112724,0.04453000734581019,0.9342238830754023,0.20992233892333204,3.414467012221303,002274.npy,"(256, 256)","(128, 128)",2.0
23.17614031157287,0.04033679885288236,0.9348513099340932,0.21166961757255567,6.230177818194612,002275.npy,"(256, 256)","(128, 128)",2.0
70.97398591159683,0.014126557217808516,1.002618072956108,0.11889306992752069,1.9649079538497116,002276.npy,"(256, 256)","(128, 128)",2.0
38.32006687102451,0.02636049949851564,1.0101361035367273,0.1685387782027225,3.8960622641563907,002277.npy,"(256, 256)","(128, 128)",2.0
59.3766461895525,0.016971845467765895,1.0077312635232958,0.13543680099176456,3.070637916017442,002278.npy,"(256, 256)","(128, 128)",2.0
55.205730440904716,0.018273715505246067,1.0088138123363952,0.14156505084576404,3.4086672385060743,002279.npy,"(256, 256)","(128, 128)",2.0
75.22470338864939,0.013329994005390883,1.0027448452280037,0.11596626989371603,2.281364862387763,002280.npy,"(256, 256)","(128, 128)",2.0
42.84177259040903,0.023962920682143982,1.0266139984664218,0.16728195367679574,3.4517473633435407,002281.npy,"(256, 256)","(128, 128)",2.0
39.59817802815258,0.02593830367854411,1.0271095668112746,0.17368751380855943,3.197567714219323,002282.npy,"(256, 256)","(128, 128)",2.0
34.5334858752067,0.029734159191855566,1.0268241664630917,0.1849817939160742,3.5370641109725653,002283.npy,"(256, 256)","(128, 128)",2.0
21.134235430462592,0.04894889743966009,1.034497522551344,0.25442123499323394,5.081576245856405,002284.npy,"(256, 256)","(128, 128)",2.0
9.621314927308136,0.11148120186219322,1.0725957515909712,0.40232869315606334,6.82783800469798,002285.npy,"(256, 256)","(128, 128)",2.0
9.416846489434468,0.1128260800143953,1.0624658755002108,0.40597820772832616,7.770639470444648,002286.npy,"(256, 256)","(128, 128)",2.0
10.193730773522812,0.1045122293742099,1.0653695287813583,0.39434244798686097,9.429086073807804,002287.npy,"(256, 256)","(128, 128)",2.0
78.58472390934449,0.012769242771185157,1.0034674177049785,0.11343041311488292,1.795894341055844,002288.npy,"(256, 256)","(128, 128)",2.0
99.3147364317104,0.010112649675012393,1.0043351371000777,0.10103756021606496,1.6612136103417885,002289.npy,"(256, 256)","(128, 128)",2.0
91.06426687927687,0.011025100328015977,1.0039926786412499,0.10537615201236834,1.7286374320416769,002290.npy,"(256, 256)","(128, 128)",2.0
91.36281312427712,0.010989700235756307,1.0040499289312277,0.105137808712678,1.806403067122497,002291.npy,"(256, 256)","(128, 128)",2.0
28.207133466508534,0.03577443185679767,1.0090941740732067,0.21144654422415757,5.221334055622112,002292.npy,"(256, 256)","(128, 128)",2.0
24.932630320889672,0.04137628790766333,1.0316196904524675,0.23017884563817562,6.135199242310165,002293.npy,"(256, 256)","(128, 128)",2.0
24.01214821515135,0.04314185074084134,1.0359285142650194,0.23896509503076072,6.177024540479398,002294.npy,"(256, 256)","(128, 128)",2.0
22.669581573229518,0.0456735372269082,1.0353999779033305,0.2456962630696811,5.677288467873726,002295.npy,"(256, 256)","(128, 128)",2.0
55.902491238837136,0.018005805456321605,1.0065693817702244,0.137330632333232,4.5383699267134,002296.npy,"(256, 256)","(128, 128)",2.0
56.728242641771985,0.01782846286219313,1.0113773671763124,0.13789896574239327,3.097844781857071,002297.npy,"(256, 256)","(128, 128)",2.0
58.382165029370626,0.01730159968022358,1.010104847802919,0.1358077463625368,2.7166945508130915,002298.npy,"(256, 256)","(128, 128)",2.0
51.75769357673672,0.019502861672957512,1.0094231383384178,0.14229633921766327,2.783169326190601,002299.npy,"(256, 256)","(128, 128)",2.0
80.63738645356554,0.012467994582746438,1.005386497469886,0.11370568566470117,3.4490577320362066,002300.npy,"(256, 256)","(128, 128)",2.0
69.1987852971715,0.014451026147698576,0.999993455718405,0.12039795115458608,1.9459922016923363,002301.npy,"(256, 256)","(128, 128)",2.0
80.5015175990011,0.012429860629817067,1.0006226442443495,0.11156976880744657,1.8403117022222957,002302.npy,"(256, 256)","(128, 128)",2.0
66.33904379481856,0.01509858705405652,1.001625827818936,0.12334870105972319,2.262422169874708,002303.npy,"(256, 256)","(128, 128)",2.0
48.04219224396297,0.021030676243333747,1.0103597911027848,0.15479276432592065,4.441001149472674,002304.npy,"(256, 256)","(128, 128)",2.0
65.767456691483,0.015260153351423661,1.0036214746451448,0.13110569803483937,5.272448037997465,002305.npy,"(256, 256)","(128, 128)",2.0
64.35823669645228,0.015615658000806868,1.0049962137867772,0.1326775241477077,4.6592777101277845,002306.npy,"(256, 256)","(128, 128)",2.0
61.95212350392784,0.01624680861159593,1.0065242936502694,0.13576611874284195,5.904897615418933,002307.npy,"(256, 256)","(128, 128)",2.0
24.77016326492968,0.041460539118341,1.0269843230133102,0.22807669694064223,4.694049484375216,002308.npy,"(256, 256)","(128, 128)",2.0
61.26883136087355,0.016460346537484925,1.0085061961467028,0.13203374965137302,2.9212269164344,002309.npy,"(256, 256)","(128, 128)",2.0
66.42335639147322,0.015188753656446041,1.0088879972644074,0.12679196736426734,2.275533872464177,002310.npy,"(256, 256)","(128, 128)",2.0
50.25139771928892,0.020148286591994587,1.0124795628965362,0.14582076094430801,2.7178060356368294,002311.npy,"(256, 256)","(128, 128)",2.0
53.836657272231456,0.01866285771720385,1.0047458746415237,0.14094334241542747,4.912349506496944,002312.npy,"(256, 256)","(128, 128)",2.0
27.723847929592218,0.03711679247036992,1.029020310082769,0.2302560956180004,8.123873211276486,002313.npy,"(256, 256)","(128, 128)",2.0
38.52815732372117,0.02654167483502416,1.0226018236788619,0.19075547791222333,7.141486602007242,002314.npy,"(256, 256)","(128, 128)",2.0
25.49012289133807,0.04037602713159873,1.0291898934484518,0.23297585372970767,5.756616832876393,002315.npy,"(256, 256)","(128, 128)",2.0
30.617726099439476,0.0332912994622097,1.0193038884283532,0.21742084930836686,6.932465837413799,002316.npy,"(256, 256)","(128, 128)",2.0
27.036650220075455,0.037915089481296314,1.0250970123686705,0.21757602118634733,6.602252385565486,002317.npy,"(256, 256)","(128, 128)",2.0
29.526923068828538,0.03478463271075147,1.0270831740278152,0.21059929720072648,7.490154823472451,002318.npy,"(256, 256)","(128, 128)",2.0
30.831281856602452,0.0333011709328479,1.0267177871855304,0.20736115966863142,7.0783894827082525,002319.npy,"(256, 256)","(128, 128)",2.0
35.74546916454113,0.028468587790320795,1.017623027016944,0.19868268700632638,5.204090331773518,002320.npy,"(256, 256)","(128, 128)",2.0
31.46718736959029,0.03263475798327387,1.0269240442209115,0.20497140929391022,7.294500260353828,002321.npy,"(256, 256)","(128, 128)",2.0
27.33304816157375,0.037607707737595836,1.0279332868380968,0.21837756288815743,7.563744843186732,002322.npy,"(256, 256)","(128, 128)",2.0
25.992735152542267,0.0397088492355727,1.0321416013924716,0.230736702463502,9.155225873764344,002323.npy,"(256, 256)","(128, 128)",2.0
103.20976231693743,0.009706650482834353,1.0018210892269195,0.09923866761799137,2.2609085942970992,002324.npy,"(256, 256)","(128, 128)",2.0
75.14970550786313,0.013320358418232446,1.001021012389354,0.1156278099808294,2.5081851807935194,002325.npy,"(256, 256)","(128, 128)",2.0
70.49320607206568,0.014203163994855042,1.00122656636466,0.1195570844494596,2.175982842567856,002326.npy,"(256, 256)","(128, 128)",2.0
103.32624096717943,0.009681969201105494,1.0004014827102359,0.09857874537656504,1.894053486747066,002327.npy,"(256, 256)","(128, 128)",2.0
45.324931692842895,0.022263160568512755,1.009076232034634,0.15885381976762403,4.339487276604837,002328.npy,"(256, 256)","(128, 128)",2.0
7.942785694628963,0.09588995191157776,0.761633338301939,0.26166636577385816,3.2582641905695926,002329.npy,"(256, 256)","(128, 128)",2.0
7.607025836453032,0.10059926988916479,0.7652612451751881,0.2709674307405734,3.5493003308678213,002330.npy,"(256, 256)","(128, 128)",2.0
5.608385082022962,0.15730407104060704,0.8822218053656208,0.38206081376517953,8.36091304861411,002331.npy,"(256, 256)","(128, 128)",2.0
66.68930056017138,0.015019201840848897,1.0016200657382512,0.12339301389120863,2.937100758131994,002332.npy,"(256, 256)","(128, 128)",2.0
53.756430968972005,0.018649700137803274,1.0025413180498495,0.13692568264984026,1.8911325601983542,002333.npy,"(256, 256)","(128, 128)",2.0
66.37992651116667,0.015137353599254963,1.0048164194920888,0.12365625376048148,1.8989083414126147,002334.npy,"(256, 256)","(128, 128)",2.0
49.53014732988022,0.02023280554755445,1.0021338396671897,0.14264781252489298,2.1170973203225385,002335.npy,"(256, 256)","(128, 128)",2.0
13.670386773023319,0.07564578733739284,1.03410717065203,0.37106786029230315,10.143270306504734,002336.npy,"(256, 256)","(128, 128)",2.0
43.784275963862704,0.023100205119605838,1.0114257557786561,0.1568054441649829,3.3490120144708944,002337.npy,"(256, 256)","(128, 128)",2.0
41.91910861121613,0.024056670163246488,1.008434169397332,0.1589744364419905,3.1691541411565933,002338.npy,"(256, 256)","(128, 128)",2.0
45.83782615242565,0.02204861844298144,1.010660739090549,0.1530476421353468,2.9879271017562323,002339.npy,"(256, 256)","(128, 128)",2.0
61.18586046747612,0.016468387698590173,1.0076324718502385,0.13189626754787764,3.2737704503817167,002340.npy,"(256, 256)","(128, 128)",2.0
82.52578028907674,0.01212396466399636,1.0005396440934937,0.11024909868976324,1.9033354102198872,002341.npy,"(256, 256)","(128, 128)",2.0
90.35096891387047,0.011085184744946049,1.0015571822951317,0.10537514610909414,1.7930861393160724,002342.npy,"(256, 256)","(128, 128)",2.0
109.7571254708527,0.00910950139433256,0.9998326875146665,0.09557640104253173,1.6629331049581009,002343.npy,"(256, 256)","(128, 128)",2.0
64.3261635732874,0.015730678850519042,1.0118942208573405,0.12915668673422498,2.644872249927294,002344.npy,"(256, 256)","(128, 128)",2.0
38.50419510249411,0.026230534851122006,1.009985631550373,0.164059314736021,2.081131433383304,002345.npy,"(256, 256)","(128, 128)",2.0
41.15787350373022,0.024457008378997894,1.0065984571424655,0.15824630565274372,2.2057253409575477,002346.npy,"(256, 256)","(128, 128)",2.0
34.47237323723815,0.029270674898992443,1.0090296300239256,0.17342099281314577,2.0616398994935263,002347.npy,"(256, 256)","(128, 128)",2.0
32.450409110141464,0.03164469966230569,1.026883450209375,0.20348060122505646,6.419256148797382,002348.npy,"(256, 256)","(128, 128)",2.0
60.58119323045191,0.01661291209153374,1.0064300375377164,0.1302401990452709,2.138520981472713,002349.npy,"(256, 256)","(128, 128)",2.0
78.05383937280129,0.012913980877192324,1.0079857890517971,0.11564752511566426,2.4698634925904392,002350.npy,"(256, 256)","(128, 128)",2.0
64.80148151995607,0.015538064846264282,1.006889621991074,0.12636945479031272,2.3991412502441745,002351.npy,"(256, 256)","(128, 128)",2.0
29.419558776612135,0.03477354621415715,1.0230223867186348,0.20565869491484817,4.045102766226688,002352.npy,"(256, 256)","(128, 128)",2.0
61.79676151523533,0.016161524380592915,0.9987298678701618,0.12653427285426685,1.8718247246264916,002353.npy,"(256, 256)","(128, 128)",2.0
87.1999553430156,0.011456303364764149,0.9989891418034732,0.10692131049913034,1.638204994596398,002354.npy,"(256, 256)","(128, 128)",2.0
66.7797363211317,0.015020436393104358,1.0030607817598394,0.12277972580174762,1.8516150149061374,002355.npy,"(256, 256)","(128, 128)",2.0
39.28252082601264,0.025959806458454297,1.0197666378434884,0.16709538445306266,2.661188234717758,002356.npy,"(256, 256)","(128, 128)",2.0
41.80721223544545,0.0237338118381861,0.992244508675174,0.15583428870786248,4.100510141783662,002357.npy,"(256, 256)","(128, 128)",2.0
60.45910465947527,0.01649018366896022,0.9969817402956359,0.13144533835174538,3.7851244367242756,002358.npy,"(256, 256)","(128, 128)",2.0
48.23213887239791,0.020654908627304517,0.9962304213088412,0.14461875216533435,2.6532782123931926,002359.npy,"(256, 256)","(128, 128)",2.0
16.627086216314975,0.06375922071462589,1.0601300599071404,0.29163372939140464,8.186582475570752,002360.npy,"(256, 256)","(128, 128)",2.0
32.758558904727806,0.03137788827644403,1.0278944014098597,0.1915180791915077,4.888116266055968,002361.npy,"(256, 256)","(128, 128)",2.0
26.615855030843942,0.03856691704874058,1.026491473155863,0.20963527732347523,3.772374476929898,002362.npy,"(256, 256)","(128, 128)",2.0
29.883496710323097,0.034423838690068,1.02870467025134,0.19938303980926111,3.875206194135011,002363.npy,"(256, 256)","(128, 128)",2.0
21.66848469162703,0.04748368667207153,1.0288995377557963,0.277708383007974,7.0487636640351115,002364.npy,"(256, 256)","(128, 128)",2.0
43.23755154385039,0.023528716337322387,1.0173240853956114,0.17751574307951765,4.167725611324986,002365.npy,"(256, 256)","(128, 128)",2.0
65.93812084762658,0.015290668351325537,1.0082379375906823,0.13527063178730334,3.8037947454634047,002366.npy,"(256, 256)","(128, 128)",2.0
49.43143798837676,0.020515847086138038,1.0141278230174524,0.16176607921668162,3.9173841016937283,002367.npy,"(256, 256)","(128, 128)",2.0
52.16069629692329,0.019343557824832606,1.0089734450030676,0.14271913955899557,3.491398266838919,002368.npy,"(256, 256)","(128, 128)",2.0
48.65715326057931,0.02058402330912093,1.001559976871234,0.14403122362716622,2.1611902499902933,002369.npy,"(256, 256)","(128, 128)",2.0
67.82613819464419,0.014783819611511123,1.0027293920150444,0.12202943351143974,2.077657651997658,002370.npy,"(256, 256)","(128, 128)",2.0
63.93435506022443,0.015664233341838193,1.001482656223289,0.12563633460087084,4.09227213878411,002371.npy,"(256, 256)","(128, 128)",2.0
40.315172094524286,0.02534497354637323,1.0217869702532023,0.17648680400276892,4.307957752079463,002372.npy,"(256, 256)","(128, 128)",2.0
55.03518073209909,0.018376004258423353,1.0113267154961518,0.14451565546460862,3.3758299301103976,002373.npy,"(256, 256)","(128, 128)",2.0
52.996210047633504,0.01903099244398178,1.0085704729761844,0.1496354728005607,3.6036631946884543,002374.npy,"(256, 256)","(128, 128)",2.0
46.39025674130093,0.021781643208190222,1.0104560206753581,0.15805438065583768,3.969174554956935,002375.npy,"(256, 256)","(128, 128)",2.0
88.67739511766632,0.011290641860918096,1.0012247094326974,0.10640372887302404,1.6939122680721186,002376.npy,"(256, 256)","(128, 128)",2.0
28.602789078274046,0.035927657919326304,1.0276312215428725,0.2257130324395255,6.5287886839592835,002377.npy,"(256, 256)","(128, 128)",2.0
26.661033475321183,0.03843908854258206,1.0248258263946153,0.22965862134213844,5.697492426835263,002378.npy,"(256, 256)","(128, 128)",2.0
22.12149898356393,0.04671085928211159,1.0333142261306294,0.2581343901509421,6.668469500758955,002379.npy,"(256, 256)","(128, 128)",2.0
86.00969658642022,0.011680173233143729,1.004608155859519,0.10903789782849951,2.0337556155593104,002380.npy,"(256, 256)","(128, 128)",2.0
28.498837237878757,0.03572387896485851,1.0180890121251833,0.1976297413216573,3.916436922912189,002381.npy,"(256, 256)","(128, 128)",2.0
27.119993677453074,0.037639840102084966,1.020792225588889,0.20355839792421282,3.132134876933632,002382.npy,"(256, 256)","(128, 128)",2.0
25.116381695810535,0.04078167301031465,1.0242880655207973,0.21630930946296825,3.514172137890676,002383.npy,"(256, 256)","(128, 128)",2.0
26.758405651451614,0.03674310429703865,0.983186889673755,0.19897523975937112,3.97742939840796,002384.npy,"(256, 256)","(128, 128)",2.0
21.013409647000998,0.0489387120921867,1.0283692047897603,0.25326668063395696,5.897936647190793,002385.npy,"(256, 256)","(128, 128)",2.0
18.11957297803431,0.05716508609254858,1.035806949249548,0.27958754010266607,6.996648821911819,002386.npy,"(256, 256)","(128, 128)",2.0
29.2778483663929,0.034749757018779664,1.0173981167648283,0.20690016801622063,5.959494142906636,002387.npy,"(256, 256)","(128, 128)",2.0
22.297830919309327,0.04640818727142594,1.0348019130498989,0.26169371861563245,7.436659800014278,002388.npy,"(256, 256)","(128, 128)",2.0
49.486704956642434,0.02042714641765001,1.0108721678763815,0.16688517126215424,7.641663241397094,002389.npy,"(256, 256)","(128, 128)",2.0
47.1929003082776,0.021372634486304175,1.0086366086374088,0.16519410266202889,6.671944759692519,002390.npy,"(256, 256)","(128, 128)",2.0
66.30376372400988,0.015141598451105857,1.0039449661059567,0.1271638773691158,5.921936272991942,002391.npy,"(256, 256)","(128, 128)",2.0
88.52848160862752,0.011313987464889047,1.0016101312056722,0.11237567830649221,6.4037889422617,002392.npy,"(256, 256)","(128, 128)",2.0
13.996865810459385,0.07634757712880362,1.0686267920255623,0.33302769876750704,5.328800081201058,002393.npy,"(256, 256)","(128, 128)",2.0
13.28076467764466,0.08021847455912862,1.065362683419412,0.3392782111886719,5.6224667503206,002394.npy,"(256, 256)","(128, 128)",2.0
11.729123673797424,0.09153321269027402,1.0736043719042279,0.3630526820210749,5.66750401450507,002395.npy,"(256, 256)","(128, 128)",2.0
53.399069800833075,0.01897121544777507,1.0130452579023836,0.15200795784012844,5.031168027409166,002396.npy,"(256, 256)","(128, 128)",2.0
69.09087401416184,0.014514466207466303,1.0028171561228638,0.12122937219473331,2.2326251734424774,002397.npy,"(256, 256)","(128, 128)",2.0
76.86049131650367,0.013064633161247051,1.004154123643335,0.11542799473813066,2.9153278259174535,002398.npy,"(256, 256)","(128, 128)",2.0
91.25533272264589,0.010997549046454853,1.0035849973678546,0.10583436652519193,2.3535712431005154,002399.npy,"(256, 256)","(128, 128)",2.0
22.09568629548453,0.04702996455649769,1.0391593433281292,0.25509599548994866,6.143188269028553,002400.npy,"(256, 256)","(128, 128)",2.0
27.654969613989422,0.037163275129287354,1.0277492444567706,0.21088012030154205,5.149225130614755,002401.npy,"(256, 256)","(128, 128)",2.0
28.1447955034726,0.03651398600202592,1.0276786690436805,0.20599508720148754,4.619548121869206,002402.npy,"(256, 256)","(128, 128)",2.0
28.163330373602623,0.03637747986711774,1.024510983656715,0.20485488683540104,6.094756312053775,002403.npy,"(256, 256)","(128, 128)",2.0
30.975397249324857,0.03308963785828463,1.0249646774966654,0.20554496864132837,6.3385624894622765,002404.npy,"(256, 256)","(128, 128)",2.0
90.27742143302265,0.011073242186810866,0.9996637515286498,0.10551929461465857,1.937881389384893,002405.npy,"(256, 256)","(128, 128)",2.0
63.70670903563767,0.01569971412592022,1.00017711976269,0.12531774651755687,1.8355761966531547,002406.npy,"(256, 256)","(128, 128)",2.0
99.3159092673172,0.010076259018659899,1.0007328264512132,0.10078477218118381,1.8627133617653369,002407.npy,"(256, 256)","(128, 128)",2.0
57.66334033710314,0.017483846957515314,1.008177017513031,0.14319578989239629,5.015562369545771,002408.npy,"(256, 256)","(128, 128)",2.0
19.515319484050792,0.05336525754830079,1.041440050403743,0.24663185798072182,3.943024030949207,002409.npy,"(256, 256)","(128, 128)",2.0
22.709738161957713,0.045808766478684954,1.040305092253201,0.2289563045026882,4.040735968300591,002410.npy,"(256, 256)","(128, 128)",2.0
21.45085324605909,0.048661659544365035,1.043834117595865,0.23818807018078283,4.3686530730233395,002411.npy,"(256, 256)","(128, 128)",2.0
52.46483378917894,0.01923148267612586,1.0089765421224175,0.1418884067470074,2.922167821230867,002412.npy,"(256, 256)","(128, 128)",2.0
83.89093775513382,0.01194056480748795,1.0017051790261131,0.11427341341921801,3.218946654247753,002413.npy,"(256, 256)","(128, 128)",2.0
70.0448517473404,0.01429390287239467,1.0012143075877677,0.12131715748841791,2.934093169531585,002414.npy,"(256, 256)","(128, 128)",2.0
70.53674147910618,0.014176761583998164,0.9999825668614023,0.12074517671114209,3.2745949055009946,002415.npy,"(256, 256)","(128, 128)",2.0
13.522899962793224,0.07964359677410023,1.0770123918531984,0.3381383809742028,7.1889089244343625,002416.npy,"(256, 256)","(128, 128)",2.0
37.01693461393767,0.027434061464668737,1.0155248594323898,0.1824509158064819,5.735404465773858,002417.npy,"(256, 256)","(128, 128)",2.0
45.2522068862631,0.022501445370680655,1.0182400611539881,0.1679526462419409,5.134817873321375,002418.npy,"(256, 256)","(128, 128)",2.0
50.234721367150904,0.0201892880540789,1.014203259997802,0.15214618691111514,4.961345265952693,002419.npy,"(256, 256)","(128, 128)",2.0
99.60256685726611,0.010040115568400005,1.0000212821562398,0.10019249999330614,1.667753818625737,002420.npy,"(256, 256)","(128, 128)",2.0
60.8930092021649,0.01647657193568242,1.0033080464996416,0.12901941569589156,2.3981993253405585,002421.npy,"(256, 256)","(128, 128)",2.0
79.62864851004186,0.012597219440579958,1.0030995590378076,0.11281085609505978,2.1541771265962217,002422.npy,"(256, 256)","(128, 128)",2.0
73.98150419374011,0.013525134686195173,1.000609808507648,0.11650713893180084,2.3672716025508787,002423.npy,"(256, 256)","(128, 128)",2.0
93.82929208686933,0.010672824104216497,1.0014235302663093,0.10333355115602992,1.74233671776022,002424.npy,"(256, 256)","(128, 128)",2.0
72.85533708592139,0.013725259925942104,0.9999584384964005,0.11718965109686129,1.71710313294923,002425.npy,"(256, 256)","(128, 128)",2.0
85.41453397481837,0.011694430613306344,0.9988743409364107,0.10817110860914719,1.7660946038117424,002426.npy,"(256, 256)","(128, 128)",2.0
78.02169556488897,0.012824663108574585,1.000601960779469,0.11339637848250769,1.790848124145784,002427.npy,"(256, 256)","(128, 128)",2.0
61.10839115693579,0.01644389813736215,1.0048601595227342,0.1330087789122642,4.572728831858658,002428.npy,"(256, 256)","(128, 128)",2.0
65.45339360527613,0.015369005412837497,1.005953560608072,0.12732842675149092,3.85577837797068,002429.npy,"(256, 256)","(128, 128)",2.0
83.15373257258108,0.012080507923585787,1.0045393252187993,0.11452931436441556,4.3371188193685075,002430.npy,"(256, 256)","(128, 128)",2.0
55.83134146538444,0.01800401419973647,1.005188264533117,0.1380632820959423,4.019838870447245,002431.npy,"(256, 256)","(128, 128)",2.0
46.03871872136705,0.0219020149170132,1.0083407041955559,0.17645051344592083,7.048729073935942,002432.npy,"(256, 256)","(128, 128)",2.0
42.69445477794225,0.023783498550684325,1.0154235033334469,0.1703202330514456,5.419452991670748,002433.npy,"(256, 256)","(128, 128)",2.0
47.37329114795567,0.02137415095677471,1.0125638763156435,0.16004071334036146,7.517285686833693,002434.npy,"(256, 256)","(128, 128)",2.0
35.84322282417499,0.028351378066736443,1.0162047614184617,0.18182427840375331,6.231979741906596,002435.npy,"(256, 256)","(128, 128)",2.0
17.6564452479644,0.059540069239945224,1.0512659725951021,0.296704095479881,7.1680260928855715,002436.npy,"(256, 256)","(128, 128)",2.0
20.894126398306472,0.04910127288206239,1.0259282019155496,0.24143283296326737,6.642474196921571,002437.npy,"(256, 256)","(128, 128)",2.0
20.187581817949077,0.05115526257717053,1.0327010486952986,0.2568311041049412,8.788409584259401,002438.npy,"(256, 256)","(128, 128)",2.0
20.134908243150328,0.051403547528931184,1.0350057128674461,0.25434546015377474,7.188610152972916,002439.npy,"(256, 256)","(128, 128)",2.0
49.64909427833371,0.020322702999386127,1.009003797207097,0.1509930203514548,3.469257007817967,002440.npy,"(256, 256)","(128, 128)",2.0
65.09066067756723,0.015525652133678363,1.010574954831206,0.1277026520802988,2.5606506604976365,002441.npy,"(256, 256)","(128, 128)",2.0
69.18927865943681,0.014611858695188823,1.0109839629937343,0.12388885374537652,2.4420758798714326,002442.npy,"(256, 256)","(128, 128)",2.0
64.26126497594402,0.01573630069617401,1.0112345887779703,0.12788941142557114,2.401042434917736,002443.npy,"(256, 256)","(128, 128)",2.0
90.92129281499663,0.011032071816159148,1.0030502319530776,0.10508084429211843,1.5697536312206926,002444.npy,"(256, 256)","(128, 128)",2.0
114.61582403426647,0.008732318774839778,1.0008619121081574,0.09346383935434123,1.5548690250321333,002445.npy,"(256, 256)","(128, 128)",2.0
81.78730631922146,0.012229852793250867,1.0002467166405948,0.11076779742425079,1.70766793173535,002446.npy,"(256, 256)","(128, 128)",2.0
64.14274265713846,0.015597601036794135,1.000472909371802,0.12489455203332944,1.8462591160114454,002447.npy,"(256, 256)","(128, 128)",2.0
59.835206951840675,0.0167296228005206,1.0010204424953826,0.13089325967526363,2.9561771768032155,002448.npy,"(256, 256)","(128, 128)",2.0
62.25644731477391,0.01617638760200175,1.0070844224873838,0.13184412757988495,3.3242870184543514,002449.npy,"(256, 256)","(128, 128)",2.0
56.96953921574307,0.017683585676382566,1.007425727665629,0.1369626679389663,3.6298764967663986,002450.npy,"(256, 256)","(128, 128)",2.0
57.60164906867943,0.017465839685440385,1.0060611682505514,0.13803814578852228,3.869670201663213,002451.npy,"(256, 256)","(128, 128)",2.0
73.46689700573306,0.013629231140325911,1.0012973204536535,0.11687363090246287,1.856640760544621,002452.npy,"(256, 256)","(128, 128)",2.0
55.69389088988377,0.01808117950693416,1.0070112386195935,0.13600233263854755,2.325032430055821,002453.npy,"(256, 256)","(128, 128)",2.0
57.39240784682297,0.017546830401004545,1.007054846793485,0.1338247568140156,2.341663764936277,002454.npy,"(256, 256)","(128, 128)",2.0
64.72550670096359,0.015603261866606408,1.0099290305039228,0.1277443630650098,2.715911043030786,002455.npy,"(256, 256)","(128, 128)",2.0
100.48189267634478,0.00997620338821398,1.0024277981719043,0.10019356170274732,1.8975396616857878,002456.npy,"(256, 256)","(128, 128)",2.0
12.028576214707455,0.08977345233112537,1.079846813422348,0.3716345743882331,11.145905692426624,002457.npy,"(256, 256)","(128, 128)",2.0
10.522261950908764,0.10330378731907477,1.0869895106922718,0.39783029239459206,9.449773617683368,002458.npy,"(256, 256)","(128, 128)",2.0
12.078083542064416,0.0899671768903764,1.0866310785256532,0.36499762968191574,7.360382060245077,002459.npy,"(256, 256)","(128, 128)",2.0
37.32333457936143,0.0262865754691962,0.9811026511824443,0.1610500720393466,1.9300392474955468,002460.npy,"(256, 256)","(128, 128)",2.0
58.06329624980784,0.017217502352448694,0.999704939771992,0.13193855599083004,2.0878733050669265,002461.npy,"(256, 256)","(128, 128)",2.0
70.31800377695451,0.014274891299325743,1.0037818603016027,0.12018855730851176,1.757467490092034,002462.npy,"(256, 256)","(128, 128)",2.0
58.874127953941546,0.017039185927120365,1.0031672125042845,0.13085284773804826,2.119855998657434,002463.npy,"(256, 256)","(128, 128)",2.0
60.33979132078068,0.016633699671439444,1.0036739670671941,0.12972043124189817,2.776320985904104,002464.npy,"(256, 256)","(128, 128)",2.0
33.220426668403114,0.031034223951958196,1.0309701610068267,0.1941481007011926,3.395403461351473,002465.npy,"(256, 256)","(128, 128)",2.0
29.020577383873015,0.035715462652967433,1.036483347721268,0.20748883720919234,3.344280848197901,002466.npy,"(256, 256)","(128, 128)",2.0
25.310184786301168,0.04079946059388129,1.0326418868125482,0.22046298898082559,3.803983712239839,002467.npy,"(256, 256)","(128, 128)",2.0
4.562439878164762,0.24673469588207156,1.125712215819218,0.6697761279276894,12.567528483078762,002468.npy,"(256, 256)","(128, 128)",2.0
58.58457299064671,0.017202304510410795,1.0077896641974924,0.18000729682968392,6.210274296777981,002469.npy,"(256, 256)","(128, 128)",2.0
86.2244609846893,0.011621395011850095,1.0020485207869314,0.11475391562094824,6.660260996498476,002470.npy,"(256, 256)","(128, 128)",2.0
90.53767331794161,0.011070127399675164,1.0022635780997844,0.10604789066041957,3.3418989230043925,002471.npy,"(256, 256)","(128, 128)",2.0
7.333333869571559,0.15406396916218534,1.129802523137682,0.48599062466228,9.824871087727772,002472.npy,"(256, 256)","(128, 128)",2.0
4.784352940818682,0.24946702581487648,1.1935382985946943,0.6941392556863213,9.522451506222007,002473.npy,"(256, 256)","(128, 128)",2.0
4.773064017310258,0.24927859746735245,1.189822703856988,0.6932671790628965,10.167719867765669,002474.npy,"(256, 256)","(128, 128)",2.0
4.632049070191755,0.2579298853894043,1.1947438857926562,0.7113506091593136,12.41592361660709,002475.npy,"(256, 256)","(128, 128)",2.0
77.07404555881409,0.013013090071868162,1.002971497060118,0.11589354192351486,3.2432135929165193,002476.npy,"(256, 256)","(128, 128)",2.0
94.96885967798237,0.010514318687726894,0.9985328560643231,0.10249991860383068,1.7259557910223657,002477.npy,"(256, 256)","(128, 128)",2.0
102.70508380895606,0.009737172153696506,1.0000570821076329,0.09871008424370814,1.647498320452108,002478.npy,"(256, 256)","(128, 128)",2.0
116.36741846058068,0.00859852853511377,1.000588568190828,0.09279031153414576,1.6639266674437707,002479.npy,"(256, 256)","(128, 128)",2.0
36.63944085719806,0.027840878749834742,1.0200742303669923,0.20135717205428083,5.826445892238985,002480.npy,"(256, 256)","(128, 128)",2.0
59.449760000983154,0.016876348975590365,1.003294896291685,0.1369307712735921,5.761045346748519,002481.npy,"(256, 256)","(128, 128)",2.0
55.94676857702894,0.01790702279872218,1.001840060423691,0.14569569123429074,8.025408305684923,002482.npy,"(256, 256)","(128, 128)",2.0
56.73971456373789,0.017702387491040684,1.0044284133383325,0.1453909553136557,8.278689887042841,002483.npy,"(256, 256)","(128, 128)",2.0
82.79251298857366,0.012141680436482826,1.0052402352406151,0.11060527605104135,1.8369492736757311,002484.npy,"(256, 256)","(128, 128)",2.0
74.77840480503293,0.013423310258972459,1.003773728368994,0.11650903599761035,2.0881348959711783,002485.npy,"(256, 256)","(128, 128)",2.0
80.30863249628533,0.012465738054315402,1.0011063761989745,0.11191331904560416,1.965101331170387,002486.npy,"(256, 256)","(128, 128)",2.0
55.96798439863189,0.017925720656467015,1.0032664540353793,0.13416062558867325,1.8597476817229572,002487.npy,"(256, 256)","(128, 128)",2.0
49.081447573064835,0.02051745814140053,1.0070265460997023,0.14477451659559243,2.3588079374226685,002488.npy,"(256, 256)","(128, 128)",2.0
69.34959117062779,0.014485105729906758,1.0045361604323517,0.12124962917913017,2.282038579642293,002489.npy,"(256, 256)","(128, 128)",2.0
87.4208817340306,0.011459597842085723,1.0018081476725282,0.10760889872347208,2.243984721723832,002490.npy,"(256, 256)","(128, 128)",2.0
71.63564726374773,0.013990710898678873,1.0022336309068307,0.1192848441248084,3.1256458231595268,002491.npy,"(256, 256)","(128, 128)",2.0
25.74298776113592,0.039828053270469066,1.0252930878915547,0.22115601169888435,4.6340756058418355,002492.npy,"(256, 256)","(128, 128)",2.0
26.921841864009533,0.03828444619519416,1.0306878063181986,0.23187489327437466,5.5242909289128574,002493.npy,"(256, 256)","(128, 128)",2.0
22.47579872531531,0.04596294334938442,1.0330538635438342,0.24897948468699235,6.310183919350335,002494.npy,"(256, 256)","(128, 128)",2.0
22.926406304657732,0.04505355624190499,1.0329161358716623,0.24757911484504597,6.5853427346755575,002495.npy,"(256, 256)","(128, 128)",2.0
12.342910069043679,0.08651139086763932,1.0678023174271587,0.37584870792146413,11.159177210488426,002496.npy,"(256, 256)","(128, 128)",2.0
55.35545259591352,0.018119453765132597,1.0030105639596443,0.1352811705635086,2.078414998514039,002497.npy,"(256, 256)","(128, 128)",2.0
53.32341147835787,0.018759903672335855,1.0003420628143216,0.13764069235836496,2.3404551766763926,002498.npy,"(256, 256)","(128, 128)",2.0
66.543101456422,0.015064348321658573,1.0024284587430068,0.12374522406858991,2.1079201781381487,002499.npy,"(256, 256)","(128, 128)",2.0
28.632874413885975,0.03562634587997409,1.0200846874069622,0.20243225101841456,4.746666410903782,002500.npy,"(256, 256)","(128, 128)",2.0
40.11141034057877,0.02537474864500633,1.017816955188894,0.1684178823936058,4.611789490228457,002501.npy,"(256, 256)","(128, 128)",2.0
42.45598427351234,0.023945036316007026,1.0166100852610762,0.1612134000481246,3.9590407006279618,002502.npy,"(256, 256)","(128, 128)",2.0
42.04432582264263,0.024136095470231864,1.0147858620368373,0.1614968363146332,3.7096330166848563,002503.npy,"(256, 256)","(128, 128)",2.0
59.75794997785939,0.01688380303126902,1.0089414569786048,0.13511732934269652,4.659404262012578,002504.npy,"(256, 256)","(128, 128)",2.0
52.53992124063913,0.01902349152674407,0.9994927465370993,0.13672690161096174,2.053864226559509,002505.npy,"(256, 256)","(128, 128)",2.0
49.87243993079258,0.01997809004665545,0.9963560957837891,0.14068870300919598,2.107383519253538,002506.npy,"(256, 256)","(128, 128)",2.0
77.75523135674817,0.01282192266683731,0.9969715633982685,0.11280294484544173,1.620931443985489,002507.npy,"(256, 256)","(128, 128)",2.0
20.2610365246119,0.05118333999357829,1.0370275210615187,0.2500756973345235,4.129262364912687,002508.npy,"(256, 256)","(128, 128)",2.0
34.301213165261196,0.02963496408259319,1.016515220141888,0.1928888201164351,6.782879560473366,002509.npy,"(256, 256)","(128, 128)",2.0
31.12686205289115,0.03270334081429615,1.017952378195281,0.20456929949653488,9.99975892932565,002510.npy,"(256, 256)","(128, 128)",2.0
30.28853327087544,0.03358169854518762,1.0171403936784245,0.2046681901919318,7.5188922302778805,002511.npy,"(256, 256)","(128, 128)",2.0
21.394408790534147,0.04797062183713536,1.026303093519798,0.2654864221666908,7.268657469790923,002512.npy,"(256, 256)","(128, 128)",2.0
32.82894863906389,0.030686458692551034,1.0074041763325134,0.1981203718054498,6.9142051353404685,002513.npy,"(256, 256)","(128, 128)",2.0
33.59303014036043,0.030021889716438214,1.0085262461148858,0.19076262360103274,5.085871726847158,002514.npy,"(256, 256)","(128, 128)",2.0
33.310168531965914,0.03027498328852431,1.0084647956431965,0.19624268829324254,5.4223851989095735,002515.npy,"(256, 256)","(128, 128)",2.0
80.35509027320136,0.012482428854457276,1.0030266974287279,0.11536631666203988,3.608187380239502,002516.npy,"(256, 256)","(128, 128)",2.0
33.17361512094878,0.03065356016545092,1.016889407015516,0.18788575361505316,5.772618372452377,002517.npy,"(256, 256)","(128, 128)",2.0
35.09802744287481,0.028808317874493415,1.0111151313420308,0.1747887743645285,2.975422844259143,002518.npy,"(256, 256)","(128, 128)",2.0
27.948747939125333,0.036496574835684685,1.0200335707239758,0.20286615636555316,4.633082264981292,002519.npy,"(256, 256)","(128, 128)",2.0
22.288463926502786,0.04590129657930647,1.023069392987578,0.2482446167095159,5.6671092542428605,002520.npy,"(256, 256)","(128, 128)",2.0
59.04873750382702,0.016994120171251462,1.0034813411007195,0.13243274240818095,2.4989733687258733,002521.npy,"(256, 256)","(128, 128)",2.0
46.70587158098374,0.021524184457856057,1.0053057951740312,0.14835161509483966,2.410623425165185,002522.npy,"(256, 256)","(128, 128)",2.0
60.506523933312586,0.016639085684152868,1.0067732361766344,0.13100665161490183,2.4144119523914434,002523.npy,"(256, 256)","(128, 128)",2.0
34.60900869016488,0.029568113958570175,1.0233231129439406,0.1976537833719629,5.782158167368066,002524.npy,"(256, 256)","(128, 128)",2.0
35.71415296037328,0.028600300818324556,1.0214355181383323,0.20072983843353973,5.652893608166267,002525.npy,"(256, 256)","(128, 128)",2.0
29.566989693487226,0.03448013136766787,1.0194736887779217,0.21505895466694064,5.9071485906458365,002526.npy,"(256, 256)","(128, 128)",2.0
32.264663409194625,0.031698541974775084,1.0227427873783457,0.2077184681676481,5.876703374413404,002527.npy,"(256, 256)","(128, 128)",2.0
53.08419907270975,0.019053096242167587,1.0114183538707222,0.15613112046487906,8.38970374323103,002528.npy,"(256, 256)","(128, 128)",2.0
89.7247020474823,0.011157789054433502,1.0011292984177051,0.10567569546921507,1.548939214876041,002529.npy,"(256, 256)","(128, 128)",2.0
75.96782970378382,0.01318728368466621,1.0018093212122094,0.11447022984851729,1.677664227180203,002530.npy,"(256, 256)","(128, 128)",2.0
80.20997630706324,0.012479753929315152,1.0010007669883478,0.11150543851080572,1.931543981055446,002531.npy,"(256, 256)","(128, 128)",2.0
40.855864063976775,0.024821254615470762,1.0140938044670296,0.16904483280306096,6.188411160861979,002532.npy,"(256, 256)","(128, 128)",2.0
14.310037791431858,0.07392287325223257,1.0578391098906754,0.31817016359033823,10.663325817260533,002533.npy,"(256, 256)","(128, 128)",2.0
13.58625625506328,0.07799405600498206,1.0596472312554432,0.3245030976354047,9.964265541143662,002534.npy,"(256, 256)","(128, 128)",2.0
13.921324975765582,0.07610458010222518,1.0594765917472597,0.3166619249430976,10.240799524409697,002535.npy,"(256, 256)","(128, 128)",2.0
31.069717661170564,0.03287823945422999,1.0215176170392843,0.21340652961972062,8.15551849718877,002536.npy,"(256, 256)","(128, 128)",2.0
1.8770621653149984,0.7763783111639466,1.4573103538569991,1.4736208499321906,20.408378120261382,002537.npy,"(256, 256)","(128, 128)",2.0
19.93069972534049,0.05184223581357506,1.0332520350906573,0.23699521570784038,3.9597719364970647,002538.npy,"(256, 256)","(128, 128)",2.0
1.9028379572766876,0.7689619751501157,1.4632100340180931,1.4797367289669507,20.598274583067752,002539.npy,"(256, 256)","(128, 128)",2.0
11.383993292187736,0.0963797561806884,1.0971864978636463,0.3694563401008229,6.032501707434021,002540.npy,"(256, 256)","(128, 128)",2.0
6.624110500137803,0.17920037644166295,1.1870430952158666,0.5376612338480591,6.092610577343338,002541.npy,"(256, 256)","(128, 128)",2.0
6.458848286981459,0.1839914932390938,1.1883731409264817,0.5514833252748066,6.273634365215235,002542.npy,"(256, 256)","(128, 128)",2.0
6.6741207931651045,0.17803244885567399,1.1882100687657569,0.5458553799339986,6.064045044269566,002543.npy,"(256, 256)","(128, 128)",2.0
27.5201990240036,0.03730382825835191,1.0266087780270943,0.219251263212935,5.003223989298527,002544.npy,"(256, 256)","(128, 128)",2.0
77.98185292844578,0.012848860937662437,1.001977983938844,0.11418843598323337,2.3910820802686428,002545.npy,"(256, 256)","(128, 128)",2.0
94.16011216724301,0.010626117362289737,1.00055640273549,0.10369188823961219,2.5334241392469505,002546.npy,"(256, 256)","(128, 128)",2.0
61.85529077969818,0.016181710896865077,1.0009244328386,0.1279587797614684,3.2127614406972165,002547.npy,"(256, 256)","(128, 128)",2.0
41.569834542006454,0.0243738011394747,1.0132148805277317,0.16216755065641406,3.2323964908830556,002548.npy,"(256, 256)","(128, 128)",2.0
30.347981701503294,0.03322475501531381,1.0083042572416732,0.2106447578130056,5.837714428779016,002549.npy,"(256, 256)","(128, 128)",2.0
34.658796000852426,0.029192441958450804,1.0117748906046713,0.19864277269538955,5.881523757833549,002550.npy,"(256, 256)","(128, 128)",2.0
33.36886426926442,0.030215340428128713,1.008251593595845,0.19606810181158915,7.938272936414527,002551.npy,"(256, 256)","(128, 128)",2.0
42.70900263328252,0.023590516680236828,1.00752743901673,0.15666861157334505,3.147103104594225,002552.npy,"(256, 256)","(128, 128)",2.0
31.996332912727024,0.03138107915159436,1.0040794556950505,0.17976581935109864,2.5244994586217193,002553.npy,"(256, 256)","(128, 128)",2.0
37.76990395938453,0.026661565379600172,1.00700476379435,0.16620385371487537,2.75299409370362,002554.npy,"(256, 256)","(128, 128)",2.0
34.74091068006515,0.0289030656315405,1.0041188214854093,0.17234188085216404,2.6933603119917917,002555.npy,"(256, 256)","(128, 128)",2.0
80.20271496102264,0.01254919255591836,1.0064793135533074,0.11301062254420355,2.075575878347426,002556.npy,"(256, 256)","(128, 128)",2.0
31.855227480569855,0.032092816500417856,1.0223239701129965,0.1920903188862689,4.724383448817301,002557.npy,"(256, 256)","(128, 128)",2.0
41.046511891262234,0.02495141769272318,1.024168663028213,0.17058103011816078,3.762539971932416,002558.npy,"(256, 256)","(128, 128)",2.0
34.12151166089923,0.030137976952095785,1.0283533320068485,0.18963824384222944,3.7840072007490826,002559.npy,"(256, 256)","(128, 128)",2.0
35.981538671789984,0.02846756333782815,1.0243067311316942,0.1781033102338034,3.227555709550381,002560.npy,"(256, 256)","(128, 128)",2.0
49.12740869870459,0.020642626825103868,1.0141187646517205,0.15067420457249964,3.406457750871224,002561.npy,"(256, 256)","(128, 128)",2.0
49.249673348576444,0.02056143422043639,1.0126439189347338,0.1510334070353041,3.6146335205703735,002562.npy,"(256, 256)","(128, 128)",2.0
50.18186207696914,0.02015013402831522,1.011171246641357,0.1494086995016763,3.4388453456965977,002563.npy,"(256, 256)","(128, 128)",2.0
38.22010946423871,0.026449520562961012,1.0109035711930026,0.16655415391023004,3.981528494240303,002564.npy,"(256, 256)","(128, 128)",2.0
52.83602110730418,0.019098603478107438,1.0090942164893175,0.14070527818266806,3.778296853320954,002565.npy,"(256, 256)","(128, 128)",2.0
60.69457798991328,0.016597484904254597,1.007377341957689,0.13158564696613467,3.4925411576846908,002566.npy,"(256, 256)","(128, 128)",2.0
53.65905200830718,0.018819395515510633,1.009830922731688,0.13973144297251497,3.629235998799599,002567.npy,"(256, 256)","(128, 128)",2.0
53.99888955150175,0.018695521638041848,1.0095374080403328,0.1409230744267371,2.9874929604240537,002568.npy,"(256, 256)","(128, 128)",2.0
83.41216980477523,0.012028715171740098,1.0033412324384612,0.11022082277721673,1.7617449761503015,002569.npy,"(256, 256)","(128, 128)",2.0
41.21238340334985,0.02450834186675371,1.0100471815930248,0.16022139998779011,3.406350262231577,002570.npy,"(256, 256)","(128, 128)",2.0
50.102374778819936,0.020133898560066848,1.0087561314152123,0.14568740311306444,2.792838733317583,002571.npy,"(256, 256)","(128, 128)",2.0
106.210398838866,0.00942841408580939,1.0013956204717975,0.09717137305354664,1.5482561990739088,002572.npy,"(256, 256)","(128, 128)",2.0
66.32592519528741,0.01510644511354812,1.0019489485679076,0.12300209314141981,1.851533539899102,002573.npy,"(256, 256)","(128, 128)",2.0
105.84884823311238,0.00944293031586259,0.9995232978795953,0.09726801675446238,1.8116702010090335,002574.npy,"(256, 256)","(128, 128)",2.0
76.87697748694256,0.013022599998681784,1.0011381269201178,0.11418622006713938,1.718009520485042,002575.npy,"(256, 256)","(128, 128)",2.0
41.772831481761344,0.02428143221660447,1.0143041761200293,0.17203028990180144,7.019788239532607,002576.npy,"(256, 256)","(128, 128)",2.0
65.3383212058594,0.015404900803972846,1.0065303568743795,0.13287771204889845,4.377982976477893,002577.npy,"(256, 256)","(128, 128)",2.0
62.00989518254,0.01625923266161692,1.008233313095396,0.13895224381528798,4.466287628171692,002578.npy,"(256, 256)","(128, 128)",2.0
39.80916191804817,0.02542792508213904,1.0122643868348713,0.17496231666898285,4.804997264889442,002579.npy,"(256, 256)","(128, 128)",2.0
30.676879278207387,0.03353960514275193,1.0288904180029446,0.20872339811815854,6.1217412655291215,002580.npy,"(256, 256)","(128, 128)",2.0
32.779122312470946,0.031100199148694097,1.0194372318372487,0.18669170985108727,6.745194590262673,002581.npy,"(256, 256)","(128, 128)",2.0
34.607529232147954,0.02943737945182794,1.018754969896967,0.17983668471908812,3.415707507420062,002582.npy,"(256, 256)","(128, 128)",2.0
31.081346920496213,0.03279382567017315,1.019276272504926,0.18967050996040766,3.076960353742278,002583.npy,"(256, 256)","(128, 128)",2.0
28.249702179413994,0.03646581679223306,1.0301484641096577,0.22715558368438912,5.637299986758321,002584.npy,"(256, 256)","(128, 128)",2.0
29.80833445099927,0.03416938465992872,1.0185324459279992,0.19867548460824933,3.8456239673575805,002585.npy,"(256, 256)","(128, 128)",2.0
28.026251033108647,0.036304738106806414,1.0174857038726222,0.2039425868074089,4.379897550224169,002586.npy,"(256, 256)","(128, 128)",2.0
24.861198223088135,0.040926974596150516,1.0174936281061904,0.22005223160388904,4.867432640580219,002587.npy,"(256, 256)","(128, 128)",2.0
29.91900575974048,0.034515418772151946,1.0326670130438687,0.20311908715730526,4.206041964937418,002588.npy,"(256, 256)","(128, 128)",2.0
27.613451770714452,0.037289321260524415,1.029686874190168,0.2095077749645089,3.495808415823877,002589.npy,"(256, 256)","(128, 128)",2.0
28.662817448862572,0.03589269343145169,1.0287857195736885,0.20657539790886859,3.8490128850201404,002590.npy,"(256, 256)","(128, 128)",2.0
29.505176087718233,0.03493417845521135,1.0307390868007835,0.2041984075845694,3.88442680452905,002591.npy,"(256, 256)","(128, 128)",2.0
69.85710706202158,0.014355797239298439,1.0028544647063449,0.12022631915341249,1.753002801692412,002592.npy,"(256, 256)","(128, 128)",2.0
73.82519117165758,0.013526002709646866,0.9985597358280383,0.1165656746640888,2.7433311040117845,002593.npy,"(256, 256)","(128, 128)",2.0
56.037813056718,0.017899953560691476,1.0030742513579627,0.13430359238047618,1.9143355539980316,002594.npy,"(256, 256)","(128, 128)",2.0
70.84055718151272,0.014142558865174796,1.0018667499813247,0.11960363314074533,2.2409707381115465,002595.npy,"(256, 256)","(128, 128)",2.0
67.78734546566392,0.014651251654424434,0.9931694574028491,0.12183336582012066,2.532978991924619,002596.npy,"(256, 256)","(128, 128)",2.0
26.60866630836137,0.039015749626415235,1.0381570625798577,0.22872334255700913,6.9462586496811465,002597.npy,"(256, 256)","(128, 128)",2.0
24.12776717742617,0.04301529029563439,1.0378629093224658,0.24072945904285345,6.664627635805382,002598.npy,"(256, 256)","(128, 128)",2.0
24.80865847585183,0.041886949502738975,1.0391590248087028,0.23655194435854243,6.4258032650359995,002599.npy,"(256, 256)","(128, 128)",2.0
90.62876061614458,0.011051698496169382,1.00160173741114,0.10558170830903768,1.6663008319058985,002600.npy,"(256, 256)","(128, 128)",2.0
28.069770964599357,0.03580576379839608,1.0050595890335212,0.19406423003870155,4.341065046641191,002601.npy,"(256, 256)","(128, 128)",2.0
29.133897332027807,0.03442617204122831,1.0029685617838717,0.1896474892920307,2.961330532421797,002602.npy,"(256, 256)","(128, 128)",2.0
23.531875407068625,0.04261646777413515,1.0028454099503035,0.21092169083882806,3.3558709417768653,002603.npy,"(256, 256)","(128, 128)",2.0
84.16142617156854,0.011918730904808078,1.0030973911037973,0.11133909296401456,3.8763644551104437,002604.npy,"(256, 256)","(128, 128)",2.0
31.699480710864837,0.03214191656240468,1.0188820640801741,0.19081542186564568,6.513078150028554,002605.npy,"(256, 256)","(128, 128)",2.0
61.79556066396636,0.016271206743706676,1.0054883434066644,0.12872965239827736,2.276290418604747,002606.npy,"(256, 256)","(128, 128)",2.0
31.094977555069057,0.032766076519945266,1.0188604139553732,0.19221326664749203,4.992333783171799,002607.npy,"(256, 256)","(128, 128)",2.0
80.90371736114308,0.01237129051275077,1.0008833910361792,0.11120953455955412,1.6764144728540873,002608.npy,"(256, 256)","(128, 128)",2.0
46.41225550380985,0.021966470129948134,1.01951342418796,0.1554378440694226,3.1956482049028083,002609.npy,"(256, 256)","(128, 128)",2.0
34.409413865356264,0.029740515395460795,1.0233537028114101,0.18050597622806483,3.3821910722980837,002610.npy,"(256, 256)","(128, 128)",2.0
44.37803375384121,0.0231269829984823,1.0263300321311593,0.1597144775992956,2.8203950895026253,002611.npy,"(256, 256)","(128, 128)",2.0
49.194997790391994,0.020540449997365044,1.0104873922340305,0.15032879593250661,3.817343695257712,002612.npy,"(256, 256)","(128, 128)",2.0
53.49536251417833,0.01870270319039198,1.0005078871650988,0.1387881009420983,3.7144823411604766,002613.npy,"(256, 256)","(128, 128)",2.0
57.7944104033593,0.01733918599165237,1.0021080312617356,0.1358942371323078,3.9525783602521707,002614.npy,"(256, 256)","(128, 128)",2.0
60.1626415282998,0.016706062329936273,1.005080839305389,0.1340522353511203,4.539559056280947,002615.npy,"(256, 256)","(128, 128)",2.0
48.648102219280254,0.020922265801128326,1.0178285253522423,0.15249342095787344,3.2245244534659574,002616.npy,"(256, 256)","(128, 128)",2.0
34.39084039096588,0.029515754823189844,1.0150716131432032,0.1844581955622654,3.4510026104806046,002617.npy,"(256, 256)","(128, 128)",2.0
38.280517559988084,0.026300491908388294,1.0067964423353826,0.1701900359702928,3.7599881023845696,002618.npy,"(256, 256)","(128, 128)",2.0
35.93610944743739,0.02817090450179434,1.012352707409788,0.17834479756128943,3.2720403606976243,002619.npy,"(256, 256)","(128, 128)",2.0
31.88102937171843,0.03187705736929477,1.01627340227444,0.19074839784812747,4.820337122617836,002620.npy,"(256, 256)","(128, 128)",2.0
71.97655267211992,0.0139165885797715,1.001668070928146,0.11941566626034804,3.064622383893591,002621.npy,"(256, 256)","(128, 128)",2.0
68.0287302330438,0.01472622072216091,1.001806096860144,0.12251736393284801,2.503746397228551,002622.npy,"(256, 256)","(128, 128)",2.0
64.09779636231633,0.015648479491077418,1.0030330517989638,0.12661087014694855,2.617555721600149,002623.npy,"(256, 256)","(128, 128)",2.0
45.08914364623709,0.022308994300872825,1.0058934486351394,0.15138942877800543,3.309446214833864,002624.npy,"(256, 256)","(128, 128)",2.0
41.45784372771044,0.024380235222563367,1.0107519819018538,0.16145121438926213,4.016868090290463,002625.npy,"(256, 256)","(128, 128)",2.0
53.17784626392509,0.018956014644630315,1.0080400325488634,0.14558618213964833,6.123575559575002,002626.npy,"(256, 256)","(128, 128)",2.0
44.96461940239515,0.0224352005953714,1.0087902559872641,0.15537566102804556,4.378247707457659,002627.npy,"(256, 256)","(128, 128)",2.0
65.88197476465223,0.015166886000578765,0.9992244007484874,0.12260392329445503,1.8091131144785906,002628.npy,"(256, 256)","(128, 128)",2.0
22.13661374806312,0.04597116318575133,1.0176458829921562,0.23399657366121981,5.106187753026328,002629.npy,"(256, 256)","(128, 128)",2.0
23.04236455520809,0.04419930594557762,1.018456520685176,0.22625822074794416,3.7961542187988995,002630.npy,"(256, 256)","(128, 128)",2.0
23.357733433490175,0.04341802340946076,1.0141466170072206,0.2240677941891262,3.8666397806969712,002631.npy,"(256, 256)","(128, 128)",2.0
18.65496693788448,0.05567665765082912,1.0386462076881302,0.27392470325968893,6.152343087393832,002632.npy,"(256, 256)","(128, 128)",2.0
14.240055364096172,0.07395911354835707,1.05318187160808,0.3056789978164212,4.674792483799541,002633.npy,"(256, 256)","(128, 128)",2.0
13.290746217023166,0.07922759646301761,1.0529938779746892,0.31312054476945705,5.431882046092925,002634.npy,"(256, 256)","(128, 128)",2.0
12.276036488115887,0.08613261030377004,1.0573670669057473,0.3333644854351416,6.278752599724254,002635.npy,"(256, 256)","(128, 128)",2.0
10.907495170650483,0.09864430088077278,1.0759622354692222,0.3729974536964674,7.872425789612304,002636.npy,"(256, 256)","(128, 128)",2.0
1.907809603026762,0.7646792761063912,1.4588624661913259,1.4658033420147363,18.149323781733056,002637.npy,"(256, 256)","(128, 128)",2.0
1.8616856366886083,0.788053127811775,1.4671071889947134,1.4990039875732135,19.589436614559393,002638.npy,"(256, 256)","(128, 128)",2.0
1.8688767450278598,0.7807188484164013,1.4590673002103431,1.488731915127568,19.963697150245284,002639.npy,"(256, 256)","(128, 128)",2.0
32.08902246418063,0.0318936828717206,1.0234371061360952,0.2150797091056669,5.924186367831484,002640.npy,"(256, 256)","(128, 128)",2.0
15.179444888643852,0.06962965291524233,1.0569394790423206,0.3512648696429353,8.083159715980665,002641.npy,"(256, 256)","(128, 128)",2.0
15.804135555275593,0.06674409756483408,1.0548327654291776,0.3451316791974327,8.151833017479536,002642.npy,"(256, 256)","(128, 128)",2.0
15.096695618571886,0.07021520569274989,1.060017588138861,0.35633881450556915,9.481956552542718,002643.npy,"(256, 256)","(128, 128)",2.0
93.36093503742087,0.010753447921142686,1.0039519527940908,0.10748305228775584,4.251365992150451,002644.npy,"(256, 256)","(128, 128)",2.0
114.52242946531425,0.008741192394816489,1.0010625894781127,0.09340763348341707,1.6541288937824443,002645.npy,"(256, 256)","(128, 128)",2.0
112.10148084236661,0.008907829661317427,0.9985808961252407,0.09412118533366032,1.6192501548296927,002646.npy,"(256, 256)","(128, 128)",2.0
67.49727311249843,0.014822816922544432,1.0004997221175451,0.12180187343849996,1.7322373923243952,002647.npy,"(256, 256)","(128, 128)",2.0
64.61697004726938,0.015663314532847434,1.0121159260099617,0.13040652930811103,2.973242709461045,002648.npy,"(256, 256)","(128, 128)",2.0
30.226043670597463,0.033734647984704845,1.0196649431979212,0.1981803833692404,4.527950086082099,002649.npy,"(256, 256)","(128, 128)",2.0
28.54939270343343,0.035663937172607775,1.0181837476913567,0.20290234875842347,5.038918421444413,002650.npy,"(256, 256)","(128, 128)",2.0
33.88335850824885,0.029901332403739354,1.0131575657102188,0.18320907467862863,5.014629610916517,002651.npy,"(256, 256)","(128, 128)",2.0
56.81640085948108,0.01767155387517467,1.0040340887818402,0.14690820476067998,5.942787551093279,002652.npy,"(256, 256)","(128, 128)",2.0
12.983141091409406,0.08142413074926012,1.0571409777630112,0.3411092249559412,7.74347842628329,002653.npy,"(256, 256)","(128, 128)",2.0
16.13406165963945,0.06503413270669585,1.0492647070710055,0.3046403223373965,6.662116821902558,002654.npy,"(256, 256)","(128, 128)",2.0
12.340889591332198,0.0856687633490492,1.0572287499165827,0.3469531599353626,7.528560522426252,002655.npy,"(256, 256)","(128, 128)",2.0
50.886430833955366,0.019848309978475313,1.0100096528905902,0.1557187220822704,5.502800475073794,002656.npy,"(256, 256)","(128, 128)",2.0
45.59115232527507,0.022186868681695997,1.011524909688077,0.15535923277308905,4.071491040946373,002657.npy,"(256, 256)","(128, 128)",2.0
43.90165231584304,0.022991124100229965,1.0093483365986955,0.15722317127623836,3.362670458921453,002658.npy,"(256, 256)","(128, 128)",2.0
52.398873561272424,0.01932168432601516,1.0124344939896877,0.1467205418487445,3.685411395101087,002659.npy,"(256, 256)","(128, 128)",2.0
47.679866209185256,0.021191305169034818,1.010398595257596,0.15206392797408416,3.3613120542230446,002660.npy,"(256, 256)","(128, 128)",2.0
82.74378461116892,0.012123048708062873,1.003106931130664,0.11057994636775201,1.810013002815676,002661.npy,"(256, 256)","(128, 128)",2.0
78.43854180338109,0.012794364675532329,1.0035713084494449,0.11353908857739092,2.048231123139692,002662.npy,"(256, 256)","(128, 128)",2.0
85.1490565473178,0.011775748868151763,1.002693906261268,0.10919674146305343,1.9445963143680214,002663.npy,"(256, 256)","(128, 128)",2.0
52.2232449559935,0.019370485504359568,1.011589609410691,0.15102964558164472,5.384452363591391,002664.npy,"(256, 256)","(128, 128)",2.0
61.87540185457591,0.016324481325425074,1.0100838420781966,0.13156703342986556,3.4930531725683234,002665.npy,"(256, 256)","(128, 128)",2.0
59.973195039577895,0.0168078720102829,1.0080217862729586,0.13324342340179687,3.7752981560021706,002666.npy,"(256, 256)","(128, 128)",2.0
48.137931993272126,0.020968317058102637,1.0093714205563127,0.1487512363540453,3.5113139221317673,002667.npy,"(256, 256)","(128, 128)",2.0
38.01756119869744,0.026655936610883363,1.013393701412858,0.18510647890668955,6.6637929793838735,002668.npy,"(256, 256)","(128, 128)",2.0
26.12589026793985,0.03933535403225534,1.0276711430972685,0.25086585193860783,6.632399093067548,002669.npy,"(256, 256)","(128, 128)",2.0
25.69646500612966,0.03980339119824757,1.022806449051058,0.24978688435174173,8.722174366509872,002670.npy,"(256, 256)","(128, 128)",2.0
27.181385246483483,0.037775393235394764,1.0267875163686713,0.2519438045806895,7.6112238559201355,002671.npy,"(256, 256)","(128, 128)",2.0
20.08874315620057,0.05206367540922159,1.0458938030636482,0.2669103648163697,5.752813987785717,002672.npy,"(256, 256)","(128, 128)",2.0
53.124468414517054,0.01900354890269116,1.0095534334447467,0.1519634930453155,5.391412239337337,002673.npy,"(256, 256)","(128, 128)",2.0
41.54860566501395,0.024380007281525073,1.012955308650254,0.1743564600478117,5.247933387001383,002674.npy,"(256, 256)","(128, 128)",2.0
33.16372792950302,0.030904658935792553,1.0249137007007085,0.1986698707108518,4.896322051631202,002675.npy,"(256, 256)","(128, 128)",2.0
117.55527114104406,0.00850698966263086,1.0000414763846297,0.0922331655556185,1.6054787621926045,002676.npy,"(256, 256)","(128, 128)",2.0
85.70041619582197,0.011708594824382522,1.0034314495178291,0.10887770303588108,2.3026485873554017,002677.npy,"(256, 256)","(128, 128)",2.0
94.5552745456944,0.010591560520087853,1.0014879128442447,0.10382667384913448,3.9962446445674553,002678.npy,"(256, 256)","(128, 128)",2.0
78.47216918944244,0.012759980025652415,1.0013033114269023,0.11356583571982777,2.890476617486656,002679.npy,"(256, 256)","(128, 128)",2.0
19.780820033565536,0.05180823941887847,1.024809460200711,0.2618584395423606,5.955122256134958,002680.npy,"(256, 256)","(128, 128)",2.0
8.779598278491536,0.1277428134951271,1.121530585451483,0.471845810073181,10.73902271099344,002681.npy,"(256, 256)","(128, 128)",2.0
9.026237087028733,0.12282261060849274,1.1086260030000659,0.4579319827735792,9.119464136496259,002682.npy,"(256, 256)","(128, 128)",2.0
8.877222979829927,0.12653212299649289,1.1232538699511334,0.4716928639254209,11.637853652295028,002683.npy,"(256, 256)","(128, 128)",2.0
36.700666358389846,0.027690127290249143,1.0162461231007793,0.18292872518134945,7.375616265638519,002684.npy,"(256, 256)","(128, 128)",2.0
77.92572085856693,0.012855894289335179,1.0018048297779778,0.11416696356679235,3.122773544599889,002685.npy,"(256, 256)","(128, 128)",2.0
93.79550552002657,0.010663622676732749,1.000199879638967,0.10677445244175848,6.775394868178599,002686.npy,"(256, 256)","(128, 128)",2.0
87.93115843359922,0.011377005879237522,1.0003933064672244,0.10743112569754744,3.625062465353918,002687.npy,"(256, 256)","(128, 128)",2.0
46.953117101365414,0.021582804023921764,1.0133799247110193,0.16986598126764238,9.287853988546548,002688.npy,"(256, 256)","(128, 128)",2.0
37.87728768703865,0.026718309881268876,1.0120171098842687,0.18348197261342997,6.736402821789239,002689.npy,"(256, 256)","(128, 128)",2.0
38.77367239020503,0.026166383218724193,1.0145667705593704,0.18662743880142782,7.2465270623596565,002690.npy,"(256, 256)","(128, 128)",2.0
33.493868033739844,0.030351330723143437,1.01658346588936,0.2064317496092398,7.672385869714775,002691.npy,"(256, 256)","(128, 128)",2.0
90.07152723293582,0.011119726882967614,1.001570782762026,0.10578982665798893,2.232098990926309,002692.npy,"(256, 256)","(128, 128)",2.0
77.23343641362764,0.012944491664358421,0.9997475738659592,0.11449306661372737,4.6351231927683285,002693.npy,"(256, 256)","(128, 128)",2.0
25.831558736648052,0.03975208494462899,1.0268583171514065,0.21801874826488168,6.035074722388914,002694.npy,"(256, 256)","(128, 128)",2.0
27.869665881978875,0.03670204159154618,1.022873636342884,0.20426006752088263,4.4404750565063855,002695.npy,"(256, 256)","(128, 128)",2.0
58.96313505151647,0.016964141523498528,1.000258967683082,0.1305146380371253,1.9076331199496581,002696.npy,"(256, 256)","(128, 128)",2.0
39.52432699516914,0.025669605243243663,1.0145738714708707,0.16816982549187018,3.5348392418333368,002697.npy,"(256, 256)","(128, 128)",2.0
39.93240620944321,0.025434571399775042,1.0156636368989036,0.16579948688365853,3.496935437621159,002698.npy,"(256, 256)","(128, 128)",2.0
23.628938573118837,0.043183474489642396,1.0203796660896045,0.2204640282970023,4.682870757390638,002699.npy,"(256, 256)","(128, 128)",2.0
36.48712671990437,0.0280363986552107,1.0229676305024291,0.17683809804731043,3.777726455439195,002700.npy,"(256, 256)","(128, 128)",2.0
65.09432990086701,0.015405591947074854,1.0028166845210307,0.12437756102705133,1.7859628509190104,002701.npy,"(256, 256)","(128, 128)",2.0
80.64127866736648,0.01241161525188641,1.000888524239508,0.11153986361961674,1.7473437221463874,002702.npy,"(256, 256)","(128, 128)",2.0
82.55109365821751,0.012134364877519397,1.0017050914870889,0.11035796143614196,1.6560462510434617,002703.npy,"(256, 256)","(128, 128)",2.0
11.03438692983869,0.09847629367851471,1.086625527865159,0.40096552169929217,12.334985120919768,002704.npy,"(256, 256)","(128, 128)",2.0
18.15246604621879,0.0578670299081774,1.0504292956037176,0.29069050343265973,7.018588873328328,002705.npy,"(256, 256)","(128, 128)",2.0
14.612239547663219,0.07270227501979125,1.0623430582492814,0.3307985956055796,6.716161229005034,002706.npy,"(256, 256)","(128, 128)",2.0
19.164551519873473,0.054851477475222045,1.0512039660150723,0.2851209779465562,7.0104257745127825,002707.npy,"(256, 256)","(128, 128)",2.0
56.10954753547646,0.017900450210714597,1.0043861620045202,0.13528520797902785,3.137081974303174,002708.npy,"(256, 256)","(128, 128)",2.0
98.6002424307321,0.010157714079365988,1.001553070767547,0.10171185374042482,3.464528457169971,002709.npy,"(256, 256)","(128, 128)",2.0
84.22783526575444,0.011905336484367904,1.0027607201887159,0.11117096823338134,4.935130388140447,002710.npy,"(256, 256)","(128, 128)",2.0
65.20316473278112,0.015343715436071636,1.0004588051910954,0.1245456508494879,4.019568967130762,002711.npy,"(256, 256)","(128, 128)",2.0
73.2865440885414,0.013722819485159129,1.0056980152182096,0.11861522485819827,2.2584038541978737,002712.npy,"(256, 256)","(128, 128)",2.0
22.281045963924974,0.046303948087755814,1.0317003956544832,0.22862182042141602,3.248223753386996,002713.npy,"(256, 256)","(128, 128)",2.0
21.715892372694658,0.047551422538753996,1.0326215740201088,0.23564375966974224,7.826434347231468,002714.npy,"(256, 256)","(128, 128)",2.0
17.7807289241469,0.058389944275616765,1.0382157710607847,0.2626664802525329,5.304057846305891,002715.npy,"(256, 256)","(128, 128)",2.0
8.121585833707625,0.13791960618767285,1.1201259198043383,0.4691271427579641,9.785561359596601,002716.npy,"(256, 256)","(128, 128)",2.0
15.084974475475995,0.07051330450723965,1.0636913986731766,0.2885867867545465,4.474064220778951,002717.npy,"(256, 256)","(128, 128)",2.0
13.944413960064605,0.07683042277391913,1.0713552198863034,0.300797374034696,4.325204953887314,002718.npy,"(256, 256)","(128, 128)",2.0
13.288116638651664,0.08037907161136662,1.0680864788783744,0.3092369808342828,4.559702252940927,002719.npy,"(256, 256)","(128, 128)",2.0
14.292232812192433,0.07424676377140726,1.0611520333728073,0.337227483185515,9.362367961457462,002720.npy,"(256, 256)","(128, 128)",2.0
11.482116331653405,0.09410278668126158,1.0804991438070102,0.3715959872694714,7.803133215170282,002721.npy,"(256, 256)","(128, 128)",2.0
10.983289839357367,0.09834503814649917,1.080152058225657,0.38288945978434313,8.43455855812486,002722.npy,"(256, 256)","(128, 128)",2.0
11.739825008432868,0.0920470038375757,1.0806157176036875,0.37346217782332924,7.935268260925331,002723.npy,"(256, 256)","(128, 128)",2.0
75.3806031767438,0.01335928076608385,1.0070306421548727,0.11718869084063228,2.478199265696198,002724.npy,"(256, 256)","(128, 128)",2.0
56.86785030712873,0.017725537350721153,1.0080132046742296,0.1353726229069203,2.7952627511552404,002725.npy,"(256, 256)","(128, 128)",2.0
66.55331020169716,0.015103514870535606,1.005188910314702,0.12432525974454571,3.3501832445938566,002726.npy,"(256, 256)","(128, 128)",2.0
56.8439267015326,0.01769208278149472,1.005687456828733,0.13428763849591252,2.667867672427121,002727.npy,"(256, 256)","(128, 128)",2.0
19.60493554165914,0.05331235920693469,1.0451853658257328,0.26866026171866547,7.250112564036596,002728.npy,"(256, 256)","(128, 128)",2.0
79.44882698454354,0.012568423213411973,0.9985464813508886,0.1122884860516784,2.0891632138737983,002729.npy,"(256, 256)","(128, 128)",2.0
99.87326683595082,0.010037539422532871,1.002481853123001,0.10137308464336406,2.5560317898047513,002730.npy,"(256, 256)","(128, 128)",2.0
109.38931033489006,0.00916360464235224,1.0024003920085083,0.09635114118855963,2.379732383442473,002731.npy,"(256, 256)","(128, 128)",2.0
38.12355060931817,0.027063793901850534,1.0317679164973554,0.17719973450366652,3.556408766318535,002732.npy,"(256, 256)","(128, 128)",2.0
64.07050429995637,0.015761491127209034,1.0098466850395706,0.12913901081098403,2.413463393593814,002733.npy,"(256, 256)","(128, 128)",2.0
56.45190582701166,0.017844767277180467,1.007371121836331,0.13643968290194725,2.838591422090179,002734.npy,"(256, 256)","(128, 128)",2.0
78.1388376187089,0.01292338719819016,1.0098184537630823,0.11750363549998935,2.861512685201837,002735.npy,"(256, 256)","(128, 128)",2.0
54.024885304266476,0.018806827716540363,1.0160367103231929,0.15092144158948656,4.129777390874443,002736.npy,"(256, 256)","(128, 128)",2.0
58.17514968513932,0.017363251442308932,1.0101097516770332,0.13836272910398315,4.023281496868155,002737.npy,"(256, 256)","(128, 128)",2.0
47.56073461528292,0.02129462777056415,1.0127881401270353,0.1509199143703817,3.4060927641301513,002738.npy,"(256, 256)","(128, 128)",2.0
47.17300127617312,0.02143246838227771,1.0110338583487264,0.15201630876992261,3.2945458611848237,002739.npy,"(256, 256)","(128, 128)",2.0
64.61677009232127,0.015524752026506126,1.0031593324370451,0.1260317962552829,2.1176734863870497,002740.npy,"(256, 256)","(128, 128)",2.0
22.753362892642844,0.045622094521233905,1.038056072564088,0.2497883925765157,8.992120996873973,002741.npy,"(256, 256)","(128, 128)",2.0
25.759202864365353,0.04002451688572232,1.0309996500075378,0.22731648050179118,6.817941569949841,002742.npy,"(256, 256)","(128, 128)",2.0
20.865499499308463,0.04979750618891845,1.039049840451688,0.25646153274326206,8.400868411448878,002743.npy,"(256, 256)","(128, 128)",2.0
14.717700174098336,0.07149817698849897,1.052288731911345,0.3566114792750009,10.082938027196896,002744.npy,"(256, 256)","(128, 128)",2.0
56.5030955577924,0.01785982247968893,1.0091352562150724,0.13568621504692085,2.1607203510104,002745.npy,"(256, 256)","(128, 128)",2.0
48.46013894499373,0.020756200087151004,1.0058483401934286,0.14552678645905376,2.197908116682768,002746.npy,"(256, 256)","(128, 128)",2.0
45.453300912912745,0.02215932250079806,1.0072143536550524,0.15038148756704317,2.2678105182389627,002747.npy,"(256, 256)","(128, 128)",2.0
49.73020009522213,0.02022051021362537,1.0055700189510726,0.14310976384151297,2.062613333498748,002748.npy,"(256, 256)","(128, 128)",2.0
9.516510725281789,0.11074874131233058,1.0539415845102522,0.3650163941203763,4.027977788864847,002749.npy,"(256, 256)","(128, 128)",2.0
9.661015624964186,0.10907641326794104,1.0537889328966292,0.36325250456192476,4.99428569447294,002750.npy,"(256, 256)","(128, 128)",2.0
9.422466767359033,0.11212818253420427,1.0565240736129073,0.36988793890443905,4.8941651975315805,002751.npy,"(256, 256)","(128, 128)",2.0
45.31398214057189,0.022421382735561362,1.0160021368461545,0.16065897880236693,6.699316521288161,002752.npy,"(256, 256)","(128, 128)",2.0
59.523189260712655,0.016848602117184898,1.0028825325996407,0.13020826178448774,2.078097780646387,002753.npy,"(256, 256)","(128, 128)",2.0
103.05488960262062,0.009730639351288041,1.002789964109905,0.09882325646585999,1.619736459667798,002754.npy,"(256, 256)","(128, 128)",2.0
74.49654100797036,0.01346735385881112,1.0032712790117706,0.11638930888063603,1.724962574011987,002755.npy,"(256, 256)","(128, 128)",2.0
59.6393526111118,0.016807895143684082,1.0024119851247686,0.13250764608474327,4.698783358127962,002756.npy,"(256, 256)","(128, 128)",2.0
41.27089828558731,0.024608886538057175,1.0156308532337164,0.16329735490424552,3.4726276002916556,002757.npy,"(256, 256)","(128, 128)",2.0
42.907498876266615,0.02359349986778662,1.012338069064251,0.158470755462447,3.9260079138189026,002758.npy,"(256, 256)","(128, 128)",2.0
34.46699775681815,0.029513830534421862,1.0172531308250294,0.1816623346416355,4.839172704436719,002759.npy,"(256, 256)","(128, 128)",2.0
52.35771340284419,0.019295207796049905,1.0102529598339058,0.16397337456943867,5.091904756388458,002760.npy,"(256, 256)","(128, 128)",2.0
47.16227705183232,0.021388598574746613,1.0087350117326257,0.18303217147337547,6.740898745948072,002761.npy,"(256, 256)","(128, 128)",2.0
73.23756052732668,0.013720031816129501,1.0048216605706322,0.14029229654618897,6.195265825971533,002762.npy,"(256, 256)","(128, 128)",2.0
56.83826149894094,0.017684094471268758,1.0051331859299493,0.16096772322228411,7.68738676376944,002763.npy,"(256, 256)","(128, 128)",2.0
32.3560908702458,0.031381677709782146,1.0153884156384783,0.1904581635616819,4.79914437653924,002764.npy,"(256, 256)","(128, 128)",2.0
76.64762552059533,0.01308221556353445,1.0027207594934924,0.11497227954533344,2.246453588535346,002765.npy,"(256, 256)","(128, 128)",2.0
60.919438860472894,0.01647501893377319,1.0036489086611293,0.12888300139220607,2.024617813183303,002766.npy,"(256, 256)","(128, 128)",2.0
66.35410131963347,0.015088195306655354,1.0011636401082276,0.12334512257612348,2.2226478961238865,002767.npy,"(256, 256)","(128, 128)",2.0
50.763240479196774,0.019800567978431577,1.0051409939138052,0.1674081360994862,9.297872211112711,002768.npy,"(256, 256)","(128, 128)",2.0
41.8286965628526,0.024132362496456363,1.0094252682090372,0.16906255604832734,7.698040678597961,002769.npy,"(256, 256)","(128, 128)",2.0
47.66982651173153,0.02126387720805953,1.0136453374749599,0.15819776894765053,5.518431542511034,002770.npy,"(256, 256)","(128, 128)",2.0
47.35036116269204,0.021309391703985835,1.0090073933410029,0.15832531565376737,5.472216806988933,002771.npy,"(256, 256)","(128, 128)",2.0
67.67401528043253,0.014827664395677126,1.0034475868861792,0.12787592853691296,5.206323722649705,002772.npy,"(256, 256)","(128, 128)",2.0
71.67266405815744,0.014053632758108036,1.0072612994685939,0.12146578186326334,2.884292427814542,002773.npy,"(256, 256)","(128, 128)",2.0
51.06433298507901,0.019696409587429207,1.0057840177829878,0.14197212122854128,3.0600875375360688,002774.npy,"(256, 256)","(128, 128)",2.0
57.46558939845354,0.017575956639950915,1.0100127075564425,0.13848446878838103,5.292667882703391,002775.npy,"(256, 256)","(128, 128)",2.0
10.04506497388622,0.10744832493105365,1.0793254052676724,0.40973159410808746,8.339173118008498,002776.npy,"(256, 256)","(128, 128)",2.0
10.29990720198067,0.10492613012190027,1.0807294033185215,0.38654582153136974,6.865361870368598,002777.npy,"(256, 256)","(128, 128)",2.0
10.234274455708027,0.10592329765238478,1.0840480994281596,0.393604875772924,6.6769177123453165,002778.npy,"(256, 256)","(128, 128)",2.0
10.163961708534865,0.10718926164169051,1.0894675508922673,0.4019441322321887,7.877870231417593,002779.npy,"(256, 256)","(128, 128)",2.0
28.785365735955356,0.03541307267893969,1.0193782488972474,0.19929753575750012,4.102379420446256,002780.npy,"(256, 256)","(128, 128)",2.0
24.577011893611694,0.04235403989150388,1.040935742155995,0.22243936969977784,4.564914409471796,002781.npy,"(256, 256)","(128, 128)",2.0
25.699545892499955,0.040558543596487626,1.0423361524908938,0.21895414410423886,4.879553866888622,002782.npy,"(256, 256)","(128, 128)",2.0
24.277476124643663,0.04289903259436946,1.0414802395801148,0.2234033828235102,3.851624122949645,002783.npy,"(256, 256)","(128, 128)",2.0
37.164097373355176,0.027282804590294574,1.013940806411929,0.17789513389912198,4.869714503240571,002784.npy,"(256, 256)","(128, 128)",2.0
45.41743090702368,0.022444193794900112,1.0193576209437254,0.15721683826074434,3.0266860598619583,002785.npy,"(256, 256)","(128, 128)",2.0
44.236575657625195,0.02307146418815169,1.0206025710913624,0.159493265229746,3.1724962602055715,002786.npy,"(256, 256)","(128, 128)",2.0
44.24558244408705,0.02301688513208917,1.0183954887179327,0.15820591057891165,2.759817418379351,002787.npy,"(256, 256)","(128, 128)",2.0
104.70789173475596,0.009567366721430695,1.0017787988542723,0.09836720679802718,2.0065142398797375,002788.npy,"(256, 256)","(128, 128)",2.0
38.46678492234417,0.026328311708183606,1.0127655038471346,0.16929178066540113,4.372634462980135,002789.npy,"(256, 256)","(128, 128)",2.0
36.359526138235815,0.02799320456036492,1.0178196529055703,0.17609131373484083,4.796770730979652,002790.npy,"(256, 256)","(128, 128)",2.0
42.302306812689054,0.023977169570552903,1.0142895836734007,0.1620773428697605,4.372652349084716,002791.npy,"(256, 256)","(128, 128)",2.0
72.112504748873,0.013910107028815946,1.0030926591728215,0.11946019711447438,3.8656103477416983,002792.npy,"(256, 256)","(128, 128)",2.0
60.79196645165331,0.016459926773704083,1.0006313162236886,0.12840945944705393,1.898343011562233,002793.npy,"(256, 256)","(128, 128)",2.0
70.40753774222311,0.014208674374217384,1.0003977772696688,0.11895652528622418,1.7358811550701703,002794.npy,"(256, 256)","(128, 128)",2.0
85.34813582450364,0.011750397351556046,1.0028745091524933,0.10832498440216229,1.709980190691317,002795.npy,"(256, 256)","(128, 128)",2.0
44.265736836255385,0.022896828232261336,1.013544972914223,0.1764514400662998,6.880176957302045,002796.npy,"(256, 256)","(128, 128)",2.0
47.76559806776534,0.021084154542384523,1.007097251470188,0.1511715797460233,3.3951147313041767,002797.npy,"(256, 256)","(128, 128)",2.0
51.668441653925,0.019498179828799256,1.0074405668420516,0.14560289956610561,3.1284430515267876,002798.npy,"(256, 256)","(128, 128)",2.0
66.52751685136056,0.015113998549808005,1.005496793213791,0.12669187203102852,2.882463870364794,002799.npy,"(256, 256)","(128, 128)",2.0
26.134129843372953,0.03911732659298476,1.0222972923066895,0.2262205715728375,7.208476589612154,002800.npy,"(256, 256)","(128, 128)",2.0
53.444750454788945,0.018818723026516906,1.0057619560299866,0.14023333146240727,3.486193657667319,002801.npy,"(256, 256)","(128, 128)",2.0
65.3847526465799,0.015371029480811569,1.0050309605261518,0.1275348776544719,3.0541747750482027,002802.npy,"(256, 256)","(128, 128)",2.0
71.95625009872424,0.013973889885316733,1.0055087154398838,0.12193271568442504,2.904800272115252,002803.npy,"(256, 256)","(128, 128)",2.0
45.89142748404339,0.022079102816914522,1.013241545835171,0.15749279507535213,3.795059820550757,002804.npy,"(256, 256)","(128, 128)",2.0
33.79745599832736,0.030065889642684467,1.0161505822491945,0.18054326479914895,3.246889362474697,002805.npy,"(256, 256)","(128, 128)",2.0
36.18352601360574,0.028094077553137038,1.0165427859721912,0.17531016432958643,3.269741527954849,002806.npy,"(256, 256)","(128, 128)",2.0
33.71553707801319,0.030143370273433827,1.0162999181102388,0.18075837646392445,2.9403156515826465,002807.npy,"(256, 256)","(128, 128)",2.0
13.046469821723873,0.08100640764275385,1.0568476526774502,0.3527999314197603,7.123011555889159,002808.npy,"(256, 256)","(128, 128)",2.0
25.820345132044253,0.03968545084948835,1.024692037654568,0.208294993396297,3.295110857147887,002809.npy,"(256, 256)","(128, 128)",2.0
23.72988018056529,0.04316378446775098,1.0242714335594758,0.21732001118130934,3.246303476554965,002810.npy,"(256, 256)","(128, 128)",2.0
20.856107811286055,0.04920866269575046,1.0263011744317818,0.23211857042403858,4.043435396462721,002811.npy,"(256, 256)","(128, 128)",2.0
82.24625537115288,0.012241960688830128,1.0068554250571373,0.11228198615854608,2.3118389003358266,002812.npy,"(256, 256)","(128, 128)",2.0
49.41439222848159,0.020399449399578613,1.008026393875841,0.14666311800180995,2.8446466695460053,002813.npy,"(256, 256)","(128, 128)",2.0
62.51610535862986,0.016135601434151443,1.0087349592822707,0.13223980781423092,2.6005020761518036,002814.npy,"(256, 256)","(128, 128)",2.0
58.66489169846657,0.017230794103592507,1.0108426699658308,0.13769513624376306,3.294070827267878,002815.npy,"(256, 256)","(128, 128)",2.0
61.13663700191689,0.016533752916711063,1.0108180503483488,0.13170917444132468,2.325322354070366,002816.npy,"(256, 256)","(128, 128)",2.0
41.22779135231066,0.024494756891560162,1.009864726350816,0.1584663081989822,2.1580708043530286,002817.npy,"(256, 256)","(128, 128)",2.0
60.15781493895011,0.0167907935133453,1.0100974488539505,0.13301968695892183,4.3382499572405,002818.npy,"(256, 256)","(128, 128)",2.0
57.70165362061387,0.017511398169801753,1.0104366316065525,0.13524245890436254,2.8357184933529456,002819.npy,"(256, 256)","(128, 128)",2.0
26.767291946813067,0.03833752253873871,1.0261916583119453,0.21962486209438475,6.181127432862326,002820.npy,"(256, 256)","(128, 128)",2.0
23.02973356244313,0.04482222849799737,1.032243979983825,0.22906803150095204,4.332908077633662,002821.npy,"(256, 256)","(128, 128)",2.0
20.06301661510674,0.05164743419092838,1.036203330300228,0.24622145925238817,4.573335785397859,002822.npy,"(256, 256)","(128, 128)",2.0
22.573202590636306,0.04570717213843406,1.0317572565259594,0.23086369719061375,4.789716295322137,002823.npy,"(256, 256)","(128, 128)",2.0
33.37655162210831,0.03048367826619024,1.0174400612832397,0.18764467004971788,5.026022295035522,002824.npy,"(256, 256)","(128, 128)",2.0
46.663582005147916,0.02164354599754268,1.0099653835385238,0.1558355102361985,4.32411382768496,002825.npy,"(256, 256)","(128, 128)",2.0
50.46013363017398,0.02003847769478723,1.0111442622242242,0.1493606218466235,3.7865972539288415,002826.npy,"(256, 256)","(128, 128)",2.0
37.77514114965819,0.02682362987093252,1.0132664045206636,0.18443654333956155,6.8081323258512425,002827.npy,"(256, 256)","(128, 128)",2.0
103.32395723551761,0.009708335198430793,1.0031036108707336,0.09943432710640036,2.1735550896504696,002828.npy,"(256, 256)","(128, 128)",2.0
54.24561794438442,0.018554135091579965,1.0064805234663428,0.13882006487317772,2.5118748522305148,002829.npy,"(256, 256)","(128, 128)",2.0
52.0085723856066,0.019363072344778565,1.0070457496511533,0.1419292330455788,2.7201326917961453,002830.npy,"(256, 256)","(128, 128)",2.0
65.26910201750243,0.01540250015903731,1.0053073542048037,0.12676751130250227,2.692679814596263,002831.npy,"(256, 256)","(128, 128)",2.0
41.59671279968499,0.02436643504582413,1.0135636005533255,0.1673717948774389,4.075815744852365,002832.npy,"(256, 256)","(128, 128)",2.0
16.281973585324376,0.06407128221864662,1.0432069246618676,0.29734042782921066,9.091608141204933,002833.npy,"(256, 256)","(128, 128)",2.0
13.247713027378703,0.07969996041826201,1.0558422039145765,0.3357349227199515,8.980766117070033,002834.npy,"(256, 256)","(128, 128)",2.0
16.805778119579177,0.062112713770938466,1.043852486039322,0.29103317737743023,6.330098125693667,002835.npy,"(256, 256)","(128, 128)",2.0
51.51348913730381,0.019626300115163156,1.0110191977879217,0.15479256227113886,4.363320222387315,002836.npy,"(256, 256)","(128, 128)",2.0
71.78253239268497,0.01394066826392641,1.000696471230973,0.11826186993419611,1.842018663590515,002837.npy,"(256, 256)","(128, 128)",2.0
90.74856746865281,0.011028002200315823,1.000775401719812,0.10494808577979761,1.640124359328608,002838.npy,"(256, 256)","(128, 128)",2.0
74.42296971908698,0.013419837514222778,0.9987441609560692,0.11571607459187462,1.7582521038778824,002839.npy,"(256, 256)","(128, 128)",2.0
50.719179086612144,0.019924873503163396,1.0105732274850374,0.14593007262130592,3.082400829028602,002840.npy,"(256, 256)","(128, 128)",2.0
96.78592527555196,0.010349144403867687,1.0016515169386346,0.10463333642490516,2.9892389778932618,002841.npy,"(256, 256)","(128, 128)",2.0
93.42743278776965,0.010718374603338776,1.0013902228475706,0.10553708283034563,3.026027202242214,002842.npy,"(256, 256)","(128, 128)",2.0
69.92335945809288,0.014382171311350505,1.0056497343914323,0.12564286429279617,3.4766426466578975,002843.npy,"(256, 256)","(128, 128)",2.0
61.273925417674086,0.016414797407942293,1.005799072120486,0.12996560032403984,2.706363910750116,002844.npy,"(256, 256)","(128, 128)",2.0
17.83750263881336,0.05656526209733557,1.0089830119263925,0.2469276306040505,4.333871138034165,002845.npy,"(256, 256)","(128, 128)",2.0
15.103499350022783,0.06685375723080138,1.0097256788819895,0.26822757953069726,3.670929650019262,002846.npy,"(256, 256)","(128, 128)",2.0
17.308765898165323,0.057960964687690235,1.0032327690110572,0.24567371322630843,3.1427279913519346,002847.npy,"(256, 256)","(128, 128)",2.0
71.7874334884369,0.014004382851916287,1.0053387025285467,0.11994652140889941,2.387277188801133,002848.npy,"(256, 256)","(128, 128)",2.0
95.08038848528349,0.010539765572885362,1.0021250052137567,0.10578856426333406,3.5575978794170973,002849.npy,"(256, 256)","(128, 128)",2.0
79.4933395932056,0.012565782496962035,0.9988960152853621,0.11595802965159986,4.036325253593482,002850.npy,"(256, 256)","(128, 128)",2.0
94.6618507468576,0.010549830757474071,0.998666504568618,0.10274798512502778,1.8889473702727655,002851.npy,"(256, 256)","(128, 128)",2.0
13.677304922973342,0.07705732855153137,1.0539365791490343,0.33795509039226246,9.784802902509103,002852.npy,"(256, 256)","(128, 128)",2.0
6.8375161139258225,0.15831121037104975,1.0824554519271534,0.47943119453983707,8.720673225503193,002853.npy,"(256, 256)","(128, 128)",2.0
6.707789813957345,0.162293393325532,1.0886299706215765,0.4833560682355892,8.202402250073163,002854.npy,"(256, 256)","(128, 128)",2.0
6.885603440374778,0.15829454518129887,1.0899534648929123,0.47871763328809347,9.004272008510183,002855.npy,"(256, 256)","(128, 128)",2.0
60.34548010637284,0.016700290114677767,1.0077870248859422,0.1373211471349519,5.685814178492658,002856.npy,"(256, 256)","(128, 128)",2.0
97.17235545879754,0.010296904900560589,1.0005745031227078,0.10170017917876578,1.8767236178422835,002857.npy,"(256, 256)","(128, 128)",2.0
64.32335827216447,0.01555086826024829,1.0002840705471818,0.12492866635071422,1.9907473644933706,002858.npy,"(256, 256)","(128, 128)",2.0
92.09196457576401,0.010865904356385582,1.0006624790719008,0.10436702382951635,1.6683286391806527,002859.npy,"(256, 256)","(128, 128)",2.0
58.907208887831956,0.017117899178651183,1.0083676626376523,0.13334294888993747,2.7027879606407996,002860.npy,"(256, 256)","(128, 128)",2.0
51.520081331985565,0.019712437998018844,1.0155864089096536,0.14544931352707746,2.984450194108403,002861.npy,"(256, 256)","(128, 128)",2.0
49.29975957606189,0.020630788986554478,1.0170929369016013,0.149562250978081,3.304023034891841,002862.npy,"(256, 256)","(128, 128)",2.0
47.49695898904817,0.021407440738507005,1.0167883348173463,0.15189633834050534,3.123886111606498,002863.npy,"(256, 256)","(128, 128)",2.0
35.95418959851699,0.02833681331525269,1.018827158554376,0.1799120775214029,5.030809655648151,002864.npy,"(256, 256)","(128, 128)",2.0
32.51882177032237,0.03135328635796415,1.019571930988516,0.18346633814125976,2.7770473406751015,002865.npy,"(256, 256)","(128, 128)",2.0
33.253525806263575,0.030599622653688527,1.017545341576359,0.18074309151610576,2.560947903864512,002866.npy,"(256, 256)","(128, 128)",2.0
37.17182136301612,0.02742289672849217,1.0193590184479502,0.17263125005297925,3.0202490896681278,002867.npy,"(256, 256)","(128, 128)",2.0
39.420718890578264,0.0258996554500931,1.0209830368609534,0.17587616963606234,4.3101567069047935,002868.npy,"(256, 256)","(128, 128)",2.0
59.504592369854535,0.016805396232983327,0.9999982524575619,0.12972019774132892,2.016467635964375,002869.npy,"(256, 256)","(128, 128)",2.0
65.4568774945383,0.015334783929613897,1.0037670730859516,0.1250114007355412,2.1917435909895313,002870.npy,"(256, 256)","(128, 128)",2.0
56.92024069518748,0.01766379421601213,1.0054274183656708,0.13456919319200022,2.137307206192323,002871.npy,"(256, 256)","(128, 128)",2.0
63.22876880551689,0.015883907063970575,1.0043198874761121,0.12680978198365248,2.3231936791290795,002872.npy,"(256, 256)","(128, 128)",2.0
73.27635465202432,0.013656782882099932,1.0007192658744495,0.12490951205287783,10.929517190297796,002873.npy,"(256, 256)","(128, 128)",2.0
79.75761829315088,0.012566238579126258,1.0022532599746188,0.13248783289691554,7.852419542312607,002874.npy,"(256, 256)","(128, 128)",2.0
66.93126278257338,0.01497576221963488,1.0023466764917166,0.13583360187996127,7.233294220374003,002875.npy,"(256, 256)","(128, 128)",2.0
40.50198347927671,0.02503289622605675,1.0138819493861988,0.16671497208949063,3.505642677456412,002876.npy,"(256, 256)","(128, 128)",2.0
31.336843941584757,0.03253066690833255,1.0194084322220924,0.19708375182585347,5.528416443289821,002877.npy,"(256, 256)","(128, 128)",2.0
30.752946107922497,0.033126367825344,1.0187334044840217,0.19792662726496077,5.201148824976083,002878.npy,"(256, 256)","(128, 128)",2.0
34.62532277986512,0.0294350086248772,1.019196674664487,0.18899712597352625,6.518570561900764,002879.npy,"(256, 256)","(128, 128)",2.0
97.12273319546726,0.010323904792078278,1.0026858506564245,0.10182040664941513,1.762688160169723,002880.npy,"(256, 256)","(128, 128)",2.0
77.8605056833875,0.012947554211686219,1.0081031182849627,0.11839161743666397,3.9668005148033525,002881.npy,"(256, 256)","(128, 128)",2.0
53.99458567570857,0.018664708672019456,1.0077932115034953,0.14061652750751777,3.371306382013078,002882.npy,"(256, 256)","(128, 128)",2.0
74.8822838499367,0.013452542198963784,1.0073570834460577,0.12080460225943432,4.502162214843205,002883.npy,"(256, 256)","(128, 128)",2.0
59.773681254690246,0.016834764709860426,1.006275859764905,0.1374808237389107,4.001351758853494,002884.npy,"(256, 256)","(128, 128)",2.0
55.723320025265025,0.018180091900774735,1.0130550790755992,0.14325814936982734,4.465991746396872,002885.npy,"(256, 256)","(128, 128)",2.0
51.13847054012878,0.019837161386452473,1.01444209316088,0.15062526362030373,4.798226924567908,002886.npy,"(256, 256)","(128, 128)",2.0
45.101922425745634,0.02243918509234834,1.0120503853320428,0.15698975015908984,3.543490826830776,002887.npy,"(256, 256)","(128, 128)",2.0
60.685949589820304,0.0165446609894253,1.0040284627849303,0.13210424616636948,4.797242660407973,002888.npy,"(256, 256)","(128, 128)",2.0
69.68397543112296,0.014420020861464057,1.0048443794265418,0.1222283308665991,2.8518917103132364,002889.npy,"(256, 256)","(128, 128)",2.0
82.47594632472072,0.012143303172388558,1.0015304206507296,0.1123803725673903,2.609251719710207,002890.npy,"(256, 256)","(128, 128)",2.0
65.38099635016216,0.015359496249487686,1.0042191682280839,0.12619977208816247,2.7835766218826072,002891.npy,"(256, 256)","(128, 128)",2.0
55.72308509041015,0.01808087156252419,1.0075219445873125,0.15788211200836957,8.180347443870252,002892.npy,"(256, 256)","(128, 128)",2.0
50.189590342382395,0.019993873679136943,1.0034843293132252,0.14227233374720583,2.4156967023408895,002893.npy,"(256, 256)","(128, 128)",2.0
62.953494242174315,0.015916163795843777,1.0019781258791545,0.1267103666419729,2.1817159375284856,002894.npy,"(256, 256)","(128, 128)",2.0
72.91519787250627,0.01374399985609701,1.0021464690670112,0.11797837980161748,1.8828918356591893,002895.npy,"(256, 256)","(128, 128)",2.0
60.86431792589857,0.01651718007541274,1.0053068993492384,0.13066806029405453,3.1539127844136448,002896.npy,"(256, 256)","(128, 128)",2.0
28.774983692266414,0.035785170412081235,1.0297176950326121,0.2139802965089889,7.434213353912803,002897.npy,"(256, 256)","(128, 128)",2.0
28.60971727311688,0.03603466272461596,1.030941512583386,0.2150870061955924,6.51852088999818,002898.npy,"(256, 256)","(128, 128)",2.0
25.973950761559703,0.039610776685392673,1.0288483632535264,0.22197004802613604,6.210981053912602,002899.npy,"(256, 256)","(128, 128)",2.0
19.874161399434307,0.052592666031311144,1.0452351331328238,0.2721554558529028,6.260938941352332,002900.npy,"(256, 256)","(128, 128)",2.0
14.618141885283706,0.0729139521121363,1.06586649739199,0.3663837866507952,11.832147083814021,002901.npy,"(256, 256)","(128, 128)",2.0
14.399548282048272,0.07374756182564192,1.0619315771916709,0.3678238146103761,10.415749266325518,002902.npy,"(256, 256)","(128, 128)",2.0
14.709371950758632,0.07237915165906536,1.064651863233561,0.3578619492610449,8.494003420232167,002903.npy,"(256, 256)","(128, 128)",2.0
54.58050578589826,0.01850802559419124,1.010177398029308,0.14017406050129022,3.155202580985394,002904.npy,"(256, 256)","(128, 128)",2.0
31.35789899341427,0.03287004422649922,1.0307355267636225,0.19838201499892386,4.45563300826761,002905.npy,"(256, 256)","(128, 128)",2.0
37.40430849915357,0.02746550581030097,1.0273282524137923,0.1821195549011521,4.321648026007025,002906.npy,"(256, 256)","(128, 128)",2.0
40.24232454823237,0.025476268049380846,1.0252242471209467,0.1763996913012336,4.665104692852497,002907.npy,"(256, 256)","(128, 128)",2.0
33.17415700270616,0.03072646847957789,1.019324689480219,0.19884191440549698,6.709758879735797,002908.npy,"(256, 256)","(128, 128)",2.0
50.62131667133049,0.020030406674325353,1.0139655593165555,0.14872653191162805,4.418817908078334,002909.npy,"(256, 256)","(128, 128)",2.0
47.46792482225411,0.02133670855705138,1.012809277740461,0.1544545527398432,4.1344052596986876,002910.npy,"(256, 256)","(128, 128)",2.0
45.43387470867862,0.022197623115376423,1.0085240274544809,0.15611927105793083,5.719200513384823,002911.npy,"(256, 256)","(128, 128)",2.0
24.74527358729205,0.04143925022176241,1.0254255839897637,0.2820281762256288,10.580242846052355,002912.npy,"(256, 256)","(128, 128)",2.0
69.14215766551355,0.014467575778320458,1.000319405502398,0.12026351775060805,1.8851005243147965,002913.npy,"(256, 256)","(128, 128)",2.0
55.1601386204128,0.01816144340823515,1.0017877359450331,0.13470961421138966,1.7872972207702456,002914.npy,"(256, 256)","(128, 128)",2.0
68.51317532839765,0.014651433961789992,1.0038162638365575,0.12370861365359385,3.693640913367241,002915.npy,"(256, 256)","(128, 128)",2.0
54.77090942798584,0.01835486918304577,1.0053128775871283,0.1400192106933295,5.2269602531716455,002916.npy,"(256, 256)","(128, 128)",2.0
43.284804335885816,0.023413959225921665,1.0134686438224279,0.16343718704674193,3.820699572245055,002917.npy,"(256, 256)","(128, 128)",2.0
45.5166606534068,0.02221808729164516,1.011293139621583,0.15869060386975475,4.097875297278252,002918.npy,"(256, 256)","(128, 128)",2.0
58.49094061021299,0.017274655688134244,1.010410859916538,0.14262630834291615,5.6487661180376385,002919.npy,"(256, 256)","(128, 128)",2.0
9.907088225096189,0.11011203410762015,1.0908896365489935,0.4224283240015111,8.13719154495585,002920.npy,"(256, 256)","(128, 128)",2.0
62.190990092003304,0.016242986288495624,1.010167399332377,0.14126554804079236,4.976785307508449,002921.npy,"(256, 256)","(128, 128)",2.0
51.701556036515456,0.019540141898913187,1.0102557413481237,0.14992510856107483,4.716094865982646,002922.npy,"(256, 256)","(128, 128)",2.0
52.93981316176485,0.019078338690387095,1.0100036857059624,0.1488676992538472,4.574544024412724,002923.npy,"(256, 256)","(128, 128)",2.0
21.400324795591867,0.048324663984881465,1.034163504914304,0.2425829560008663,6.745213441793941,002924.npy,"(256, 256)","(128, 128)",2.0
17.156808657048742,0.06059373564162373,1.039595128219133,0.2845650880240128,6.755730915518285,002925.npy,"(256, 256)","(128, 128)",2.0
20.604992094682373,0.04990133426103113,1.0282165979626492,0.24516963254110455,6.963421002090303,002926.npy,"(256, 256)","(128, 128)",2.0
20.707427205732593,0.049764156935375566,1.0304876571939423,0.24553976961599236,6.586912216026527,002927.npy,"(256, 256)","(128, 128)",2.0
20.171981442303345,0.0513469080464588,1.0357688762328232,0.27382230228759163,7.7817051646856115,002928.npy,"(256, 256)","(128, 128)",2.0
29.03881124506094,0.035140340874812874,1.0204337257507907,0.2114693520432468,6.2942714657284435,002929.npy,"(256, 256)","(128, 128)",2.0
26.015486273976318,0.039402330070891604,1.025070777121965,0.22328251411223718,5.367279236543076,002930.npy,"(256, 256)","(128, 128)",2.0
32.63507686093414,0.031318508584251566,1.0220819348168755,0.2019189444431509,7.002135928224313,002931.npy,"(256, 256)","(128, 128)",2.0
36.74690272513248,0.0278865669408366,1.0247449627128178,0.1876553812485725,4.085676736551248,002932.npy,"(256, 256)","(128, 128)",2.0
31.3810808849451,0.03214750465710367,1.0088234438937196,0.19509806612161612,4.660282113444174,002933.npy,"(256, 256)","(128, 128)",2.0
31.499706507295738,0.032055764844331334,1.0097471844633257,0.19822834619476198,4.4704433026725034,002934.npy,"(256, 256)","(128, 128)",2.0
36.28676420180247,0.027910549289798157,1.012783520821691,0.1851292455393409,4.002950243884803,002935.npy,"(256, 256)","(128, 128)",2.0
55.46527296335659,0.018175136628486133,1.008088914245284,0.13644621813518815,2.1471153282613407,002936.npy,"(256, 256)","(128, 128)",2.0
61.80711258788272,0.01629287041611146,1.0070152761883846,0.1337718235805675,3.4874303729109064,002937.npy,"(256, 256)","(128, 128)",2.0
50.79585432356998,0.019834500978294343,1.0075104222741458,0.14704106702285652,3.5907405522658724,002938.npy,"(256, 256)","(128, 128)",2.0
82.19304885232393,0.012243137845415442,1.0063008270339673,0.11708410616706018,3.231854427897309,002939.npy,"(256, 256)","(128, 128)",2.0
24.03432480072577,0.0429133776601754,1.0313940569808648,0.2411954060775129,5.977763036477202,002940.npy,"(256, 256)","(128, 128)",2.0
48.731503308411064,0.020777123712498357,1.0125004729348797,0.14984850502961175,3.522820719860466,002941.npy,"(256, 256)","(128, 128)",2.0
48.90397993393916,0.02066820960783038,1.0107577079317855,0.1488982311304773,3.2995973063918633,002942.npy,"(256, 256)","(128, 128)",2.0
43.29011546004419,0.023330759443558183,1.00999127008215,0.15720990294597095,3.3795736105822107,002943.npy,"(256, 256)","(128, 128)",2.0
25.821349268154222,0.0399570241390697,1.031744276010988,0.2165014793422341,4.937282135422959,002944.npy,"(256, 256)","(128, 128)",2.0
38.56139076703027,0.026578026165079177,1.024885652767973,0.17448291544689898,3.367902690405649,002945.npy,"(256, 256)","(128, 128)",2.0
41.37083655410633,0.024742454577390736,1.0236160442686322,0.1689586119686651,4.231341866003975,002946.npy,"(256, 256)","(128, 128)",2.0
30.775365883412633,0.033332858668712,1.0258309214696943,0.1964128562910917,3.958802626075128,002947.npy,"(256, 256)","(128, 128)",2.0
30.512786252877813,0.033614131164395405,1.0256607992953959,0.21961092267625404,7.853740893403296,002948.npy,"(256, 256)","(128, 128)",2.0
32.431309173041775,0.03138395576763086,1.017822772573104,0.1939435564777737,6.8095817456361125,002949.npy,"(256, 256)","(128, 128)",2.0
39.03459904917378,0.025916087845601832,1.0116240979762334,0.16810956367180635,3.5926950373613,002950.npy,"(256, 256)","(128, 128)",2.0
34.84557720692636,0.02908171580295864,1.0133691733218857,0.17971699408884864,5.225100426857022,002951.npy,"(256, 256)","(128, 128)",2.0
35.89838903916991,0.028379328599823398,1.0187721787469015,0.1947994708622928,6.2140701132772715,002952.npy,"(256, 256)","(128, 128)",2.0
75.90416454952098,0.013262840304022628,1.0067048128305525,0.12058800629904219,3.102310979976953,002953.npy,"(256, 256)","(128, 128)",2.0
45.07735705266981,0.022369984756484676,1.0083797901308407,0.15553944542272366,2.9230660244349145,002954.npy,"(256, 256)","(128, 128)",2.0
55.84295470914223,0.018046543191367552,1.0077722940921172,0.1408198012872327,3.1947191716591217,002955.npy,"(256, 256)","(128, 128)",2.0
52.959875944380066,0.01913213541105777,1.0132355179207004,0.14409160838492968,2.823745848646467,002956.npy,"(256, 256)","(128, 128)",2.0
42.72286126328917,0.023727187410320056,1.013693335899165,0.15975441170467158,3.890027554688028,002957.npy,"(256, 256)","(128, 128)",2.0
48.35482109996582,0.020867764292572994,1.009057009123622,0.1478941380769553,3.4907539758212462,002958.npy,"(256, 256)","(128, 128)",2.0
55.235109284475094,0.01823053961866396,1.0069658481518569,0.13842088610975498,3.7302840974071354,002959.npy,"(256, 256)","(128, 128)",2.0
33.10757633821036,0.030987280549311734,1.0259137562998792,0.19580596289344498,4.528396798294999,002960.npy,"(256, 256)","(128, 128)",2.0
63.50217056076706,0.015802223224567556,1.0034754744458034,0.12694979090367567,3.6203365556088825,002961.npy,"(256, 256)","(128, 128)",2.0
74.15585940499419,0.013567632332767128,1.0061194357273324,0.11809744526821031,3.0896619851615927,002962.npy,"(256, 256)","(128, 128)",2.0
55.19198810062367,0.018193236320135607,1.0041208824927588,0.13657484694384978,3.1581704058539026,002963.npy,"(256, 256)","(128, 128)",2.0
21.63671640152956,0.04774417038837751,1.0330270745196297,0.24482800633154214,5.453399925729976,002964.npy,"(256, 256)","(128, 128)",2.0
45.1848650386667,0.022341109089292367,1.0094799990138055,0.15381044679055067,3.4492509830033105,002965.npy,"(256, 256)","(128, 128)",2.0
49.83828859386412,0.020349992878888286,1.0142088179811142,0.15140633872267195,3.8909295756209135,002966.npy,"(256, 256)","(128, 128)",2.0
48.78612864015341,0.020793438579294696,1.0144313694005997,0.15361295657075288,4.301159259315121,002967.npy,"(256, 256)","(128, 128)",2.0
47.36505289985149,0.021330752240259463,1.010332208253515,0.15715318270674575,3.963535101929203,002968.npy,"(256, 256)","(128, 128)",2.0
97.52926588977428,0.010237226833468028,0.9984292178152353,0.10107939915883193,1.8528095682565693,002969.npy,"(256, 256)","(128, 128)",2.0
71.68687806967374,0.013932032582399105,0.9987439209971664,0.11786069799917824,1.7028542837655474,002970.npy,"(256, 256)","(128, 128)",2.0
114.71717495653044,0.008709739630527758,0.9991567250210796,0.09321870634920347,1.7280939384882266,002971.npy,"(256, 256)","(128, 128)",2.0
43.79696219394057,0.02299189286509152,1.0069750625795453,0.1549258451379396,3.161035640554629,002972.npy,"(256, 256)","(128, 128)",2.0
1.8887026636325133,0.7733815449334707,1.4606877839200743,1.4797347128083889,17.344164018082108,002973.npy,"(256, 256)","(128, 128)",2.0
1.911729448120666,0.7598909606446267,1.4527059268250349,1.4614510564769692,17.637146529720088,002974.npy,"(256, 256)","(128, 128)",2.0
1.8668583878268967,0.7845496474406877,1.4646430899912823,1.4982415131142677,18.50998270960909,002975.npy,"(256, 256)","(128, 128)",2.0
13.342330828431658,0.07924013119700839,1.0572480453188142,0.34571417676598043,6.304315410091642,002976.npy,"(256, 256)","(128, 128)",2.0
10.84615579272578,0.09281303987255023,1.0066646900541494,0.32343837928078856,4.033672528048323,002977.npy,"(256, 256)","(128, 128)",2.0
12.160381935708136,0.08339334726941552,1.014094953693236,0.3131922400034569,5.579825135235481,002978.npy,"(256, 256)","(128, 128)",2.0
11.92690768442947,0.08557446936905844,1.0206387963087973,0.3160604656844333,5.117768610623609,002979.npy,"(256, 256)","(128, 128)",2.0
16.318931678676172,0.06366185511877195,1.0388934642210204,0.27711417969640734,3.823665642567149,002980.npy,"(256, 256)","(128, 128)",2.0
1.8963466728303768,0.7680886789796182,1.4565624108216784,1.467180026913926,17.290055961260038,002981.npy,"(256, 256)","(128, 128)",2.0
1.8675053197120048,0.7871954039365388,1.4700916045043266,1.4976231050099191,21.588076009224526,002982.npy,"(256, 256)","(128, 128)",2.0
1.9100060859771106,0.7611821205856446,1.4538624828555442,1.4673389006664026,17.751383571405057,002983.npy,"(256, 256)","(128, 128)",2.0
47.98967599261552,0.021020693592537606,1.0087762746459288,0.1504583471747149,4.427898400456174,002984.npy,"(256, 256)","(128, 128)",2.0
60.199705163750814,0.016659704530492786,1.0029093008508694,0.12984619983402532,2.1989376495903503,002985.npy,"(256, 256)","(128, 128)",2.0
83.89177247010711,0.011959934516914177,1.0033401052503446,0.1098408912206661,2.0582339220412806,002986.npy,"(256, 256)","(128, 128)",2.0
70.55369295397284,0.014230992936285563,1.004049106056848,0.12000596883311135,2.4015948191125243,002987.npy,"(256, 256)","(128, 128)",2.0
59.42126892414295,0.01689054330102687,1.0036575157651988,0.1369191003410398,4.950973289152139,002988.npy,"(256, 256)","(128, 128)",2.0
47.14313940994738,0.021464496066539336,1.0119037304291312,0.1525873198998328,4.061257803316852,002989.npy,"(256, 256)","(128, 128)",2.0
37.67050041888855,0.026678659405715004,1.004998450318372,0.17158694401784072,6.916456259366611,002990.npy,"(256, 256)","(128, 128)",2.0
35.22822483318383,0.02871713567952315,1.011653712283287,0.17660950695321884,5.576653621011815,002991.npy,"(256, 256)","(128, 128)",2.0
13.24162612311134,0.08115042166935807,1.0745635434784724,0.3864845856777308,8.222496600754422,002992.npy,"(256, 256)","(128, 128)",2.0
36.7027755221961,0.02787694301503835,1.0231611817260051,0.18846704240435486,5.156735012563539,002993.npy,"(256, 256)","(128, 128)",2.0
31.107442320665644,0.03296659329221816,1.0255063993465194,0.20588796208148757,6.900872468978232,002994.npy,"(256, 256)","(128, 128)",2.0
36.716852492731505,0.027921842627079193,1.0252021770637294,0.19086776433019897,5.934209879037879,002995.npy,"(256, 256)","(128, 128)",2.0
42.348146202567094,0.023864140328846623,1.0106021036445743,0.17883053909671356,6.48637017825874,002996.npy,"(256, 256)","(128, 128)",2.0
60.40172595378833,0.01660605644605253,1.003034470627605,0.13364207825306357,4.243406114635906,002997.npy,"(256, 256)","(128, 128)",2.0
57.17995784249986,0.01756910091232738,1.0046004494975054,0.1365050784852262,4.1764449671460655,002998.npy,"(256, 256)","(128, 128)",2.0
81.90529056634192,0.012239245599537428,1.0024589671429347,0.11631112241255517,4.609505327684781,002999.npy,"(256, 256)","(128, 128)",2.0
21.44214855200781,0.047810601377517685,1.0251620170975635,0.2479888573324521,7.338740356664221,003000.npy,"(256, 256)","(128, 128)",2.0
67.368228468928,0.014865324480227133,1.0014505758486898,0.12476471584953501,3.9239135847560322,003001.npy,"(256, 256)","(128, 128)",2.0
69.01361373397874,0.014533427062947463,1.0030043215532094,0.12272788789487472,3.294822787866982,003002.npy,"(256, 256)","(128, 128)",2.0
58.64886846536551,0.01712881751389423,1.0045857653396317,0.13522257304850735,3.881232398780804,003003.npy,"(256, 256)","(128, 128)",2.0
9.269364677229813,0.11125720805855038,1.031283634465135,0.3759987593476137,7.408552377660056,003004.npy,"(256, 256)","(128, 128)",2.0
9.52655018853638,0.10916325010402764,1.0399491808597685,0.3749043103883605,6.313065336404539,003005.npy,"(256, 256)","(128, 128)",2.0
8.78139713662949,0.11874556902879994,1.0427519998569432,0.39544408272382736,5.966383561566599,003006.npy,"(256, 256)","(128, 128)",2.0
10.04013642974801,0.10368324111471412,1.040993886270188,0.370268165451176,7.467948432593842,003007.npy,"(256, 256)","(128, 128)",2.0
52.66953117682106,0.019168066598515655,1.0095730813099026,0.13978864731904983,2.3440071124654676,003008.npy,"(256, 256)","(128, 128)",2.0
31.10255019753853,0.03293076244070372,1.0242306918552038,0.19430701676874376,4.351501669394795,003009.npy,"(256, 256)","(128, 128)",2.0
33.16180249193539,0.030732406020083765,1.019141978539984,0.1858353794779768,3.80444175299485,003010.npy,"(256, 256)","(128, 128)",2.0
38.18623068179267,0.026616656516790495,1.016389785728202,0.17163015985195826,3.730564324502482,003011.npy,"(256, 256)","(128, 128)",2.0
22.440879061842523,0.045997513771011814,1.032224643680712,0.2677441529378203,7.3744716714830245,003012.npy,"(256, 256)","(128, 128)",2.0
99.67976070966124,0.010039939935787492,1.0007788103386688,0.10783271865202708,5.486258069274082,003013.npy,"(256, 256)","(128, 128)",2.0
69.536763782276,0.014395294125651766,1.001002167191832,0.12640924941694756,5.193583161202931,003014.npy,"(256, 256)","(128, 128)",2.0
73.27482418770497,0.01365662152513182,1.0006865412520614,0.12214341456565897,4.890716106370819,003015.npy,"(256, 256)","(128, 128)",2.0
29.575033095992655,0.034846976144969795,1.0306004727827482,0.2154204033815147,4.563165025018184,003016.npy,"(256, 256)","(128, 128)",2.0
43.840602637791406,0.0230588594624136,1.010914294972351,0.15732951102984288,3.746522464362468,003017.npy,"(256, 256)","(128, 128)",2.0
41.706214119945656,0.02423905156140796,1.0109190744844834,0.16073733726229572,3.2241101900021225,003018.npy,"(256, 256)","(128, 128)",2.0
40.12108448488785,0.02518795358073414,1.010568013614068,0.16361745986518828,2.9344429352187618,003019.npy,"(256, 256)","(128, 128)",2.0
28.527725974401687,0.036039992566216573,1.0281390320485002,0.20452965439808404,6.323967961989668,003020.npy,"(256, 256)","(128, 128)",2.0
20.163619314941425,0.05221856464919711,1.0529152587590682,0.25444365773466326,5.350787345818407,003021.npy,"(256, 256)","(128, 128)",2.0
20.226867407757023,0.051969414411880285,1.0511784545678795,0.2541542231443024,7.177735232908177,003022.npy,"(256, 256)","(128, 128)",2.0
21.082483011692247,0.049849301469431485,1.0509470513740147,0.24940619351445031,5.557693353009747,003023.npy,"(256, 256)","(128, 128)",2.0
59.66620760396946,0.016834827735358448,1.0044703266349602,0.1305405160470594,1.818985485677526,003024.npy,"(256, 256)","(128, 128)",2.0
52.274946608274995,0.019282556034610637,1.0079945871803417,0.1429347119231393,4.0265099591559155,003025.npy,"(256, 256)","(128, 128)",2.0
61.65958824892947,0.01633696905353844,1.0073307850766833,0.13153599529713347,3.2427528984738228,003026.npy,"(256, 256)","(128, 128)",2.0
44.229420630161314,0.02281095867668357,1.0089154862882654,0.1540629752783155,3.062814630622981,003027.npy,"(256, 256)","(128, 128)",2.0
31.45609125595877,0.03232846350914542,1.0169270983086116,0.21243581338270695,9.58746213057824,003028.npy,"(256, 256)","(128, 128)",2.0
9.322534095811223,0.11523144457675197,1.0742490709763515,0.39642702426519194,7.518527981317936,003029.npy,"(256, 256)","(128, 128)",2.0
9.400647900231075,0.11429670186522035,1.074463050392621,0.3914000851044722,6.022859540926233,003030.npy,"(256, 256)","(128, 128)",2.0
9.563836557387997,0.1121823268409602,1.072893438534424,0.3861801564980693,6.381462304514964,003031.npy,"(256, 256)","(128, 128)",2.0
58.04136912476434,0.017343123802739082,1.0066186504112655,0.13612550889121147,3.439659329965754,003032.npy,"(256, 256)","(128, 128)",2.0
40.79296704923371,0.02486568298196142,1.0143449865398435,0.16480703007188396,2.8098080840579533,003033.npy,"(256, 256)","(128, 128)",2.0
47.35091621169211,0.02140936646521038,1.0137531176395875,0.15334397286153356,2.956685370638662,003034.npy,"(256, 256)","(128, 128)",2.0
45.180365093385056,0.022398223716596524,1.0119599249591469,0.15925507218819307,3.8083635414042885,003035.npy,"(256, 256)","(128, 128)",2.0
12.29458196703686,0.08741749044296025,1.0747615016036363,0.38442752896901383,9.263102850877761,003036.npy,"(256, 256)","(128, 128)",2.0
34.088423427641615,0.030174907808767932,1.0286150342753306,0.19041880066906416,5.206815520927736,003037.npy,"(256, 256)","(128, 128)",2.0
28.508133884824307,0.036139555446981345,1.0302712852205758,0.20679360947342923,5.029125497833008,003038.npy,"(256, 256)","(128, 128)",2.0
35.75798301875514,0.028868555642562924,1.032281322442753,0.18813533157820805,4.536951840835049,003039.npy,"(256, 256)","(128, 128)",2.0
4.1711927556252615,0.21827137139717515,0.9104519631322878,0.5035277779502201,5.446931165343241,003040.npy,"(256, 256)","(128, 128)",2.0
14.543585866312092,0.07039517489408802,1.0237982706462263,0.31426480185875927,6.617464545642971,003041.npy,"(256, 256)","(128, 128)",2.0
13.213763550264405,0.07753147411936985,1.0244825667167974,0.32776214858879843,6.7534877663951605,003042.npy,"(256, 256)","(128, 128)",2.0
12.94815330107344,0.07885494327965493,1.0210258941324228,0.3332431763808119,6.568505985720723,003043.npy,"(256, 256)","(128, 128)",2.0
21.1450181551272,0.04858930644833058,1.0274217669949892,0.24091576706946624,7.039927821434988,003044.npy,"(256, 256)","(128, 128)",2.0
75.55400296925376,0.013264870704468764,1.0022140805922002,0.11610967803055468,2.4357298776823137,003045.npy,"(256, 256)","(128, 128)",2.0
63.4340466261256,0.01581278951815766,1.0030692275839233,0.1272856230219714,2.880710560994183,003046.npy,"(256, 256)","(128, 128)",2.0
83.24065465016534,0.012042998450547448,1.0024670749744964,0.11038399246608434,2.490476555203308,003047.npy,"(256, 256)","(128, 128)",2.0
63.073695962905354,0.01602293200124494,1.0106255414808298,0.13079490188804063,2.6512703098958745,003048.npy,"(256, 256)","(128, 128)",2.0
71.97455431764982,0.013908302107363399,1.0010438454927104,0.11847912813745066,2.723036218207049,003049.npy,"(256, 256)","(128, 128)",2.0
66.1013132054799,0.015132708902383453,1.0002919308038025,0.12295238555395084,1.9843336627675634,003050.npy,"(256, 256)","(128, 128)",2.0
73.93996751222045,0.013527958273088973,1.0002567952188726,0.11684304662805273,2.978404176667318,003051.npy,"(256, 256)","(128, 128)",2.0
31.015837266743322,0.0330025714943334,1.0236023868523068,0.19952228625856036,6.220921280720022,003052.npy,"(256, 256)","(128, 128)",2.0
53.93573211996113,0.01870971629908351,1.0091222463478386,0.14050867196495437,2.8059778736837693,003053.npy,"(256, 256)","(128, 128)",2.0
58.855308750722635,0.017169380582751498,1.0105091952565015,0.1354512381287896,2.740941927488597,003054.npy,"(256, 256)","(128, 128)",2.0
62.89694292186374,0.016037663251053724,1.0087199901015977,0.13086496095127734,2.709445242357503,003055.npy,"(256, 256)","(128, 128)",2.0
27.940031683182127,0.03674743757978131,1.0267245702548473,0.22559928212398708,6.8312061230177665,003056.npy,"(256, 256)","(128, 128)",2.0
67.66523947623138,0.014887159164299401,1.0073431899730916,0.1343241160440673,5.630201119512839,003057.npy,"(256, 256)","(128, 128)",2.0
48.48414359715991,0.020775208804748632,1.0072682069504135,0.1556612047774378,5.13813660961394,003058.npy,"(256, 256)","(128, 128)",2.0
56.34742218012653,0.017824080889144625,1.0043410108333573,0.14218837165777481,4.497226580177274,003059.npy,"(256, 256)","(128, 128)",2.0
26.379632071167183,0.039086435144992354,1.0310857780984364,0.21080548908436014,4.361483958776813,003060.npy,"(256, 256)","(128, 128)",2.0
67.07109570710773,0.014920955190135542,1.0007648135990468,0.12233762980247699,1.9741464514667026,003061.npy,"(256, 256)","(128, 128)",2.0
71.80295431423053,0.013959131308354156,1.0023068676000986,0.1183940044501119,1.7750773401139182,003062.npy,"(256, 256)","(128, 128)",2.0
111.03606578721347,0.009032737639171345,1.0029596507416687,0.09537845678132213,1.6506814476459801,003063.npy,"(256, 256)","(128, 128)",2.0
57.39741911304701,0.017601264435605505,1.010267151730018,0.13790694085825753,2.72268414426386,003064.npy,"(256, 256)","(128, 128)",2.0
38.076853459166564,0.02678648245279212,1.0199449670415022,0.17768850145580561,4.132884130110442,003065.npy,"(256, 256)","(128, 128)",2.0
40.086371486187296,0.02543260893343411,1.0195010095685655,0.17438372739097066,3.844064047807387,003066.npy,"(256, 256)","(128, 128)",2.0
41.28977087554601,0.024630299965288014,1.016979442162711,0.16684129842336345,4.17452302277742,003067.npy,"(256, 256)","(128, 128)",2.0
35.98438840533208,0.02834965548195274,1.0201450140199393,0.2166228924033192,6.774237341369611,003068.npy,"(256, 256)","(128, 128)",2.0
38.48412581579623,0.026298157566511313,1.012061604513255,0.16835796526388608,4.472840718823123,003069.npy,"(256, 256)","(128, 128)",2.0
46.50021226921524,0.021707049169636936,1.00938239412641,0.1534782712865281,5.53418302635434,003070.npy,"(256, 256)","(128, 128)",2.0
48.09295624725264,0.020980290800202358,1.009004207508769,0.1500666570019987,3.776393020904993,003071.npy,"(256, 256)","(128, 128)",2.0
35.66775488230662,0.02860932142931258,1.020430264089843,0.19244676595773746,5.505478559956034,003072.npy,"(256, 256)","(128, 128)",2.0
61.881422596753296,0.01620003003303864,1.0024809045545593,0.1279048631012148,2.1347501291714006,003073.npy,"(256, 256)","(128, 128)",2.0
87.1667580684947,0.011493017742888882,1.0018090970713123,0.10727961076239124,1.8984226174369794,003074.npy,"(256, 256)","(128, 128)",2.0
85.08735654989144,0.011765168633477078,1.001067098386263,0.10881310644900193,2.0233526069460592,003075.npy,"(256, 256)","(128, 128)",2.0
38.993481347153036,0.026179739429438836,1.02083918111515,0.17652930349990376,4.792839260029383,003076.npy,"(256, 256)","(128, 128)",2.0
93.73557505816969,0.010724067592741185,1.0052266427682763,0.10532083077919523,2.2622453675683705,003077.npy,"(256, 256)","(128, 128)",2.0
69.12731888491876,0.014560283291494235,1.0065133461458766,0.12200072562298436,2.7423565324635484,003078.npy,"(256, 256)","(128, 128)",2.0
66.77645959960378,0.015051520931438297,1.0050872793907801,0.12424580003290352,2.7186949899564823,003079.npy,"(256, 256)","(128, 128)",2.0
58.573852234680004,0.017287965153057208,1.01262271631347,0.14284897670475913,4.070352513616123,003080.npy,"(256, 256)","(128, 128)",2.0
76.44913549793625,0.013128729592205055,1.0036800275102495,0.11797240596348693,3.1879708866271255,003081.npy,"(256, 256)","(128, 128)",2.0
70.08391833742274,0.014319018511865532,1.0035329240576285,0.12188068909926279,3.299430872241723,003082.npy,"(256, 256)","(128, 128)",2.0
51.198655512883306,0.019630514405172873,1.0050559445711393,0.14383058855388894,3.7849256601942343,003083.npy,"(256, 256)","(128, 128)",2.0
18.2742488405842,0.05747265589613691,1.0502696153752746,0.29624161541289973,7.698143696468632,003084.npy,"(256, 256)","(128, 128)",2.0
33.59586596263322,0.03048863712994789,1.0242921664010918,0.1872489047364425,5.507007027930428,003085.npy,"(256, 256)","(128, 128)",2.0
31.10463480299311,0.03308030451290206,1.0289507910456235,0.19589744210794582,5.049143877318538,003086.npy,"(256, 256)","(128, 128)",2.0
26.381909595900865,0.03894455493680644,1.0274317275954221,0.21218717860263012,5.074754827604384,003087.npy,"(256, 256)","(128, 128)",2.0
15.254527391337653,0.06909056055006843,1.0539438483938917,0.30888050766839764,7.8293913515946265,003088.npy,"(256, 256)","(128, 128)",2.0
27.05052510225711,0.038106205508414884,1.030792868657145,0.2258925007408642,5.696547292560559,003089.npy,"(256, 256)","(128, 128)",2.0
25.95118565916433,0.03966270562184648,1.0292942373373188,0.23024834176686315,6.425978515604229,003090.npy,"(256, 256)","(128, 128)",2.0
24.664118740824456,0.04193974153001506,1.0344067650557782,0.2386392596355614,7.8164131523955955,003091.npy,"(256, 256)","(128, 128)",2.0
54.8976690996954,0.018273427262165968,1.00316856315574,0.1374167534815722,3.8743858335830472,003092.npy,"(256, 256)","(128, 128)",2.0
44.448788869255665,0.022737948254882356,1.0106742613013262,0.1571253395821649,4.53072937613427,003093.npy,"(256, 256)","(128, 128)",2.0
46.845199891921425,0.021709180297632188,1.016970890532342,0.16655018690369602,4.730786727574374,003094.npy,"(256, 256)","(128, 128)",2.0
45.04943357456535,0.022545476367010736,1.0156609400025831,0.1689047022347462,4.364335578474399,003095.npy,"(256, 256)","(128, 128)",2.0
18.381550993344423,0.05629580682678649,1.034804243898043,0.28174250286339814,5.171649161052345,003096.npy,"(256, 256)","(128, 128)",2.0
24.49728599807394,0.04155911151978931,1.0180854407261282,0.2373935168147556,7.352962216948959,003097.npy,"(256, 256)","(128, 128)",2.0
21.546830160182594,0.047440443415166546,1.0221911769903462,0.2570980914680462,6.361899355902621,003098.npy,"(256, 256)","(128, 128)",2.0
26.234459444963594,0.03882944060188546,1.0186693847407868,0.22630674516949256,5.649524962642458,003099.npy,"(256, 256)","(128, 128)",2.0
8.298692718778048,0.12474730837744522,1.0352395797190643,0.42184400292029794,8.179060520777258,003100.npy,"(256, 256)","(128, 128)",2.0
13.293521671705182,0.08028010216768312,1.0672052779728018,0.32188493900235965,6.391675073381309,003101.npy,"(256, 256)","(128, 128)",2.0
12.615530787560607,0.08493378089409773,1.0714847277734167,0.33529725427895846,7.98615847683039,003102.npy,"(256, 256)","(128, 128)",2.0
13.951468588829366,0.07603013953595553,1.0607321035401973,0.3127486415268325,7.427681430251706,003103.npy,"(256, 256)","(128, 128)",2.0
51.90091694944318,0.019438752907042844,1.0088891002291778,0.1432008864035794,2.674765458884822,003104.npy,"(256, 256)","(128, 128)",2.0
41.557533014099995,0.02432289854712043,1.0107996593705622,0.17304552692736427,7.990904953994862,003105.npy,"(256, 256)","(128, 128)",2.0
51.05086559903278,0.01967710990172843,1.0045334929705352,0.14688778352616808,3.8222584292787936,003106.npy,"(256, 256)","(128, 128)",2.0
47.76632380644531,0.02114579511099136,1.0100568964163614,0.16403080015055763,6.652952219315737,003107.npy,"(256, 256)","(128, 128)",2.0
60.735262026789144,0.01650859128126384,1.002653617160726,0.129956953260409,3.3595779872364377,003108.npy,"(256, 256)","(128, 128)",2.0
85.64655973115651,0.011713134053842824,1.0031896353814929,0.11254210405587575,4.417150417069201,003109.npy,"(256, 256)","(128, 128)",2.0
68.1957812295864,0.014703158786286998,1.0026933999734993,0.12590848998030862,4.477637377687329,003110.npy,"(256, 256)","(128, 128)",2.0
75.74986229552658,0.013264974903868491,1.0048200223216541,0.12068360412204604,4.937222153208231,003111.npy,"(256, 256)","(128, 128)",2.0
45.714261943132385,0.022048404607308673,1.0079265436466756,0.16046014717683643,5.823166120052366,003112.npy,"(256, 256)","(128, 128)",2.0
15.795763405853211,0.06625480161965715,1.0465451708858444,0.3104864624712558,5.662784000327784,003113.npy,"(256, 256)","(128, 128)",2.0
15.073651251558768,0.06872337203682893,1.0359121429142852,0.309132751315809,6.0472949030541425,003114.npy,"(256, 256)","(128, 128)",2.0
14.636534985767499,0.0704994073645786,1.0318670423675296,0.3139791975177165,7.314955833492073,003115.npy,"(256, 256)","(128, 128)",2.0
83.03692962068973,0.012059942740616609,1.0014206165821293,0.10979273232645384,1.7019829405816544,003116.npy,"(256, 256)","(128, 128)",2.0
51.6920716293572,0.019315337814133207,0.9984498258334055,0.14030801935322565,3.9272378357560163,003117.npy,"(256, 256)","(128, 128)",2.0
37.15481917190434,0.026969471544608846,1.0020458384017614,0.16994550797005462,5.5042992094848415,003118.npy,"(256, 256)","(128, 128)",2.0
70.20559719191725,0.014275148378773386,1.0021953169350148,0.12202063176970464,3.770177814997255,003119.npy,"(256, 256)","(128, 128)",2.0
99.99087115746082,0.01001640291791981,1.0015488536269344,0.10033691968780564,1.494430137714265,003120.npy,"(256, 256)","(128, 128)",2.0
25.102505326001065,0.040950760091289534,1.0279666732953874,0.2443750751398912,7.97510772535344,003121.npy,"(256, 256)","(128, 128)",2.0
38.54454488266945,0.026350441143882523,1.0156657613485196,0.19247641141378743,7.295416635371308,003122.npy,"(256, 256)","(128, 128)",2.0
32.650776922651076,0.0312794601032441,1.0212986740919876,0.21382887291155506,6.549010069494523,003123.npy,"(256, 256)","(128, 128)",2.0
109.88438644599475,0.00910006856124707,0.9999554504691205,0.09541353721009706,1.7046778669021672,003124.npy,"(256, 256)","(128, 128)",2.0
94.15071890340867,0.01062249415091702,1.0001154608560912,0.10326824230095769,1.7308929022475095,003125.npy,"(256, 256)","(128, 128)",2.0
97.1973010784124,0.010304593341877935,1.0015786615411133,0.10196778852958974,1.9594678141857909,003126.npy,"(256, 256)","(128, 128)",2.0
97.43716538420495,0.010281917896907812,1.0018409345878232,0.10169433203741764,1.605178089328635,003127.npy,"(256, 256)","(128, 128)",2.0
61.377629794949954,0.01640495651492465,1.0068973477752976,0.12995260128960953,2.547835071032118,003128.npy,"(256, 256)","(128, 128)",2.0
100.4737760025954,0.009960694717446922,1.0007886098709973,0.10076735757808489,3.320151420312565,003129.npy,"(256, 256)","(128, 128)",2.0
61.950190386220086,0.016124493543227623,0.9989154448843278,0.12751974605384717,2.611600614220807,003130.npy,"(256, 256)","(128, 128)",2.0
67.72183459963789,0.014805533900752111,1.002657917986066,0.12332750923760415,2.7539457394387816,003131.npy,"(256, 256)","(128, 128)",2.0
30.99047496050112,0.032964988168764496,1.021600640417312,0.21286092815434776,6.040454956934748,003132.npy,"(256, 256)","(128, 128)",2.0
41.01628519573481,0.024599407458370533,1.0089763119586117,0.16294042451583018,3.7864668348225377,003133.npy,"(256, 256)","(128, 128)",2.0
32.44956780677387,0.03109693823048995,1.0090822056933424,0.1842142681276617,3.891992728577639,003134.npy,"(256, 256)","(128, 128)",2.0
44.69182586320334,0.022548469295811908,1.007732263250213,0.15569784958556812,3.4178801993738563,003135.npy,"(256, 256)","(128, 128)",2.0
12.921817206366192,0.08299859584081412,1.0724926838400655,0.3387708216647013,7.862141511112138,003136.npy,"(256, 256)","(128, 128)",2.0
15.361642355872922,0.06911833091549364,1.0617710797586881,0.3028295435417687,5.496697839907192,003137.npy,"(256, 256)","(128, 128)",2.0
14.786813188210049,0.07159746943350363,1.0586984052617974,0.3082091183801533,5.629162878129797,003138.npy,"(256, 256)","(128, 128)",2.0
14.67143011770528,0.07210589506942205,1.0578966005856154,0.30826038138611517,5.8713906008958485,003139.npy,"(256, 256)","(128, 128)",2.0
37.21665067080326,0.027242525535584067,1.0138755562482697,0.1774104312929562,4.8672049297693585,003140.npy,"(256, 256)","(128, 128)",2.0
34.066334770567295,0.02935250506816064,0.9999322640067336,0.17135269132729658,2.1757496137723344,003141.npy,"(256, 256)","(128, 128)",2.0
43.82749700547039,0.022769738647556905,0.9979406523911437,0.15056433570947217,2.018293323522387,003142.npy,"(256, 256)","(128, 128)",2.0
42.039684398472424,0.023811442643302438,1.0010255337967624,0.15427523987827585,1.9626652521257413,003143.npy,"(256, 256)","(128, 128)",2.0
76.60039402027246,0.013078774308420445,1.0018392653272226,0.120155029508036,4.448568761116527,003144.npy,"(256, 256)","(128, 128)",2.0
7.667782528971465,0.13845161617789467,1.0616168836367237,0.42742537668427405,6.18770479256221,003145.npy,"(256, 256)","(128, 128)",2.0
7.7641865957905285,0.13655206987606477,1.0602157505591938,0.4242459951376167,5.845387385122641,003146.npy,"(256, 256)","(128, 128)",2.0
8.04267718093065,0.13177201584045312,1.0597997848852443,0.417070544593429,6.391932413131805,003147.npy,"(256, 256)","(128, 128)",2.0
60.33999773133773,0.016782483449875766,1.0126550132917167,0.13673238546409708,3.7860791985526983,003148.npy,"(256, 256)","(128, 128)",2.0
63.68917795360393,0.015811458413639706,1.0070187886123074,0.1301344049805887,3.776511708278204,003149.npy,"(256, 256)","(128, 128)",2.0
63.66094508144372,0.015799556812855164,1.0058147185743227,0.1298520233996704,3.1667506284685834,003150.npy,"(256, 256)","(128, 128)",2.0
53.76312311507952,0.018710849965427555,1.005953730279063,0.14029554802671929,2.8163604286843182,003151.npy,"(256, 256)","(128, 128)",2.0
57.88064006213217,0.017526542022684666,1.014447470348845,0.14380889426638038,3.6188950232705825,003152.npy,"(256, 256)","(128, 128)",2.0
51.58527849934625,0.01963881429729852,1.0130737049230871,0.1457185636191707,2.846902745189691,003153.npy,"(256, 256)","(128, 128)",2.0
49.502613505265494,0.020501489110500423,1.0148772917195117,0.14860056420006892,2.962202249690496,003154.npy,"(256, 256)","(128, 128)",2.0
43.44917668224223,0.02331158981573806,1.0128693846479617,0.15797010768564274,2.941837502499398,003155.npy,"(256, 256)","(128, 128)",2.0
13.799054540209829,0.07687449169950547,1.0607953037123838,0.34542457327311205,9.284547361897852,003156.npy,"(256, 256)","(128, 128)",2.0
37.04369121281001,0.027323291156320186,1.0121555605124275,0.17453796147851436,3.8528057507637707,003157.npy,"(256, 256)","(128, 128)",2.0
35.24693439376138,0.028632632280603924,1.0092125115151407,0.17694397982640855,3.619675023808321,003158.npy,"(256, 256)","(128, 128)",2.0
44.75620840619464,0.02261444563027342,1.0121368416190748,0.1589043427395119,3.7668308650895197,003159.npy,"(256, 256)","(128, 128)",2.0
29.631664020729477,0.03438241738333164,1.018808240123372,0.22131153331769218,6.068544640239325,003160.npy,"(256, 256)","(128, 128)",2.0
50.0987961401112,0.020155486079646494,1.0097655882090588,0.15863056342458726,5.490079733972654,003161.npy,"(256, 256)","(128, 128)",2.0
23.69530825944584,0.04332332469187942,1.0265595333981443,0.2714942952465098,7.4037752789184506,003162.npy,"(256, 256)","(128, 128)",2.0
34.60821366900289,0.029387498524283292,1.0170488281259034,0.1972489368513899,7.851293426082175,003163.npy,"(256, 256)","(128, 128)",2.0
18.820127074127697,0.05589637381498284,1.051976858180921,0.2983737123155107,6.64350899213274,003164.npy,"(256, 256)","(128, 128)",2.0
69.02886489417699,0.014648754160202632,1.0111868717926407,0.1262268938765975,2.708324597121927,003165.npy,"(256, 256)","(128, 128)",2.0
50.52324725964488,0.020030242740630106,1.0119929066555617,0.1462359857689379,2.758180472026038,003166.npy,"(256, 256)","(128, 128)",2.0
68.66912246159974,0.014732340024337652,1.0116568612771695,0.1263455995945586,2.8576252070269095,003167.npy,"(256, 256)","(128, 128)",2.0
35.58329833537892,0.02842490348251357,1.0114518207726315,0.17453622866937554,3.1872730830198983,003168.npy,"(256, 256)","(128, 128)",2.0
23.195360299733707,0.04360018178219171,1.0113219255718224,0.21562860854728927,4.010075241139445,003169.npy,"(256, 256)","(128, 128)",2.0
20.003825715418483,0.05061475567377587,1.0124887511267013,0.23339456360087485,6.658468105910669,003170.npy,"(256, 256)","(128, 128)",2.0
24.1336671331396,0.041869691926861644,1.0104692079299813,0.2117924676748977,3.7232856386633206,003171.npy,"(256, 256)","(128, 128)",2.0
96.50029991857205,0.010371939981781736,1.0008953189793663,0.10299538958638506,3.5441715531349165,003172.npy,"(256, 256)","(128, 128)",2.0
80.73729043510477,0.012434885187180106,1.0039589368845423,0.11384763874226184,3.4293540361009205,003173.npy,"(256, 256)","(128, 128)",2.0
69.52499934853478,0.014436739176801858,1.0037142818621156,0.12172442160711923,2.6848363696435507,003174.npy,"(256, 256)","(128, 128)",2.0
68.30715592763944,0.014697936009609681,1.0039742068228752,0.1232448098417942,2.9689269178421287,003175.npy,"(256, 256)","(128, 128)",2.0
21.638593001434128,0.04790135781745075,1.0365179860278817,0.24323310063404158,4.8609020590900505,003176.npy,"(256, 256)","(128, 128)",2.0
20.648763619441723,0.05044981185409971,1.041726239620614,0.26895766058307147,7.3489801233693886,003177.npy,"(256, 256)","(128, 128)",2.0
20.145687639548235,0.05171330921864027,1.0418001743260972,0.27139513588179764,7.443322615742425,003178.npy,"(256, 256)","(128, 128)",2.0
17.810262824266665,0.058839116756911676,1.0479401337883099,0.29217504578076375,8.393066342697988,003179.npy,"(256, 256)","(128, 128)",2.0
80.27752386899472,0.012492447360687322,1.0028627411797366,0.11245209952755775,2.384113347106485,003180.npy,"(256, 256)","(128, 128)",2.0
32.83687110231093,0.030882873875755036,1.0140969487270937,0.18543588822820473,5.302874120373627,003181.npy,"(256, 256)","(128, 128)",2.0
35.107796860347186,0.02888355891818479,1.0140381191035008,0.17931494440527265,4.339369711396416,003182.npy,"(256, 256)","(128, 128)",2.0
40.76765755579126,0.024868075197053634,1.0138131737051488,0.16784091853319913,4.87792777404945,003183.npy,"(256, 256)","(128, 128)",2.0
12.928016361033933,0.08218794422837362,1.0625270876641586,0.34508141309245133,6.515982171242766,003184.npy,"(256, 256)","(128, 128)",2.0
18.07641519926179,0.05778925521319083,1.0446225712897412,0.2710245918859695,5.613091723175741,003185.npy,"(256, 256)","(128, 128)",2.0
18.003130741165517,0.0579136296206795,1.042626645756529,0.269727624655576,4.987422485115947,003186.npy,"(256, 256)","(128, 128)",2.0
16.888326353788127,0.061428745067817175,1.0374286942089492,0.2720480652173298,5.046459280703995,003187.npy,"(256, 256)","(128, 128)",2.0
73.00482700259761,0.013695232840083994,0.9998181042506255,0.11700856731676419,1.7693559018386968,003188.npy,"(256, 256)","(128, 128)",2.0
33.01445031083718,0.03072861203808878,1.0144882352524751,0.18126004889129185,3.861790591443211,003189.npy,"(256, 256)","(128, 128)",2.0
34.75851640468112,0.029147751570431004,1.0131326011203958,0.1797630618878987,5.583052143217444,003190.npy,"(256, 256)","(128, 128)",2.0
32.82794443783224,0.030926233934473364,1.0152446892722935,0.18486232420020257,5.707159558490499,003191.npy,"(256, 256)","(128, 128)",2.0
51.71374034880272,0.01948820404014826,1.0078079235967152,0.15186191511340313,5.723917887153021,003192.npy,"(256, 256)","(128, 128)",2.0
57.934676898829586,0.017448968472689053,1.0109003506831042,0.14757668463718526,4.5445202390863795,003193.npy,"(256, 256)","(128, 128)",2.0
46.82309596056644,0.021611985378975976,1.011940065298151,0.1636014912534672,6.325679687939352,003194.npy,"(256, 256)","(128, 128)",2.0
54.81911985963745,0.018421764793447776,1.009864932238063,0.1514628333099417,5.253166404551942,003195.npy,"(256, 256)","(128, 128)",2.0
22.730849244579897,0.04503488756881556,1.0236812400733517,0.2650204622510476,9.363793743011158,003196.npy,"(256, 256)","(128, 128)",2.0
18.841166484303404,0.0545617410561521,1.028006846912414,0.2890325573995375,8.346547992864513,003197.npy,"(256, 256)","(128, 128)",2.0
17.91099970407241,0.05741137652801854,1.0282951480037297,0.2891056020068349,8.971470968036632,003198.npy,"(256, 256)","(128, 128)",2.0
20.02217598168077,0.05129496027023762,1.027036721504021,0.28395059488963553,8.978719394186543,003199.npy,"(256, 256)","(128, 128)",2.0
