file,shape,dtype,min,max,mean,std
000000.npy,"(256, 256)",float32,0.0,1.0,0.21819251775741577,0.2395055592060089
000001.npy,"(256, 256)",float32,0.0,1.0,0.3265194594860077,0.15751011669635773
000002.npy,"(256, 256)",float32,0.0,1.0,0.30539199709892273,0.15157465636730194
000003.npy,"(256, 256)",float32,0.0,1.0,0.29946306347846985,0.14394237101078033
000004.npy,"(256, 256)",float32,0.0,1.0,0.3573180139064789,0.18404711782932281
000005.npy,"(256, 256)",float32,0.0,1.0,0.26813095808029175,0.05756101384758949
000006.npy,"(256, 256)",float32,0.0,1.0,0.2682986259460449,0.05740673840045929
000007.npy,"(256, 256)",float32,0.0,1.0,0.2674599885940552,0.05786827951669693
000008.npy,"(256, 256)",float32,0.0,1.0,0.5247976779937744,0.22871150076389313
000009.npy,"(256, 256)",float32,0.0,1.0,0.5286860466003418,0.219087153673172
000010.npy,"(256, 256)",float32,0.0,1.0,0.4971145987510681,0.2052314430475235
000011.npy,"(256, 256)",float32,0.0,1.0,0.5361909866333008,0.2197335958480835
000012.npy,"(256, 256)",float32,0.0,1.0,0.25262999534606934,0.18360508978366852
000013.npy,"(256, 256)",float32,0.0,1.0,0.7827011346817017,0.24861189723014832
000014.npy,"(256, 256)",float32,0.0,1.0,0.7956048250198364,0.23681671917438507
000015.npy,"(256, 256)",float32,0.0,1.0,0.760299801826477,0.2678641974925995
000016.npy,"(256, 256)",float32,0.0,1.0,0.798313558101654,0.1914239376783371
000017.npy,"(256, 256)",float32,0.0,1.0,0.5930761098861694,0.19894270598888397
000018.npy,"(256, 256)",float32,0.0,1.0,0.5999201536178589,0.19467541575431824
000019.npy,"(256, 256)",float32,0.0,1.0,0.5951474905014038,0.1982548087835312
000020.npy,"(256, 256)",float32,0.0,1.0,0.5857430696487427,0.19666044414043427
000021.npy,"(256, 256)",float32,0.0,1.0,0.3839006721973419,0.13945521414279938
000022.npy,"(256, 256)",float32,0.0,1.0,0.3717043995857239,0.13415004312992096
000023.npy,"(256, 256)",float32,0.0,1.0,0.37156081199645996,0.13353024423122406
000024.npy,"(256, 256)",float32,0.0,1.0,0.3919004499912262,0.18970657885074615
000025.npy,"(256, 256)",float32,0.0,1.0,0.2421562224626541,0.15690040588378906
000026.npy,"(256, 256)",float32,0.0,1.0,0.24135351181030273,0.15476641058921814
000027.npy,"(256, 256)",float32,0.0,1.0,0.24094393849372864,0.1544937789440155
000028.npy,"(256, 256)",float32,0.0,1.0,0.6826687455177307,0.20872391760349274
000029.npy,"(256, 256)",float32,0.0,1.0,0.5083960294723511,0.18749727308750153
000030.npy,"(256, 256)",float32,0.0,1.0,0.49122780561447144,0.18888460099697113
000031.npy,"(256, 256)",float32,0.0,1.0,0.508265495300293,0.18755531311035156
000032.npy,"(256, 256)",float32,0.0,1.0,0.6567187905311584,0.2924383878707886
000033.npy,"(256, 256)",float32,0.0,1.0,0.5857222080230713,0.3082139194011688
000034.npy,"(256, 256)",float32,0.0,1.0,0.6352777481079102,0.3003483712673187
000035.npy,"(256, 256)",float32,0.0,1.0,0.5904329419136047,0.3065716624259949
000036.npy,"(256, 256)",float32,0.0,1.0,0.39969712495803833,0.09860200434923172
000037.npy,"(256, 256)",float32,0.0,1.0,0.6059940457344055,0.18124759197235107
000038.npy,"(256, 256)",float32,0.0,1.0,0.590570330619812,0.17016558349132538
000039.npy,"(256, 256)",float32,0.0,1.0,0.5931395292282104,0.17871145904064178
000040.npy,"(256, 256)",float32,0.0,1.0,0.4605054259300232,0.17397117614746094
000041.npy,"(256, 256)",float32,0.0,1.0,0.3893156051635742,0.24827079474925995
000042.npy,"(256, 256)",float32,0.0,1.0,0.3692658841609955,0.2541308104991913
000043.npy,"(256, 256)",float32,0.0,1.0,0.3775860071182251,0.257782518863678
000044.npy,"(256, 256)",float32,0.0,1.0,0.34840112924575806,0.30329573154449463
000045.npy,"(256, 256)",float32,0.0,1.0,0.5309340357780457,0.18813757598400116
000046.npy,"(256, 256)",float32,0.0,1.0,0.5324128866195679,0.19624263048171997
000047.npy,"(256, 256)",float32,0.0,1.0,0.53110671043396,0.1909523457288742
000048.npy,"(256, 256)",float32,0.0,1.0,0.184197336435318,0.2473462074995041
000049.npy,"(256, 256)",float32,0.0,1.0,0.4743168354034424,0.13608360290527344
000050.npy,"(256, 256)",float32,0.0,1.0,0.47780731320381165,0.1366328001022339
000051.npy,"(256, 256)",float32,0.0,1.0,0.4768681526184082,0.13750945031642914
000052.npy,"(256, 256)",float32,0.0,1.0,0.6561179757118225,0.10555342584848404
000053.npy,"(256, 256)",float32,0.0,1.0,0.41089385747909546,0.22424548864364624
000054.npy,"(256, 256)",float32,0.0,1.0,0.41071775555610657,0.21521155536174774
000055.npy,"(256, 256)",float32,0.0,1.0,0.3278080224990845,0.19726614654064178
000056.npy,"(256, 256)",float32,0.0,1.0,0.32294943928718567,0.23804894089698792
000057.npy,"(256, 256)",float32,0.0,1.0,0.5099524855613708,0.1805441826581955
000058.npy,"(256, 256)",float32,0.0,1.0,0.5187370181083679,0.18289586901664734
000059.npy,"(256, 256)",float32,0.0,1.0,0.5079063177108765,0.17899690568447113
000060.npy,"(256, 256)",float32,0.0,1.0,0.5940645337104797,0.23212707042694092
000061.npy,"(256, 256)",float32,0.0,1.0,0.4461348056793213,0.1215784028172493
000062.npy,"(256, 256)",float32,0.0,1.0,0.4349095821380615,0.12354719638824463
000063.npy,"(256, 256)",float32,0.0,1.0,0.4863748550415039,0.11535846441984177
000064.npy,"(256, 256)",float32,0.0,1.0,0.7370249032974243,0.28671273589134216
000065.npy,"(256, 256)",float32,0.0,1.0,0.3758687376976013,0.1415325403213501
000066.npy,"(256, 256)",float32,0.0,1.0,0.3727946877479553,0.1443699151277542
000067.npy,"(256, 256)",float32,0.0,1.0,0.45428866147994995,0.17701511085033417
000068.npy,"(256, 256)",float32,0.0,1.0,0.537845253944397,0.23685258626937866
000069.npy,"(256, 256)",float32,0.0,1.0,0.16875317692756653,0.15721794962882996
000070.npy,"(256, 256)",float32,0.0,1.0,0.16983915865421295,0.156873881816864
000071.npy,"(256, 256)",float32,0.0,1.0,0.16850398480892181,0.15699709951877594
000072.npy,"(256, 256)",float32,0.0,1.0,0.3663230538368225,0.2756536900997162
000073.npy,"(256, 256)",float32,0.0,1.0,0.5070362091064453,0.2716778516769409
000074.npy,"(256, 256)",float32,0.0,1.0,0.5051900148391724,0.274997740983963
000075.npy,"(256, 256)",float32,0.0,1.0,0.5027741193771362,0.27461785078048706
000076.npy,"(256, 256)",float32,0.0,1.0,0.28637054562568665,0.20243202149868011
000077.npy,"(256, 256)",float32,0.0,1.0,0.1693154126405716,0.1212739646434784
000078.npy,"(256, 256)",float32,0.0,1.0,0.2315443456172943,0.12257569283246994
000079.npy,"(256, 256)",float32,0.0,1.0,0.16708603501319885,0.10402742028236389
000080.npy,"(256, 256)",float32,0.0,1.0,0.6011473536491394,0.15880943834781647
000081.npy,"(256, 256)",float32,0.0,1.0,0.22418439388275146,0.22569043934345245
000082.npy,"(256, 256)",float32,0.0,1.0,0.21772220730781555,0.23440080881118774
000083.npy,"(256, 256)",float32,0.0,1.0,0.21129214763641357,0.23369082808494568
000084.npy,"(256, 256)",float32,0.0,1.0,0.3185747563838959,0.15700273215770721
000085.npy,"(256, 256)",float32,0.0,1.0,0.6014708280563354,0.26942145824432373
000086.npy,"(256, 256)",float32,0.0,1.0,0.5367860794067383,0.28538596630096436
000087.npy,"(256, 256)",float32,0.0,1.0,0.5743809938430786,0.27845579385757446
000088.npy,"(256, 256)",float32,0.0,1.0,0.5806182622909546,0.34501221776008606
000089.npy,"(256, 256)",float32,0.0,1.0,0.46635714173316956,0.1632584035396576
000090.npy,"(256, 256)",float32,0.0,1.0,0.48043137788772583,0.16221828758716583
000091.npy,"(256, 256)",float32,0.0,1.0,0.4852854311466217,0.16085074841976166
000092.npy,"(256, 256)",float32,0.0,1.0,0.3373020589351654,0.14542412757873535
000093.npy,"(256, 256)",float32,0.0,1.0,0.15362995862960815,0.11855875700712204
000094.npy,"(256, 256)",float32,0.0,1.0,0.16786649823188782,0.13229455053806305
000095.npy,"(256, 256)",float32,0.0,1.0,0.15064746141433716,0.1186293438076973
000096.npy,"(256, 256)",float32,0.0,1.0,0.47883424162864685,0.22899934649467468
000097.npy,"(256, 256)",float32,0.0,1.0,0.33747392892837524,0.18561778962612152
000098.npy,"(256, 256)",float32,0.0,1.0,0.3408281207084656,0.1759774535894394
000099.npy,"(256, 256)",float32,0.0,1.0,0.3397713303565979,0.18426135182380676
000100.npy,"(256, 256)",float32,0.0,1.0,0.325644314289093,0.2479255646467209
000101.npy,"(256, 256)",float32,0.0,1.0,0.5187991857528687,0.19901257753372192
000102.npy,"(256, 256)",float32,0.0,1.0,0.509813666343689,0.19764971733093262
000103.npy,"(256, 256)",float32,0.0,1.0,0.5142685770988464,0.2034704089164734
000104.npy,"(256, 256)",float32,0.0,1.0,0.6023604273796082,0.26543501019477844
000105.npy,"(256, 256)",float32,0.0,1.0,0.315208375453949,0.2844921350479126
000106.npy,"(256, 256)",float32,0.0,1.0,0.20914876461029053,0.19592277705669403
000107.npy,"(256, 256)",float32,0.0,1.0,0.26445624232292175,0.2480010986328125
000108.npy,"(256, 256)",float32,0.0,1.0,0.313111811876297,0.2097572535276413
000109.npy,"(256, 256)",float32,0.0,1.0,0.25047212839126587,0.2607796788215637
000110.npy,"(256, 256)",float32,0.0,1.0,0.17975978553295135,0.19157129526138306
000111.npy,"(256, 256)",float32,0.0,1.0,0.17301754653453827,0.18375399708747864
000112.npy,"(256, 256)",float32,0.0,1.0,0.35213029384613037,0.19236351549625397
000113.npy,"(256, 256)",float32,0.0,1.0,0.46788856387138367,0.14634740352630615
000114.npy,"(256, 256)",float32,0.0,1.0,0.46796002984046936,0.14721354842185974
000115.npy,"(256, 256)",float32,0.0,1.0,0.7735176086425781,0.10238009691238403
000116.npy,"(256, 256)",float32,0.0,1.0,0.4893094301223755,0.1606844961643219
000117.npy,"(256, 256)",float32,0.0,1.0,0.3715943396091461,0.13687017560005188
000118.npy,"(256, 256)",float32,0.0,1.0,0.37495118379592896,0.13649582862854004
000119.npy,"(256, 256)",float32,0.0,1.0,0.389099657535553,0.12833136320114136
000120.npy,"(256, 256)",float32,0.0,1.0,0.6262884736061096,0.2964068651199341
000121.npy,"(256, 256)",float32,0.0,1.0,0.24640968441963196,0.23725013434886932
000122.npy,"(256, 256)",float32,0.0,1.0,0.28515130281448364,0.26693195104599
000123.npy,"(256, 256)",float32,0.0,1.0,0.2729067802429199,0.2631516754627228
000124.npy,"(256, 256)",float32,0.0,1.0,0.35004234313964844,0.2152777761220932
000125.npy,"(256, 256)",float32,0.0,1.0,0.31395161151885986,0.22898082435131073
000126.npy,"(256, 256)",float32,0.0,1.0,0.30565857887268066,0.22723498940467834
000127.npy,"(256, 256)",float32,0.0,1.0,0.29418039321899414,0.22842557728290558
000128.npy,"(256, 256)",float32,0.0,1.0,0.5628078579902649,0.19502367079257965
000129.npy,"(256, 256)",float32,0.0,1.0,0.4345318377017975,0.1727851778268814
000130.npy,"(256, 256)",float32,0.0,1.0,0.41604340076446533,0.16975446045398712
000131.npy,"(256, 256)",float32,0.0,1.0,0.41446226835250854,0.16984575986862183
000132.npy,"(256, 256)",float32,0.0,1.0,0.7153736352920532,0.08392298221588135
000133.npy,"(256, 256)",float32,0.0,1.0,0.6008962392807007,0.1234365925192833
000134.npy,"(256, 256)",float32,0.0,1.0,0.29287704825401306,0.06487561762332916
000135.npy,"(256, 256)",float32,0.0,1.0,0.5787246227264404,0.125335231423378
000136.npy,"(256, 256)",float32,0.0,1.0,0.24869754910469055,0.23844940960407257
000137.npy,"(256, 256)",float32,0.0,1.0,0.10799351334571838,0.10133342444896698
000138.npy,"(256, 256)",float32,0.0,1.0,0.10822677612304688,0.10191287845373154
000139.npy,"(256, 256)",float32,0.0,1.0,0.09737902879714966,0.09659124165773392
000140.npy,"(256, 256)",float32,0.0,1.0,0.46188101172447205,0.23706784844398499
000141.npy,"(256, 256)",float32,0.0,1.0,0.47052133083343506,0.2518211603164673
000142.npy,"(256, 256)",float32,0.0,1.0,0.4868512749671936,0.2478359192609787
000143.npy,"(256, 256)",float32,0.0,1.0,0.46737998723983765,0.25016656517982483
000144.npy,"(256, 256)",float32,0.0,1.0,0.40453407168388367,0.1519020050764084
000145.npy,"(256, 256)",float32,0.0,1.0,0.46008965373039246,0.2093982845544815
000146.npy,"(256, 256)",float32,0.0,1.0,0.4556198716163635,0.21111458539962769
000147.npy,"(256, 256)",float32,0.0,1.0,0.4616115689277649,0.2070251703262329
000148.npy,"(256, 256)",float32,0.0,1.0,0.4555557370185852,0.20454567670822144
000149.npy,"(256, 256)",float32,0.0,1.0,0.5775808095932007,0.2378896027803421
000150.npy,"(256, 256)",float32,0.0,1.0,0.5654392242431641,0.23680643737316132
000151.npy,"(256, 256)",float32,0.0,1.0,0.5761163234710693,0.23697294294834137
000152.npy,"(256, 256)",float32,0.0,1.0,0.33112573623657227,0.1843852549791336
000153.npy,"(256, 256)",float32,0.0,1.0,0.46420204639434814,0.20646317303180695
000154.npy,"(256, 256)",float32,0.0,1.0,0.5643766522407532,0.17809197306632996
000155.npy,"(256, 256)",float32,0.0,1.0,0.409284770488739,0.22328175604343414
000156.npy,"(256, 256)",float32,0.0,1.0,0.27993953227996826,0.2410210222005844
000157.npy,"(256, 256)",float32,0.0,1.0,0.11898790299892426,0.09487003833055496
000158.npy,"(256, 256)",float32,0.0,1.0,0.11385510861873627,0.0919186919927597
000159.npy,"(256, 256)",float32,0.0,1.0,0.1109035387635231,0.09128829091787338
000160.npy,"(256, 256)",float32,0.0,1.0,0.3257507383823395,0.18245510756969452
000161.npy,"(256, 256)",float32,0.0,1.0,0.29877564311027527,0.18348102271556854
000162.npy,"(256, 256)",float32,0.0,1.0,0.3119610846042633,0.19814196228981018
000163.npy,"(256, 256)",float32,0.0,1.0,0.30215054750442505,0.18912887573242188
000164.npy,"(256, 256)",float32,0.0,1.0,0.5529496669769287,0.14495061337947845
000165.npy,"(256, 256)",float32,0.0,1.0,0.4812222719192505,0.13125744462013245
000166.npy,"(256, 256)",float32,0.0,1.0,0.43419963121414185,0.12550021708011627
000167.npy,"(256, 256)",float32,0.0,1.0,0.3951932191848755,0.1084650531411171
000168.npy,"(256, 256)",float32,0.0,1.0,0.575614333152771,0.22227637469768524
000169.npy,"(256, 256)",float32,0.0,1.0,0.6789947152137756,0.14833471179008484
000170.npy,"(256, 256)",float32,0.0,1.0,0.7198458909988403,0.14076006412506104
000171.npy,"(256, 256)",float32,0.0,1.0,0.31302762031555176,0.10117598623037338
000172.npy,"(256, 256)",float32,0.0,1.0,0.7091213464736938,0.10130643844604492
000173.npy,"(256, 256)",float32,0.0,1.0,0.4920806884765625,0.1865045130252838
000174.npy,"(256, 256)",float32,0.0,1.0,0.45806193351745605,0.16937477886676788
000175.npy,"(256, 256)",float32,0.0,1.0,0.4532487988471985,0.17090335488319397
000176.npy,"(256, 256)",float32,0.0,1.0,0.37859487533569336,0.1366557627916336
000177.npy,"(256, 256)",float32,0.0,1.0,0.5263255834579468,0.15860190987586975
000178.npy,"(256, 256)",float32,0.0,1.0,0.7307027578353882,0.09649839997291565
000179.npy,"(256, 256)",float32,0.0,1.0,0.5186667442321777,0.17085985839366913
000180.npy,"(256, 256)",float32,0.0,1.0,0.08899404108524323,0.15808652341365814
000181.npy,"(256, 256)",float32,0.0,1.0,0.2637867331504822,0.19906793534755707
000182.npy,"(256, 256)",float32,0.0,1.0,0.26092857122421265,0.20041199028491974
000183.npy,"(256, 256)",float32,0.0,1.0,0.264858603477478,0.2000608742237091
000184.npy,"(256, 256)",float32,0.0,1.0,0.504184365272522,0.21452464163303375
000185.npy,"(256, 256)",float32,0.0,1.0,0.22411468625068665,0.1763431876897812
000186.npy,"(256, 256)",float32,0.0,1.0,0.22425243258476257,0.18241459131240845
000187.npy,"(256, 256)",float32,0.0,1.0,0.22362452745437622,0.1761387139558792
000188.npy,"(256, 256)",float32,0.0,1.0,0.29056137800216675,0.15956932306289673
000189.npy,"(256, 256)",float32,0.0,1.0,0.3331930637359619,0.1932796984910965
000190.npy,"(256, 256)",float32,0.0,1.0,0.3291112780570984,0.19444987177848816
000191.npy,"(256, 256)",float32,0.0,1.0,0.3317960500717163,0.18888093531131744
000192.npy,"(256, 256)",float32,0.0,1.0,0.6787471771240234,0.0639704242348671
000193.npy,"(256, 256)",float32,0.0,1.0,0.20907819271087646,0.20717430114746094
000194.npy,"(256, 256)",float32,0.0,1.0,0.2034434676170349,0.20125870406627655
000195.npy,"(256, 256)",float32,0.0,1.0,0.19943048059940338,0.1993733048439026
000196.npy,"(256, 256)",float32,0.0,1.0,0.5031963586807251,0.12037539482116699
000197.npy,"(256, 256)",float32,0.0,1.0,0.5435313582420349,0.1326165646314621
000198.npy,"(256, 256)",float32,0.0,1.0,0.5601018071174622,0.12496449798345566
000199.npy,"(256, 256)",float32,0.0,1.0,0.5426502823829651,0.13158926367759705
000200.npy,"(256, 256)",float32,0.0,1.0,0.44616878032684326,0.15402446687221527
000201.npy,"(256, 256)",float32,0.0,1.0,0.5710220336914062,0.31496331095695496
000202.npy,"(256, 256)",float32,0.0,1.0,0.5581059455871582,0.30374518036842346
000203.npy,"(256, 256)",float32,0.0,1.0,0.5577970743179321,0.3075394928455353
000204.npy,"(256, 256)",float32,0.0,1.0,0.47008439898490906,0.19655191898345947
000205.npy,"(256, 256)",float32,0.0,1.0,0.4282218813896179,0.20989400148391724
000206.npy,"(256, 256)",float32,0.0,1.0,0.39613306522369385,0.20234376192092896
000207.npy,"(256, 256)",float32,0.0,1.0,0.3812107443809509,0.20427781343460083
000208.npy,"(256, 256)",float32,0.0,1.0,0.4898759722709656,0.18706686794757843
000209.npy,"(256, 256)",float32,0.0,1.0,0.47286665439605713,0.19206401705741882
000210.npy,"(256, 256)",float32,0.0,1.0,0.459921658039093,0.19053032994270325
000211.npy,"(256, 256)",float32,0.0,1.0,0.4286835789680481,0.19347167015075684
000212.npy,"(256, 256)",float32,0.0,1.0,0.21227481961250305,0.18540561199188232
000213.npy,"(256, 256)",float32,0.0,1.0,0.26173290610313416,0.16996191442012787
000214.npy,"(256, 256)",float32,0.0,1.0,0.4164040684700012,0.20257288217544556
000215.npy,"(256, 256)",float32,0.0,1.0,0.31599700450897217,0.15389056503772736
000216.npy,"(256, 256)",float32,0.0,1.0,0.14275941252708435,0.10330156236886978
000217.npy,"(256, 256)",float32,0.0,1.0,0.3716982305049896,0.28766754269599915
000218.npy,"(256, 256)",float32,0.0,1.0,0.5328992009162903,0.3618047535419464
000219.npy,"(256, 256)",float32,0.0,1.0,0.5548056960105896,0.3633115589618683
000220.npy,"(256, 256)",float32,0.0,1.0,0.3042337894439697,0.12110047787427902
000221.npy,"(256, 256)",float32,0.0,1.0,0.4220452606678009,0.2647716999053955
000222.npy,"(256, 256)",float32,0.0,1.0,0.39301592111587524,0.2567586600780487
000223.npy,"(256, 256)",float32,0.0,1.0,0.464469850063324,0.2880024015903473
000224.npy,"(256, 256)",float32,0.0,1.0,0.43680158257484436,0.15683545172214508
000225.npy,"(256, 256)",float32,0.0,1.0,0.2384462058544159,0.08589576929807663
000226.npy,"(256, 256)",float32,0.0,1.0,0.2856968343257904,0.11184079945087433
000227.npy,"(256, 256)",float32,0.0,1.0,0.27702048420906067,0.10799872130155563
000228.npy,"(256, 256)",float32,0.0,1.0,0.283530592918396,0.2623865604400635
000229.npy,"(256, 256)",float32,0.0,1.0,0.5509884357452393,0.214136004447937
000230.npy,"(256, 256)",float32,0.0,1.0,0.5625692009925842,0.21122229099273682
000231.npy,"(256, 256)",float32,0.0,1.0,0.5635021328926086,0.21008169651031494
000232.npy,"(256, 256)",float32,0.0,1.0,0.20337560772895813,0.14868895709514618
000233.npy,"(256, 256)",float32,0.0,1.0,0.20586806535720825,0.1208219826221466
000234.npy,"(256, 256)",float32,0.0,1.0,0.20519347488880157,0.11771206557750702
000235.npy,"(256, 256)",float32,0.0,1.0,0.20359137654304504,0.11708232760429382
000236.npy,"(256, 256)",float32,0.0,1.0,0.4315483868122101,0.22546279430389404
000237.npy,"(256, 256)",float32,0.0,1.0,0.3916119337081909,0.15979605913162231
000238.npy,"(256, 256)",float32,0.0,1.0,0.4219781160354614,0.1684878170490265
000239.npy,"(256, 256)",float32,0.0,1.0,0.4596629738807678,0.16263507306575775
000240.npy,"(256, 256)",float32,0.0,1.0,0.31379544734954834,0.21666517853736877
000241.npy,"(256, 256)",float32,0.0,1.0,0.8941943645477295,0.13402889668941498
000242.npy,"(256, 256)",float32,0.0,1.0,0.8826898336410522,0.14809705317020416
000243.npy,"(256, 256)",float32,0.0,1.0,0.8947333097457886,0.13409043848514557
000244.npy,"(256, 256)",float32,0.0,1.0,0.3847425580024719,0.26319870352745056
000245.npy,"(256, 256)",float32,0.0,1.0,0.7434926629066467,0.11441992968320847
000246.npy,"(256, 256)",float32,0.0,1.0,0.6836284399032593,0.14410854876041412
000247.npy,"(256, 256)",float32,0.0,1.0,0.7086330652236938,0.12813213467597961
000248.npy,"(256, 256)",float32,0.0,1.0,0.426862508058548,0.33405494689941406
000249.npy,"(256, 256)",float32,0.0,1.0,0.13996918499469757,0.1618213951587677
000250.npy,"(256, 256)",float32,0.0,1.0,0.17927926778793335,0.175542414188385
000251.npy,"(256, 256)",float32,0.0,1.0,0.13988041877746582,0.16172824800014496
000252.npy,"(256, 256)",float32,0.0,1.0,0.6861652135848999,0.2320827841758728
000253.npy,"(256, 256)",float32,0.0,1.0,0.8075115084648132,0.17648190259933472
000254.npy,"(256, 256)",float32,0.0,1.0,0.7038630247116089,0.23236782848834991
000255.npy,"(256, 256)",float32,0.0,1.0,0.811545729637146,0.1683395504951477
000256.npy,"(256, 256)",float32,0.0,1.0,0.8023391962051392,0.19668792188167572
000257.npy,"(256, 256)",float32,0.0,1.0,0.45413926243782043,0.23891910910606384
000258.npy,"(256, 256)",float32,0.0,1.0,0.4539062976837158,0.23900040984153748
000259.npy,"(256, 256)",float32,0.0,1.0,0.40205317735671997,0.23264895379543304
000260.npy,"(256, 256)",float32,0.0,1.0,0.24143947660923004,0.12413535267114639
000261.npy,"(256, 256)",float32,0.0,1.0,0.2529391348361969,0.21553948521614075
000262.npy,"(256, 256)",float32,0.0,1.0,0.24666959047317505,0.2305343598127365
000263.npy,"(256, 256)",float32,0.0,1.0,0.24446770548820496,0.22301453351974487
000264.npy,"(256, 256)",float32,0.0,1.0,0.4331939220428467,0.25848233699798584
000265.npy,"(256, 256)",float32,0.0,1.0,0.2465919554233551,0.13882511854171753
000266.npy,"(256, 256)",float32,0.0,1.0,0.24390307068824768,0.13880282640457153
000267.npy,"(256, 256)",float32,0.0,1.0,0.24443909525871277,0.14183169603347778
000268.npy,"(256, 256)",float32,0.0,1.0,0.5385085344314575,0.25702720880508423
000269.npy,"(256, 256)",float32,0.0,1.0,0.12229480594396591,0.0933413878083229
000270.npy,"(256, 256)",float32,0.0,1.0,0.12184228003025055,0.09265691787004471
000271.npy,"(256, 256)",float32,0.0,1.0,0.12400613725185394,0.0924823209643364
000272.npy,"(256, 256)",float32,0.0,1.0,0.608710765838623,0.27638208866119385
000273.npy,"(256, 256)",float32,0.0,1.0,0.4647626578807831,0.15112259984016418
000274.npy,"(256, 256)",float32,0.0,1.0,0.46925389766693115,0.1570325493812561
000275.npy,"(256, 256)",float32,0.0,1.0,0.46765485405921936,0.15232719480991364
000276.npy,"(256, 256)",float32,0.0,1.0,0.16803030669689178,0.2578519880771637
000277.npy,"(256, 256)",float32,0.0,1.0,0.2058742493391037,0.15349619090557098
000278.npy,"(256, 256)",float32,0.0,1.0,0.23061439394950867,0.1600850373506546
000279.npy,"(256, 256)",float32,0.0,1.0,0.2048584520816803,0.14539554715156555
000280.npy,"(256, 256)",float32,0.0,1.0,0.5609755516052246,0.22157573699951172
000281.npy,"(256, 256)",float32,0.0,1.0,0.4502204358577728,0.2840951383113861
000282.npy,"(256, 256)",float32,0.0,1.0,0.423387348651886,0.2839156985282898
000283.npy,"(256, 256)",float32,0.0,1.0,0.41017237305641174,0.2817249000072479
000284.npy,"(256, 256)",float32,0.0,1.0,0.45682328939437866,0.1892264187335968
000285.npy,"(256, 256)",float32,0.0,1.0,0.2064255028963089,0.1307750642299652
000286.npy,"(256, 256)",float32,0.0,1.0,0.22214536368846893,0.13652659952640533
000287.npy,"(256, 256)",float32,0.0,1.0,0.1800488382577896,0.09819165617227554
000288.npy,"(256, 256)",float32,0.0,1.0,0.5467581152915955,0.2781195640563965
000289.npy,"(256, 256)",float32,0.0,1.0,0.4023067355155945,0.11119113862514496
000290.npy,"(256, 256)",float32,0.0,1.0,0.31856387853622437,0.12283722311258316
000291.npy,"(256, 256)",float32,0.0,1.0,0.31967249512672424,0.12038805335760117
000292.npy,"(256, 256)",float32,0.0,1.0,0.1325027346611023,0.17060165107250214
000293.npy,"(256, 256)",float32,0.0,1.0,0.5076651573181152,0.20247851312160492
000294.npy,"(256, 256)",float32,0.0,1.0,0.4914064407348633,0.1951344758272171
000295.npy,"(256, 256)",float32,0.0,1.0,0.5183727145195007,0.20494946837425232
000296.npy,"(256, 256)",float32,0.0,1.0,0.30763617157936096,0.26829493045806885
000297.npy,"(256, 256)",float32,0.0,1.0,0.3831918239593506,0.13774631917476654
000298.npy,"(256, 256)",float32,0.0,1.0,0.3830088675022125,0.13503415882587433
000299.npy,"(256, 256)",float32,0.0,1.0,0.38343048095703125,0.13810409605503082
000300.npy,"(256, 256)",float32,0.0,1.0,0.08251428604125977,0.04815971106290817
000301.npy,"(256, 256)",float32,0.0,1.0,0.22278359532356262,0.2427043467760086
000302.npy,"(256, 256)",float32,0.0,1.0,0.1843864917755127,0.23709218204021454
000303.npy,"(256, 256)",float32,0.0,1.0,0.17010927200317383,0.2325451374053955
000304.npy,"(256, 256)",float32,0.0,1.0,0.302579402923584,0.19340667128562927
000305.npy,"(256, 256)",float32,0.0,1.0,0.4710860252380371,0.1999766081571579
000306.npy,"(256, 256)",float32,0.0,1.0,0.49443960189819336,0.20178799331188202
000307.npy,"(256, 256)",float32,0.0,1.0,0.494869202375412,0.2018604576587677
000308.npy,"(256, 256)",float32,0.0,1.0,0.4437541365623474,0.2878510057926178
000309.npy,"(256, 256)",float32,0.0,1.0,0.41325461864471436,0.08749455213546753
000310.npy,"(256, 256)",float32,0.0,1.0,0.41237398982048035,0.08704476058483124
000311.npy,"(256, 256)",float32,0.0,1.0,0.41251200437545776,0.08698456734418869
000312.npy,"(256, 256)",float32,0.0,1.0,0.3573233485221863,0.18052883446216583
000313.npy,"(256, 256)",float32,0.0,1.0,0.49824294447898865,0.23705771565437317
000314.npy,"(256, 256)",float32,0.0,1.0,0.5289233922958374,0.2287694662809372
000315.npy,"(256, 256)",float32,0.0,1.0,0.5582880973815918,0.23208574950695038
000316.npy,"(256, 256)",float32,0.0,1.0,0.49895209074020386,0.02932673878967762
000317.npy,"(256, 256)",float32,0.0,1.0,0.570873498916626,0.19508400559425354
000318.npy,"(256, 256)",float32,0.0,1.0,0.5203098058700562,0.2190006673336029
000319.npy,"(256, 256)",float32,0.0,1.0,0.5302870273590088,0.2241179496049881
000320.npy,"(256, 256)",float32,0.0,1.0,0.5340292453765869,0.1815999299287796
000321.npy,"(256, 256)",float32,0.0,1.0,0.2810707688331604,0.2504907548427582
000322.npy,"(256, 256)",float32,0.0,1.0,0.3219519853591919,0.2581099569797516
000323.npy,"(256, 256)",float32,0.0,1.0,0.305844247341156,0.2559387683868408
000324.npy,"(256, 256)",float32,0.0,1.0,0.4732096195220947,0.32236558198928833
000325.npy,"(256, 256)",float32,0.0,1.0,0.11871223151683807,0.14223253726959229
000326.npy,"(256, 256)",float32,0.0,1.0,0.11512574553489685,0.1377771496772766
000327.npy,"(256, 256)",float32,0.0,1.0,0.11311942338943481,0.13821955025196075
000328.npy,"(256, 256)",float32,0.0,1.0,0.6080613732337952,0.18763600289821625
000329.npy,"(256, 256)",float32,0.0,1.0,0.21174964308738708,0.12995554506778717
000330.npy,"(256, 256)",float32,0.0,1.0,0.21149314939975739,0.1296112835407257
000331.npy,"(256, 256)",float32,0.0,1.0,0.20682373642921448,0.12183548510074615
000332.npy,"(256, 256)",float32,0.0,1.0,0.21640551090240479,0.2023536115884781
000333.npy,"(256, 256)",float32,0.0,1.0,0.26458626985549927,0.15760600566864014
000334.npy,"(256, 256)",float32,0.0,1.0,0.26796478033065796,0.15519127249717712
000335.npy,"(256, 256)",float32,0.0,1.0,0.2687373161315918,0.15564510226249695
000336.npy,"(256, 256)",float32,0.0,1.0,0.41929522156715393,0.22977150976657867
000337.npy,"(256, 256)",float32,0.0,1.0,0.1969117373228073,0.12014548480510712
000338.npy,"(256, 256)",float32,0.0,1.0,0.2809429466724396,0.16688288748264313
000339.npy,"(256, 256)",float32,0.0,1.0,0.2707346975803375,0.14505808055400848
000340.npy,"(256, 256)",float32,0.0,1.0,0.4526612460613251,0.2142050415277481
000341.npy,"(256, 256)",float32,0.0,1.0,0.6001573204994202,0.28381627798080444
000342.npy,"(256, 256)",float32,0.0,1.0,0.6057703495025635,0.27955400943756104
000343.npy,"(256, 256)",float32,0.0,1.0,0.5947901010513306,0.2926323413848877
000344.npy,"(256, 256)",float32,0.0,1.0,0.42414891719818115,0.30376118421554565
000345.npy,"(256, 256)",float32,0.0,1.0,0.3562683165073395,0.29968807101249695
000346.npy,"(256, 256)",float32,0.0,1.0,0.33758118748664856,0.27891141176223755
000347.npy,"(256, 256)",float32,0.0,1.0,0.33669614791870117,0.27936413884162903
000348.npy,"(256, 256)",float32,0.0,1.0,0.23321528732776642,0.19254177808761597
000349.npy,"(256, 256)",float32,0.0,1.0,0.3142518401145935,0.24450813233852386
000350.npy,"(256, 256)",float32,0.0,1.0,0.30218741297721863,0.22791749238967896
000351.npy,"(256, 256)",float32,0.0,1.0,0.29654085636138916,0.22338572144508362
000352.npy,"(256, 256)",float32,0.0,1.0,0.49946165084838867,0.28806841373443604
000353.npy,"(256, 256)",float32,0.0,1.0,0.2663799524307251,0.15426746010780334
000354.npy,"(256, 256)",float32,0.0,1.0,0.30178093910217285,0.17460964620113373
000355.npy,"(256, 256)",float32,0.0,1.0,0.30949777364730835,0.17900711297988892
000356.npy,"(256, 256)",float32,0.0,1.0,0.4240662753582001,0.20125550031661987
000357.npy,"(256, 256)",float32,0.0,1.0,0.22402478754520416,0.11517181247472763
000358.npy,"(256, 256)",float32,0.0,1.0,0.2357386350631714,0.12295345962047577
000359.npy,"(256, 256)",float32,0.0,1.0,0.23038798570632935,0.11945183575153351
000360.npy,"(256, 256)",float32,0.0,1.0,0.5311180353164673,0.2222428321838379
000361.npy,"(256, 256)",float32,0.0,1.0,0.18031099438667297,0.022154243662953377
000362.npy,"(256, 256)",float32,0.0,1.0,0.2509920597076416,0.037182729691267014
000363.npy,"(256, 256)",float32,0.0,1.0,0.19868406653404236,0.04335891082882881
000364.npy,"(256, 256)",float32,0.0,1.0,0.46410757303237915,0.23298229277133942
000365.npy,"(256, 256)",float32,0.0,1.0,0.13167160749435425,0.13437464833259583
000366.npy,"(256, 256)",float32,0.0,1.0,0.13839320838451385,0.14089888334274292
000367.npy,"(256, 256)",float32,0.0,1.0,0.13230296969413757,0.1349850594997406
000368.npy,"(256, 256)",float32,0.0,1.0,0.3896981477737427,0.1658402681350708
000369.npy,"(256, 256)",float32,0.0,1.0,0.504132866859436,0.13044460117816925
000370.npy,"(256, 256)",float32,0.0,1.0,0.5047610998153687,0.1443459838628769
000371.npy,"(256, 256)",float32,0.0,1.0,0.49719205498695374,0.13890615105628967
000372.npy,"(256, 256)",float32,0.0,1.0,0.48273104429244995,0.18504971265792847
000373.npy,"(256, 256)",float32,0.0,1.0,0.445025771856308,0.14814575016498566
000374.npy,"(256, 256)",float32,0.0,1.0,0.44923877716064453,0.14666308462619781
000375.npy,"(256, 256)",float32,0.0,1.0,0.4310641288757324,0.14760859310626984
000376.npy,"(256, 256)",float32,0.0,1.0,0.7064892053604126,0.18059495091438293
000377.npy,"(256, 256)",float32,0.0,1.0,0.6945427656173706,0.23851683735847473
000378.npy,"(256, 256)",float32,0.0,1.0,0.6721687316894531,0.25354471802711487
000379.npy,"(256, 256)",float32,0.0,1.0,0.7095955610275269,0.23789744079113007
000380.npy,"(256, 256)",float32,0.0,1.0,0.19442813098430634,0.19515134394168854
000381.npy,"(256, 256)",float32,0.0,1.0,0.46174341440200806,0.1362849324941635
000382.npy,"(256, 256)",float32,0.0,1.0,0.4190503656864166,0.13385333120822906
000383.npy,"(256, 256)",float32,0.0,1.0,0.5048561096191406,0.14519625902175903
000384.npy,"(256, 256)",float32,0.0,1.0,0.20855918526649475,0.2638818323612213
000385.npy,"(256, 256)",float32,0.0,1.0,0.325850248336792,0.1432771533727646
000386.npy,"(256, 256)",float32,0.0,1.0,0.2932630777359009,0.12755942344665527
000387.npy,"(256, 256)",float32,0.0,1.0,0.3190632462501526,0.14139237999916077
000388.npy,"(256, 256)",float32,0.0,1.0,0.4693969488143921,0.22478298842906952
000389.npy,"(256, 256)",float32,0.0,1.0,0.19225801527500153,0.12446355819702148
000390.npy,"(256, 256)",float32,0.0,1.0,0.0730568915605545,0.06115027889609337
000391.npy,"(256, 256)",float32,0.0,1.0,0.1187836080789566,0.08666855096817017
000392.npy,"(256, 256)",float32,0.0,1.0,0.2866394519805908,0.16548366844654083
000393.npy,"(256, 256)",float32,0.0,1.0,0.5384818911552429,0.17259149253368378
000394.npy,"(256, 256)",float32,0.0,1.0,0.569060206413269,0.16980715095996857
000395.npy,"(256, 256)",float32,0.0,1.0,0.638615608215332,0.18643182516098022
000396.npy,"(256, 256)",float32,0.0,1.0,0.35785526037216187,0.13358257710933685
000397.npy,"(256, 256)",float32,0.0,1.0,0.8843179941177368,0.08840274810791016
000398.npy,"(256, 256)",float32,0.0,1.0,0.8364220261573792,0.12034546583890915
000399.npy,"(256, 256)",float32,0.0,1.0,0.8126206398010254,0.14337106049060822
000400.npy,"(256, 256)",float32,0.0,1.0,0.520767331123352,0.35845473408699036
000401.npy,"(256, 256)",float32,0.0,1.0,0.6514239311218262,0.10146111249923706
000402.npy,"(256, 256)",float32,0.0,1.0,0.7818753719329834,0.08613413572311401
000403.npy,"(256, 256)",float32,0.0,1.0,0.7843161821365356,0.07916826754808426
000404.npy,"(256, 256)",float32,0.0,1.0,0.39732861518859863,0.1922788769006729
000405.npy,"(256, 256)",float32,0.0,1.0,0.2695292532444,0.15537460148334503
000406.npy,"(256, 256)",float32,0.0,1.0,0.2573513984680176,0.14900432527065277
000407.npy,"(256, 256)",float32,0.0,1.0,0.2999480962753296,0.17244994640350342
000408.npy,"(256, 256)",float32,0.0,1.0,0.3994067311286926,0.23324137926101685
000409.npy,"(256, 256)",float32,0.0,1.0,0.513556718826294,0.2675282657146454
000410.npy,"(256, 256)",float32,0.0,1.0,0.49383193254470825,0.27134189009666443
000411.npy,"(256, 256)",float32,0.0,1.0,0.5164443254470825,0.2628413140773773
000412.npy,"(256, 256)",float32,0.0,1.0,0.5604432821273804,0.17630669474601746
000413.npy,"(256, 256)",float32,0.0,1.0,0.6429622769355774,0.1502929925918579
000414.npy,"(256, 256)",float32,0.0,1.0,0.6534336805343628,0.15104050934314728
000415.npy,"(256, 256)",float32,0.0,1.0,0.665215253829956,0.1446019858121872
000416.npy,"(256, 256)",float32,0.0,1.0,0.2915800213813782,0.30695515871047974
000417.npy,"(256, 256)",float32,0.0,1.0,0.3342801630496979,0.17141471803188324
000418.npy,"(256, 256)",float32,0.0,1.0,0.3219049572944641,0.16666173934936523
000419.npy,"(256, 256)",float32,0.0,1.0,0.3432224988937378,0.1755870282649994
000420.npy,"(256, 256)",float32,0.0,1.0,0.7364231944084167,0.1456780582666397
000421.npy,"(256, 256)",float32,0.0,1.0,0.7295612096786499,0.1738263964653015
000422.npy,"(256, 256)",float32,0.0,1.0,0.7318857312202454,0.17314186692237854
000423.npy,"(256, 256)",float32,0.0,1.0,0.7306395769119263,0.17477720975875854
000424.npy,"(256, 256)",float32,0.0,1.0,0.45834851264953613,0.21591314673423767
000425.npy,"(256, 256)",float32,0.0,1.0,0.06327670812606812,0.12084178626537323
000426.npy,"(256, 256)",float32,0.0,1.0,0.10511210560798645,0.16279809176921844
000427.npy,"(256, 256)",float32,0.0,1.0,0.08226483315229416,0.13254311680793762
000428.npy,"(256, 256)",float32,0.0,1.0,0.2144160270690918,0.20241092145442963
000429.npy,"(256, 256)",float32,0.0,1.0,0.5152131915092468,0.2982122600078583
000430.npy,"(256, 256)",float32,0.0,1.0,0.5762578248977661,0.30430281162261963
000431.npy,"(256, 256)",float32,0.0,1.0,0.5329298973083496,0.3000349700450897
000432.npy,"(256, 256)",float32,0.0,1.0,0.2433438003063202,0.2146298885345459
000433.npy,"(256, 256)",float32,0.0,1.0,0.25474873185157776,0.1443498730659485
000434.npy,"(256, 256)",float32,0.0,1.0,0.21757882833480835,0.12874138355255127
000435.npy,"(256, 256)",float32,0.0,1.0,0.20888864994049072,0.11951213330030441
000436.npy,"(256, 256)",float32,0.0,1.0,0.14610370993614197,0.11222082376480103
000437.npy,"(256, 256)",float32,0.0,1.0,0.27555039525032043,0.1690794974565506
000438.npy,"(256, 256)",float32,0.0,1.0,0.28525930643081665,0.18169835209846497
000439.npy,"(256, 256)",float32,0.0,1.0,0.24903716146945953,0.1590038537979126
000440.npy,"(256, 256)",float32,0.0,1.0,0.569560170173645,0.23627959191799164
000441.npy,"(256, 256)",float32,0.0,1.0,0.5710846185684204,0.26879265904426575
000442.npy,"(256, 256)",float32,0.0,1.0,0.571837306022644,0.21723349392414093
000443.npy,"(256, 256)",float32,0.0,1.0,0.524954080581665,0.23455862700939178
000444.npy,"(256, 256)",float32,0.0,1.0,0.27521464228630066,0.14489048719406128
000445.npy,"(256, 256)",float32,0.0,1.0,0.4816536605358124,0.17145292460918427
000446.npy,"(256, 256)",float32,0.0,1.0,0.4866342842578888,0.16767945885658264
000447.npy,"(256, 256)",float32,0.0,1.0,0.4834751486778259,0.15468651056289673
000448.npy,"(256, 256)",float32,0.0,1.0,0.3946281373500824,0.17785368859767914
000449.npy,"(256, 256)",float32,0.0,1.0,0.27165552973747253,0.162235826253891
000450.npy,"(256, 256)",float32,0.0,1.0,0.24976953864097595,0.15155275166034698
000451.npy,"(256, 256)",float32,0.0,1.0,0.250559002161026,0.15117941796779633
000452.npy,"(256, 256)",float32,0.0,1.0,0.4011079967021942,0.2805386483669281
000453.npy,"(256, 256)",float32,0.0,1.0,0.8061511516571045,0.12171326577663422
000454.npy,"(256, 256)",float32,0.0,1.0,0.8049050569534302,0.1259625256061554
000455.npy,"(256, 256)",float32,0.0,1.0,0.8121816515922546,0.11741779744625092
000456.npy,"(256, 256)",float32,0.0,1.0,0.563408374786377,0.18305473029613495
000457.npy,"(256, 256)",float32,0.0,1.0,0.3140525817871094,0.18337471783161163
000458.npy,"(256, 256)",float32,0.0,1.0,0.3136059641838074,0.18349537253379822
000459.npy,"(256, 256)",float32,0.0,1.0,0.3154503107070923,0.18352459371089935
000460.npy,"(256, 256)",float32,0.0,1.0,0.5271100997924805,0.24384114146232605
000461.npy,"(256, 256)",float32,0.0,1.0,0.5164039134979248,0.2937719523906708
000462.npy,"(256, 256)",float32,0.0,1.0,0.5328795909881592,0.2973960340023041
000463.npy,"(256, 256)",float32,0.0,1.0,0.5418980121612549,0.29591482877731323
000464.npy,"(256, 256)",float32,0.0,1.0,0.3508872091770172,0.26980844140052795
000465.npy,"(256, 256)",float32,0.0,1.0,0.5406292676925659,0.1917167603969574
000466.npy,"(256, 256)",float32,0.0,1.0,0.5294249057769775,0.19952242076396942
000467.npy,"(256, 256)",float32,0.0,1.0,0.5289024710655212,0.20282675325870514
000468.npy,"(256, 256)",float32,0.0,1.0,0.4742434620857239,0.146170973777771
000469.npy,"(256, 256)",float32,0.0,1.0,0.2915249466896057,0.2013060301542282
000470.npy,"(256, 256)",float32,0.0,1.0,0.27948105335235596,0.19369539618492126
000471.npy,"(256, 256)",float32,0.0,1.0,0.2947434186935425,0.204722061753273
000472.npy,"(256, 256)",float32,0.0,1.0,0.5522600412368774,0.3332406282424927
000473.npy,"(256, 256)",float32,0.0,1.0,0.5879384279251099,0.2516380548477173
000474.npy,"(256, 256)",float32,0.0,1.0,0.7332778573036194,0.2537325322628021
000475.npy,"(256, 256)",float32,0.0,1.0,0.7534071207046509,0.2625257074832916
000476.npy,"(256, 256)",float32,0.0,1.0,0.16029644012451172,0.1436648815870285
000477.npy,"(256, 256)",float32,0.0,1.0,0.45574772357940674,0.17751392722129822
000478.npy,"(256, 256)",float32,0.0,1.0,0.4498223066329956,0.18008868396282196
000479.npy,"(256, 256)",float32,0.0,1.0,0.44593313336372375,0.17602430284023285
000480.npy,"(256, 256)",float32,0.0,1.0,0.23312821984291077,0.13419072329998016
000481.npy,"(256, 256)",float32,0.0,1.0,0.5425871014595032,0.22877717018127441
000482.npy,"(256, 256)",float32,0.0,1.0,0.4955209791660309,0.2416384071111679
000483.npy,"(256, 256)",float32,0.0,1.0,0.5428208112716675,0.22847513854503632
000484.npy,"(256, 256)",float32,0.0,1.0,0.5909622311592102,0.16305746138095856
000485.npy,"(256, 256)",float32,0.0,1.0,0.641036331653595,0.21898920834064484
000486.npy,"(256, 256)",float32,0.0,1.0,0.6662158370018005,0.21257516741752625
000487.npy,"(256, 256)",float32,0.0,1.0,0.6671910285949707,0.2118658870458603
000488.npy,"(256, 256)",float32,0.0,1.0,0.16186386346817017,0.14399336278438568
000489.npy,"(256, 256)",float32,0.0,1.0,0.389768123626709,0.1827055811882019
000490.npy,"(256, 256)",float32,0.0,1.0,0.41463804244995117,0.17976637184619904
000491.npy,"(256, 256)",float32,0.0,1.0,0.41339588165283203,0.17882040143013
000492.npy,"(256, 256)",float32,0.0,1.0,0.24664750695228577,0.18240542709827423
000493.npy,"(256, 256)",float32,0.0,1.0,0.39759561419487,0.1252196878194809
000494.npy,"(256, 256)",float32,0.0,1.0,0.5003385543823242,0.15369021892547607
000495.npy,"(256, 256)",float32,0.0,1.0,0.5143653154373169,0.1505022943019867
000496.npy,"(256, 256)",float32,0.0,1.0,0.6618627309799194,0.25614896416664124
000497.npy,"(256, 256)",float32,0.0,1.0,0.2970341444015503,0.167280375957489
000498.npy,"(256, 256)",float32,0.0,1.0,0.3283956050872803,0.17739225924015045
000499.npy,"(256, 256)",float32,0.0,1.0,0.2762712836265564,0.15630537271499634
000500.npy,"(256, 256)",float32,0.0,1.0,0.6323212385177612,0.15355530381202698
000501.npy,"(256, 256)",float32,0.0,1.0,0.5533802509307861,0.1420680582523346
000502.npy,"(256, 256)",float32,0.0,1.0,0.5697962045669556,0.13610805571079254
000503.npy,"(256, 256)",float32,0.0,1.0,0.5486567616462708,0.1334363967180252
000504.npy,"(256, 256)",float32,0.0,1.0,0.3674194812774658,0.2263764590024948
000505.npy,"(256, 256)",float32,0.0,1.0,0.28528890013694763,0.21999894082546234
000506.npy,"(256, 256)",float32,0.0,1.0,0.2912524342536926,0.2238435298204422
000507.npy,"(256, 256)",float32,0.0,1.0,0.2901690900325775,0.2229028344154358
000508.npy,"(256, 256)",float32,0.0,1.0,0.8636341094970703,0.16744950413703918
000509.npy,"(256, 256)",float32,0.0,1.0,0.2233237475156784,0.13503269851207733
000510.npy,"(256, 256)",float32,0.0,1.0,0.2061651349067688,0.1055375188589096
000511.npy,"(256, 256)",float32,0.0,1.0,0.21053490042686462,0.10848211497068405
000512.npy,"(256, 256)",float32,0.0,1.0,0.8075476884841919,0.14771674573421478
000513.npy,"(256, 256)",float32,0.0,1.0,0.5823915600776672,0.2804363965988159
000514.npy,"(256, 256)",float32,0.0,1.0,0.5890496969223022,0.27434971928596497
000515.npy,"(256, 256)",float32,0.0,1.0,0.6151453256607056,0.2693997621536255
000516.npy,"(256, 256)",float32,0.0,1.0,0.7535827159881592,0.12376732379198074
000517.npy,"(256, 256)",float32,0.0,1.0,0.6754029989242554,0.23420026898384094
000518.npy,"(256, 256)",float32,0.0,1.0,0.709902822971344,0.1911243051290512
000519.npy,"(256, 256)",float32,0.0,1.0,0.7022913098335266,0.2112165242433548
000520.npy,"(256, 256)",float32,0.0,1.0,0.5471255779266357,0.17012321949005127
000521.npy,"(256, 256)",float32,0.0,1.0,0.5458649396896362,0.19313772022724152
000522.npy,"(256, 256)",float32,0.0,1.0,0.5356752872467041,0.2044515609741211
000523.npy,"(256, 256)",float32,0.0,1.0,0.5346279144287109,0.2072172611951828
000524.npy,"(256, 256)",float32,0.0,1.0,0.48842954635620117,0.2528762221336365
000525.npy,"(256, 256)",float32,0.0,1.0,0.42081043124198914,0.15199851989746094
000526.npy,"(256, 256)",float32,0.0,1.0,0.5982112288475037,0.1065686047077179
000527.npy,"(256, 256)",float32,0.0,1.0,0.5811651945114136,0.10672476887702942
000528.npy,"(256, 256)",float32,0.0,1.0,0.18574774265289307,0.03201671689748764
000529.npy,"(256, 256)",float32,0.0,1.0,0.5668190717697144,0.18637029826641083
000530.npy,"(256, 256)",float32,0.0,1.0,0.5422661304473877,0.20368249714374542
000531.npy,"(256, 256)",float32,0.0,1.0,0.5325365662574768,0.1887625902891159
000532.npy,"(256, 256)",float32,0.0,1.0,0.42582592368125916,0.14023789763450623
000533.npy,"(256, 256)",float32,0.0,1.0,0.47277820110321045,0.17417781054973602
000534.npy,"(256, 256)",float32,0.0,1.0,0.4514024257659912,0.17188449203968048
000535.npy,"(256, 256)",float32,0.0,1.0,0.4489533305168152,0.17025382816791534
000536.npy,"(256, 256)",float32,0.0,1.0,0.30227938294410706,0.20550912618637085
000537.npy,"(256, 256)",float32,0.0,1.0,0.3936837315559387,0.16587193310260773
000538.npy,"(256, 256)",float32,0.0,1.0,0.40398305654525757,0.17021256685256958
000539.npy,"(256, 256)",float32,0.0,1.0,0.3979128301143646,0.16549430787563324
000540.npy,"(256, 256)",float32,0.0,1.0,0.8067571520805359,0.10383234173059464
000541.npy,"(256, 256)",float32,0.0,1.0,0.3745589256286621,0.2813926041126251
000542.npy,"(256, 256)",float32,0.0,1.0,0.34482455253601074,0.2611953616142273
000543.npy,"(256, 256)",float32,0.0,1.0,0.37384331226348877,0.28094282746315
000544.npy,"(256, 256)",float32,0.0,1.0,0.6647165417671204,0.07529675960540771
000545.npy,"(256, 256)",float32,0.0,1.0,0.5865597724914551,0.26761212944984436
000546.npy,"(256, 256)",float32,0.0,1.0,0.6177339553833008,0.2571570873260498
000547.npy,"(256, 256)",float32,0.0,1.0,0.4458063244819641,0.26849713921546936
000548.npy,"(256, 256)",float32,0.0,1.0,0.48968130350112915,0.16515906155109406
000549.npy,"(256, 256)",float32,0.0,1.0,0.04824386537075043,0.10027963668107986
000550.npy,"(256, 256)",float32,0.0,1.0,0.03901240974664688,0.08177328109741211
000551.npy,"(256, 256)",float32,0.0,1.0,0.046956807374954224,0.09947618097066879
000552.npy,"(256, 256)",float32,0.0,1.0,0.6335949897766113,0.18755020201206207
000553.npy,"(256, 256)",float32,0.0,1.0,0.4082755744457245,0.25125762820243835
000554.npy,"(256, 256)",float32,0.0,1.0,0.42581242322921753,0.2697892487049103
000555.npy,"(256, 256)",float32,0.0,1.0,0.4271169602870941,0.27061524987220764
000556.npy,"(256, 256)",float32,0.0,1.0,0.21129390597343445,0.08770723640918732
000557.npy,"(256, 256)",float32,0.0,1.0,0.9201911687850952,0.06975185871124268
000558.npy,"(256, 256)",float32,0.0,1.0,0.8770657181739807,0.14128945767879486
000559.npy,"(256, 256)",float32,0.0,1.0,0.9219195246696472,0.06701865047216415
000560.npy,"(256, 256)",float32,0.0,1.0,0.4110679626464844,0.1988077610731125
000561.npy,"(256, 256)",float32,0.0,1.0,0.5448627471923828,0.21167336404323578
000562.npy,"(256, 256)",float32,0.0,1.0,0.536842942237854,0.2131659835577011
000563.npy,"(256, 256)",float32,0.0,1.0,0.5219267010688782,0.2240052968263626
000564.npy,"(256, 256)",float32,0.0,1.0,0.5414462685585022,0.10380152612924576
000565.npy,"(256, 256)",float32,0.0,1.0,0.5894956588745117,0.10492237657308578
000566.npy,"(256, 256)",float32,0.0,1.0,0.589970588684082,0.10561717301607132
000567.npy,"(256, 256)",float32,0.0,1.0,0.6247198581695557,0.09838004410266876
000568.npy,"(256, 256)",float32,0.0,1.0,0.6000139117240906,0.2254762053489685
000569.npy,"(256, 256)",float32,0.0,1.0,0.4317128658294678,0.21148447692394257
000570.npy,"(256, 256)",float32,0.0,1.0,0.4222453832626343,0.19701704382896423
000571.npy,"(256, 256)",float32,0.0,1.0,0.42723286151885986,0.21232463419437408
000572.npy,"(256, 256)",float32,0.0,1.0,0.27739575505256653,0.17930153012275696
000573.npy,"(256, 256)",float32,0.0,1.0,0.931511402130127,0.0602249912917614
000574.npy,"(256, 256)",float32,0.0,1.0,0.9314958453178406,0.032879240810871124
000575.npy,"(256, 256)",float32,0.0,1.0,0.9307233691215515,0.033552370965480804
000576.npy,"(256, 256)",float32,0.0,1.0,0.48902225494384766,0.2780299186706543
000577.npy,"(256, 256)",float32,0.0,1.0,0.663023829460144,0.2421817183494568
000578.npy,"(256, 256)",float32,0.0,1.0,0.6595975160598755,0.2578543424606323
000579.npy,"(256, 256)",float32,0.0,1.0,0.6451882123947144,0.2357373684644699
000580.npy,"(256, 256)",float32,0.0,1.0,0.6034808158874512,0.20411936938762665
000581.npy,"(256, 256)",float32,0.0,1.0,0.37836748361587524,0.23194356262683868
000582.npy,"(256, 256)",float32,0.0,1.0,0.4048439860343933,0.24237194657325745
000583.npy,"(256, 256)",float32,0.0,1.0,0.4387276768684387,0.2351774126291275
000584.npy,"(256, 256)",float32,0.0,1.0,0.3685404360294342,0.14711517095565796
000585.npy,"(256, 256)",float32,0.0,1.0,0.3923405110836029,0.13201555609703064
000586.npy,"(256, 256)",float32,0.0,1.0,0.3789284825325012,0.12437780201435089
000587.npy,"(256, 256)",float32,0.0,1.0,0.38258957862854004,0.12379439175128937
000588.npy,"(256, 256)",float32,0.0,1.0,0.2642844319343567,0.2832411825656891
000589.npy,"(256, 256)",float32,0.0,1.0,0.5501564741134644,0.17096354067325592
000590.npy,"(256, 256)",float32,0.0,1.0,0.5111582279205322,0.1707475632429123
000591.npy,"(256, 256)",float32,0.0,1.0,0.5263376235961914,0.1632295548915863
000592.npy,"(256, 256)",float32,0.0,1.0,0.6150516271591187,0.243274986743927
000593.npy,"(256, 256)",float32,0.0,1.0,0.5356926321983337,0.1624382585287094
000594.npy,"(256, 256)",float32,0.0,1.0,0.5128986835479736,0.15813378989696503
000595.npy,"(256, 256)",float32,0.0,1.0,0.5479516386985779,0.15505458414554596
000596.npy,"(256, 256)",float32,0.0,1.0,0.7687809467315674,0.19610713422298431
000597.npy,"(256, 256)",float32,0.0,1.0,0.5074514746665955,0.10051261633634567
000598.npy,"(256, 256)",float32,0.0,1.0,0.3393583595752716,0.12623798847198486
000599.npy,"(256, 256)",float32,0.0,1.0,0.3391439914703369,0.12589412927627563
000600.npy,"(256, 256)",float32,0.0,1.0,0.40688562393188477,0.3356513977050781
000601.npy,"(256, 256)",float32,0.0,1.0,0.2086889147758484,0.2715699076652527
000602.npy,"(256, 256)",float32,0.0,1.0,0.20833660662174225,0.2715197503566742
000603.npy,"(256, 256)",float32,0.0,1.0,0.28240451216697693,0.29864856600761414
000604.npy,"(256, 256)",float32,0.0,1.0,0.552303671836853,0.36603856086730957
000605.npy,"(256, 256)",float32,0.0,1.0,0.435589075088501,0.28674429655075073
000606.npy,"(256, 256)",float32,0.0,1.0,0.44286447763442993,0.28100907802581787
000607.npy,"(256, 256)",float32,0.0,1.0,0.4409460425376892,0.3047567307949066
000608.npy,"(256, 256)",float32,0.0,1.0,0.3937133252620697,0.23286069929599762
000609.npy,"(256, 256)",float32,0.0,1.0,0.3159635066986084,0.17072349786758423
000610.npy,"(256, 256)",float32,0.0,1.0,0.3084535002708435,0.16673700511455536
000611.npy,"(256, 256)",float32,0.0,1.0,0.24576953053474426,0.11449852585792542
000612.npy,"(256, 256)",float32,0.0,1.0,0.2803656756877899,0.1742819845676422
000613.npy,"(256, 256)",float32,0.0,1.0,0.1638326644897461,0.14545726776123047
000614.npy,"(256, 256)",float32,0.0,1.0,0.16427317261695862,0.14549532532691956
000615.npy,"(256, 256)",float32,0.0,1.0,0.16395656764507294,0.14509667456150055
000616.npy,"(256, 256)",float32,0.0,1.0,0.8221139907836914,0.20597076416015625
000617.npy,"(256, 256)",float32,0.0,1.0,0.45847177505493164,0.1624041497707367
000618.npy,"(256, 256)",float32,0.0,1.0,0.4712836742401123,0.15387676656246185
000619.npy,"(256, 256)",float32,0.0,1.0,0.480077862739563,0.14591646194458008
000620.npy,"(256, 256)",float32,0.0,1.0,0.5984014868736267,0.1869025081396103
000621.npy,"(256, 256)",float32,0.0,1.0,0.5610509514808655,0.11993280798196793
000622.npy,"(256, 256)",float32,0.0,1.0,0.5606243014335632,0.12250678986310959
000623.npy,"(256, 256)",float32,0.0,1.0,0.5314711928367615,0.1189630851149559
000624.npy,"(256, 256)",float32,0.0,1.0,0.11654506623744965,0.21755589544773102
000625.npy,"(256, 256)",float32,0.0,1.0,0.4992749094963074,0.2892868220806122
000626.npy,"(256, 256)",float32,0.0,1.0,0.4994692802429199,0.28857848048210144
000627.npy,"(256, 256)",float32,0.0,1.0,0.49889910221099854,0.289533793926239
000628.npy,"(256, 256)",float32,0.0,1.0,0.5079299211502075,0.2462121695280075
000629.npy,"(256, 256)",float32,0.0,1.0,0.5407782196998596,0.16407187283039093
000630.npy,"(256, 256)",float32,0.0,1.0,0.49863800406455994,0.16446784138679504
000631.npy,"(256, 256)",float32,0.0,1.0,0.526196300983429,0.16495433449745178
000632.npy,"(256, 256)",float32,0.0,1.0,0.5363975763320923,0.21436449885368347
000633.npy,"(256, 256)",float32,0.0,1.0,0.36137858033180237,0.14628976583480835
000634.npy,"(256, 256)",float32,0.0,1.0,0.38071513175964355,0.15131956338882446
000635.npy,"(256, 256)",float32,0.0,1.0,0.38071224093437195,0.15111586451530457
000636.npy,"(256, 256)",float32,0.0,1.0,0.13670967519283295,0.10931400209665298
000637.npy,"(256, 256)",float32,0.0,1.0,0.37008652091026306,0.12435245513916016
000638.npy,"(256, 256)",float32,0.0,1.0,0.3628650903701782,0.12325870245695114
000639.npy,"(256, 256)",float32,0.0,1.0,0.360633909702301,0.12712430953979492
000640.npy,"(256, 256)",float32,0.0,1.0,0.47751015424728394,0.21390630304813385
000641.npy,"(256, 256)",float32,0.0,1.0,0.5600380897521973,0.1012929379940033
000642.npy,"(256, 256)",float32,0.0,1.0,0.5566531419754028,0.10702131688594818
000643.npy,"(256, 256)",float32,0.0,1.0,0.9588308334350586,0.04481996223330498
000644.npy,"(256, 256)",float32,0.0,1.0,0.5782652497291565,0.13441520929336548
000645.npy,"(256, 256)",float32,0.0,1.0,0.5647428035736084,0.1450362652540207
000646.npy,"(256, 256)",float32,0.0,1.0,0.5692259073257446,0.1522197127342224
000647.npy,"(256, 256)",float32,0.0,1.0,0.5927081108093262,0.13588644564151764
000648.npy,"(256, 256)",float32,0.0,1.0,0.5507783889770508,0.20022447407245636
000649.npy,"(256, 256)",float32,0.0,1.0,0.2493160218000412,0.19472342729568481
000650.npy,"(256, 256)",float32,0.0,1.0,0.26621609926223755,0.198903426527977
000651.npy,"(256, 256)",float32,0.0,1.0,0.2490670084953308,0.1945296972990036
000652.npy,"(256, 256)",float32,0.0,1.0,0.24849781394004822,0.11006204783916473
000653.npy,"(256, 256)",float32,0.0,1.0,0.20007486641407013,0.12920469045639038
000654.npy,"(256, 256)",float32,0.0,1.0,0.19529318809509277,0.12892475724220276
000655.npy,"(256, 256)",float32,0.0,1.0,0.19367513060569763,0.12686726450920105
000656.npy,"(256, 256)",float32,0.0,1.0,0.48305338621139526,0.24044547975063324
000657.npy,"(256, 256)",float32,0.0,1.0,0.7184616327285767,0.21716873347759247
000658.npy,"(256, 256)",float32,0.0,1.0,0.7205300331115723,0.21676050126552582
000659.npy,"(256, 256)",float32,0.0,1.0,0.6578248143196106,0.2178676724433899
000660.npy,"(256, 256)",float32,0.0,1.0,0.3263258635997772,0.2010774463415146
000661.npy,"(256, 256)",float32,0.0,1.0,0.6280669569969177,0.26915332674980164
000662.npy,"(256, 256)",float32,0.0,1.0,0.6095510721206665,0.2724774181842804
000663.npy,"(256, 256)",float32,0.0,1.0,0.6355162262916565,0.2546563446521759
000664.npy,"(256, 256)",float32,0.0,1.0,0.4963550567626953,0.2822711169719696
000665.npy,"(256, 256)",float32,0.0,1.0,0.1838792860507965,0.07331092655658722
000666.npy,"(256, 256)",float32,0.0,1.0,0.024769576266407967,0.034163422882556915
000667.npy,"(256, 256)",float32,0.0,1.0,0.025434013456106186,0.04154912009835243
000668.npy,"(256, 256)",float32,0.0,1.0,0.5302523374557495,0.1895780712366104
000669.npy,"(256, 256)",float32,0.0,1.0,0.6165672540664673,0.19011521339416504
000670.npy,"(256, 256)",float32,0.0,1.0,0.5717005729675293,0.2262558788061142
000671.npy,"(256, 256)",float32,0.0,1.0,0.6105761528015137,0.1874387413263321
000672.npy,"(256, 256)",float32,0.0,1.0,0.40612488985061646,0.26554960012435913
000673.npy,"(256, 256)",float32,0.0,1.0,0.5031211972236633,0.21427516639232635
000674.npy,"(256, 256)",float32,0.0,1.0,0.5038032531738281,0.21013143658638
000675.npy,"(256, 256)",float32,0.0,1.0,0.5099650621414185,0.2137230485677719
000676.npy,"(256, 256)",float32,0.0,1.0,0.2600536346435547,0.25846245884895325
000677.npy,"(256, 256)",float32,0.0,1.0,0.459933340549469,0.2382410317659378
000678.npy,"(256, 256)",float32,0.0,1.0,0.4599001109600067,0.2382560670375824
000679.npy,"(256, 256)",float32,0.0,1.0,0.4596966505050659,0.23604704439640045
000680.npy,"(256, 256)",float32,0.0,1.0,0.3749874234199524,0.2806791365146637
000681.npy,"(256, 256)",float32,0.0,1.0,0.33228784799575806,0.2774637043476105
000682.npy,"(256, 256)",float32,0.0,1.0,0.32332414388656616,0.2752798795700073
000683.npy,"(256, 256)",float32,0.0,1.0,0.32875946164131165,0.27362701296806335
000684.npy,"(256, 256)",float32,0.0,1.0,0.3857075870037079,0.23309846222400665
000685.npy,"(256, 256)",float32,0.0,1.0,0.5922055244445801,0.24010154604911804
000686.npy,"(256, 256)",float32,0.0,1.0,0.6532027125358582,0.24086987972259521
000687.npy,"(256, 256)",float32,0.0,1.0,0.5629590749740601,0.20335876941680908
000688.npy,"(256, 256)",float32,0.0,1.0,0.4845341145992279,0.29298314452171326
000689.npy,"(256, 256)",float32,0.0,1.0,0.44785642623901367,0.24064785242080688
000690.npy,"(256, 256)",float32,0.0,1.0,0.45287883281707764,0.23695610463619232
000691.npy,"(256, 256)",float32,0.0,1.0,0.45084482431411743,0.23817966878414154
000692.npy,"(256, 256)",float32,0.0,1.0,0.5533646941184998,0.3166561424732208
000693.npy,"(256, 256)",float32,0.0,1.0,0.1603383719921112,0.133539617061615
000694.npy,"(256, 256)",float32,0.0,1.0,0.2443092167377472,0.20060740411281586
000695.npy,"(256, 256)",float32,0.0,1.0,0.18149696290493011,0.16029244661331177
000696.npy,"(256, 256)",float32,0.0,1.0,0.565029501914978,0.16730858385562897
000697.npy,"(256, 256)",float32,0.0,1.0,0.830901563167572,0.158272385597229
000698.npy,"(256, 256)",float32,0.0,1.0,0.8265351057052612,0.1630166620016098
000699.npy,"(256, 256)",float32,0.0,1.0,0.8499272465705872,0.1565455049276352
000700.npy,"(256, 256)",float32,0.0,1.0,0.3125664293766022,0.3180149495601654
000701.npy,"(256, 256)",float32,0.0,1.0,0.18769571185112,0.08993267267942429
000702.npy,"(256, 256)",float32,0.0,1.0,0.1932581663131714,0.08926418423652649
000703.npy,"(256, 256)",float32,0.0,1.0,0.18856999278068542,0.09027206897735596
000704.npy,"(256, 256)",float32,0.0,1.0,0.40573614835739136,0.29755720496177673
000705.npy,"(256, 256)",float32,0.0,1.0,0.4138892889022827,0.13468493521213531
000706.npy,"(256, 256)",float32,0.0,1.0,0.4158053994178772,0.135080948472023
000707.npy,"(256, 256)",float32,0.0,1.0,0.3674367666244507,0.12462089955806732
000708.npy,"(256, 256)",float32,0.0,1.0,0.3201993703842163,0.23617860674858093
000709.npy,"(256, 256)",float32,0.0,1.0,0.08286604285240173,0.11320940405130386
000710.npy,"(256, 256)",float32,0.0,1.0,0.0903661772608757,0.12293098121881485
000711.npy,"(256, 256)",float32,0.0,1.0,0.09073274582624435,0.12345543503761292
000712.npy,"(256, 256)",float32,0.0,1.0,0.313994824886322,0.274541437625885
000713.npy,"(256, 256)",float32,0.0,1.0,0.25803375244140625,0.23605547845363617
000714.npy,"(256, 256)",float32,0.0,1.0,0.2899436950683594,0.25225043296813965
000715.npy,"(256, 256)",float32,0.0,1.0,0.28065288066864014,0.2476510852575302
000716.npy,"(256, 256)",float32,0.0,1.0,0.2827431559562683,0.20713892579078674
000717.npy,"(256, 256)",float32,0.0,1.0,0.40865176916122437,0.22133007645606995
000718.npy,"(256, 256)",float32,0.0,1.0,0.39990806579589844,0.21869821846485138
000719.npy,"(256, 256)",float32,0.0,1.0,0.40888434648513794,0.21916943788528442
000720.npy,"(256, 256)",float32,0.0,1.0,0.29883867502212524,0.16151976585388184
000721.npy,"(256, 256)",float32,0.0,1.0,0.2750598192214966,0.16651393473148346
000722.npy,"(256, 256)",float32,0.0,1.0,0.26185929775238037,0.1685461550951004
000723.npy,"(256, 256)",float32,0.0,1.0,0.2617295980453491,0.1682317852973938
000724.npy,"(256, 256)",float32,0.0,1.0,0.25577056407928467,0.10054878890514374
000725.npy,"(256, 256)",float32,0.0,1.0,0.20501382648944855,0.12741820514202118
000726.npy,"(256, 256)",float32,0.0,1.0,0.2059662640094757,0.1282781958580017
000727.npy,"(256, 256)",float32,0.0,1.0,0.20371338725090027,0.12769004702568054
000728.npy,"(256, 256)",float32,0.0,1.0,0.5294886827468872,0.1886688768863678
000729.npy,"(256, 256)",float32,0.0,1.0,0.5007326602935791,0.21574373543262482
000730.npy,"(256, 256)",float32,0.0,1.0,0.33057546615600586,0.15216968953609467
000731.npy,"(256, 256)",float32,0.0,1.0,0.49370259046554565,0.21531341969966888
000732.npy,"(256, 256)",float32,0.0,1.0,0.4935941994190216,0.23488233983516693
000733.npy,"(256, 256)",float32,0.0,1.0,0.7406712174415588,0.07838378101587296
000734.npy,"(256, 256)",float32,0.0,1.0,0.7442270517349243,0.07764453440904617
000735.npy,"(256, 256)",float32,0.0,1.0,0.7978930473327637,0.08307886868715286
000736.npy,"(256, 256)",float32,0.0,1.0,0.38502001762390137,0.21487043797969818
000737.npy,"(256, 256)",float32,0.0,1.0,0.8688095808029175,0.11409461498260498
000738.npy,"(256, 256)",float32,0.0,1.0,0.654022216796875,0.2782420516014099
000739.npy,"(256, 256)",float32,0.0,1.0,0.6283099055290222,0.2792337238788605
000740.npy,"(256, 256)",float32,0.0,1.0,0.42267805337905884,0.11218860745429993
000741.npy,"(256, 256)",float32,0.0,1.0,0.6946214437484741,0.12645594775676727
000742.npy,"(256, 256)",float32,0.0,1.0,0.7107611894607544,0.10748397558927536
000743.npy,"(256, 256)",float32,0.0,1.0,0.6912362575531006,0.12625519931316376
000744.npy,"(256, 256)",float32,0.0,1.0,0.19404354691505432,0.13555502891540527
000745.npy,"(256, 256)",float32,0.0,1.0,0.5495875477790833,0.20075750350952148
000746.npy,"(256, 256)",float32,0.0,1.0,0.5563527941703796,0.19940543174743652
000747.npy,"(256, 256)",float32,0.0,1.0,0.5452725887298584,0.1958327740430832
000748.npy,"(256, 256)",float32,0.0,1.0,0.5145347118377686,0.2209433764219284
000749.npy,"(256, 256)",float32,0.0,1.0,0.3248184621334076,0.1485210806131363
000750.npy,"(256, 256)",float32,0.0,1.0,0.315715491771698,0.1496690958738327
000751.npy,"(256, 256)",float32,0.0,1.0,0.32543325424194336,0.146865114569664
000752.npy,"(256, 256)",float32,0.0,1.0,0.2918960452079773,0.12589548528194427
000753.npy,"(256, 256)",float32,0.0,1.0,0.5191163420677185,0.19017155468463898
000754.npy,"(256, 256)",float32,0.0,1.0,0.4985516369342804,0.1885412484407425
000755.npy,"(256, 256)",float32,0.0,1.0,0.501057505607605,0.19858136773109436
000756.npy,"(256, 256)",float32,0.0,1.0,0.2751067578792572,0.1524958461523056
000757.npy,"(256, 256)",float32,0.0,1.0,0.3131081759929657,0.2782800495624542
000758.npy,"(256, 256)",float32,0.0,1.0,0.2965150475502014,0.2728223502635956
000759.npy,"(256, 256)",float32,0.0,1.0,0.25673502683639526,0.20456331968307495
000760.npy,"(256, 256)",float32,0.0,1.0,0.5778077840805054,0.1297505646944046
000761.npy,"(256, 256)",float32,0.0,1.0,0.486423522233963,0.15875746309757233
000762.npy,"(256, 256)",float32,0.0,1.0,0.4965611398220062,0.15792225301265717
000763.npy,"(256, 256)",float32,0.0,1.0,0.5079297423362732,0.16366831958293915
000764.npy,"(256, 256)",float32,0.0,1.0,0.30833718180656433,0.25618067383766174
000765.npy,"(256, 256)",float32,0.0,1.0,0.24845197796821594,0.2248571664094925
000766.npy,"(256, 256)",float32,0.0,1.0,0.25297561287879944,0.2266404926776886
000767.npy,"(256, 256)",float32,0.0,1.0,0.25121474266052246,0.22490337491035461
000768.npy,"(256, 256)",float32,0.0,1.0,0.3881440758705139,0.23314106464385986
000769.npy,"(256, 256)",float32,0.0,1.0,0.3855160176753998,0.12765741348266602
000770.npy,"(256, 256)",float32,0.0,1.0,0.3847525715827942,0.1256069540977478
000771.npy,"(256, 256)",float32,0.0,1.0,0.3916480541229248,0.12497346848249435
000772.npy,"(256, 256)",float32,0.0,1.0,0.5327160954475403,0.2214662730693817
000773.npy,"(256, 256)",float32,0.0,1.0,0.29127931594848633,0.22355791926383972
000774.npy,"(256, 256)",float32,0.0,1.0,0.2904750108718872,0.22293688356876373
000775.npy,"(256, 256)",float32,0.0,1.0,0.29033154249191284,0.22283567488193512
000776.npy,"(256, 256)",float32,0.0,1.0,0.6274914741516113,0.21733175218105316
000777.npy,"(256, 256)",float32,0.0,1.0,0.6085051894187927,0.14656053483486176
000778.npy,"(256, 256)",float32,0.0,1.0,0.6145426034927368,0.15388710796833038
000779.npy,"(256, 256)",float32,0.0,1.0,0.6268122792243958,0.16117288172245026
000780.npy,"(256, 256)",float32,0.0,1.0,0.36636680364608765,0.27494266629219055
000781.npy,"(256, 256)",float32,0.0,1.0,0.4794744849205017,0.12878677248954773
000782.npy,"(256, 256)",float32,0.0,1.0,0.5003049373626709,0.12525895237922668
000783.npy,"(256, 256)",float32,0.0,1.0,0.5010071992874146,0.12491828948259354
000784.npy,"(256, 256)",float32,0.0,1.0,0.4069646894931793,0.3117637634277344
000785.npy,"(256, 256)",float32,0.0,1.0,0.10973648726940155,0.12600338459014893
000786.npy,"(256, 256)",float32,0.0,1.0,0.1144704669713974,0.1262262910604477
000787.npy,"(256, 256)",float32,0.0,1.0,0.13158151507377625,0.15364351868629456
000788.npy,"(256, 256)",float32,0.0,1.0,0.6009741425514221,0.19326236844062805
000789.npy,"(256, 256)",float32,0.0,1.0,0.3120153844356537,0.2875087261199951
000790.npy,"(256, 256)",float32,0.0,1.0,0.26751381158828735,0.2937682569026947
000791.npy,"(256, 256)",float32,0.0,1.0,0.32931452989578247,0.2871672809123993
000792.npy,"(256, 256)",float32,0.0,1.0,0.6959601640701294,0.17486891150474548
000793.npy,"(256, 256)",float32,0.0,1.0,0.3627091646194458,0.11596625298261642
000794.npy,"(256, 256)",float32,0.0,1.0,0.359075665473938,0.11216933280229568
000795.npy,"(256, 256)",float32,0.0,1.0,0.3269202709197998,0.11244989931583405
000796.npy,"(256, 256)",float32,0.0,1.0,0.8702377080917358,0.058285485953092575
000797.npy,"(256, 256)",float32,0.0,1.0,0.09286069869995117,0.09877290576696396
000798.npy,"(256, 256)",float32,0.0,1.0,0.1034681648015976,0.10845091193914413
000799.npy,"(256, 256)",float32,0.0,1.0,0.11261866986751556,0.12387681752443314
000800.npy,"(256, 256)",float32,0.0,1.0,0.4985179305076599,0.14181186258792877
000801.npy,"(256, 256)",float32,0.0,1.0,0.6176051497459412,0.25509345531463623
000802.npy,"(256, 256)",float32,0.0,1.0,0.635432243347168,0.2068028599023819
000803.npy,"(256, 256)",float32,0.0,1.0,0.6023524403572083,0.24101485311985016
000804.npy,"(256, 256)",float32,0.0,1.0,0.3875155448913574,0.1871664673089981
000805.npy,"(256, 256)",float32,0.0,1.0,0.16752001643180847,0.18768133223056793
000806.npy,"(256, 256)",float32,0.0,1.0,0.25086095929145813,0.2591429054737091
000807.npy,"(256, 256)",float32,0.0,1.0,0.23271483182907104,0.2471773773431778
000808.npy,"(256, 256)",float32,0.0,1.0,0.12054936587810516,0.10599236935377121
000809.npy,"(256, 256)",float32,0.0,1.0,0.9058741331100464,0.16014450788497925
000810.npy,"(256, 256)",float32,0.0,1.0,0.9163703918457031,0.1344258040189743
000811.npy,"(256, 256)",float32,0.0,1.0,0.869176983833313,0.20022648572921753
000812.npy,"(256, 256)",float32,0.0,1.0,0.14609673619270325,0.15654197335243225
000813.npy,"(256, 256)",float32,0.0,1.0,0.2728770971298218,0.23023433983325958
000814.npy,"(256, 256)",float32,0.0,1.0,0.26938575506210327,0.22719059884548187
000815.npy,"(256, 256)",float32,0.0,1.0,0.2984545826911926,0.2215895801782608
000816.npy,"(256, 256)",float32,0.0,1.0,0.3691084384918213,0.09096253663301468
000817.npy,"(256, 256)",float32,0.0,1.0,0.31264635920524597,0.16834977269172668
000818.npy,"(256, 256)",float32,0.0,1.0,0.3549295961856842,0.1788719892501831
000819.npy,"(256, 256)",float32,0.0,1.0,0.3777294158935547,0.17389631271362305
000820.npy,"(256, 256)",float32,0.0,1.0,0.6102506518363953,0.23671124875545502
000821.npy,"(256, 256)",float32,0.0,1.0,0.04907997325062752,0.07275551557540894
000822.npy,"(256, 256)",float32,0.0,1.0,0.06879433989524841,0.08577930182218552
000823.npy,"(256, 256)",float32,0.0,1.0,0.055186446756124496,0.07934447377920151
000824.npy,"(256, 256)",float32,0.0,1.0,0.4126749634742737,0.1440873146057129
000825.npy,"(256, 256)",float32,0.0,1.0,0.18515601754188538,0.16878609359264374
000826.npy,"(256, 256)",float32,0.0,1.0,0.18864190578460693,0.17378264665603638
000827.npy,"(256, 256)",float32,0.0,1.0,0.14330622553825378,0.12062355875968933
000828.npy,"(256, 256)",float32,0.0,1.0,0.5891470909118652,0.25460371375083923
000829.npy,"(256, 256)",float32,0.0,1.0,0.33000659942626953,0.05078921467065811
000830.npy,"(256, 256)",float32,0.0,1.0,0.33071833848953247,0.048818014562129974
000831.npy,"(256, 256)",float32,0.0,1.0,0.3785681426525116,0.05835476517677307
000832.npy,"(256, 256)",float32,0.0,1.0,0.4945114552974701,0.20254959166049957
000833.npy,"(256, 256)",float32,0.0,1.0,0.3825531005859375,0.26541775465011597
000834.npy,"(256, 256)",float32,0.0,1.0,0.3180834650993347,0.2666877210140228
000835.npy,"(256, 256)",float32,0.0,1.0,0.34394896030426025,0.2625410258769989
000836.npy,"(256, 256)",float32,0.0,1.0,0.17747941613197327,0.10749045759439468
000837.npy,"(256, 256)",float32,0.0,1.0,0.19390198588371277,0.16148756444454193
000838.npy,"(256, 256)",float32,0.0,1.0,0.16191694140434265,0.11522434651851654
000839.npy,"(256, 256)",float32,0.0,1.0,0.16708576679229736,0.12453523278236389
000840.npy,"(256, 256)",float32,0.0,1.0,0.37900590896606445,0.24817414581775665
000841.npy,"(256, 256)",float32,0.0,1.0,0.5019441246986389,0.32358500361442566
000842.npy,"(256, 256)",float32,0.0,1.0,0.39288076758384705,0.2747339904308319
000843.npy,"(256, 256)",float32,0.0,1.0,0.5221714973449707,0.3266969323158264
000844.npy,"(256, 256)",float32,0.0,1.0,0.36274975538253784,0.1532161384820938
000845.npy,"(256, 256)",float32,0.0,1.0,0.1547481119632721,0.16656994819641113
000846.npy,"(256, 256)",float32,0.0,1.0,0.11185421049594879,0.1406088024377823
000847.npy,"(256, 256)",float32,0.0,1.0,0.15477299690246582,0.1665019392967224
000848.npy,"(256, 256)",float32,0.0,1.0,0.5550410747528076,0.3534485101699829
000849.npy,"(256, 256)",float32,0.0,1.0,0.3448185622692108,0.24934808909893036
000850.npy,"(256, 256)",float32,0.0,1.0,0.36134570837020874,0.24606487154960632
000851.npy,"(256, 256)",float32,0.0,1.0,0.3385952115058899,0.24939148128032684
000852.npy,"(256, 256)",float32,0.0,1.0,0.19583338499069214,0.20373621582984924
000853.npy,"(256, 256)",float32,0.0,1.0,0.4120914340019226,0.2451387494802475
000854.npy,"(256, 256)",float32,0.0,1.0,0.4006146788597107,0.2239215224981308
000855.npy,"(256, 256)",float32,0.0,1.0,0.3676847815513611,0.21699373424053192
000856.npy,"(256, 256)",float32,0.0,1.0,0.47458428144454956,0.22113661468029022
000857.npy,"(256, 256)",float32,0.0,1.0,0.6311129331588745,0.16285444796085358
000858.npy,"(256, 256)",float32,0.0,1.0,0.591605544090271,0.15575182437896729
000859.npy,"(256, 256)",float32,0.0,1.0,0.5702927112579346,0.1514161229133606
000860.npy,"(256, 256)",float32,0.0,1.0,0.23617182672023773,0.2489924430847168
000861.npy,"(256, 256)",float32,0.0,1.0,0.6878969073295593,0.22406530380249023
000862.npy,"(256, 256)",float32,0.0,1.0,0.6478911638259888,0.22267809510231018
000863.npy,"(256, 256)",float32,0.0,1.0,0.6497655510902405,0.22272369265556335
000864.npy,"(256, 256)",float32,0.0,1.0,0.5188687443733215,0.26835116744041443
000865.npy,"(256, 256)",float32,0.0,1.0,0.5306105613708496,0.15826888382434845
000866.npy,"(256, 256)",float32,0.0,1.0,0.528436541557312,0.16117455065250397
000867.npy,"(256, 256)",float32,0.0,1.0,0.5416850447654724,0.1667698472738266
000868.npy,"(256, 256)",float32,0.0,1.0,0.3127408027648926,0.24599596858024597
000869.npy,"(256, 256)",float32,0.0,1.0,0.48707115650177,0.1628125160932541
000870.npy,"(256, 256)",float32,0.0,1.0,0.48385629057884216,0.16147732734680176
000871.npy,"(256, 256)",float32,0.0,1.0,0.5222265720367432,0.1612495481967926
000872.npy,"(256, 256)",float32,0.0,1.0,0.46753358840942383,0.22482414543628693
000873.npy,"(256, 256)",float32,0.0,1.0,0.38838255405426025,0.1415577232837677
000874.npy,"(256, 256)",float32,0.0,1.0,0.37783944606781006,0.12273387610912323
000875.npy,"(256, 256)",float32,0.0,1.0,0.3751990795135498,0.11891937255859375
000876.npy,"(256, 256)",float32,0.0,1.0,0.3605167269706726,0.22151635587215424
000877.npy,"(256, 256)",float32,0.0,1.0,0.26309511065483093,0.11785802245140076
000878.npy,"(256, 256)",float32,0.0,1.0,0.267117440700531,0.11953955888748169
000879.npy,"(256, 256)",float32,0.0,1.0,0.2515750527381897,0.11414226144552231
000880.npy,"(256, 256)",float32,0.0,1.0,0.4870753884315491,0.22937947511672974
000881.npy,"(256, 256)",float32,0.0,1.0,0.37034469842910767,0.17058175802230835
000882.npy,"(256, 256)",float32,0.0,1.0,0.35857510566711426,0.168214350938797
000883.npy,"(256, 256)",float32,0.0,1.0,0.3565056324005127,0.17086565494537354
000884.npy,"(256, 256)",float32,0.0,1.0,0.10442392528057098,0.04190976917743683
000885.npy,"(256, 256)",float32,0.0,1.0,0.23286111652851105,0.1686459332704544
000886.npy,"(256, 256)",float32,0.0,1.0,0.16096845269203186,0.16758015751838684
000887.npy,"(256, 256)",float32,0.0,1.0,0.19636505842208862,0.15870676934719086
000888.npy,"(256, 256)",float32,0.0,1.0,0.5443218350410461,0.19256632030010223
000889.npy,"(256, 256)",float32,0.0,1.0,0.7692680358886719,0.300462543964386
000890.npy,"(256, 256)",float32,0.0,1.0,0.8186793327331543,0.26196718215942383
000891.npy,"(256, 256)",float32,0.0,1.0,0.7486163377761841,0.31803229451179504
000892.npy,"(256, 256)",float32,0.0,1.0,0.4355066120624542,0.1705617904663086
000893.npy,"(256, 256)",float32,0.0,1.0,0.568447470664978,0.06020721420645714
000894.npy,"(256, 256)",float32,0.0,1.0,0.5770054459571838,0.08289594948291779
000895.npy,"(256, 256)",float32,0.0,1.0,0.5755088329315186,0.09248507767915726
000896.npy,"(256, 256)",float32,0.0,1.0,0.5819498300552368,0.23841406404972076
000897.npy,"(256, 256)",float32,0.0,1.0,0.6566035151481628,0.25579598546028137
000898.npy,"(256, 256)",float32,0.0,1.0,0.7213340997695923,0.23107317090034485
000899.npy,"(256, 256)",float32,0.0,1.0,0.717786431312561,0.2273615300655365
000900.npy,"(256, 256)",float32,0.0,1.0,0.4574859142303467,0.12670841813087463
000901.npy,"(256, 256)",float32,0.0,1.0,0.16127905249595642,0.16953545808792114
000902.npy,"(256, 256)",float32,0.0,1.0,0.19076722860336304,0.1738666296005249
000903.npy,"(256, 256)",float32,0.0,1.0,0.15339812636375427,0.1685953289270401
000904.npy,"(256, 256)",float32,0.0,1.0,0.26555266976356506,0.23279348015785217
000905.npy,"(256, 256)",float32,0.0,1.0,0.6958212852478027,0.07174594700336456
000906.npy,"(256, 256)",float32,0.0,1.0,0.9000445604324341,0.0665319561958313
000907.npy,"(256, 256)",float32,0.0,1.0,0.7751145362854004,0.05681079998612404
000908.npy,"(256, 256)",float32,0.0,1.0,0.2731902599334717,0.19677138328552246
000909.npy,"(256, 256)",float32,0.0,1.0,0.23732756078243256,0.16143299639225006
000910.npy,"(256, 256)",float32,0.0,1.0,0.2152109444141388,0.13383904099464417
000911.npy,"(256, 256)",float32,0.0,1.0,0.23487864434719086,0.15465638041496277
000912.npy,"(256, 256)",float32,0.0,1.0,0.6665769219398499,0.18386781215667725
000913.npy,"(256, 256)",float32,0.0,1.0,0.33762696385383606,0.17793036997318268
000914.npy,"(256, 256)",float32,0.0,1.0,0.34208786487579346,0.17977263033390045
000915.npy,"(256, 256)",float32,0.0,1.0,0.3288954794406891,0.178389310836792
000916.npy,"(256, 256)",float32,0.0,1.0,0.414624959230423,0.1699228733778
000917.npy,"(256, 256)",float32,0.0,1.0,0.5575082898139954,0.11884834617376328
000918.npy,"(256, 256)",float32,0.0,1.0,0.5628554224967957,0.1191660538315773
000919.npy,"(256, 256)",float32,0.0,1.0,0.5505048036575317,0.11915827542543411
000920.npy,"(256, 256)",float32,0.0,1.0,0.11736465990543365,0.10958141833543777
000921.npy,"(256, 256)",float32,0.0,1.0,0.39724767208099365,0.23135162889957428
000922.npy,"(256, 256)",float32,0.0,1.0,0.3963003158569336,0.24567998945713043
000923.npy,"(256, 256)",float32,0.0,1.0,0.40240758657455444,0.23307743668556213
000924.npy,"(256, 256)",float32,0.0,1.0,0.6774960160255432,0.40437817573547363
000925.npy,"(256, 256)",float32,0.0,1.0,0.2041303515434265,0.1351149082183838
000926.npy,"(256, 256)",float32,0.0,1.0,0.1988682895898819,0.13157770037651062
000927.npy,"(256, 256)",float32,0.0,1.0,0.1951998770236969,0.12937967479228973
000928.npy,"(256, 256)",float32,0.0,1.0,0.7271607518196106,0.12553086876869202
000929.npy,"(256, 256)",float32,0.0,1.0,0.6315888166427612,0.1694084107875824
000930.npy,"(256, 256)",float32,0.0,1.0,0.501226544380188,0.20891013741493225
000931.npy,"(256, 256)",float32,0.0,1.0,0.5095484256744385,0.21431849896907806
000932.npy,"(256, 256)",float32,0.0,1.0,0.32918497920036316,0.34272634983062744
000933.npy,"(256, 256)",float32,0.0,1.0,0.15614745020866394,0.15016382932662964
000934.npy,"(256, 256)",float32,0.0,1.0,0.1417475938796997,0.13932786881923676
000935.npy,"(256, 256)",float32,0.0,1.0,0.15185841917991638,0.14390692114830017
000936.npy,"(256, 256)",float32,0.0,1.0,0.275400310754776,0.1394970566034317
000937.npy,"(256, 256)",float32,0.0,1.0,0.40509361028671265,0.10463490337133408
000938.npy,"(256, 256)",float32,0.0,1.0,0.5418946146965027,0.14165620505809784
000939.npy,"(256, 256)",float32,0.0,1.0,0.4137369990348816,0.10542430728673935
000940.npy,"(256, 256)",float32,0.0,1.0,0.43368297815322876,0.11695778369903564
000941.npy,"(256, 256)",float32,0.0,1.0,0.35330015420913696,0.32198765873908997
000942.npy,"(256, 256)",float32,0.0,1.0,0.4609971344470978,0.31536179780960083
000943.npy,"(256, 256)",float32,0.0,1.0,0.43206751346588135,0.32301002740859985
000944.npy,"(256, 256)",float32,0.0,1.0,0.3656617999076843,0.27058732509613037
000945.npy,"(256, 256)",float32,0.0,1.0,0.3729243278503418,0.38648921251296997
000946.npy,"(256, 256)",float32,0.0,1.0,0.40206238627433777,0.40276047587394714
000947.npy,"(256, 256)",float32,0.0,1.0,0.377572625875473,0.3858179450035095
000948.npy,"(256, 256)",float32,0.0,1.0,0.5274701714515686,0.14535018801689148
000949.npy,"(256, 256)",float32,0.0,1.0,0.18710845708847046,0.14278852939605713
000950.npy,"(256, 256)",float32,0.0,1.0,0.19371694326400757,0.14535172283649445
000951.npy,"(256, 256)",float32,0.0,1.0,0.20275059342384338,0.15239611268043518
000952.npy,"(256, 256)",float32,0.0,1.0,0.6289716958999634,0.12437597662210464
000953.npy,"(256, 256)",float32,0.0,1.0,0.448958158493042,0.16822990775108337
000954.npy,"(256, 256)",float32,0.0,1.0,0.5544722080230713,0.1385631114244461
000955.npy,"(256, 256)",float32,0.0,1.0,0.44554150104522705,0.16986902058124542
000956.npy,"(256, 256)",float32,0.0,1.0,0.4569283723831177,0.20305201411247253
000957.npy,"(256, 256)",float32,0.0,1.0,0.49912750720977783,0.2887106239795685
000958.npy,"(256, 256)",float32,0.0,1.0,0.49835848808288574,0.2892826199531555
000959.npy,"(256, 256)",float32,0.0,1.0,0.5006565451622009,0.28889915347099304
000960.npy,"(256, 256)",float32,0.0,1.0,0.3444966673851013,0.06427829712629318
000961.npy,"(256, 256)",float32,0.0,1.0,0.49212732911109924,0.23691187798976898
000962.npy,"(256, 256)",float32,0.0,1.0,0.4423118233680725,0.24639743566513062
000963.npy,"(256, 256)",float32,0.0,1.0,0.4845098853111267,0.24375253915786743
000964.npy,"(256, 256)",float32,0.0,1.0,0.4612538814544678,0.21821628510951996
000965.npy,"(256, 256)",float32,0.0,1.0,0.31022363901138306,0.17353196442127228
000966.npy,"(256, 256)",float32,0.0,1.0,0.3098453879356384,0.17423278093338013
000967.npy,"(256, 256)",float32,0.0,1.0,0.3117392659187317,0.17411638796329498
000968.npy,"(256, 256)",float32,0.0,1.0,0.2818616032600403,0.15410485863685608
000969.npy,"(256, 256)",float32,0.0,1.0,0.4270697236061096,0.2033771276473999
000970.npy,"(256, 256)",float32,0.0,1.0,0.4466351866722107,0.20841169357299805
000971.npy,"(256, 256)",float32,0.0,1.0,0.46949681639671326,0.21925199031829834
000972.npy,"(256, 256)",float32,0.0,1.0,0.4696584641933441,0.34699493646621704
000973.npy,"(256, 256)",float32,0.0,1.0,0.19159191846847534,0.1605577915906906
000974.npy,"(256, 256)",float32,0.0,1.0,0.21178674697875977,0.1792043149471283
000975.npy,"(256, 256)",float32,0.0,1.0,0.25266215205192566,0.17533400654792786
000976.npy,"(256, 256)",float32,0.0,1.0,0.2764848470687866,0.06236385554075241
000977.npy,"(256, 256)",float32,0.0,1.0,0.9574955701828003,0.17198166251182556
000978.npy,"(256, 256)",float32,0.0,1.0,0.9516786336898804,0.18708361685276031
000979.npy,"(256, 256)",float32,0.0,1.0,0.9576804637908936,0.15365663170814514
000980.npy,"(256, 256)",float32,0.0,1.0,0.1975668966770172,0.1363973319530487
000981.npy,"(256, 256)",float32,0.0,1.0,0.6764993667602539,0.10180238634347916
000982.npy,"(256, 256)",float32,0.0,1.0,0.6747245192527771,0.10109175741672516
000983.npy,"(256, 256)",float32,0.0,1.0,0.6950832605361938,0.10399220883846283
000984.npy,"(256, 256)",float32,0.0,1.0,0.49820074439048767,0.2897058129310608
000985.npy,"(256, 256)",float32,0.0,1.0,0.7679643630981445,0.3273966312408447
000986.npy,"(256, 256)",float32,0.0,1.0,0.7679511308670044,0.32740816473960876
000987.npy,"(256, 256)",float32,0.0,1.0,0.5227786898612976,0.415165513753891
000988.npy,"(256, 256)",float32,0.0,1.0,0.5707219243049622,0.1640857756137848
000989.npy,"(256, 256)",float32,0.0,1.0,0.5353323817253113,0.2257574498653412
000990.npy,"(256, 256)",float32,0.0,1.0,0.5332717895507812,0.2265230119228363
000991.npy,"(256, 256)",float32,0.0,1.0,0.43632346391677856,0.163815438747406
000992.npy,"(256, 256)",float32,0.0,1.0,0.19804659485816956,0.14170876145362854
000993.npy,"(256, 256)",float32,0.0,1.0,0.5063425302505493,0.1894204467535019
000994.npy,"(256, 256)",float32,0.0,1.0,0.4962475299835205,0.18626593053340912
000995.npy,"(256, 256)",float32,0.0,1.0,0.49121585488319397,0.1842896193265915
000996.npy,"(256, 256)",float32,0.0,1.0,0.49539250135421753,0.22884352505207062
000997.npy,"(256, 256)",float32,0.0,1.0,0.42322438955307007,0.28988730907440186
000998.npy,"(256, 256)",float32,0.0,1.0,0.3460988700389862,0.2605149745941162
000999.npy,"(256, 256)",float32,0.0,1.0,0.36487507820129395,0.2854381799697876
001000.npy,"(256, 256)",float32,0.0,1.0,0.2788839340209961,0.1424718052148819
001001.npy,"(256, 256)",float32,0.0,1.0,0.6131795644760132,0.17561475932598114
001002.npy,"(256, 256)",float32,0.0,1.0,0.6216477155685425,0.1201934888958931
001003.npy,"(256, 256)",float32,0.0,1.0,0.6206618547439575,0.17681504786014557
001004.npy,"(256, 256)",float32,0.0,1.0,0.41314148902893066,0.2116195261478424
001005.npy,"(256, 256)",float32,0.0,1.0,0.36247146129608154,0.213815376162529
001006.npy,"(256, 256)",float32,0.0,1.0,0.3581753373146057,0.21632318198680878
001007.npy,"(256, 256)",float32,0.0,1.0,0.3572932481765747,0.21522414684295654
001008.npy,"(256, 256)",float32,0.0,1.0,0.40672415494918823,0.22307813167572021
001009.npy,"(256, 256)",float32,0.0,1.0,0.5241605043411255,0.30818626284599304
001010.npy,"(256, 256)",float32,0.0,1.0,0.6902125477790833,0.29981520771980286
001011.npy,"(256, 256)",float32,0.0,1.0,0.5917714834213257,0.3157007396221161
001012.npy,"(256, 256)",float32,0.0,1.0,0.2470386028289795,0.18747363984584808
001013.npy,"(256, 256)",float32,0.0,1.0,0.8875605463981628,0.24339136481285095
001014.npy,"(256, 256)",float32,0.0,1.0,0.8813871145248413,0.23712800443172455
001015.npy,"(256, 256)",float32,0.0,1.0,0.7217460870742798,0.3228912055492401
001016.npy,"(256, 256)",float32,0.0,1.0,0.3567371666431427,0.19999469816684723
001017.npy,"(256, 256)",float32,0.0,1.0,0.3265388607978821,0.21055518090724945
001018.npy,"(256, 256)",float32,0.0,1.0,0.3470941483974457,0.18409693241119385
001019.npy,"(256, 256)",float32,0.0,1.0,0.3173364996910095,0.19076018035411835
001020.npy,"(256, 256)",float32,0.0,1.0,0.33213508129119873,0.16623643040657043
001021.npy,"(256, 256)",float32,0.0,1.0,0.22253230214118958,0.12530876696109772
001022.npy,"(256, 256)",float32,0.0,1.0,0.20200717449188232,0.12227233499288559
001023.npy,"(256, 256)",float32,0.0,1.0,0.1879286915063858,0.13090305030345917
001024.npy,"(256, 256)",float32,0.0,1.0,0.5013572573661804,0.3353540897369385
001025.npy,"(256, 256)",float32,0.0,1.0,0.4637888967990875,0.21831008791923523
001026.npy,"(256, 256)",float32,0.0,1.0,0.4678359627723694,0.20959895849227905
001027.npy,"(256, 256)",float32,0.0,1.0,0.5057171583175659,0.19460071623325348
001028.npy,"(256, 256)",float32,0.0,1.0,0.41875654458999634,0.24116337299346924
001029.npy,"(256, 256)",float32,0.0,1.0,0.7032933235168457,0.11766395717859268
001030.npy,"(256, 256)",float32,0.0,1.0,0.7030454277992249,0.11722677201032639
001031.npy,"(256, 256)",float32,0.0,1.0,0.6954870223999023,0.08597107231616974
001032.npy,"(256, 256)",float32,0.0,1.0,0.4217216968536377,0.2005060911178589
001033.npy,"(256, 256)",float32,0.0,1.0,0.3373951315879822,0.14578688144683838
001034.npy,"(256, 256)",float32,0.0,1.0,0.39424601197242737,0.16927914321422577
001035.npy,"(256, 256)",float32,0.0,1.0,0.33721432089805603,0.14573615789413452
001036.npy,"(256, 256)",float32,0.0,1.0,0.6523481607437134,0.13389179110527039
001037.npy,"(256, 256)",float32,0.0,1.0,0.6153461337089539,0.16443966329097748
001038.npy,"(256, 256)",float32,0.0,1.0,0.6240452527999878,0.1637083739042282
001039.npy,"(256, 256)",float32,0.0,1.0,0.6278825998306274,0.1570863127708435
001040.npy,"(256, 256)",float32,0.0,1.0,0.671676754951477,0.298149049282074
001041.npy,"(256, 256)",float32,0.0,1.0,0.3393123745918274,0.23351998627185822
001042.npy,"(256, 256)",float32,0.0,1.0,0.3405061364173889,0.23358555138111115
001043.npy,"(256, 256)",float32,0.0,1.0,0.36163341999053955,0.24639399349689484
001044.npy,"(256, 256)",float32,0.0,1.0,0.32654744386672974,0.2147267907857895
001045.npy,"(256, 256)",float32,0.0,1.0,0.584656298160553,0.16782356798648834
001046.npy,"(256, 256)",float32,0.0,1.0,0.556316614151001,0.17864680290222168
001047.npy,"(256, 256)",float32,0.0,1.0,0.5341507196426392,0.18715505301952362
001048.npy,"(256, 256)",float32,0.0,1.0,0.7298017740249634,0.13975289463996887
001049.npy,"(256, 256)",float32,0.0,1.0,0.7914420366287231,0.22399236261844635
001050.npy,"(256, 256)",float32,0.0,1.0,0.7965990900993347,0.21084845066070557
001051.npy,"(256, 256)",float32,0.0,1.0,0.7839727401733398,0.23753075301647186
001052.npy,"(256, 256)",float32,0.0,1.0,0.5580992102622986,0.30357250571250916
001053.npy,"(256, 256)",float32,0.0,1.0,0.34313565492630005,0.3584449291229248
001054.npy,"(256, 256)",float32,0.0,1.0,0.4480372667312622,0.37373659014701843
001055.npy,"(256, 256)",float32,0.0,1.0,0.34309524297714233,0.343980073928833
001056.npy,"(256, 256)",float32,0.0,1.0,0.40449273586273193,0.16359969973564148
001057.npy,"(256, 256)",float32,0.0,1.0,0.5301400423049927,0.17145971953868866
001058.npy,"(256, 256)",float32,0.0,1.0,0.5424273014068604,0.16697508096694946
001059.npy,"(256, 256)",float32,0.0,1.0,0.5414307117462158,0.16715148091316223
001060.npy,"(256, 256)",float32,0.0,1.0,0.3593750596046448,0.17846128344535828
001061.npy,"(256, 256)",float32,0.0,1.0,0.2842838764190674,0.2102702558040619
001062.npy,"(256, 256)",float32,0.0,1.0,0.2861323952674866,0.21170753240585327
001063.npy,"(256, 256)",float32,0.0,1.0,0.3352408707141876,0.22223255038261414
001064.npy,"(256, 256)",float32,0.0,1.0,0.5770156383514404,0.3060297966003418
001065.npy,"(256, 256)",float32,0.0,1.0,0.434793084859848,0.16269373893737793
001066.npy,"(256, 256)",float32,0.0,1.0,0.45290809869766235,0.1690337061882019
001067.npy,"(256, 256)",float32,0.0,1.0,0.4467748999595642,0.17059819400310516
001068.npy,"(256, 256)",float32,0.0,1.0,0.18142685294151306,0.09254488348960876
001069.npy,"(256, 256)",float32,0.0,1.0,0.32146984338760376,0.18818299472332
001070.npy,"(256, 256)",float32,0.0,1.0,0.3342720568180084,0.20189134776592255
001071.npy,"(256, 256)",float32,0.0,1.0,0.32659128308296204,0.19909143447875977
001072.npy,"(256, 256)",float32,0.0,1.0,0.4886614680290222,0.29888251423835754
001073.npy,"(256, 256)",float32,0.0,1.0,0.4339577555656433,0.3068642020225525
001074.npy,"(256, 256)",float32,0.0,1.0,0.4114031195640564,0.29723629355430603
001075.npy,"(256, 256)",float32,0.0,1.0,0.42918384075164795,0.305366575717926
001076.npy,"(256, 256)",float32,0.0,1.0,0.5320078134536743,0.1631193459033966
001077.npy,"(256, 256)",float32,0.0,1.0,0.23987703025341034,0.08099596202373505
001078.npy,"(256, 256)",float32,0.0,1.0,0.2494589388370514,0.12046312540769577
001079.npy,"(256, 256)",float32,0.0,1.0,0.2765740752220154,0.17165854573249817
001080.npy,"(256, 256)",float32,0.0,1.0,0.7997387051582336,0.1924438625574112
001081.npy,"(256, 256)",float32,0.0,1.0,0.5230867862701416,0.26161298155784607
001082.npy,"(256, 256)",float32,0.0,1.0,0.5616270303726196,0.27160102128982544
001083.npy,"(256, 256)",float32,0.0,1.0,0.5218786597251892,0.2642386257648468
001084.npy,"(256, 256)",float32,0.0,1.0,0.18574468791484833,0.22579368948936462
001085.npy,"(256, 256)",float32,0.0,1.0,0.207503080368042,0.21215955913066864
001086.npy,"(256, 256)",float32,0.0,1.0,0.15176430344581604,0.2008645236492157
001087.npy,"(256, 256)",float32,0.0,1.0,0.15075881779193878,0.19109858572483063
001088.npy,"(256, 256)",float32,0.0,1.0,0.6346639394760132,0.2598085403442383
001089.npy,"(256, 256)",float32,0.0,1.0,0.5795714855194092,0.25475648045539856
001090.npy,"(256, 256)",float32,0.0,1.0,0.49059751629829407,0.22269268333911896
001091.npy,"(256, 256)",float32,0.0,1.0,0.5566859245300293,0.2694670557975769
001092.npy,"(256, 256)",float32,0.0,1.0,0.4242776036262512,0.2077079713344574
001093.npy,"(256, 256)",float32,0.0,1.0,0.15909597277641296,0.12956202030181885
001094.npy,"(256, 256)",float32,0.0,1.0,0.1611725389957428,0.12889590859413147
001095.npy,"(256, 256)",float32,0.0,1.0,0.16028910875320435,0.1285940706729889
001096.npy,"(256, 256)",float32,0.0,1.0,0.3747893273830414,0.17552722990512848
001097.npy,"(256, 256)",float32,0.0,1.0,0.21644645929336548,0.1701679527759552
001098.npy,"(256, 256)",float32,0.0,1.0,0.1954818069934845,0.17795419692993164
001099.npy,"(256, 256)",float32,0.0,1.0,0.2017483413219452,0.1890496015548706
001100.npy,"(256, 256)",float32,0.0,1.0,0.7636803388595581,0.185306578874588
001101.npy,"(256, 256)",float32,0.0,1.0,0.9371019005775452,0.06372814625501633
001102.npy,"(256, 256)",float32,0.0,1.0,0.8532105684280396,0.2000092715024948
001103.npy,"(256, 256)",float32,0.0,1.0,0.8633760213851929,0.18849380314350128
001104.npy,"(256, 256)",float32,0.0,1.0,0.5990610122680664,0.0863422080874443
001105.npy,"(256, 256)",float32,0.0,1.0,0.1531616449356079,0.13999368250370026
001106.npy,"(256, 256)",float32,0.0,1.0,0.17160645127296448,0.1491168886423111
001107.npy,"(256, 256)",float32,0.0,1.0,0.22644919157028198,0.19777777791023254
001108.npy,"(256, 256)",float32,0.0,1.0,0.6729429960250854,0.2284391224384308
001109.npy,"(256, 256)",float32,0.0,1.0,0.579251229763031,0.34241899847984314
001110.npy,"(256, 256)",float32,0.0,1.0,0.5260560512542725,0.34924641251564026
001111.npy,"(256, 256)",float32,0.0,1.0,0.5792992115020752,0.35093629360198975
001112.npy,"(256, 256)",float32,0.0,1.0,0.3458126187324524,0.18748831748962402
001113.npy,"(256, 256)",float32,0.0,1.0,0.37720924615859985,0.24848487973213196
001114.npy,"(256, 256)",float32,0.0,1.0,0.35425713658332825,0.25352048873901367
001115.npy,"(256, 256)",float32,0.0,1.0,0.38979023694992065,0.2468200922012329
001116.npy,"(256, 256)",float32,0.0,1.0,0.3743121027946472,0.2352553755044937
001117.npy,"(256, 256)",float32,0.0,1.0,0.5420296788215637,0.08997597545385361
001118.npy,"(256, 256)",float32,0.0,1.0,0.5376240015029907,0.08837951719760895
001119.npy,"(256, 256)",float32,0.0,1.0,0.5566592216491699,0.08965516090393066
001120.npy,"(256, 256)",float32,0.0,1.0,0.6481838226318359,0.12601406872272491
001121.npy,"(256, 256)",float32,0.0,1.0,0.2486710399389267,0.17673294246196747
001122.npy,"(256, 256)",float32,0.0,1.0,0.2448890507221222,0.17914126813411713
001123.npy,"(256, 256)",float32,0.0,1.0,0.24485886096954346,0.17581486701965332
001124.npy,"(256, 256)",float32,0.0,1.0,0.17477527260780334,0.1495627462863922
001125.npy,"(256, 256)",float32,0.0,1.0,0.38031071424484253,0.16671660542488098
001126.npy,"(256, 256)",float32,0.0,1.0,0.4130763113498688,0.2078918218612671
001127.npy,"(256, 256)",float32,0.0,1.0,0.426396906375885,0.21948209404945374
001128.npy,"(256, 256)",float32,0.0,1.0,0.6224122047424316,0.19726748764514923
001129.npy,"(256, 256)",float32,0.0,1.0,0.3924000561237335,0.1718701720237732
001130.npy,"(256, 256)",float32,0.0,1.0,0.3894386887550354,0.17077726125717163
001131.npy,"(256, 256)",float32,0.0,1.0,0.39868468046188354,0.17029179632663727
001132.npy,"(256, 256)",float32,0.0,1.0,0.5322511792182922,0.3258642852306366
001133.npy,"(256, 256)",float32,0.0,1.0,0.4790191054344177,0.32425907254219055
001134.npy,"(256, 256)",float32,0.0,1.0,0.4878305196762085,0.3189716339111328
001135.npy,"(256, 256)",float32,0.0,1.0,0.504927933216095,0.31944039463996887
001136.npy,"(256, 256)",float32,0.0,1.0,0.2707386314868927,0.2123330682516098
001137.npy,"(256, 256)",float32,0.0,1.0,0.47957634925842285,0.269114226102829
001138.npy,"(256, 256)",float32,0.0,1.0,0.5259261131286621,0.24782752990722656
001139.npy,"(256, 256)",float32,0.0,1.0,0.5183442234992981,0.25002235174179077
001140.npy,"(256, 256)",float32,0.0,1.0,0.3157784938812256,0.15594564378261566
001141.npy,"(256, 256)",float32,0.0,1.0,0.607384204864502,0.18840321898460388
001142.npy,"(256, 256)",float32,0.0,1.0,0.6076675057411194,0.18126057088375092
001143.npy,"(256, 256)",float32,0.0,1.0,0.5978291034698486,0.20417703688144684
001144.npy,"(256, 256)",float32,0.0,1.0,0.4332985281944275,0.19108502566814423
001145.npy,"(256, 256)",float32,0.0,1.0,0.48082050681114197,0.2292894423007965
001146.npy,"(256, 256)",float32,0.0,1.0,0.47959160804748535,0.22210580110549927
001147.npy,"(256, 256)",float32,0.0,1.0,0.44643697142601013,0.21291828155517578
001148.npy,"(256, 256)",float32,0.0,1.0,0.3030659854412079,0.10678210109472275
001149.npy,"(256, 256)",float32,0.0,1.0,0.3735247254371643,0.1744598001241684
001150.npy,"(256, 256)",float32,0.0,1.0,0.37476933002471924,0.17508374154567719
001151.npy,"(256, 256)",float32,0.0,1.0,0.37345272302627563,0.1750628799200058
001152.npy,"(256, 256)",float32,0.0,1.0,0.5356664061546326,0.26664820313453674
001153.npy,"(256, 256)",float32,0.0,1.0,0.43518349528312683,0.2507792115211487
001154.npy,"(256, 256)",float32,0.0,1.0,0.48763084411621094,0.23441746830940247
001155.npy,"(256, 256)",float32,0.0,1.0,0.44280806183815,0.22058680653572083
001156.npy,"(256, 256)",float32,0.0,1.0,0.2935352921485901,0.2960983216762543
001157.npy,"(256, 256)",float32,0.0,1.0,0.26002004742622375,0.157925546169281
001158.npy,"(256, 256)",float32,0.0,1.0,0.25077423453330994,0.15546415746212006
001159.npy,"(256, 256)",float32,0.0,1.0,0.24907299876213074,0.15669217705726624
001160.npy,"(256, 256)",float32,0.0,1.0,0.5692123174667358,0.1955186277627945
001161.npy,"(256, 256)",float32,0.0,1.0,0.597497820854187,0.20419104397296906
001162.npy,"(256, 256)",float32,0.0,1.0,0.6450066566467285,0.18111562728881836
001163.npy,"(256, 256)",float32,0.0,1.0,0.636435866355896,0.1937909871339798
001164.npy,"(256, 256)",float32,0.0,1.0,0.17991170287132263,0.14305591583251953
001165.npy,"(256, 256)",float32,0.0,1.0,0.757247805595398,0.15921197831630707
001166.npy,"(256, 256)",float32,0.0,1.0,0.7558568716049194,0.15922927856445312
001167.npy,"(256, 256)",float32,0.0,1.0,0.763913631439209,0.1461791694164276
001168.npy,"(256, 256)",float32,0.0,1.0,0.11090236902236938,0.0886249914765358
001169.npy,"(256, 256)",float32,0.0,1.0,0.3240607976913452,0.08028152585029602
001170.npy,"(256, 256)",float32,0.0,1.0,0.32312434911727905,0.08184090256690979
001171.npy,"(256, 256)",float32,0.0,1.0,0.3270908296108246,0.08396261185407639
001172.npy,"(256, 256)",float32,0.0,1.0,0.3700945973396301,0.25243526697158813
001173.npy,"(256, 256)",float32,0.0,1.0,0.7211906909942627,0.16043390333652496
001174.npy,"(256, 256)",float32,0.0,1.0,0.6681936979293823,0.18203288316726685
001175.npy,"(256, 256)",float32,0.0,1.0,0.7381044626235962,0.15295381844043732
001176.npy,"(256, 256)",float32,0.0,1.0,0.3974437117576599,0.16808228194713593
001177.npy,"(256, 256)",float32,0.0,1.0,0.3665045499801636,0.23142461478710175
001178.npy,"(256, 256)",float32,0.0,1.0,0.33672067523002625,0.2064080387353897
001179.npy,"(256, 256)",float32,0.0,1.0,0.32998424768447876,0.19981157779693604
001180.npy,"(256, 256)",float32,0.0,1.0,0.3253198266029358,0.19218981266021729
001181.npy,"(256, 256)",float32,0.0,1.0,0.44480687379837036,0.16215181350708008
001182.npy,"(256, 256)",float32,0.0,1.0,0.44458168745040894,0.1604148894548416
001183.npy,"(256, 256)",float32,0.0,1.0,0.44706109166145325,0.1596611738204956
001184.npy,"(256, 256)",float32,0.0,1.0,0.5408225059509277,0.1876329779624939
001185.npy,"(256, 256)",float32,0.0,1.0,0.40933695435523987,0.14893469214439392
001186.npy,"(256, 256)",float32,0.0,1.0,0.4057733416557312,0.156561017036438
001187.npy,"(256, 256)",float32,0.0,1.0,0.3960764706134796,0.1537507325410843
001188.npy,"(256, 256)",float32,0.0,1.0,0.5432868599891663,0.2607637047767639
001189.npy,"(256, 256)",float32,0.0,1.0,0.4319126009941101,0.15600481629371643
001190.npy,"(256, 256)",float32,0.0,1.0,0.42611271142959595,0.15932482481002808
001191.npy,"(256, 256)",float32,0.0,1.0,0.4221173822879791,0.15967173874378204
001192.npy,"(256, 256)",float32,0.0,1.0,0.883816123008728,0.10648652166128159
001193.npy,"(256, 256)",float32,0.0,1.0,0.9582816362380981,0.03002508543431759
001194.npy,"(256, 256)",float32,0.0,1.0,0.9582215547561646,0.037468183785676956
001195.npy,"(256, 256)",float32,0.0,1.0,0.9573982954025269,0.039275895804166794
001196.npy,"(256, 256)",float32,0.0,1.0,0.6583994030952454,0.20155833661556244
001197.npy,"(256, 256)",float32,0.0,1.0,0.34567883610725403,0.1306765228509903
001198.npy,"(256, 256)",float32,0.0,1.0,0.5422773361206055,0.19617889821529388
001199.npy,"(256, 256)",float32,0.0,1.0,0.30729860067367554,0.11819685995578766
001200.npy,"(256, 256)",float32,0.0,1.0,0.5499502420425415,0.2720835506916046
001201.npy,"(256, 256)",float32,0.0,1.0,0.4401392936706543,0.19192573428153992
001202.npy,"(256, 256)",float32,0.0,1.0,0.4589601159095764,0.22011564671993256
001203.npy,"(256, 256)",float32,0.0,1.0,0.4658229351043701,0.1750609427690506
001204.npy,"(256, 256)",float32,0.0,1.0,0.31085652112960815,0.15466591715812683
001205.npy,"(256, 256)",float32,0.0,1.0,0.43847551941871643,0.2367343008518219
001206.npy,"(256, 256)",float32,0.0,1.0,0.5431387424468994,0.046348948031663895
001207.npy,"(256, 256)",float32,0.0,1.0,0.4406473636627197,0.2506355941295624
001208.npy,"(256, 256)",float32,0.0,1.0,0.6171363592147827,0.1142718493938446
001209.npy,"(256, 256)",float32,0.0,1.0,0.4574926197528839,0.12434644997119904
001210.npy,"(256, 256)",float32,0.0,1.0,0.456571102142334,0.1279088258743286
001211.npy,"(256, 256)",float32,0.0,1.0,0.458077073097229,0.12231668084859848
001212.npy,"(256, 256)",float32,0.0,1.0,0.2911001145839691,0.23284943401813507
001213.npy,"(256, 256)",float32,0.0,1.0,0.542742133140564,0.30088403820991516
001214.npy,"(256, 256)",float32,0.0,1.0,0.514606773853302,0.303059846162796
001215.npy,"(256, 256)",float32,0.0,1.0,0.48958301544189453,0.2984788715839386
001216.npy,"(256, 256)",float32,0.0,1.0,0.27422842383384705,0.13439984619617462
001217.npy,"(256, 256)",float32,0.0,1.0,0.18108421564102173,0.13963566720485687
001218.npy,"(256, 256)",float32,0.0,1.0,0.1805349886417389,0.13952822983264923
001219.npy,"(256, 256)",float32,0.0,1.0,0.18031975626945496,0.13986457884311676
001220.npy,"(256, 256)",float32,0.0,1.0,0.7422100901603699,0.06471520662307739
001221.npy,"(256, 256)",float32,0.0,1.0,0.30318379402160645,0.14153878390789032
001222.npy,"(256, 256)",float32,0.0,1.0,0.30265194177627563,0.1412000060081482
001223.npy,"(256, 256)",float32,0.0,1.0,0.308535635471344,0.1452493667602539
001224.npy,"(256, 256)",float32,0.0,1.0,0.3534402847290039,0.19524122774600983
001225.npy,"(256, 256)",float32,0.0,1.0,0.654137134552002,0.25909462571144104
001226.npy,"(256, 256)",float32,0.0,1.0,0.6542769074440002,0.2589949369430542
001227.npy,"(256, 256)",float32,0.0,1.0,0.754004180431366,0.2275017499923706
001228.npy,"(256, 256)",float32,0.0,1.0,0.13089028000831604,0.07704414427280426
001229.npy,"(256, 256)",float32,0.0,1.0,0.2107839286327362,0.21034397184848785
001230.npy,"(256, 256)",float32,0.0,1.0,0.2073412835597992,0.20955626666545868
001231.npy,"(256, 256)",float32,0.0,1.0,0.21058765053749084,0.21053101122379303
001232.npy,"(256, 256)",float32,0.0,1.0,0.37215569615364075,0.24222101271152496
001233.npy,"(256, 256)",float32,0.0,1.0,0.4103633761405945,0.13264837861061096
001234.npy,"(256, 256)",float32,0.0,1.0,0.3687666058540344,0.12075382471084595
001235.npy,"(256, 256)",float32,0.0,1.0,0.37032055854797363,0.12439119815826416
001236.npy,"(256, 256)",float32,0.0,1.0,0.11908480525016785,0.11069277673959732
001237.npy,"(256, 256)",float32,0.0,1.0,0.15938569605350494,0.13747179508209229
001238.npy,"(256, 256)",float32,0.0,1.0,0.16863137483596802,0.09287837147712708
001239.npy,"(256, 256)",float32,0.0,1.0,0.17877820134162903,0.14725765585899353
001240.npy,"(256, 256)",float32,0.0,1.0,0.6113339066505432,0.21867497265338898
001241.npy,"(256, 256)",float32,0.0,1.0,0.4305570125579834,0.2988760471343994
001242.npy,"(256, 256)",float32,0.0,1.0,0.3957851529121399,0.31464019417762756
001243.npy,"(256, 256)",float32,0.0,1.0,0.4510384500026703,0.2978724539279938
001244.npy,"(256, 256)",float32,0.0,1.0,0.6843783855438232,0.30590882897377014
001245.npy,"(256, 256)",float32,0.0,1.0,0.3292347490787506,0.2184145599603653
001246.npy,"(256, 256)",float32,0.0,1.0,0.31482112407684326,0.2071763128042221
001247.npy,"(256, 256)",float32,0.0,1.0,0.32358282804489136,0.21582850813865662
001248.npy,"(256, 256)",float32,0.0,1.0,0.25045523047447205,0.19141645729541779
001249.npy,"(256, 256)",float32,0.0,1.0,0.6343232989311218,0.11185742169618607
001250.npy,"(256, 256)",float32,0.0,1.0,0.6341999769210815,0.10608254373073578
001251.npy,"(256, 256)",float32,0.0,1.0,0.6353544592857361,0.11163866519927979
001252.npy,"(256, 256)",float32,0.0,1.0,0.24011090397834778,0.11711504310369492
001253.npy,"(256, 256)",float32,0.0,1.0,0.5284973382949829,0.16738885641098022
001254.npy,"(256, 256)",float32,0.0,1.0,0.5359660387039185,0.1679435521364212
001255.npy,"(256, 256)",float32,0.0,1.0,0.48248177766799927,0.15192925930023193
001256.npy,"(256, 256)",float32,0.0,1.0,0.29634636640548706,0.1112392321228981
001257.npy,"(256, 256)",float32,0.0,1.0,0.59401935338974,0.06915272772312164
001258.npy,"(256, 256)",float32,0.0,1.0,0.566618025302887,0.08834531158208847
001259.npy,"(256, 256)",float32,0.0,1.0,0.5961615443229675,0.0691850408911705
001260.npy,"(256, 256)",float32,0.0,1.0,0.2343640923500061,0.18729481101036072
001261.npy,"(256, 256)",float32,0.0,1.0,0.12092991173267365,0.13406920433044434
001262.npy,"(256, 256)",float32,0.0,1.0,0.1197965145111084,0.13759353756904602
001263.npy,"(256, 256)",float32,0.0,1.0,0.11451692134141922,0.12441794574260712
001264.npy,"(256, 256)",float32,0.0,1.0,0.5255193710327148,0.32874932885169983
001265.npy,"(256, 256)",float32,0.0,1.0,0.4320533275604248,0.4234387278556824
001266.npy,"(256, 256)",float32,0.0,1.0,0.4034503698348999,0.396066814661026
001267.npy,"(256, 256)",float32,0.0,1.0,0.24393731355667114,0.2958533465862274
001268.npy,"(256, 256)",float32,0.0,1.0,0.3582964539527893,0.23125030100345612
001269.npy,"(256, 256)",float32,0.0,1.0,0.6501762866973877,0.27534541487693787
001270.npy,"(256, 256)",float32,0.0,1.0,0.7160248756408691,0.25119930505752563
001271.npy,"(256, 256)",float32,0.0,1.0,0.6435521841049194,0.2859039902687073
001272.npy,"(256, 256)",float32,0.0,1.0,0.29455435276031494,0.17491759359836578
001273.npy,"(256, 256)",float32,0.0,1.0,0.2582034468650818,0.198553204536438
001274.npy,"(256, 256)",float32,0.0,1.0,0.24663886427879333,0.18878541886806488
001275.npy,"(256, 256)",float32,0.0,1.0,0.25694915652275085,0.19871550798416138
001276.npy,"(256, 256)",float32,0.0,1.0,0.3706457018852234,0.21477052569389343
001277.npy,"(256, 256)",float32,0.0,1.0,0.6691749691963196,0.20122814178466797
001278.npy,"(256, 256)",float32,0.0,1.0,0.662279486656189,0.20225957036018372
001279.npy,"(256, 256)",float32,0.0,1.0,0.6612708568572998,0.20286132395267487
001280.npy,"(256, 256)",float32,0.0,1.0,0.5632703900337219,0.2113019824028015
001281.npy,"(256, 256)",float32,0.0,1.0,0.2456168234348297,0.10977774858474731
001282.npy,"(256, 256)",float32,0.0,1.0,0.26332029700279236,0.11219378560781479
001283.npy,"(256, 256)",float32,0.0,1.0,0.24445591866970062,0.1078033372759819
001284.npy,"(256, 256)",float32,0.0,1.0,0.6594747304916382,0.20417742431163788
001285.npy,"(256, 256)",float32,0.0,1.0,0.5174630880355835,0.11819583922624588
001286.npy,"(256, 256)",float32,0.0,1.0,0.5387855768203735,0.11624614894390106
001287.npy,"(256, 256)",float32,0.0,1.0,0.5436943173408508,0.11352095007896423
001288.npy,"(256, 256)",float32,0.0,1.0,0.19859783351421356,0.29044902324676514
001289.npy,"(256, 256)",float32,0.0,1.0,0.15887565910816193,0.12997688353061676
001290.npy,"(256, 256)",float32,0.0,1.0,0.16518031060695648,0.13270847499370575
001291.npy,"(256, 256)",float32,0.0,1.0,0.16365306079387665,0.13584502041339874
001292.npy,"(256, 256)",float32,0.0,1.0,0.3006575107574463,0.15283499658107758
001293.npy,"(256, 256)",float32,0.0,1.0,0.1461569368839264,0.12482230365276337
001294.npy,"(256, 256)",float32,0.0,1.0,0.13392962515354156,0.10309374332427979
001295.npy,"(256, 256)",float32,0.0,1.0,0.14280632138252258,0.1163535788655281
001296.npy,"(256, 256)",float32,0.0,1.0,0.5260452628135681,0.1329583078622818
001297.npy,"(256, 256)",float32,0.0,1.0,0.592612624168396,0.15864861011505127
001298.npy,"(256, 256)",float32,0.0,1.0,0.5450810790061951,0.17271694540977478
001299.npy,"(256, 256)",float32,0.0,1.0,0.6030902862548828,0.09522385150194168
001300.npy,"(256, 256)",float32,0.0,1.0,0.47763732075691223,0.17894595861434937
001301.npy,"(256, 256)",float32,0.0,1.0,0.5880423784255981,0.1921520084142685
001302.npy,"(256, 256)",float32,0.0,1.0,0.58968186378479,0.19129757583141327
001303.npy,"(256, 256)",float32,0.0,1.0,0.5758915543556213,0.19082853198051453
001304.npy,"(256, 256)",float32,0.0,1.0,0.7706784009933472,0.21563296020030975
001305.npy,"(256, 256)",float32,0.0,1.0,0.7701215744018555,0.14488784968852997
001306.npy,"(256, 256)",float32,0.0,1.0,0.7498395442962646,0.15995360910892487
001307.npy,"(256, 256)",float32,0.0,1.0,0.7735387682914734,0.13198047876358032
001308.npy,"(256, 256)",float32,0.0,1.0,0.17419786751270294,0.18765170872211456
001309.npy,"(256, 256)",float32,0.0,1.0,0.13251231610774994,0.1533297449350357
001310.npy,"(256, 256)",float32,0.0,1.0,0.11897137016057968,0.14981986582279205
001311.npy,"(256, 256)",float32,0.0,1.0,0.1208026111125946,0.14565762877464294
001312.npy,"(256, 256)",float32,0.0,1.0,0.5026585459709167,0.2025822252035141
001313.npy,"(256, 256)",float32,0.0,1.0,0.43097007274627686,0.20897364616394043
001314.npy,"(256, 256)",float32,0.0,1.0,0.4297960102558136,0.20887131989002228
001315.npy,"(256, 256)",float32,0.0,1.0,0.4279615879058838,0.20852206647396088
001316.npy,"(256, 256)",float32,0.0,1.0,0.5540592670440674,0.13543210923671722
001317.npy,"(256, 256)",float32,0.0,1.0,0.4314325153827667,0.14591407775878906
001318.npy,"(256, 256)",float32,0.0,1.0,0.4301077723503113,0.14562299847602844
001319.npy,"(256, 256)",float32,0.0,1.0,0.40519168972969055,0.15440978109836578
001320.npy,"(256, 256)",float32,0.0,1.0,0.2583755850791931,0.18537332117557526
001321.npy,"(256, 256)",float32,0.0,1.0,0.07791197299957275,0.1528083086013794
001322.npy,"(256, 256)",float32,0.0,1.0,0.08062620460987091,0.15567977726459503
001323.npy,"(256, 256)",float32,0.0,1.0,0.04997896030545235,0.09782449901103973
001324.npy,"(256, 256)",float32,0.0,1.0,0.8558788299560547,0.0439840704202652
001325.npy,"(256, 256)",float32,0.0,1.0,0.2044183611869812,0.1954251080751419
001326.npy,"(256, 256)",float32,0.0,1.0,0.24479269981384277,0.22253963351249695
001327.npy,"(256, 256)",float32,0.0,1.0,0.23685616254806519,0.20913822948932648
001328.npy,"(256, 256)",float32,0.0,1.0,0.4649321436882019,0.19388054311275482
001329.npy,"(256, 256)",float32,0.0,1.0,0.24204254150390625,0.1992071121931076
001330.npy,"(256, 256)",float32,0.0,1.0,0.21168631315231323,0.17653577029705048
001331.npy,"(256, 256)",float32,0.0,1.0,0.21174806356430054,0.17655044794082642
001332.npy,"(256, 256)",float32,0.0,1.0,0.3643464744091034,0.255775511264801
001333.npy,"(256, 256)",float32,0.0,1.0,0.48618125915527344,0.10419712215662003
001334.npy,"(256, 256)",float32,0.0,1.0,0.48712289333343506,0.10310928523540497
001335.npy,"(256, 256)",float32,0.0,1.0,0.501626193523407,0.10004185885190964
001336.npy,"(256, 256)",float32,0.0,1.0,0.5209211111068726,0.14576922357082367
001337.npy,"(256, 256)",float32,0.0,1.0,0.36609894037246704,0.13889504969120026
001338.npy,"(256, 256)",float32,0.0,1.0,0.3649550974369049,0.13675391674041748
001339.npy,"(256, 256)",float32,0.0,1.0,0.3654528856277466,0.12675677239894867
001340.npy,"(256, 256)",float32,0.0,1.0,0.579123854637146,0.23864875733852386
001341.npy,"(256, 256)",float32,0.0,1.0,0.5527697205543518,0.21778558194637299
001342.npy,"(256, 256)",float32,0.0,1.0,0.5536669492721558,0.2175477296113968
001343.npy,"(256, 256)",float32,0.0,1.0,0.5227550268173218,0.2063366323709488
001344.npy,"(256, 256)",float32,0.0,1.0,0.6043446063995361,0.257495641708374
001345.npy,"(256, 256)",float32,0.0,1.0,0.6667062044143677,0.11973419785499573
001346.npy,"(256, 256)",float32,0.0,1.0,0.672012209892273,0.12016487866640091
001347.npy,"(256, 256)",float32,0.0,1.0,0.6042357683181763,0.18988481163978577
001348.npy,"(256, 256)",float32,0.0,1.0,0.32491886615753174,0.23921984434127808
001349.npy,"(256, 256)",float32,0.0,1.0,0.7699370384216309,0.12710532546043396
001350.npy,"(256, 256)",float32,0.0,1.0,0.4482305347919464,0.20150525867938995
001351.npy,"(256, 256)",float32,0.0,1.0,0.660815954208374,0.13902202248573303
001352.npy,"(256, 256)",float32,0.0,1.0,0.41510874032974243,0.18154071271419525
001353.npy,"(256, 256)",float32,0.0,1.0,0.44363898038864136,0.18265986442565918
001354.npy,"(256, 256)",float32,0.0,1.0,0.4688229560852051,0.1869305521249771
001355.npy,"(256, 256)",float32,0.0,1.0,0.44578683376312256,0.1836145520210266
001356.npy,"(256, 256)",float32,0.0,1.0,0.30385124683380127,0.15109167993068695
001357.npy,"(256, 256)",float32,0.0,1.0,0.310507595539093,0.07735355198383331
001358.npy,"(256, 256)",float32,0.0,1.0,0.3118882179260254,0.07694606482982635
001359.npy,"(256, 256)",float32,0.0,1.0,0.349234402179718,0.07627691328525543
001360.npy,"(256, 256)",float32,0.0,1.0,0.5428390502929688,0.17479191720485687
001361.npy,"(256, 256)",float32,0.0,1.0,0.5099749565124512,0.1578451544046402
001362.npy,"(256, 256)",float32,0.0,1.0,0.5136834383010864,0.1425502598285675
001363.npy,"(256, 256)",float32,0.0,1.0,0.4853264093399048,0.17466625571250916
001364.npy,"(256, 256)",float32,0.0,1.0,0.26140180230140686,0.23648925125598907
001365.npy,"(256, 256)",float32,0.0,1.0,0.5190017223358154,0.10054506361484528
001366.npy,"(256, 256)",float32,0.0,1.0,0.4774192273616791,0.15056462585926056
001367.npy,"(256, 256)",float32,0.0,1.0,0.4936005175113678,0.1272519826889038
001368.npy,"(256, 256)",float32,0.0,1.0,0.2531422972679138,0.23376716673374176
001369.npy,"(256, 256)",float32,0.0,1.0,0.48355329036712646,0.15010935068130493
001370.npy,"(256, 256)",float32,0.0,1.0,0.49643537402153015,0.1477137953042984
001371.npy,"(256, 256)",float32,0.0,1.0,0.4779545068740845,0.1441822350025177
001372.npy,"(256, 256)",float32,0.0,1.0,0.4492330551147461,0.1681714653968811
001373.npy,"(256, 256)",float32,0.0,1.0,0.464728981256485,0.26893383264541626
001374.npy,"(256, 256)",float32,0.0,1.0,0.4776238203048706,0.2960876524448395
001375.npy,"(256, 256)",float32,0.0,1.0,0.48231738805770874,0.2920457124710083
001376.npy,"(256, 256)",float32,0.0,1.0,0.7953201532363892,0.2628626227378845
001377.npy,"(256, 256)",float32,0.0,1.0,0.5004342794418335,0.1870964914560318
001378.npy,"(256, 256)",float32,0.0,1.0,0.48532578349113464,0.15110522508621216
001379.npy,"(256, 256)",float32,0.0,1.0,0.5024583339691162,0.18993785977363586
001380.npy,"(256, 256)",float32,0.0,1.0,0.7431240677833557,0.20624931156635284
001381.npy,"(256, 256)",float32,0.0,1.0,0.24465066194534302,0.17319832742214203
001382.npy,"(256, 256)",float32,0.0,1.0,0.24309048056602478,0.1731993407011032
001383.npy,"(256, 256)",float32,0.0,1.0,0.2199733555316925,0.1726127415895462
001384.npy,"(256, 256)",float32,0.0,1.0,0.587430477142334,0.26147860288619995
001385.npy,"(256, 256)",float32,0.0,1.0,0.534823477268219,0.28044798970222473
001386.npy,"(256, 256)",float32,0.0,1.0,0.5525296926498413,0.28195181488990784
001387.npy,"(256, 256)",float32,0.0,1.0,0.5531387329101562,0.28241580724716187
001388.npy,"(256, 256)",float32,0.0,1.0,0.3430634140968323,0.2264188677072525
001389.npy,"(256, 256)",float32,0.0,1.0,0.4730519652366638,0.22704465687274933
001390.npy,"(256, 256)",float32,0.0,1.0,0.5110914707183838,0.21543154120445251
001391.npy,"(256, 256)",float32,0.0,1.0,0.46352851390838623,0.24208864569664001
001392.npy,"(256, 256)",float32,0.0,1.0,0.4102577567100525,0.18887342512607574
001393.npy,"(256, 256)",float32,0.0,1.0,0.596022367477417,0.14833776652812958
001394.npy,"(256, 256)",float32,0.0,1.0,0.5921533703804016,0.14536869525909424
001395.npy,"(256, 256)",float32,0.0,1.0,0.5970163345336914,0.15395225584506989
001396.npy,"(256, 256)",float32,0.0,1.0,0.6115524768829346,0.18087948858737946
001397.npy,"(256, 256)",float32,0.0,1.0,0.689052402973175,0.09884976595640182
001398.npy,"(256, 256)",float32,0.0,1.0,0.6881840825080872,0.09898838400840759
001399.npy,"(256, 256)",float32,0.0,1.0,0.6888171434402466,0.09869682788848877
001400.npy,"(256, 256)",float32,0.0,1.0,0.2561936676502228,0.15695159137248993
001401.npy,"(256, 256)",float32,0.0,1.0,0.6935692429542542,0.2590770721435547
001402.npy,"(256, 256)",float32,0.0,1.0,0.6390113830566406,0.2791740298271179
001403.npy,"(256, 256)",float32,0.0,1.0,0.5277582406997681,0.30678144097328186
001404.npy,"(256, 256)",float32,0.0,1.0,0.7115867137908936,0.11944717168807983
001405.npy,"(256, 256)",float32,0.0,1.0,0.16130368411540985,0.1372426301240921
001406.npy,"(256, 256)",float32,0.0,1.0,0.16017109155654907,0.08932807296514511
001407.npy,"(256, 256)",float32,0.0,1.0,0.1520397961139679,0.13423867523670197
001408.npy,"(256, 256)",float32,0.0,1.0,0.101276695728302,0.1518869549036026
001409.npy,"(256, 256)",float32,0.0,1.0,0.15142227709293365,0.17696066200733185
001410.npy,"(256, 256)",float32,0.0,1.0,0.12009759247303009,0.16517353057861328
001411.npy,"(256, 256)",float32,0.0,1.0,0.11706455051898956,0.1562553346157074
001412.npy,"(256, 256)",float32,0.0,1.0,0.5538336634635925,0.26565122604370117
001413.npy,"(256, 256)",float32,0.0,1.0,0.5266206860542297,0.283622682094574
001414.npy,"(256, 256)",float32,0.0,1.0,0.5288861989974976,0.28287273645401
001415.npy,"(256, 256)",float32,0.0,1.0,0.5274938344955444,0.2831152379512787
001416.npy,"(256, 256)",float32,0.0,1.0,0.7380897998809814,0.1559520810842514
001417.npy,"(256, 256)",float32,0.0,1.0,0.343286395072937,0.18428871035575867
001418.npy,"(256, 256)",float32,0.0,1.0,0.3895246088504791,0.20362374186515808
001419.npy,"(256, 256)",float32,0.0,1.0,0.3502572476863861,0.18399952352046967
001420.npy,"(256, 256)",float32,0.0,1.0,0.5749343633651733,0.2334682047367096
001421.npy,"(256, 256)",float32,0.0,1.0,0.6611682176589966,0.23464755713939667
001422.npy,"(256, 256)",float32,0.0,1.0,0.6660150289535522,0.21796943247318268
001423.npy,"(256, 256)",float32,0.0,1.0,0.6897763609886169,0.21810594201087952
001424.npy,"(256, 256)",float32,0.0,1.0,0.6996574997901917,0.204166978597641
001425.npy,"(256, 256)",float32,0.0,1.0,0.7571591138839722,0.22172893583774567
001426.npy,"(256, 256)",float32,0.0,1.0,0.7405539751052856,0.23080028593540192
001427.npy,"(256, 256)",float32,0.0,1.0,0.7284914255142212,0.2053842544555664
001428.npy,"(256, 256)",float32,0.0,1.0,0.19107678532600403,0.20322056114673615
001429.npy,"(256, 256)",float32,0.0,1.0,0.8526784181594849,0.2256167083978653
001430.npy,"(256, 256)",float32,0.0,1.0,0.8634194135665894,0.21540169417858124
001431.npy,"(256, 256)",float32,0.0,1.0,0.8544919490814209,0.22449195384979248
001432.npy,"(256, 256)",float32,0.0,1.0,0.4910888075828552,0.14714546501636505
001433.npy,"(256, 256)",float32,0.0,1.0,0.8718343377113342,0.21451014280319214
001434.npy,"(256, 256)",float32,0.0,1.0,0.8726357817649841,0.20930303633213043
001435.npy,"(256, 256)",float32,0.0,1.0,0.8707000017166138,0.20892684161663055
001436.npy,"(256, 256)",float32,0.0,1.0,0.6320644617080688,0.22474908828735352
001437.npy,"(256, 256)",float32,0.0,1.0,0.38323259353637695,0.15063588321208954
001438.npy,"(256, 256)",float32,0.0,1.0,0.3832879662513733,0.15057122707366943
001439.npy,"(256, 256)",float32,0.0,1.0,0.36720967292785645,0.1567738801240921
001440.npy,"(256, 256)",float32,0.0,1.0,0.3290925920009613,0.18333758413791656
001441.npy,"(256, 256)",float32,0.0,1.0,0.3683133125305176,0.15288573503494263
001442.npy,"(256, 256)",float32,0.0,1.0,0.38292986154556274,0.14754614233970642
001443.npy,"(256, 256)",float32,0.0,1.0,0.38408592343330383,0.14708763360977173
001444.npy,"(256, 256)",float32,0.0,1.0,0.47794464230537415,0.18946954607963562
001445.npy,"(256, 256)",float32,0.0,1.0,0.08154898881912231,0.12566176056861877
001446.npy,"(256, 256)",float32,0.0,1.0,0.0854620486497879,0.12793393433094025
001447.npy,"(256, 256)",float32,0.0,1.0,0.08714304864406586,0.12837862968444824
001448.npy,"(256, 256)",float32,0.0,1.0,0.6754136085510254,0.16459791362285614
001449.npy,"(256, 256)",float32,0.0,1.0,0.6785452365875244,0.21342939138412476
001450.npy,"(256, 256)",float32,0.0,1.0,0.5213340520858765,0.30062583088874817
001451.npy,"(256, 256)",float32,0.0,1.0,0.6446831822395325,0.24908369779586792
001452.npy,"(256, 256)",float32,0.0,1.0,0.5735881328582764,0.24758659303188324
001453.npy,"(256, 256)",float32,0.0,1.0,0.5386203527450562,0.2474878579378128
001454.npy,"(256, 256)",float32,0.0,1.0,0.5346336364746094,0.23803354799747467
001455.npy,"(256, 256)",float32,0.0,1.0,0.4679381847381592,0.22531814873218536
001456.npy,"(256, 256)",float32,0.0,1.0,0.35594749450683594,0.22210568189620972
001457.npy,"(256, 256)",float32,0.0,1.0,0.34559690952301025,0.22076666355133057
001458.npy,"(256, 256)",float32,0.0,1.0,0.3342176675796509,0.21843600273132324
001459.npy,"(256, 256)",float32,0.0,1.0,0.3440425992012024,0.2216147780418396
001460.npy,"(256, 256)",float32,0.0,1.0,0.3424931764602661,0.1346840262413025
001461.npy,"(256, 256)",float32,0.0,1.0,0.7311745882034302,0.32882750034332275
001462.npy,"(256, 256)",float32,0.0,1.0,0.5420203804969788,0.34788310527801514
001463.npy,"(256, 256)",float32,0.0,1.0,0.61583012342453,0.35493144392967224
001464.npy,"(256, 256)",float32,0.0,1.0,0.3902592957019806,0.196300208568573
001465.npy,"(256, 256)",float32,0.0,1.0,0.5976285934448242,0.4320213794708252
001466.npy,"(256, 256)",float32,0.0,1.0,0.5662556290626526,0.43956121802330017
001467.npy,"(256, 256)",float32,0.0,1.0,0.6014193892478943,0.4324558675289154
001468.npy,"(256, 256)",float32,0.0,1.0,0.23102840781211853,0.174102783203125
001469.npy,"(256, 256)",float32,0.0,1.0,0.2896343171596527,0.2623908817768097
001470.npy,"(256, 256)",float32,0.0,1.0,0.31166207790374756,0.2692773640155792
001471.npy,"(256, 256)",float32,0.0,1.0,0.3115510046482086,0.2755658030509949
001472.npy,"(256, 256)",float32,0.0,1.0,0.6912147998809814,0.18041954934597015
001473.npy,"(256, 256)",float32,0.0,1.0,0.5642107725143433,0.2162044644355774
001474.npy,"(256, 256)",float32,0.0,1.0,0.6311277151107788,0.1847589761018753
001475.npy,"(256, 256)",float32,0.0,1.0,0.5490059852600098,0.21989960968494415
001476.npy,"(256, 256)",float32,0.0,1.0,0.3121812045574188,0.2161262482404709
001477.npy,"(256, 256)",float32,0.0,1.0,0.25629937648773193,0.18668779730796814
001478.npy,"(256, 256)",float32,0.0,1.0,0.2543298006057739,0.18782122433185577
001479.npy,"(256, 256)",float32,0.0,1.0,0.25115513801574707,0.16976779699325562
001480.npy,"(256, 256)",float32,0.0,1.0,0.3114442229270935,0.1602402627468109
001481.npy,"(256, 256)",float32,0.0,1.0,0.7885434031486511,0.17913299798965454
001482.npy,"(256, 256)",float32,0.0,1.0,0.7707503437995911,0.17805024981498718
001483.npy,"(256, 256)",float32,0.0,1.0,0.7838958501815796,0.18341359496116638
001484.npy,"(256, 256)",float32,0.0,1.0,0.5657709836959839,0.28921833634376526
001485.npy,"(256, 256)",float32,0.0,1.0,0.61288982629776,0.2911226451396942
001486.npy,"(256, 256)",float32,0.0,1.0,0.5029587745666504,0.3182821273803711
001487.npy,"(256, 256)",float32,0.0,1.0,0.6171139478683472,0.2792731523513794
001488.npy,"(256, 256)",float32,0.0,1.0,0.6587045788764954,0.18859122693538666
001489.npy,"(256, 256)",float32,0.0,1.0,0.5124862194061279,0.2272731214761734
001490.npy,"(256, 256)",float32,0.0,1.0,0.505789577960968,0.21460358798503876
001491.npy,"(256, 256)",float32,0.0,1.0,0.5188671946525574,0.22331394255161285
001492.npy,"(256, 256)",float32,0.0,1.0,0.22124122083187103,0.19135306775569916
001493.npy,"(256, 256)",float32,0.0,1.0,0.3235284686088562,0.36966443061828613
001494.npy,"(256, 256)",float32,0.0,1.0,0.4135591983795166,0.39405152201652527
001495.npy,"(256, 256)",float32,0.0,1.0,0.41088640689849854,0.3945712447166443
001496.npy,"(256, 256)",float32,0.0,1.0,0.5500272512435913,0.30911436676979065
001497.npy,"(256, 256)",float32,0.0,1.0,0.5138420462608337,0.34176555275917053
001498.npy,"(256, 256)",float32,0.0,1.0,0.43365299701690674,0.3564862906932831
001499.npy,"(256, 256)",float32,0.0,1.0,0.43375563621520996,0.3564182221889496
001500.npy,"(256, 256)",float32,0.0,1.0,0.43919888138771057,0.16187654435634613
001501.npy,"(256, 256)",float32,0.0,1.0,0.3774316906929016,0.12090011686086655
001502.npy,"(256, 256)",float32,0.0,1.0,0.39954856038093567,0.1050957664847374
001503.npy,"(256, 256)",float32,0.0,1.0,0.3848411440849304,0.11453243345022202
001504.npy,"(256, 256)",float32,0.0,1.0,0.40143316984176636,0.10698755085468292
001505.npy,"(256, 256)",float32,0.0,1.0,0.26648271083831787,0.16157546639442444
001506.npy,"(256, 256)",float32,0.0,1.0,0.24412398040294647,0.15311680734157562
001507.npy,"(256, 256)",float32,0.0,1.0,0.19584575295448303,0.12930196523666382
001508.npy,"(256, 256)",float32,0.0,1.0,0.4426180124282837,0.2111811488866806
001509.npy,"(256, 256)",float32,0.0,1.0,0.4168134033679962,0.2488362193107605
001510.npy,"(256, 256)",float32,0.0,1.0,0.41663169860839844,0.24872837960720062
001511.npy,"(256, 256)",float32,0.0,1.0,0.41658124327659607,0.2487093210220337
001512.npy,"(256, 256)",float32,0.0,1.0,0.6027860641479492,0.19955095648765564
001513.npy,"(256, 256)",float32,0.0,1.0,0.1354336440563202,0.11357397586107254
001514.npy,"(256, 256)",float32,0.0,1.0,0.12446856498718262,0.1068820059299469
001515.npy,"(256, 256)",float32,0.0,1.0,0.12510719895362854,0.10740607976913452
001516.npy,"(256, 256)",float32,0.0,1.0,0.41862690448760986,0.2256665825843811
001517.npy,"(256, 256)",float32,0.0,1.0,0.29289036989212036,0.13186340034008026
001518.npy,"(256, 256)",float32,0.0,1.0,0.28756287693977356,0.15061569213867188
001519.npy,"(256, 256)",float32,0.0,1.0,0.28258728981018066,0.1520199030637741
001520.npy,"(256, 256)",float32,0.0,1.0,0.542759120464325,0.20520949363708496
001521.npy,"(256, 256)",float32,0.0,1.0,0.36713114380836487,0.2047288417816162
001522.npy,"(256, 256)",float32,0.0,1.0,0.3770548105239868,0.20343923568725586
001523.npy,"(256, 256)",float32,0.0,1.0,0.3684092164039612,0.2039586901664734
001524.npy,"(256, 256)",float32,0.0,1.0,0.16701640188694,0.17866981029510498
001525.npy,"(256, 256)",float32,0.0,1.0,0.21792061626911163,0.21390487253665924
001526.npy,"(256, 256)",float32,0.0,1.0,0.2220015674829483,0.2140471339225769
001527.npy,"(256, 256)",float32,0.0,1.0,0.2531623840332031,0.2089224010705948
001528.npy,"(256, 256)",float32,0.0,1.0,0.5057780742645264,0.11806268990039825
001529.npy,"(256, 256)",float32,0.0,1.0,0.2897627651691437,0.12626485526561737
001530.npy,"(256, 256)",float32,0.0,1.0,0.32468992471694946,0.13192574679851532
001531.npy,"(256, 256)",float32,0.0,1.0,0.3202167749404907,0.1309816539287567
001532.npy,"(256, 256)",float32,0.0,1.0,0.3931785523891449,0.168338343501091
001533.npy,"(256, 256)",float32,0.0,1.0,0.21065810322761536,0.11674715578556061
001534.npy,"(256, 256)",float32,0.0,1.0,0.21102465689182281,0.10033649206161499
001535.npy,"(256, 256)",float32,0.0,1.0,0.21216949820518494,0.10495258867740631
001536.npy,"(256, 256)",float32,0.0,1.0,0.30509698390960693,0.20557965338230133
001537.npy,"(256, 256)",float32,0.0,1.0,0.28012368083000183,0.18576373159885406
001538.npy,"(256, 256)",float32,0.0,1.0,0.23403829336166382,0.14251869916915894
001539.npy,"(256, 256)",float32,0.0,1.0,0.2340100109577179,0.14247077703475952
001540.npy,"(256, 256)",float32,0.0,1.0,0.8163528442382812,0.32079198956489563
001541.npy,"(256, 256)",float32,0.0,1.0,0.8166077136993408,0.10029803216457367
001542.npy,"(256, 256)",float32,0.0,1.0,0.8166764974594116,0.09611533582210541
001543.npy,"(256, 256)",float32,0.0,1.0,0.8170732259750366,0.09452133625745773
001544.npy,"(256, 256)",float32,0.0,1.0,0.22420266270637512,0.13894124329090118
001545.npy,"(256, 256)",float32,0.0,1.0,0.1363803893327713,0.11682473868131638
001546.npy,"(256, 256)",float32,0.0,1.0,0.15299782156944275,0.11459458619356155
001547.npy,"(256, 256)",float32,0.0,1.0,0.13249336183071136,0.11201315373182297
001548.npy,"(256, 256)",float32,0.0,1.0,0.46523600816726685,0.14351694285869598
001549.npy,"(256, 256)",float32,0.0,1.0,0.3817387521266937,0.1416829377412796
001550.npy,"(256, 256)",float32,0.0,1.0,0.34269070625305176,0.14091771841049194
001551.npy,"(256, 256)",float32,0.0,1.0,0.3336910605430603,0.12715621292591095
001552.npy,"(256, 256)",float32,0.0,1.0,0.3098903000354767,0.26576313376426697
001553.npy,"(256, 256)",float32,0.0,1.0,0.517902672290802,0.28928494453430176
001554.npy,"(256, 256)",float32,0.0,1.0,0.5458872318267822,0.28898775577545166
001555.npy,"(256, 256)",float32,0.0,1.0,0.48545292019844055,0.28975367546081543
001556.npy,"(256, 256)",float32,0.0,1.0,0.8024680614471436,0.19733430445194244
001557.npy,"(256, 256)",float32,0.0,1.0,0.43530088663101196,0.22484266757965088
001558.npy,"(256, 256)",float32,0.0,1.0,0.4530833959579468,0.22518642246723175
001559.npy,"(256, 256)",float32,0.0,1.0,0.41088348627090454,0.22006957232952118
001560.npy,"(256, 256)",float32,0.0,1.0,0.25125235319137573,0.2330033928155899
001561.npy,"(256, 256)",float32,0.0,1.0,0.5536887645721436,0.2931840121746063
001562.npy,"(256, 256)",float32,0.0,1.0,0.576221764087677,0.28247806429862976
001563.npy,"(256, 256)",float32,0.0,1.0,0.5769089460372925,0.28203698992729187
001564.npy,"(256, 256)",float32,0.0,1.0,0.3493227958679199,0.2925201654434204
001565.npy,"(256, 256)",float32,0.0,1.0,0.3962059020996094,0.28538310527801514
001566.npy,"(256, 256)",float32,0.0,1.0,0.39094001054763794,0.2790427803993225
001567.npy,"(256, 256)",float32,0.0,1.0,0.4429502487182617,0.28448840975761414
001568.npy,"(256, 256)",float32,0.0,1.0,0.18191435933113098,0.11772218346595764
001569.npy,"(256, 256)",float32,0.0,1.0,0.17641721665859222,0.08427318185567856
001570.npy,"(256, 256)",float32,0.0,1.0,0.18317309021949768,0.0866365134716034
001571.npy,"(256, 256)",float32,0.0,1.0,0.19095543026924133,0.09260550141334534
001572.npy,"(256, 256)",float32,0.0,1.0,0.3964815139770508,0.17538222670555115
001573.npy,"(256, 256)",float32,0.0,1.0,0.43289628624916077,0.29538410902023315
001574.npy,"(256, 256)",float32,0.0,1.0,0.4339735507965088,0.2949748933315277
001575.npy,"(256, 256)",float32,0.0,1.0,0.3961738348007202,0.2757268249988556
001576.npy,"(256, 256)",float32,0.0,1.0,0.4266166687011719,0.20970118045806885
001577.npy,"(256, 256)",float32,0.0,1.0,0.07685041427612305,0.07832809537649155
001578.npy,"(256, 256)",float32,0.0,1.0,0.08523264527320862,0.0827072337269783
001579.npy,"(256, 256)",float32,0.0,1.0,0.08310641348361969,0.08022434264421463
001580.npy,"(256, 256)",float32,0.0,1.0,0.2445763349533081,0.19066451489925385
001581.npy,"(256, 256)",float32,0.0,1.0,0.26292404532432556,0.1625007539987564
001582.npy,"(256, 256)",float32,0.0,1.0,0.28788772225379944,0.17037732899188995
001583.npy,"(256, 256)",float32,0.0,1.0,0.3508214056491852,0.22156932950019836
001584.npy,"(256, 256)",float32,0.0,1.0,0.5137485265731812,0.21632394194602966
001585.npy,"(256, 256)",float32,0.0,1.0,0.39536574482917786,0.22663302719593048
001586.npy,"(256, 256)",float32,0.0,1.0,0.3704574704170227,0.2409467101097107
001587.npy,"(256, 256)",float32,0.0,1.0,0.37214237451553345,0.243421271443367
001588.npy,"(256, 256)",float32,0.0,1.0,0.565588653087616,0.154796302318573
001589.npy,"(256, 256)",float32,0.0,1.0,0.38394418358802795,0.23318392038345337
001590.npy,"(256, 256)",float32,0.0,1.0,0.37756118178367615,0.25001367926597595
001591.npy,"(256, 256)",float32,0.0,1.0,0.3765222430229187,0.24500609934329987
001592.npy,"(256, 256)",float32,0.0,1.0,0.4911526143550873,0.1701757162809372
001593.npy,"(256, 256)",float32,0.0,1.0,0.6782758831977844,0.17409446835517883
001594.npy,"(256, 256)",float32,0.0,1.0,0.7315043210983276,0.1672155112028122
001595.npy,"(256, 256)",float32,0.0,1.0,0.7385560870170593,0.16670846939086914
001596.npy,"(256, 256)",float32,0.0,1.0,0.48212361335754395,0.21284590661525726
001597.npy,"(256, 256)",float32,0.0,1.0,0.6511697173118591,0.2970414161682129
001598.npy,"(256, 256)",float32,0.0,1.0,0.5845354795455933,0.3208317458629608
001599.npy,"(256, 256)",float32,0.0,1.0,0.6842768788337708,0.2960689961910248
001600.npy,"(256, 256)",float32,0.0,1.0,0.2661569118499756,0.04690711200237274
001601.npy,"(256, 256)",float32,0.0,1.0,0.25635871291160583,0.10583670437335968
001602.npy,"(256, 256)",float32,0.0,1.0,0.36460205912590027,0.14437972009181976
001603.npy,"(256, 256)",float32,0.0,1.0,0.2581542432308197,0.10507595539093018
001604.npy,"(256, 256)",float32,0.0,1.0,0.266365647315979,0.18396389484405518
001605.npy,"(256, 256)",float32,0.0,1.0,0.545971691608429,0.26383668184280396
001606.npy,"(256, 256)",float32,0.0,1.0,0.5316083431243896,0.25952592492103577
001607.npy,"(256, 256)",float32,0.0,1.0,0.5313817262649536,0.25954052805900574
001608.npy,"(256, 256)",float32,0.0,1.0,0.485370397567749,0.32107096910476685
001609.npy,"(256, 256)",float32,0.0,1.0,0.4775720238685608,0.20340387523174286
001610.npy,"(256, 256)",float32,0.0,1.0,0.4222983419895172,0.22622762620449066
001611.npy,"(256, 256)",float32,0.0,1.0,0.4247705340385437,0.21456792950630188
001612.npy,"(256, 256)",float32,0.0,1.0,0.49460598826408386,0.26518452167510986
001613.npy,"(256, 256)",float32,0.0,1.0,0.16683056950569153,0.1161128506064415
001614.npy,"(256, 256)",float32,0.0,1.0,0.15839038789272308,0.12593314051628113
001615.npy,"(256, 256)",float32,0.0,1.0,0.1547509878873825,0.1238209530711174
001616.npy,"(256, 256)",float32,0.0,1.0,0.38714125752449036,0.2154260277748108
001617.npy,"(256, 256)",float32,0.0,1.0,0.2713097333908081,0.17183971405029297
001618.npy,"(256, 256)",float32,0.0,1.0,0.4272676706314087,0.2510960102081299
001619.npy,"(256, 256)",float32,0.0,1.0,0.28717511892318726,0.17082032561302185
001620.npy,"(256, 256)",float32,0.0,1.0,0.27072566747665405,0.18319760262966156
001621.npy,"(256, 256)",float32,0.0,1.0,0.5897644758224487,0.21758133172988892
001622.npy,"(256, 256)",float32,0.0,1.0,0.543148934841156,0.20425032079219818
001623.npy,"(256, 256)",float32,0.0,1.0,0.6046459078788757,0.2230088710784912
001624.npy,"(256, 256)",float32,0.0,1.0,0.4019858241081238,0.20379376411437988
001625.npy,"(256, 256)",float32,0.0,1.0,0.6218075752258301,0.21537888050079346
001626.npy,"(256, 256)",float32,0.0,1.0,0.6014187335968018,0.21575529873371124
001627.npy,"(256, 256)",float32,0.0,1.0,0.6021772623062134,0.21529681980609894
001628.npy,"(256, 256)",float32,0.0,1.0,0.6175131797790527,0.13554531335830688
001629.npy,"(256, 256)",float32,0.0,1.0,0.33804017305374146,0.18423308432102203
001630.npy,"(256, 256)",float32,0.0,1.0,0.3489164113998413,0.18162567913532257
001631.npy,"(256, 256)",float32,0.0,1.0,0.3504721522331238,0.18160326778888702
001632.npy,"(256, 256)",float32,0.0,1.0,0.41697680950164795,0.21925492584705353
001633.npy,"(256, 256)",float32,0.0,1.0,0.4794258177280426,0.195580393075943
001634.npy,"(256, 256)",float32,0.0,1.0,0.4765360951423645,0.1948273926973343
001635.npy,"(256, 256)",float32,0.0,1.0,0.8511806726455688,0.12637582421302795
001636.npy,"(256, 256)",float32,0.0,1.0,0.6610193252563477,0.33240556716918945
001637.npy,"(256, 256)",float32,0.0,1.0,0.2092781960964203,0.22051753103733063
001638.npy,"(256, 256)",float32,0.0,1.0,0.19066867232322693,0.20279447734355927
001639.npy,"(256, 256)",float32,0.0,1.0,0.2015150934457779,0.2108791470527649
001640.npy,"(256, 256)",float32,0.0,1.0,0.19377675652503967,0.09807819128036499
001641.npy,"(256, 256)",float32,0.0,1.0,0.18758061528205872,0.06781111657619476
001642.npy,"(256, 256)",float32,0.0,1.0,0.22593042254447937,0.0882493108510971
001643.npy,"(256, 256)",float32,0.0,1.0,0.15305261313915253,0.06828349828720093
001644.npy,"(256, 256)",float32,0.0,1.0,0.5467182397842407,0.24709643423557281
001645.npy,"(256, 256)",float32,0.0,1.0,0.25167763233184814,0.2930818498134613
001646.npy,"(256, 256)",float32,0.0,1.0,0.25170713663101196,0.2938784956932068
001647.npy,"(256, 256)",float32,0.0,1.0,0.35008007287979126,0.3376253843307495
001648.npy,"(256, 256)",float32,0.0,1.0,0.4914247989654541,0.23585087060928345
001649.npy,"(256, 256)",float32,0.0,1.0,0.25932005047798157,0.12761490046977997
001650.npy,"(256, 256)",float32,0.0,1.0,0.25936782360076904,0.1276056468486786
001651.npy,"(256, 256)",float32,0.0,1.0,0.24552570283412933,0.13030299544334412
001652.npy,"(256, 256)",float32,0.0,1.0,0.3813985288143158,0.18207931518554688
001653.npy,"(256, 256)",float32,0.0,1.0,0.6249263882637024,0.17861515283584595
001654.npy,"(256, 256)",float32,0.0,1.0,0.5277696847915649,0.20087078213691711
001655.npy,"(256, 256)",float32,0.0,1.0,0.5418877601623535,0.20133638381958008
001656.npy,"(256, 256)",float32,0.0,1.0,0.8259751796722412,0.24457725882530212
001657.npy,"(256, 256)",float32,0.0,1.0,0.431002140045166,0.24916139245033264
001658.npy,"(256, 256)",float32,0.0,1.0,0.46549004316329956,0.2606041729450226
001659.npy,"(256, 256)",float32,0.0,1.0,0.4106718897819519,0.2508253753185272
001660.npy,"(256, 256)",float32,0.0,1.0,0.4153008759021759,0.18544475734233856
001661.npy,"(256, 256)",float32,0.0,1.0,0.5762896537780762,0.27356699109077454
001662.npy,"(256, 256)",float32,0.0,1.0,0.631014347076416,0.2301078587770462
001663.npy,"(256, 256)",float32,0.0,1.0,0.5775148868560791,0.27363184094429016
001664.npy,"(256, 256)",float32,0.0,1.0,0.5047285556793213,0.23005574941635132
001665.npy,"(256, 256)",float32,0.0,1.0,0.5442626476287842,0.2431042641401291
001666.npy,"(256, 256)",float32,0.0,1.0,0.5570829510688782,0.23486176133155823
001667.npy,"(256, 256)",float32,0.0,1.0,0.5175896883010864,0.25552329421043396
001668.npy,"(256, 256)",float32,0.0,1.0,0.5184119939804077,0.3566853106021881
001669.npy,"(256, 256)",float32,0.0,1.0,0.6068935394287109,0.12427225708961487
001670.npy,"(256, 256)",float32,0.0,1.0,0.6154816150665283,0.12329497188329697
001671.npy,"(256, 256)",float32,0.0,1.0,0.5193454027175903,0.10675416141748428
001672.npy,"(256, 256)",float32,0.0,1.0,0.27427440881729126,0.24048961699008942
001673.npy,"(256, 256)",float32,0.0,1.0,0.18696391582489014,0.1120062991976738
001674.npy,"(256, 256)",float32,0.0,1.0,0.19797468185424805,0.11228448897600174
001675.npy,"(256, 256)",float32,0.0,1.0,0.1934095323085785,0.1121889129281044
001676.npy,"(256, 256)",float32,0.0,1.0,0.2724796235561371,0.23144224286079407
001677.npy,"(256, 256)",float32,0.0,1.0,0.24898503720760345,0.12769627571105957
001678.npy,"(256, 256)",float32,0.0,1.0,0.2509024739265442,0.13276894390583038
001679.npy,"(256, 256)",float32,0.0,1.0,0.21327990293502808,0.1407873034477234
001680.npy,"(256, 256)",float32,0.0,1.0,0.655513346195221,0.24475613236427307
001681.npy,"(256, 256)",float32,0.0,1.0,0.3686474859714508,0.21411696076393127
001682.npy,"(256, 256)",float32,0.0,1.0,0.36719608306884766,0.21316763758659363
001683.npy,"(256, 256)",float32,0.0,1.0,0.37229180335998535,0.21917486190795898
001684.npy,"(256, 256)",float32,0.0,1.0,0.2832537591457367,0.21458375453948975
001685.npy,"(256, 256)",float32,0.0,1.0,0.6791056394577026,0.27842456102371216
001686.npy,"(256, 256)",float32,0.0,1.0,0.6929865479469299,0.2772600054740906
001687.npy,"(256, 256)",float32,0.0,1.0,0.6499949097633362,0.29337990283966064
001688.npy,"(256, 256)",float32,0.0,1.0,0.7299219965934753,0.1880784034729004
001689.npy,"(256, 256)",float32,0.0,1.0,0.4967612624168396,0.18351256847381592
001690.npy,"(256, 256)",float32,0.0,1.0,0.5364364981651306,0.17884455621242523
001691.npy,"(256, 256)",float32,0.0,1.0,0.5321869254112244,0.17573966085910797
001692.npy,"(256, 256)",float32,0.0,1.0,0.3060876727104187,0.21500924229621887
001693.npy,"(256, 256)",float32,0.0,1.0,0.31228965520858765,0.2772762179374695
001694.npy,"(256, 256)",float32,0.0,1.0,0.30853426456451416,0.2740253210067749
001695.npy,"(256, 256)",float32,0.0,1.0,0.31531670689582825,0.2747545540332794
001696.npy,"(256, 256)",float32,0.0,1.0,0.25550752878189087,0.3249955177307129
001697.npy,"(256, 256)",float32,0.0,1.0,0.12867198884487152,0.08152427524328232
001698.npy,"(256, 256)",float32,0.0,1.0,0.1711864173412323,0.08585818856954575
001699.npy,"(256, 256)",float32,0.0,1.0,0.26284775137901306,0.1279955357313156
001700.npy,"(256, 256)",float32,0.0,1.0,0.33694612979888916,0.24447600543498993
001701.npy,"(256, 256)",float32,0.0,1.0,0.25379103422164917,0.1786407083272934
001702.npy,"(256, 256)",float32,0.0,1.0,0.2662302255630493,0.14826688170433044
001703.npy,"(256, 256)",float32,0.0,1.0,0.2782577872276306,0.16486237943172455
001704.npy,"(256, 256)",float32,0.0,1.0,0.49927496910095215,0.23966869711875916
001705.npy,"(256, 256)",float32,0.0,1.0,0.48246362805366516,0.18513339757919312
001706.npy,"(256, 256)",float32,0.0,1.0,0.4913899898529053,0.18693064153194427
001707.npy,"(256, 256)",float32,0.0,1.0,0.5061349868774414,0.1781088411808014
001708.npy,"(256, 256)",float32,0.0,1.0,0.5867875814437866,0.1501644104719162
001709.npy,"(256, 256)",float32,0.0,1.0,0.47111356258392334,0.14429043233394623
001710.npy,"(256, 256)",float32,0.0,1.0,0.4937595725059509,0.135508194565773
001711.npy,"(256, 256)",float32,0.0,1.0,0.49922215938568115,0.15853378176689148
001712.npy,"(256, 256)",float32,0.0,1.0,0.5344948768615723,0.29374632239341736
001713.npy,"(256, 256)",float32,0.0,1.0,0.4753573536872864,0.3109078109264374
001714.npy,"(256, 256)",float32,0.0,1.0,0.46631720662117004,0.3134681284427643
001715.npy,"(256, 256)",float32,0.0,1.0,0.4780494272708893,0.31043335795402527
001716.npy,"(256, 256)",float32,0.0,1.0,0.659732460975647,0.20860032737255096
001717.npy,"(256, 256)",float32,0.0,1.0,0.5227901935577393,0.12340722233057022
001718.npy,"(256, 256)",float32,0.0,1.0,0.5406796932220459,0.11395585536956787
001719.npy,"(256, 256)",float32,0.0,1.0,0.556269645690918,0.11230989545583725
001720.npy,"(256, 256)",float32,0.0,1.0,0.7008094787597656,0.2219437062740326
001721.npy,"(256, 256)",float32,0.0,1.0,0.3305152654647827,0.1534011960029602
001722.npy,"(256, 256)",float32,0.0,1.0,0.39421138167381287,0.16530396044254303
001723.npy,"(256, 256)",float32,0.0,1.0,0.33100074529647827,0.15809588134288788
001724.npy,"(256, 256)",float32,0.0,1.0,0.32207784056663513,0.15075631439685822
001725.npy,"(256, 256)",float32,0.0,1.0,0.5639644265174866,0.17023210227489471
001726.npy,"(256, 256)",float32,0.0,1.0,0.5833241939544678,0.18709926307201385
001727.npy,"(256, 256)",float32,0.0,1.0,0.5614399909973145,0.19464565813541412
001728.npy,"(256, 256)",float32,0.0,1.0,0.16100844740867615,0.21192121505737305
001729.npy,"(256, 256)",float32,0.0,1.0,0.5824636220932007,0.1816229224205017
001730.npy,"(256, 256)",float32,0.0,1.0,0.5415778160095215,0.20407967269420624
001731.npy,"(256, 256)",float32,0.0,1.0,0.5434511303901672,0.2031932920217514
001732.npy,"(256, 256)",float32,0.0,1.0,0.38839060068130493,0.28481605648994446
001733.npy,"(256, 256)",float32,0.0,1.0,0.2038547396659851,0.2231614589691162
001734.npy,"(256, 256)",float32,0.0,1.0,0.16525712609291077,0.15392373502254486
001735.npy,"(256, 256)",float32,0.0,1.0,0.16325175762176514,0.17041294276714325
001736.npy,"(256, 256)",float32,0.0,1.0,0.34086453914642334,0.235125333070755
001737.npy,"(256, 256)",float32,0.0,1.0,0.3270689845085144,0.1739901751279831
001738.npy,"(256, 256)",float32,0.0,1.0,0.30807292461395264,0.1829647719860077
001739.npy,"(256, 256)",float32,0.0,1.0,0.36016884446144104,0.17472641170024872
001740.npy,"(256, 256)",float32,0.0,1.0,0.20396390557289124,0.123944953083992
001741.npy,"(256, 256)",float32,0.0,1.0,0.11972813308238983,0.1868257075548172
001742.npy,"(256, 256)",float32,0.0,1.0,0.17728641629219055,0.23101495206356049
001743.npy,"(256, 256)",float32,0.0,1.0,0.11968501657247543,0.18719741702079773
001744.npy,"(256, 256)",float32,0.0,1.0,0.4049414396286011,0.18542294204235077
001745.npy,"(256, 256)",float32,0.0,1.0,0.6612541675567627,0.2198723405599594
001746.npy,"(256, 256)",float32,0.0,1.0,0.6597139239311218,0.21886809170246124
001747.npy,"(256, 256)",float32,0.0,1.0,0.6133269667625427,0.2351686805486679
001748.npy,"(256, 256)",float32,0.0,1.0,0.3379790186882019,0.17490753531455994
001749.npy,"(256, 256)",float32,0.0,1.0,0.6088131666183472,0.19370701909065247
001750.npy,"(256, 256)",float32,0.0,1.0,0.59449303150177,0.15643556416034698
001751.npy,"(256, 256)",float32,0.0,1.0,0.6358605623245239,0.20169697701931
001752.npy,"(256, 256)",float32,0.0,1.0,0.877126932144165,0.03313497453927994
001753.npy,"(256, 256)",float32,0.0,1.0,0.5261380672454834,0.30215218663215637
001754.npy,"(256, 256)",float32,0.0,1.0,0.42051708698272705,0.2954171299934387
001755.npy,"(256, 256)",float32,0.0,1.0,0.4183138906955719,0.2947903573513031
001756.npy,"(256, 256)",float32,0.0,1.0,0.20999494194984436,0.16304251551628113
001757.npy,"(256, 256)",float32,0.0,1.0,0.3388470411300659,0.16682492196559906
001758.npy,"(256, 256)",float32,0.0,1.0,0.3291779160499573,0.1660676747560501
001759.npy,"(256, 256)",float32,0.0,1.0,0.36573487520217896,0.16659176349639893
001760.npy,"(256, 256)",float32,0.0,1.0,0.48247748613357544,0.32408517599105835
001761.npy,"(256, 256)",float32,0.0,1.0,0.17572948336601257,0.16126126050949097
001762.npy,"(256, 256)",float32,0.0,1.0,0.23503068089485168,0.1997191607952118
001763.npy,"(256, 256)",float32,0.0,1.0,0.18014849722385406,0.1600467413663864
001764.npy,"(256, 256)",float32,0.0,1.0,0.5691771507263184,0.10884663462638855
001765.npy,"(256, 256)",float32,0.0,1.0,0.5192693471908569,0.22546832263469696
001766.npy,"(256, 256)",float32,0.0,1.0,0.5370774865150452,0.21665367484092712
001767.npy,"(256, 256)",float32,0.0,1.0,0.5341160297393799,0.23167233169078827
001768.npy,"(256, 256)",float32,0.0,1.0,0.7364354729652405,0.12054747343063354
001769.npy,"(256, 256)",float32,0.0,1.0,0.584298849105835,0.09544699639081955
001770.npy,"(256, 256)",float32,0.0,1.0,0.5912492275238037,0.09183575212955475
001771.npy,"(256, 256)",float32,0.0,1.0,0.6571139693260193,0.0767517238855362
001772.npy,"(256, 256)",float32,0.0,1.0,0.5616331696510315,0.25116482377052307
001773.npy,"(256, 256)",float32,0.0,1.0,0.17647340893745422,0.1809825897216797
001774.npy,"(256, 256)",float32,0.0,1.0,0.17940431833267212,0.18178337812423706
001775.npy,"(256, 256)",float32,0.0,1.0,0.20492909848690033,0.1920326054096222
001776.npy,"(256, 256)",float32,0.0,1.0,0.5868216753005981,0.23862113058567047
001777.npy,"(256, 256)",float32,0.0,1.0,0.5346802473068237,0.2521439492702484
001778.npy,"(256, 256)",float32,0.0,1.0,0.5045647621154785,0.25115442276000977
001779.npy,"(256, 256)",float32,0.0,1.0,0.49027755856513977,0.25558826327323914
001780.npy,"(256, 256)",float32,0.0,1.0,0.9168739914894104,0.06713634729385376
001781.npy,"(256, 256)",float32,0.0,1.0,0.6512656211853027,0.08162565529346466
001782.npy,"(256, 256)",float32,0.0,1.0,0.6007183790206909,0.08206646889448166
001783.npy,"(256, 256)",float32,0.0,1.0,0.6323850154876709,0.08449599891901016
001784.npy,"(256, 256)",float32,0.0,1.0,0.32480132579803467,0.18319684267044067
001785.npy,"(256, 256)",float32,0.0,1.0,0.6099411249160767,0.2979058027267456
001786.npy,"(256, 256)",float32,0.0,1.0,0.6128658056259155,0.293914794921875
001787.npy,"(256, 256)",float32,0.0,1.0,0.6119349598884583,0.2952639162540436
001788.npy,"(256, 256)",float32,0.0,1.0,0.2698921263217926,0.21166454255580902
001789.npy,"(256, 256)",float32,0.0,1.0,0.551429271697998,0.11916016787290573
001790.npy,"(256, 256)",float32,0.0,1.0,0.54441237449646,0.12953680753707886
001791.npy,"(256, 256)",float32,0.0,1.0,0.5500567555427551,0.126707524061203
001792.npy,"(256, 256)",float32,0.0,1.0,0.3222663998603821,0.1337994635105133
001793.npy,"(256, 256)",float32,0.0,1.0,0.7101603746414185,0.2231261432170868
001794.npy,"(256, 256)",float32,0.0,1.0,0.7039453983306885,0.2253296822309494
001795.npy,"(256, 256)",float32,0.0,1.0,0.6954766511917114,0.2246929407119751
001796.npy,"(256, 256)",float32,0.0,1.0,0.15235820412635803,0.08851051330566406
001797.npy,"(256, 256)",float32,0.0,1.0,0.4235375225543976,0.3708547353744507
001798.npy,"(256, 256)",float32,0.0,1.0,0.2952818274497986,0.29359444975852966
001799.npy,"(256, 256)",float32,0.0,1.0,0.42012083530426025,0.37149742245674133
001800.npy,"(256, 256)",float32,0.0,1.0,0.29436689615249634,0.2236996293067932
001801.npy,"(256, 256)",float32,0.0,1.0,0.3106044828891754,0.1952086240053177
001802.npy,"(256, 256)",float32,0.0,1.0,0.31308773159980774,0.20390674471855164
001803.npy,"(256, 256)",float32,0.0,1.0,0.2914826273918152,0.17846152186393738
001804.npy,"(256, 256)",float32,0.0,1.0,0.8521161079406738,0.11112307012081146
001805.npy,"(256, 256)",float32,0.0,1.0,0.4893142580986023,0.19597700238227844
001806.npy,"(256, 256)",float32,0.0,1.0,0.4727575182914734,0.20122067630290985
001807.npy,"(256, 256)",float32,0.0,1.0,0.4604147970676422,0.20311623811721802
001808.npy,"(256, 256)",float32,0.0,1.0,0.5481526851654053,0.24682019650936127
001809.npy,"(256, 256)",float32,0.0,1.0,0.09771060943603516,0.13349364697933197
001810.npy,"(256, 256)",float32,0.0,1.0,0.08449156582355499,0.11823351681232452
001811.npy,"(256, 256)",float32,0.0,1.0,0.07945947349071503,0.10280709713697433
001812.npy,"(256, 256)",float32,0.0,1.0,0.3595866560935974,0.24032646417617798
001813.npy,"(256, 256)",float32,0.0,1.0,0.4597310423851013,0.20234915614128113
001814.npy,"(256, 256)",float32,0.0,1.0,0.4693647027015686,0.20242567360401154
001815.npy,"(256, 256)",float32,0.0,1.0,0.5317138433456421,0.17478112876415253
001816.npy,"(256, 256)",float32,0.0,1.0,0.4687157869338989,0.3112771809101105
001817.npy,"(256, 256)",float32,0.0,1.0,0.2263251692056656,0.24365471303462982
001818.npy,"(256, 256)",float32,0.0,1.0,0.26189282536506653,0.25212356448173523
001819.npy,"(256, 256)",float32,0.0,1.0,0.27466732263565063,0.2659624218940735
001820.npy,"(256, 256)",float32,0.0,1.0,0.5974050760269165,0.20831935107707977
001821.npy,"(256, 256)",float32,0.0,1.0,0.46539461612701416,0.2203199565410614
001822.npy,"(256, 256)",float32,0.0,1.0,0.46410509943962097,0.2155212163925171
001823.npy,"(256, 256)",float32,0.0,1.0,0.5456568002700806,0.22427906095981598
001824.npy,"(256, 256)",float32,0.0,1.0,0.27703186869621277,0.26686978340148926
001825.npy,"(256, 256)",float32,0.0,1.0,0.03205501288175583,0.08986777812242508
001826.npy,"(256, 256)",float32,0.0,1.0,0.023292433470487595,0.05867329612374306
001827.npy,"(256, 256)",float32,0.0,1.0,0.020312685519456863,0.02289995737373829
001828.npy,"(256, 256)",float32,0.0,1.0,0.38099369406700134,0.24716047942638397
001829.npy,"(256, 256)",float32,0.0,1.0,0.49744686484336853,0.25179943442344666
001830.npy,"(256, 256)",float32,0.0,1.0,0.48675671219825745,0.24769003689289093
001831.npy,"(256, 256)",float32,0.0,1.0,0.4814987778663635,0.24498729407787323
001832.npy,"(256, 256)",float32,0.0,1.0,0.42900529503822327,0.17827560007572174
001833.npy,"(256, 256)",float32,0.0,1.0,0.20374831557273865,0.17241796851158142
001834.npy,"(256, 256)",float32,0.0,1.0,0.20783628523349762,0.17399288713932037
001835.npy,"(256, 256)",float32,0.0,1.0,0.22178120911121368,0.17743723094463348
001836.npy,"(256, 256)",float32,0.0,1.0,0.29158705472946167,0.15542259812355042
001837.npy,"(256, 256)",float32,0.0,1.0,0.26900285482406616,0.13847120106220245
001838.npy,"(256, 256)",float32,0.0,1.0,0.26938217878341675,0.13867296278476715
001839.npy,"(256, 256)",float32,0.0,1.0,0.26696789264678955,0.160008504986763
001840.npy,"(256, 256)",float32,0.0,1.0,0.5522540211677551,0.21088039875030518
001841.npy,"(256, 256)",float32,0.0,1.0,0.3083611726760864,0.24834926426410675
001842.npy,"(256, 256)",float32,0.0,1.0,0.30163800716400146,0.24272550642490387
001843.npy,"(256, 256)",float32,0.0,1.0,0.2728502154350281,0.21509172022342682
001844.npy,"(256, 256)",float32,0.0,1.0,0.5622316598892212,0.19370326399803162
001845.npy,"(256, 256)",float32,0.0,1.0,0.20012255012989044,0.08505469560623169
001846.npy,"(256, 256)",float32,0.0,1.0,0.19888927042484283,0.08362659811973572
001847.npy,"(256, 256)",float32,0.0,1.0,0.2156170904636383,0.08951722085475922
001848.npy,"(256, 256)",float32,0.0,1.0,0.2563060522079468,0.2959953248500824
001849.npy,"(256, 256)",float32,0.0,1.0,0.6459447145462036,0.11732041090726852
001850.npy,"(256, 256)",float32,0.0,1.0,0.6466896533966064,0.12030954658985138
001851.npy,"(256, 256)",float32,0.0,1.0,0.4837784767150879,0.16876786947250366
001852.npy,"(256, 256)",float32,0.0,1.0,0.8151260614395142,0.13299062848091125
001853.npy,"(256, 256)",float32,0.0,1.0,0.5218887329101562,0.2218325436115265
001854.npy,"(256, 256)",float32,0.0,1.0,0.5301934480667114,0.23273415863513947
001855.npy,"(256, 256)",float32,0.0,1.0,0.5471328496932983,0.23239530622959137
001856.npy,"(256, 256)",float32,0.0,1.0,0.19793491065502167,0.1458052098751068
001857.npy,"(256, 256)",float32,0.0,1.0,0.4754266142845154,0.1691640168428421
001858.npy,"(256, 256)",float32,0.0,1.0,0.6583375930786133,0.29399630427360535
001859.npy,"(256, 256)",float32,0.0,1.0,0.44196537137031555,0.1701560616493225
001860.npy,"(256, 256)",float32,0.0,1.0,0.45988333225250244,0.24932940304279327
001861.npy,"(256, 256)",float32,0.0,1.0,0.47360098361968994,0.19785261154174805
001862.npy,"(256, 256)",float32,0.0,1.0,0.5057733654975891,0.18279792368412018
001863.npy,"(256, 256)",float32,0.0,1.0,0.49883952736854553,0.20276089012622833
001864.npy,"(256, 256)",float32,0.0,1.0,0.4425434470176697,0.20611298084259033
001865.npy,"(256, 256)",float32,0.0,1.0,0.4523032307624817,0.15730103850364685
001866.npy,"(256, 256)",float32,0.0,1.0,0.45265018939971924,0.16546334326267242
001867.npy,"(256, 256)",float32,0.0,1.0,0.46052396297454834,0.16127106547355652
001868.npy,"(256, 256)",float32,0.0,1.0,0.4803447723388672,0.19027893245220184
001869.npy,"(256, 256)",float32,0.0,1.0,0.5371530055999756,0.18875011801719666
001870.npy,"(256, 256)",float32,0.0,1.0,0.5502743124961853,0.1910502314567566
001871.npy,"(256, 256)",float32,0.0,1.0,0.52562415599823,0.18883198499679565
001872.npy,"(256, 256)",float32,0.0,1.0,0.3075099587440491,0.200306236743927
001873.npy,"(256, 256)",float32,0.0,1.0,0.2054934799671173,0.17202407121658325
001874.npy,"(256, 256)",float32,0.0,1.0,0.2079746425151825,0.17358224093914032
001875.npy,"(256, 256)",float32,0.0,1.0,0.2225402593612671,0.17319121956825256
001876.npy,"(256, 256)",float32,0.0,1.0,0.443021297454834,0.2704135775566101
001877.npy,"(256, 256)",float32,0.0,1.0,0.3163194954395294,0.23571042716503143
001878.npy,"(256, 256)",float32,0.0,1.0,0.38245585560798645,0.2551632523536682
001879.npy,"(256, 256)",float32,0.0,1.0,0.3479207754135132,0.2592451572418213
001880.npy,"(256, 256)",float32,0.0,1.0,0.6732915639877319,0.22406859695911407
001881.npy,"(256, 256)",float32,0.0,1.0,0.6025147438049316,0.1771308183670044
001882.npy,"(256, 256)",float32,0.0,1.0,0.6117963194847107,0.18187274038791656
001883.npy,"(256, 256)",float32,0.0,1.0,0.6098072528839111,0.1810844987630844
001884.npy,"(256, 256)",float32,0.0,1.0,0.8664028644561768,0.05877513810992241
001885.npy,"(256, 256)",float32,0.0,1.0,0.8893821239471436,0.08599045872688293
001886.npy,"(256, 256)",float32,0.0,1.0,0.8677915334701538,0.130987748503685
001887.npy,"(256, 256)",float32,0.0,1.0,0.8790173530578613,0.1246778815984726
001888.npy,"(256, 256)",float32,0.0,1.0,0.24703067541122437,0.21074780821800232
001889.npy,"(256, 256)",float32,0.0,1.0,0.5748105049133301,0.28543370962142944
001890.npy,"(256, 256)",float32,0.0,1.0,0.5539436340332031,0.27182096242904663
001891.npy,"(256, 256)",float32,0.0,1.0,0.573328971862793,0.28834035992622375
001892.npy,"(256, 256)",float32,0.0,1.0,0.5802452564239502,0.14590665698051453
001893.npy,"(256, 256)",float32,0.0,1.0,0.4820806086063385,0.20603883266448975
001894.npy,"(256, 256)",float32,0.0,1.0,0.46777185797691345,0.20620642602443695
001895.npy,"(256, 256)",float32,0.0,1.0,0.45917466282844543,0.20917004346847534
001896.npy,"(256, 256)",float32,0.0,1.0,0.5337445139884949,0.2524851858615875
001897.npy,"(256, 256)",float32,0.0,1.0,0.4836053252220154,0.18054835498332977
001898.npy,"(256, 256)",float32,0.0,1.0,0.4923579692840576,0.16802704334259033
001899.npy,"(256, 256)",float32,0.0,1.0,0.5155055522918701,0.18097427487373352
001900.npy,"(256, 256)",float32,0.0,1.0,0.2932254672050476,0.21755604445934296
001901.npy,"(256, 256)",float32,0.0,1.0,0.2954409420490265,0.2976377010345459
001902.npy,"(256, 256)",float32,0.0,1.0,0.21263018250465393,0.19117231667041779
001903.npy,"(256, 256)",float32,0.0,1.0,0.2874436378479004,0.2977142930030823
001904.npy,"(256, 256)",float32,0.0,1.0,0.523853600025177,0.2668377459049225
001905.npy,"(256, 256)",float32,0.0,1.0,0.6631078720092773,0.24112705886363983
001906.npy,"(256, 256)",float32,0.0,1.0,0.7626200914382935,0.19952288269996643
001907.npy,"(256, 256)",float32,0.0,1.0,0.7767093777656555,0.18610893189907074
001908.npy,"(256, 256)",float32,0.0,1.0,0.5118498802185059,0.2633940577507019
001909.npy,"(256, 256)",float32,0.0,1.0,0.22575148940086365,0.09290406107902527
001910.npy,"(256, 256)",float32,0.0,1.0,0.2241298258304596,0.10055311769247055
001911.npy,"(256, 256)",float32,0.0,1.0,0.24078083038330078,0.09399732947349548
001912.npy,"(256, 256)",float32,0.0,1.0,0.43377619981765747,0.2271406650543213
001913.npy,"(256, 256)",float32,0.0,1.0,0.20497921109199524,0.16896364092826843
001914.npy,"(256, 256)",float32,0.0,1.0,0.20591068267822266,0.1700240671634674
001915.npy,"(256, 256)",float32,0.0,1.0,0.1979336440563202,0.1628609448671341
001916.npy,"(256, 256)",float32,0.0,1.0,0.6235260963439941,0.14834921061992645
001917.npy,"(256, 256)",float32,0.0,1.0,0.2833332121372223,0.1588350534439087
001918.npy,"(256, 256)",float32,0.0,1.0,0.26431936025619507,0.12944217026233673
001919.npy,"(256, 256)",float32,0.0,1.0,0.2962062358856201,0.1787227839231491
001920.npy,"(256, 256)",float32,0.0,1.0,0.20999982953071594,0.15994754433631897
001921.npy,"(256, 256)",float32,0.0,1.0,0.5509617924690247,0.3044803738594055
001922.npy,"(256, 256)",float32,0.0,1.0,0.5801199674606323,0.2978382110595703
001923.npy,"(256, 256)",float32,0.0,1.0,0.5788376331329346,0.29740893840789795
001924.npy,"(256, 256)",float32,0.0,1.0,0.4143681824207306,0.1940946727991104
001925.npy,"(256, 256)",float32,0.0,1.0,0.8780487775802612,0.09057258069515228
001926.npy,"(256, 256)",float32,0.0,1.0,0.8925710916519165,0.07285696268081665
001927.npy,"(256, 256)",float32,0.0,1.0,0.8847925066947937,0.0851186215877533
001928.npy,"(256, 256)",float32,0.0,1.0,0.41078126430511475,0.25955623388290405
001929.npy,"(256, 256)",float32,0.0,1.0,0.35075539350509644,0.14256474375724792
001930.npy,"(256, 256)",float32,0.0,1.0,0.3514409363269806,0.14263960719108582
001931.npy,"(256, 256)",float32,0.0,1.0,0.3571886122226715,0.14074482023715973
001932.npy,"(256, 256)",float32,0.0,1.0,0.46130287647247314,0.1636580526828766
001933.npy,"(256, 256)",float32,0.0,1.0,0.5331055521965027,0.1760054975748062
001934.npy,"(256, 256)",float32,0.0,1.0,0.530817449092865,0.16874317824840546
001935.npy,"(256, 256)",float32,0.0,1.0,0.5986327528953552,0.15775400400161743
001936.npy,"(256, 256)",float32,0.0,1.0,0.8064228296279907,0.11340814083814621
001937.npy,"(256, 256)",float32,0.0,1.0,0.5240305662155151,0.1716531664133072
001938.npy,"(256, 256)",float32,0.0,1.0,0.5307679772377014,0.1640486866235733
001939.npy,"(256, 256)",float32,0.0,1.0,0.5218235850334167,0.1637974977493286
001940.npy,"(256, 256)",float32,0.0,1.0,0.33533722162246704,0.12109777331352234
001941.npy,"(256, 256)",float32,0.0,1.0,0.19891583919525146,0.14596422016620636
001942.npy,"(256, 256)",float32,0.0,1.0,0.16685180366039276,0.1366000771522522
001943.npy,"(256, 256)",float32,0.0,1.0,0.16300725936889648,0.13279759883880615
001944.npy,"(256, 256)",float32,0.0,1.0,0.4001051187515259,0.16714712977409363
001945.npy,"(256, 256)",float32,0.0,1.0,0.38589268922805786,0.24077115952968597
001946.npy,"(256, 256)",float32,0.0,1.0,0.39735525846481323,0.24888089299201965
001947.npy,"(256, 256)",float32,0.0,1.0,0.36279624700546265,0.23358012735843658
001948.npy,"(256, 256)",float32,0.0,1.0,0.40155166387557983,0.15396742522716522
001949.npy,"(256, 256)",float32,0.0,1.0,0.3127260208129883,0.28247544169425964
001950.npy,"(256, 256)",float32,0.0,1.0,0.28162744641304016,0.2804346978664398
001951.npy,"(256, 256)",float32,0.0,1.0,0.2742668390274048,0.28019919991493225
001952.npy,"(256, 256)",float32,0.0,1.0,0.49805372953414917,0.26467227935791016
001953.npy,"(256, 256)",float32,0.0,1.0,0.05647721141576767,0.05703321844339371
001954.npy,"(256, 256)",float32,0.0,1.0,0.056551139801740646,0.057197198271751404
001955.npy,"(256, 256)",float32,0.0,1.0,0.07352221757173538,0.09451422095298767
001956.npy,"(256, 256)",float32,0.0,1.0,0.3836124837398529,0.17366814613342285
001957.npy,"(256, 256)",float32,0.0,1.0,0.4353089928627014,0.2030881941318512
001958.npy,"(256, 256)",float32,0.0,1.0,0.36531978845596313,0.24337248504161835
001959.npy,"(256, 256)",float32,0.0,1.0,0.4334608316421509,0.22033362090587616
001960.npy,"(256, 256)",float32,0.0,1.0,0.3700796663761139,0.17523540556430817
001961.npy,"(256, 256)",float32,0.0,1.0,0.3255760073661804,0.3190002143383026
001962.npy,"(256, 256)",float32,0.0,1.0,0.24259230494499207,0.2717883288860321
001963.npy,"(256, 256)",float32,0.0,1.0,0.2560235559940338,0.2720792591571808
001964.npy,"(256, 256)",float32,0.0,1.0,0.5124273300170898,0.1938004493713379
001965.npy,"(256, 256)",float32,0.0,1.0,0.5620340704917908,0.2619531452655792
001966.npy,"(256, 256)",float32,0.0,1.0,0.564348578453064,0.23541347682476044
001967.npy,"(256, 256)",float32,0.0,1.0,0.5574761033058167,0.26467621326446533
001968.npy,"(256, 256)",float32,0.0,1.0,0.3237287402153015,0.23470351099967957
001969.npy,"(256, 256)",float32,0.0,1.0,0.6566182971000671,0.1822202205657959
001970.npy,"(256, 256)",float32,0.0,1.0,0.6802428960800171,0.16932019591331482
001971.npy,"(256, 256)",float32,0.0,1.0,0.66494220495224,0.18233691155910492
001972.npy,"(256, 256)",float32,0.0,1.0,0.3235056698322296,0.2485453337430954
001973.npy,"(256, 256)",float32,0.0,1.0,0.17571671307086945,0.28289851546287537
001974.npy,"(256, 256)",float32,0.0,1.0,0.16311588883399963,0.27143776416778564
001975.npy,"(256, 256)",float32,0.0,1.0,0.14324498176574707,0.25089165568351746
001976.npy,"(256, 256)",float32,0.0,1.0,0.7517664432525635,0.22324442863464355
001977.npy,"(256, 256)",float32,0.0,1.0,0.6038587093353271,0.10518287122249603
001978.npy,"(256, 256)",float32,0.0,1.0,0.5886147618293762,0.10046553611755371
001979.npy,"(256, 256)",float32,0.0,1.0,0.5896016955375671,0.10360382497310638
001980.npy,"(256, 256)",float32,0.0,1.0,0.212478905916214,0.24788053333759308
001981.npy,"(256, 256)",float32,0.0,1.0,0.6259737014770508,0.27422627806663513
001982.npy,"(256, 256)",float32,0.0,1.0,0.5888993740081787,0.29204943776130676
001983.npy,"(256, 256)",float32,0.0,1.0,0.6524714231491089,0.2584063410758972
001984.npy,"(256, 256)",float32,0.0,1.0,0.4773530960083008,0.33194807171821594
001985.npy,"(256, 256)",float32,0.0,1.0,0.6549195051193237,0.1403523087501526
001986.npy,"(256, 256)",float32,0.0,1.0,0.6369554996490479,0.14074164628982544
001987.npy,"(256, 256)",float32,0.0,1.0,0.6589090824127197,0.14047770202159882
001988.npy,"(256, 256)",float32,0.0,1.0,0.8803600072860718,0.13426171243190765
001989.npy,"(256, 256)",float32,0.0,1.0,0.4755479693412781,0.26715952157974243
001990.npy,"(256, 256)",float32,0.0,1.0,0.5406597852706909,0.2449227124452591
001991.npy,"(256, 256)",float32,0.0,1.0,0.5345492362976074,0.25172650814056396
001992.npy,"(256, 256)",float32,0.0,1.0,0.9159465432167053,0.039243653416633606
001993.npy,"(256, 256)",float32,0.0,1.0,0.3498399257659912,0.17387305200099945
001994.npy,"(256, 256)",float32,0.0,1.0,0.33241555094718933,0.1767672896385193
001995.npy,"(256, 256)",float32,0.0,1.0,0.364890456199646,0.1977195292711258
001996.npy,"(256, 256)",float32,0.0,1.0,0.42692917585372925,0.26042163372039795
001997.npy,"(256, 256)",float32,0.0,1.0,0.2832399904727936,0.15802425146102905
001998.npy,"(256, 256)",float32,0.0,1.0,0.261784166097641,0.17772282660007477
001999.npy,"(256, 256)",float32,0.0,1.0,0.27695053815841675,0.16802576184272766
002000.npy,"(256, 256)",float32,0.0,1.0,0.40219077467918396,0.23596344888210297
002001.npy,"(256, 256)",float32,0.0,1.0,0.49763739109039307,0.20452174544334412
002002.npy,"(256, 256)",float32,0.0,1.0,0.47147154808044434,0.19698196649551392
002003.npy,"(256, 256)",float32,0.0,1.0,0.45342305302619934,0.19506190717220306
002004.npy,"(256, 256)",float32,0.0,1.0,0.345546692609787,0.20285704731941223
002005.npy,"(256, 256)",float32,0.0,1.0,0.11468484252691269,0.11139873415231705
002006.npy,"(256, 256)",float32,0.0,1.0,0.12930326163768768,0.11874368041753769
002007.npy,"(256, 256)",float32,0.0,1.0,0.11473561078310013,0.11144386976957321
002008.npy,"(256, 256)",float32,0.0,1.0,0.645810604095459,0.1803927719593048
002009.npy,"(256, 256)",float32,0.0,1.0,0.6755006313323975,0.19067513942718506
002010.npy,"(256, 256)",float32,0.0,1.0,0.6068851351737976,0.24640044569969177
002011.npy,"(256, 256)",float32,0.0,1.0,0.6042813062667847,0.2326059192419052
002012.npy,"(256, 256)",float32,0.0,1.0,0.4391125440597534,0.19187051057815552
002013.npy,"(256, 256)",float32,0.0,1.0,0.36792653799057007,0.21637199819087982
002014.npy,"(256, 256)",float32,0.0,1.0,0.31084883213043213,0.21210096776485443
002015.npy,"(256, 256)",float32,0.0,1.0,0.295107901096344,0.2010992020368576
002016.npy,"(256, 256)",float32,0.0,1.0,0.4874846339225769,0.1875871866941452
002017.npy,"(256, 256)",float32,0.0,1.0,0.4519941806793213,0.18210847675800323
002018.npy,"(256, 256)",float32,0.0,1.0,0.45526400208473206,0.18701207637786865
002019.npy,"(256, 256)",float32,0.0,1.0,0.462027907371521,0.18587498366832733
002020.npy,"(256, 256)",float32,0.0,1.0,0.29971054196357727,0.18075749278068542
002021.npy,"(256, 256)",float32,0.0,1.0,0.5905983448028564,0.17030030488967896
002022.npy,"(256, 256)",float32,0.0,1.0,0.6043908596038818,0.15460610389709473
002023.npy,"(256, 256)",float32,0.0,1.0,0.5731304883956909,0.16781382262706757
002024.npy,"(256, 256)",float32,0.0,1.0,0.47332191467285156,0.2807442247867584
002025.npy,"(256, 256)",float32,0.0,1.0,0.5367616415023804,0.08526193350553513
002026.npy,"(256, 256)",float32,0.0,1.0,0.517214298248291,0.09808793663978577
002027.npy,"(256, 256)",float32,0.0,1.0,0.5615569353103638,0.11869758367538452
002028.npy,"(256, 256)",float32,0.0,1.0,0.38462138175964355,0.18456867337226868
002029.npy,"(256, 256)",float32,0.0,1.0,0.6899557113647461,0.13448303937911987
002030.npy,"(256, 256)",float32,0.0,1.0,0.7106142044067383,0.11317100375890732
002031.npy,"(256, 256)",float32,0.0,1.0,0.7501035332679749,0.10502516478300095
002032.npy,"(256, 256)",float32,0.0,1.0,0.39406126737594604,0.2059612274169922
002033.npy,"(256, 256)",float32,0.0,1.0,0.2159295678138733,0.12541072070598602
002034.npy,"(256, 256)",float32,0.0,1.0,0.21355833113193512,0.12436158210039139
002035.npy,"(256, 256)",float32,0.0,1.0,0.220924973487854,0.12822659313678741
002036.npy,"(256, 256)",float32,0.0,1.0,0.5279267430305481,0.3022244870662689
002037.npy,"(256, 256)",float32,0.0,1.0,0.48128411173820496,0.20072153210639954
002038.npy,"(256, 256)",float32,0.0,1.0,0.5664505958557129,0.24157698452472687
002039.npy,"(256, 256)",float32,0.0,1.0,0.4687826633453369,0.21637661755084991
002040.npy,"(256, 256)",float32,0.0,1.0,0.6389572620391846,0.2589029371738434
002041.npy,"(256, 256)",float32,0.0,1.0,0.7505632638931274,0.2078062891960144
002042.npy,"(256, 256)",float32,0.0,1.0,0.769432783126831,0.20211370289325714
002043.npy,"(256, 256)",float32,0.0,1.0,0.7506824731826782,0.207713320851326
002044.npy,"(256, 256)",float32,0.0,1.0,0.6127680540084839,0.23672017455101013
002045.npy,"(256, 256)",float32,0.0,1.0,0.5373297929763794,0.17107819020748138
002046.npy,"(256, 256)",float32,0.0,1.0,0.5375760197639465,0.170688658952713
002047.npy,"(256, 256)",float32,0.0,1.0,0.5275974869728088,0.1493130773305893
002048.npy,"(256, 256)",float32,0.0,1.0,0.15344282984733582,0.1676446944475174
002049.npy,"(256, 256)",float32,0.0,1.0,0.15790757536888123,0.08841065317392349
002050.npy,"(256, 256)",float32,0.0,1.0,0.16088518500328064,0.08474278450012207
002051.npy,"(256, 256)",float32,0.0,1.0,0.16033467650413513,0.08471490442752838
002052.npy,"(256, 256)",float32,0.0,1.0,0.4287908673286438,0.40610557794570923
002053.npy,"(256, 256)",float32,0.0,1.0,0.3465117812156677,0.18421554565429688
002054.npy,"(256, 256)",float32,0.0,1.0,0.3472447693347931,0.19767481088638306
002055.npy,"(256, 256)",float32,0.0,1.0,0.34372678399086,0.1992793083190918
002056.npy,"(256, 256)",float32,0.0,1.0,0.1914062350988388,0.21542538702487946
002057.npy,"(256, 256)",float32,0.0,1.0,0.2677476704120636,0.22071298956871033
002058.npy,"(256, 256)",float32,0.0,1.0,0.2524488866329193,0.20745651423931122
002059.npy,"(256, 256)",float32,0.0,1.0,0.25337350368499756,0.20822320878505707
002060.npy,"(256, 256)",float32,0.0,1.0,0.39925095438957214,0.2408599555492401
002061.npy,"(256, 256)",float32,0.0,1.0,0.5217735767364502,0.10186376422643661
002062.npy,"(256, 256)",float32,0.0,1.0,0.5167087316513062,0.10167288780212402
002063.npy,"(256, 256)",float32,0.0,1.0,0.521925687789917,0.10197819769382477
002064.npy,"(256, 256)",float32,0.0,1.0,0.41307932138442993,0.20466744899749756
002065.npy,"(256, 256)",float32,0.0,1.0,0.5068154335021973,0.2443755716085434
002066.npy,"(256, 256)",float32,0.0,1.0,0.5274666547775269,0.24584504961967468
002067.npy,"(256, 256)",float32,0.0,1.0,0.49153733253479004,0.24493622779846191
002068.npy,"(256, 256)",float32,0.0,1.0,0.40190231800079346,0.20957280695438385
002069.npy,"(256, 256)",float32,0.0,1.0,0.123797208070755,0.11557357758283615
002070.npy,"(256, 256)",float32,0.0,1.0,0.12704752385616302,0.11231502145528793
002071.npy,"(256, 256)",float32,0.0,1.0,0.11103140562772751,0.11251958459615707
002072.npy,"(256, 256)",float32,0.0,1.0,0.38978075981140137,0.23315727710723877
002073.npy,"(256, 256)",float32,0.0,1.0,0.4667094945907593,0.283340185880661
002074.npy,"(256, 256)",float32,0.0,1.0,0.4647722840309143,0.28275325894355774
002075.npy,"(256, 256)",float32,0.0,1.0,0.4824395477771759,0.2864615321159363
002076.npy,"(256, 256)",float32,0.0,1.0,0.7448902130126953,0.22541147470474243
002077.npy,"(256, 256)",float32,0.0,1.0,0.2770707309246063,0.19608044624328613
002078.npy,"(256, 256)",float32,0.0,1.0,0.2734469473361969,0.1979367434978485
002079.npy,"(256, 256)",float32,0.0,1.0,0.2749043107032776,0.19690540432929993
002080.npy,"(256, 256)",float32,0.0,1.0,0.34468215703964233,0.23947907984256744
002081.npy,"(256, 256)",float32,0.0,1.0,0.7010595202445984,0.17448173463344574
002082.npy,"(256, 256)",float32,0.0,1.0,0.696940541267395,0.1718970537185669
002083.npy,"(256, 256)",float32,0.0,1.0,0.7029847502708435,0.17851023375988007
002084.npy,"(256, 256)",float32,0.0,1.0,0.5340083241462708,0.16332083940505981
002085.npy,"(256, 256)",float32,0.0,1.0,0.5063061714172363,0.08789967000484467
002086.npy,"(256, 256)",float32,0.0,1.0,0.4974413812160492,0.09530274569988251
002087.npy,"(256, 256)",float32,0.0,1.0,0.49865520000457764,0.09557156264781952
002088.npy,"(256, 256)",float32,0.0,1.0,0.36745786666870117,0.20795443654060364
002089.npy,"(256, 256)",float32,0.0,1.0,0.3570452928543091,0.22354747354984283
002090.npy,"(256, 256)",float32,0.0,1.0,0.4226936995983124,0.29489997029304504
002091.npy,"(256, 256)",float32,0.0,1.0,0.2511599063873291,0.21817873418331146
002092.npy,"(256, 256)",float32,0.0,1.0,0.4484517574310303,0.2198990136384964
002093.npy,"(256, 256)",float32,0.0,1.0,0.5892974138259888,0.26468002796173096
002094.npy,"(256, 256)",float32,0.0,1.0,0.556567907333374,0.2341742068529129
002095.npy,"(256, 256)",float32,0.0,1.0,0.5879337787628174,0.2653307020664215
002096.npy,"(256, 256)",float32,0.0,1.0,0.30133986473083496,0.1186269000172615
002097.npy,"(256, 256)",float32,0.0,1.0,0.5912123918533325,0.20110292732715607
002098.npy,"(256, 256)",float32,0.0,1.0,0.6821083426475525,0.20176200568675995
002099.npy,"(256, 256)",float32,0.0,1.0,0.6147831678390503,0.1980244368314743
002100.npy,"(256, 256)",float32,0.0,1.0,0.4832305610179901,0.16800273954868317
002101.npy,"(256, 256)",float32,0.0,1.0,0.5109172463417053,0.27747732400894165
002102.npy,"(256, 256)",float32,0.0,1.0,0.4866817891597748,0.27992549538612366
002103.npy,"(256, 256)",float32,0.0,1.0,0.5593172311782837,0.23488250374794006
002104.npy,"(256, 256)",float32,0.0,1.0,0.6409667730331421,0.22533518075942993
002105.npy,"(256, 256)",float32,0.0,1.0,0.8423149585723877,0.08919508010149002
002106.npy,"(256, 256)",float32,0.0,1.0,0.7700498104095459,0.12088551372289658
002107.npy,"(256, 256)",float32,0.0,1.0,0.7737128138542175,0.12042732536792755
002108.npy,"(256, 256)",float32,0.0,1.0,0.47810471057891846,0.19351783394813538
002109.npy,"(256, 256)",float32,0.0,1.0,0.24745486676692963,0.19163930416107178
002110.npy,"(256, 256)",float32,0.0,1.0,0.25371068716049194,0.1922391653060913
002111.npy,"(256, 256)",float32,0.0,1.0,0.246555358171463,0.19131948053836823
002112.npy,"(256, 256)",float32,0.0,1.0,0.285932719707489,0.2494283765554428
002113.npy,"(256, 256)",float32,0.0,1.0,0.47277534008026123,0.23696276545524597
002114.npy,"(256, 256)",float32,0.0,1.0,0.46634507179260254,0.23971061408519745
002115.npy,"(256, 256)",float32,0.0,1.0,0.4718855023384094,0.24330565333366394
002116.npy,"(256, 256)",float32,0.0,1.0,0.5125521421432495,0.1861548125743866
002117.npy,"(256, 256)",float32,0.0,1.0,0.5220279097557068,0.25818830728530884
002118.npy,"(256, 256)",float32,0.0,1.0,0.5213804244995117,0.2583944797515869
002119.npy,"(256, 256)",float32,0.0,1.0,0.5248552560806274,0.2563938796520233
002120.npy,"(256, 256)",float32,0.0,1.0,0.28040841221809387,0.24919776618480682
002121.npy,"(256, 256)",float32,0.0,1.0,0.38505399227142334,0.18996456265449524
002122.npy,"(256, 256)",float32,0.0,1.0,0.38420742750167847,0.1894102245569229
002123.npy,"(256, 256)",float32,0.0,1.0,0.4014916718006134,0.20903976261615753
002124.npy,"(256, 256)",float32,0.0,1.0,0.5728822946548462,0.21756130456924438
002125.npy,"(256, 256)",float32,0.0,1.0,0.3688960075378418,0.20685075223445892
002126.npy,"(256, 256)",float32,0.0,1.0,0.3911161422729492,0.2168850302696228
002127.npy,"(256, 256)",float32,0.0,1.0,0.4164407551288605,0.22881828248500824
002128.npy,"(256, 256)",float32,0.0,1.0,0.47375017404556274,0.2554187774658203
002129.npy,"(256, 256)",float32,0.0,1.0,0.8106001615524292,0.06644592434167862
002130.npy,"(256, 256)",float32,0.0,1.0,0.8188378810882568,0.06958112865686417
002131.npy,"(256, 256)",float32,0.0,1.0,0.8128031492233276,0.0667107030749321
002132.npy,"(256, 256)",float32,0.0,1.0,0.36354219913482666,0.2419888973236084
002133.npy,"(256, 256)",float32,0.0,1.0,0.4198121130466461,0.16071946918964386
002134.npy,"(256, 256)",float32,0.0,1.0,0.4171934723854065,0.16677385568618774
002135.npy,"(256, 256)",float32,0.0,1.0,0.4129280149936676,0.1625635325908661
002136.npy,"(256, 256)",float32,0.0,1.0,0.5201343297958374,0.25188806653022766
002137.npy,"(256, 256)",float32,0.0,1.0,0.4783731997013092,0.26865047216415405
002138.npy,"(256, 256)",float32,0.0,1.0,0.4784402847290039,0.26790371537208557
002139.npy,"(256, 256)",float32,0.0,1.0,0.4771535396575928,0.2657620310783386
002140.npy,"(256, 256)",float32,0.0,1.0,0.27573126554489136,0.18031591176986694
002141.npy,"(256, 256)",float32,0.0,1.0,0.8588135242462158,0.0703151524066925
002142.npy,"(256, 256)",float32,0.0,1.0,0.7924308776855469,0.055558424443006516
002143.npy,"(256, 256)",float32,0.0,1.0,0.4919244647026062,0.18942062556743622
002144.npy,"(256, 256)",float32,0.0,1.0,0.6636645197868347,0.23353785276412964
002145.npy,"(256, 256)",float32,0.0,1.0,0.5206496715545654,0.12003016471862793
002146.npy,"(256, 256)",float32,0.0,1.0,0.49110233783721924,0.11386901885271072
002147.npy,"(256, 256)",float32,0.0,1.0,0.5198242664337158,0.119004987180233
002148.npy,"(256, 256)",float32,0.0,1.0,0.3561187982559204,0.2673327326774597
002149.npy,"(256, 256)",float32,0.0,1.0,0.2672709822654724,0.3500370979309082
002150.npy,"(256, 256)",float32,0.0,1.0,0.22043082118034363,0.31135451793670654
002151.npy,"(256, 256)",float32,0.0,1.0,0.2680019438266754,0.34004685282707214
002152.npy,"(256, 256)",float32,0.0,1.0,0.2955561876296997,0.2681387960910797
002153.npy,"(256, 256)",float32,0.0,1.0,0.49376004934310913,0.21614910662174225
002154.npy,"(256, 256)",float32,0.0,1.0,0.52141273021698,0.21134205162525177
002155.npy,"(256, 256)",float32,0.0,1.0,0.4861205220222473,0.18564358353614807
002156.npy,"(256, 256)",float32,0.0,1.0,0.4518752694129944,0.221338152885437
002157.npy,"(256, 256)",float32,0.0,1.0,0.42752599716186523,0.23752917349338531
002158.npy,"(256, 256)",float32,0.0,1.0,0.5701570510864258,0.23848816752433777
002159.npy,"(256, 256)",float32,0.0,1.0,0.4733642339706421,0.22075821459293365
002160.npy,"(256, 256)",float32,0.0,1.0,0.44701749086380005,0.13909649848937988
002161.npy,"(256, 256)",float32,0.0,1.0,0.47124242782592773,0.1718241572380066
002162.npy,"(256, 256)",float32,0.0,1.0,0.4960362911224365,0.18685442209243774
002163.npy,"(256, 256)",float32,0.0,1.0,0.5206205248832703,0.2012113481760025
002164.npy,"(256, 256)",float32,0.0,1.0,0.5245333909988403,0.2644943296909332
002165.npy,"(256, 256)",float32,0.0,1.0,0.6243864297866821,0.14806674420833588
002166.npy,"(256, 256)",float32,0.0,1.0,0.6569123268127441,0.1391163170337677
002167.npy,"(256, 256)",float32,0.0,1.0,0.6238142848014832,0.14801134169101715
002168.npy,"(256, 256)",float32,0.0,1.0,0.7029599547386169,0.20256642997264862
002169.npy,"(256, 256)",float32,0.0,1.0,0.5985020399093628,0.35430455207824707
002170.npy,"(256, 256)",float32,0.0,1.0,0.44236019253730774,0.352870911359787
002171.npy,"(256, 256)",float32,0.0,1.0,0.5108696222305298,0.3700944781303406
002172.npy,"(256, 256)",float32,0.0,1.0,0.4138403534889221,0.26192402839660645
002173.npy,"(256, 256)",float32,0.0,1.0,0.38076460361480713,0.30446574091911316
002174.npy,"(256, 256)",float32,0.0,1.0,0.3716673254966736,0.3075813949108124
002175.npy,"(256, 256)",float32,0.0,1.0,0.3745826482772827,0.30651161074638367
002176.npy,"(256, 256)",float32,0.0,1.0,0.2675000727176666,0.22186222672462463
002177.npy,"(256, 256)",float32,0.0,1.0,0.32314687967300415,0.09106602519750595
002178.npy,"(256, 256)",float32,0.0,1.0,0.3209034204483032,0.09233376383781433
002179.npy,"(256, 256)",float32,0.0,1.0,0.3269801139831543,0.09120456874370575
002180.npy,"(256, 256)",float32,0.0,1.0,0.5106772184371948,0.2176240086555481
002181.npy,"(256, 256)",float32,0.0,1.0,0.6249062418937683,0.2086048275232315
002182.npy,"(256, 256)",float32,0.0,1.0,0.6254839301109314,0.20193901658058167
002183.npy,"(256, 256)",float32,0.0,1.0,0.6565403342247009,0.22358986735343933
002184.npy,"(256, 256)",float32,0.0,1.0,0.3525588810443878,0.2616986930370331
002185.npy,"(256, 256)",float32,0.0,1.0,0.5474824905395508,0.3683370351791382
002186.npy,"(256, 256)",float32,0.0,1.0,0.5949122905731201,0.3458750247955322
002187.npy,"(256, 256)",float32,0.0,1.0,0.5409218668937683,0.3696991205215454
002188.npy,"(256, 256)",float32,0.0,1.0,0.4834868013858795,0.2696004807949066
002189.npy,"(256, 256)",float32,0.0,1.0,0.6424997448921204,0.2577432096004486
002190.npy,"(256, 256)",float32,0.0,1.0,0.6826769113540649,0.24363699555397034
002191.npy,"(256, 256)",float32,0.0,1.0,0.6868226528167725,0.2407010942697525
002192.npy,"(256, 256)",float32,0.0,1.0,0.4306398332118988,0.18802255392074585
002193.npy,"(256, 256)",float32,0.0,1.0,0.34676235914230347,0.1829127073287964
002194.npy,"(256, 256)",float32,0.0,1.0,0.31050923466682434,0.1710866540670395
002195.npy,"(256, 256)",float32,0.0,1.0,0.34796378016471863,0.18437573313713074
002196.npy,"(256, 256)",float32,0.0,1.0,0.5147218704223633,0.25946104526519775
002197.npy,"(256, 256)",float32,0.0,1.0,0.11404775828123093,0.0957418754696846
002198.npy,"(256, 256)",float32,0.0,1.0,0.1616758406162262,0.10949066281318665
002199.npy,"(256, 256)",float32,0.0,1.0,0.11418387293815613,0.09581802040338516
002200.npy,"(256, 256)",float32,0.0,1.0,0.5773190855979919,0.18475209176540375
002201.npy,"(256, 256)",float32,0.0,1.0,0.4437796473503113,0.1281600147485733
002202.npy,"(256, 256)",float32,0.0,1.0,0.4451351463794708,0.12836553156375885
002203.npy,"(256, 256)",float32,0.0,1.0,0.44212213158607483,0.12811923027038574
002204.npy,"(256, 256)",float32,0.0,1.0,0.616661548614502,0.31953147053718567
002205.npy,"(256, 256)",float32,0.0,1.0,0.7749346494674683,0.25623929500579834
002206.npy,"(256, 256)",float32,0.0,1.0,0.7632304430007935,0.26217082142829895
002207.npy,"(256, 256)",float32,0.0,1.0,0.7644710540771484,0.2563735544681549
002208.npy,"(256, 256)",float32,0.0,1.0,0.6631886959075928,0.13194601237773895
002209.npy,"(256, 256)",float32,0.0,1.0,0.3649665117263794,0.14971140027046204
002210.npy,"(256, 256)",float32,0.0,1.0,0.3540465235710144,0.15202337503433228
002211.npy,"(256, 256)",float32,0.0,1.0,0.35914838314056396,0.15082408487796783
002212.npy,"(256, 256)",float32,0.0,1.0,0.44114863872528076,0.09705197811126709
002213.npy,"(256, 256)",float32,0.0,1.0,0.10914385318756104,0.04531564563512802
002214.npy,"(256, 256)",float32,0.0,1.0,0.12601220607757568,0.054585814476013184
002215.npy,"(256, 256)",float32,0.0,1.0,0.11911353468894958,0.05081555247306824
002216.npy,"(256, 256)",float32,0.0,1.0,0.07155896723270416,0.08916063606739044
002217.npy,"(256, 256)",float32,0.0,1.0,0.04136233031749725,0.05928774178028107
002218.npy,"(256, 256)",float32,0.0,1.0,0.0521974116563797,0.0692538395524025
002219.npy,"(256, 256)",float32,0.0,1.0,0.044033512473106384,0.06719350814819336
002220.npy,"(256, 256)",float32,0.0,1.0,0.6071919798851013,0.25260835886001587
002221.npy,"(256, 256)",float32,0.0,1.0,0.38932257890701294,0.2749480605125427
002222.npy,"(256, 256)",float32,0.0,1.0,0.4443603754043579,0.26991766691207886
002223.npy,"(256, 256)",float32,0.0,1.0,0.42054489254951477,0.2806035280227661
002224.npy,"(256, 256)",float32,0.0,1.0,0.015612811781466007,0.014523617923259735
002225.npy,"(256, 256)",float32,0.0,1.0,0.024701479822397232,0.019123457372188568
002226.npy,"(256, 256)",float32,0.0,1.0,0.02523425593972206,0.01909961737692356
002227.npy,"(256, 256)",float32,0.0,1.0,0.02504514530301094,0.019055839627981186
002228.npy,"(256, 256)",float32,0.0,1.0,0.3200322389602661,0.17787352204322815
002229.npy,"(256, 256)",float32,0.0,1.0,0.7745822072029114,0.20163379609584808
002230.npy,"(256, 256)",float32,0.0,1.0,0.7896647453308105,0.19131499528884888
002231.npy,"(256, 256)",float32,0.0,1.0,0.7688406109809875,0.20576591789722443
002232.npy,"(256, 256)",float32,0.0,1.0,0.7220522165298462,0.16493035852909088
002233.npy,"(256, 256)",float32,0.0,1.0,0.8456666469573975,0.10561510920524597
002234.npy,"(256, 256)",float32,0.0,1.0,0.8412865400314331,0.10710729658603668
002235.npy,"(256, 256)",float32,0.0,1.0,0.8396522998809814,0.1075090691447258
002236.npy,"(256, 256)",float32,0.0,1.0,0.3063540756702423,0.26875898241996765
002237.npy,"(256, 256)",float32,0.0,1.0,0.3582344055175781,0.2883775234222412
002238.npy,"(256, 256)",float32,0.0,1.0,0.34514617919921875,0.27241137623786926
002239.npy,"(256, 256)",float32,0.0,1.0,0.29732561111450195,0.2444107085466385
002240.npy,"(256, 256)",float32,0.0,1.0,0.30067944526672363,0.10557197779417038
002241.npy,"(256, 256)",float32,0.0,1.0,0.5012784004211426,0.17330896854400635
002242.npy,"(256, 256)",float32,0.0,1.0,0.49657848477363586,0.17050325870513916
002243.npy,"(256, 256)",float32,0.0,1.0,0.49148595333099365,0.17591549456119537
002244.npy,"(256, 256)",float32,0.0,1.0,0.8777871131896973,0.17425687611103058
002245.npy,"(256, 256)",float32,0.0,1.0,0.08931687474250793,0.07921573519706726
002246.npy,"(256, 256)",float32,0.0,1.0,0.10914765298366547,0.11503086239099503
002247.npy,"(256, 256)",float32,0.0,1.0,0.11131208389997482,0.10384226590394974
002248.npy,"(256, 256)",float32,0.0,1.0,0.5331242084503174,0.2449403554201126
002249.npy,"(256, 256)",float32,0.0,1.0,0.44585609436035156,0.23321901261806488
002250.npy,"(256, 256)",float32,0.0,1.0,0.4331549406051636,0.22381319105625153
002251.npy,"(256, 256)",float32,0.0,1.0,0.379066526889801,0.16391342878341675
002252.npy,"(256, 256)",float32,0.0,1.0,0.6454962491989136,0.2186945676803589
002253.npy,"(256, 256)",float32,0.0,1.0,0.6506545543670654,0.23014487326145172
002254.npy,"(256, 256)",float32,0.0,1.0,0.6628448367118835,0.23503190279006958
002255.npy,"(256, 256)",float32,0.0,1.0,0.6544605493545532,0.23003293573856354
002256.npy,"(256, 256)",float32,0.0,1.0,0.3350828289985657,0.09064970910549164
002257.npy,"(256, 256)",float32,0.0,1.0,0.3645437955856323,0.24857529997825623
002258.npy,"(256, 256)",float32,0.0,1.0,0.34474977850914,0.24079261720180511
002259.npy,"(256, 256)",float32,0.0,1.0,0.3507106602191925,0.2462846338748932
002260.npy,"(256, 256)",float32,0.0,1.0,0.4496336579322815,0.18313628435134888
002261.npy,"(256, 256)",float32,0.0,1.0,0.6317684650421143,0.18152621388435364
002262.npy,"(256, 256)",float32,0.0,1.0,0.5742021203041077,0.13619372248649597
002263.npy,"(256, 256)",float32,0.0,1.0,0.5918176174163818,0.15609173476696014
002264.npy,"(256, 256)",float32,0.0,1.0,0.7478436231613159,0.2715248167514801
002265.npy,"(256, 256)",float32,0.0,1.0,0.1817290186882019,0.18573437631130219
002266.npy,"(256, 256)",float32,0.0,1.0,0.16762062907218933,0.17101292312145233
002267.npy,"(256, 256)",float32,0.0,1.0,0.17934545874595642,0.1818109005689621
002268.npy,"(256, 256)",float32,0.0,1.0,0.3889659643173218,0.2561735212802887
002269.npy,"(256, 256)",float32,0.0,1.0,0.18390128016471863,0.12040136009454727
002270.npy,"(256, 256)",float32,0.0,1.0,0.17211079597473145,0.10519971698522568
002271.npy,"(256, 256)",float32,0.0,1.0,0.17260828614234924,0.10526235401630402
002272.npy,"(256, 256)",float32,0.0,1.0,0.2822803854942322,0.2010498195886612
002273.npy,"(256, 256)",float32,0.0,1.0,0.04918430373072624,0.1050577163696289
002274.npy,"(256, 256)",float32,0.0,1.0,0.049136608839035034,0.10108216851949692
002275.npy,"(256, 256)",float32,0.0,1.0,0.04960067570209503,0.1008574441075325
002276.npy,"(256, 256)",float32,0.0,1.0,0.2885779142379761,0.11454799771308899
002277.npy,"(256, 256)",float32,0.0,1.0,0.5373179912567139,0.17273832857608795
002278.npy,"(256, 256)",float32,0.0,1.0,0.5565985441207886,0.18991756439208984
002279.npy,"(256, 256)",float32,0.0,1.0,0.5269286632537842,0.1906547248363495
002280.npy,"(256, 256)",float32,0.0,1.0,0.35930532217025757,0.1921818107366562
002281.npy,"(256, 256)",float32,0.0,1.0,0.45227041840553284,0.2819867432117462
002282.npy,"(256, 256)",float32,0.0,1.0,0.44571375846862793,0.2936917543411255
002283.npy,"(256, 256)",float32,0.0,1.0,0.4456357955932617,0.2912622094154358
002284.npy,"(256, 256)",float32,0.0,1.0,0.2631165385246277,0.13248202204704285
002285.npy,"(256, 256)",float32,0.0,1.0,0.1703886091709137,0.16493843495845795
002286.npy,"(256, 256)",float32,0.0,1.0,0.17720048129558563,0.16970214247703552
002287.npy,"(256, 256)",float32,0.0,1.0,0.1758393943309784,0.16860060393810272
002288.npy,"(256, 256)",float32,0.0,1.0,0.47382330894470215,0.229694664478302
002289.npy,"(256, 256)",float32,0.0,1.0,0.5379918813705444,0.22793598473072052
002290.npy,"(256, 256)",float32,0.0,1.0,0.5104332566261292,0.2286856323480606
002291.npy,"(256, 256)",float32,0.0,1.0,0.5147227048873901,0.22418980300426483
002292.npy,"(256, 256)",float32,0.0,1.0,0.3579040467739105,0.36573314666748047
002293.npy,"(256, 256)",float32,0.0,1.0,0.26319411396980286,0.20213232934474945
002294.npy,"(256, 256)",float32,0.0,1.0,0.2754557132720947,0.20342709124088287
002295.npy,"(256, 256)",float32,0.0,1.0,0.24481981992721558,0.21515443921089172
002296.npy,"(256, 256)",float32,0.0,1.0,0.3140006363391876,0.10332806408405304
002297.npy,"(256, 256)",float32,0.0,1.0,0.31800347566604614,0.10391132533550262
002298.npy,"(256, 256)",float32,0.0,1.0,0.3162077069282532,0.10277877748012543
002299.npy,"(256, 256)",float32,0.0,1.0,0.35896599292755127,0.09952780604362488
002300.npy,"(256, 256)",float32,0.0,1.0,0.6396188735961914,0.15604715049266815
002301.npy,"(256, 256)",float32,0.0,1.0,0.4119483232498169,0.16671611368656158
002302.npy,"(256, 256)",float32,0.0,1.0,0.48426154255867004,0.1954277604818344
002303.npy,"(256, 256)",float32,0.0,1.0,0.5035583972930908,0.18996486067771912
002304.npy,"(256, 256)",float32,0.0,1.0,0.5087475776672363,0.1378103643655777
002305.npy,"(256, 256)",float32,0.0,1.0,0.6201981902122498,0.08445750921964645
002306.npy,"(256, 256)",float32,0.0,1.0,0.6224323511123657,0.09874575585126877
002307.npy,"(256, 256)",float32,0.0,1.0,0.60406494140625,0.08730918169021606
002308.npy,"(256, 256)",float32,0.0,1.0,0.28022873401641846,0.2361612617969513
002309.npy,"(256, 256)",float32,0.0,1.0,0.47422415018081665,0.24900780618190765
002310.npy,"(256, 256)",float32,0.0,1.0,0.48225265741348267,0.24127523601055145
002311.npy,"(256, 256)",float32,0.0,1.0,0.4126698970794678,0.24447500705718994
002312.npy,"(256, 256)",float32,0.0,1.0,0.4147135317325592,0.39182788133621216
002313.npy,"(256, 256)",float32,0.0,1.0,0.31215760111808777,0.21490591764450073
002314.npy,"(256, 256)",float32,0.0,1.0,0.353606253862381,0.22083234786987305
002315.npy,"(256, 256)",float32,0.0,1.0,0.31384557485580444,0.21531161665916443
002316.npy,"(256, 256)",float32,0.0,1.0,0.3344704508781433,0.2460477203130722
002317.npy,"(256, 256)",float32,0.0,1.0,0.7410861253738403,0.15480627119541168
002318.npy,"(256, 256)",float32,0.0,1.0,0.7363718152046204,0.15564289689064026
002319.npy,"(256, 256)",float32,0.0,1.0,0.736535370349884,0.15556560456752777
002320.npy,"(256, 256)",float32,0.0,1.0,0.5430679321289062,0.20830987393856049
002321.npy,"(256, 256)",float32,0.0,1.0,0.3611040711402893,0.2330256849527359
002322.npy,"(256, 256)",float32,0.0,1.0,0.3611661195755005,0.2329520434141159
002323.npy,"(256, 256)",float32,0.0,1.0,0.39579492807388306,0.28558486700057983
002324.npy,"(256, 256)",float32,0.0,1.0,0.6197608709335327,0.2646961510181427
002325.npy,"(256, 256)",float32,0.0,1.0,0.6812471747398376,0.19710583984851837
002326.npy,"(256, 256)",float32,0.0,1.0,0.704054594039917,0.19474078714847565
002327.npy,"(256, 256)",float32,0.0,1.0,0.7157649993896484,0.18967191874980927
002328.npy,"(256, 256)",float32,0.0,1.0,0.5760595798492432,0.15442536771297455
002329.npy,"(256, 256)",float32,0.0,1.0,0.05158672481775284,0.03166195750236511
002330.npy,"(256, 256)",float32,0.0,1.0,0.052011821419000626,0.032069310545921326
002331.npy,"(256, 256)",float32,0.0,1.0,0.08191269636154175,0.04937024042010307
002332.npy,"(256, 256)",float32,0.0,1.0,0.6273956298828125,0.04328053072094917
002333.npy,"(256, 256)",float32,0.0,1.0,0.20622408390045166,0.0617329478263855
002334.npy,"(256, 256)",float32,0.0,1.0,0.1913742870092392,0.056337617337703705
002335.npy,"(256, 256)",float32,0.0,1.0,0.2039884328842163,0.062225233763456345
002336.npy,"(256, 256)",float32,0.0,1.0,0.5948612093925476,0.30472320318222046
002337.npy,"(256, 256)",float32,0.0,1.0,0.4450227916240692,0.211662158370018
002338.npy,"(256, 256)",float32,0.0,1.0,0.47503966093063354,0.21291592717170715
002339.npy,"(256, 256)",float32,0.0,1.0,0.4564281105995178,0.2139611393213272
002340.npy,"(256, 256)",float32,0.0,1.0,0.4931226968765259,0.0979473665356636
002341.npy,"(256, 256)",float32,0.0,1.0,0.5931835770606995,0.09599582850933075
002342.npy,"(256, 256)",float32,0.0,1.0,0.5893498659133911,0.09926111251115799
002343.npy,"(256, 256)",float32,0.0,1.0,0.5912628173828125,0.09832900017499924
002344.npy,"(256, 256)",float32,0.0,1.0,0.22597149014472961,0.2354802042245865
002345.npy,"(256, 256)",float32,0.0,1.0,0.16724196076393127,0.11628755927085876
002346.npy,"(256, 256)",float32,0.0,1.0,0.16267308592796326,0.12023255228996277
002347.npy,"(256, 256)",float32,0.0,1.0,0.16206768155097961,0.11686202138662338
002348.npy,"(256, 256)",float32,0.0,1.0,0.43906229734420776,0.32098957896232605
002349.npy,"(256, 256)",float32,0.0,1.0,0.5109498500823975,0.11632464081048965
002350.npy,"(256, 256)",float32,0.0,1.0,0.48090294003486633,0.11269319802522659
002351.npy,"(256, 256)",float32,0.0,1.0,0.4989997148513794,0.10545706003904343
002352.npy,"(256, 256)",float32,0.0,1.0,0.23915626108646393,0.19696296751499176
002353.npy,"(256, 256)",float32,0.0,1.0,0.5255529880523682,0.364202082157135
002354.npy,"(256, 256)",float32,0.0,1.0,0.431538462638855,0.35995954275131226
002355.npy,"(256, 256)",float32,0.0,1.0,0.4328112304210663,0.368507444858551
002356.npy,"(256, 256)",float32,0.0,1.0,0.15579035878181458,0.13537302613258362
002357.npy,"(256, 256)",float32,0.0,1.0,0.04736028611660004,0.05758827552199364
002358.npy,"(256, 256)",float32,0.0,1.0,0.05563587695360184,0.057053036987781525
002359.npy,"(256, 256)",float32,0.0,1.0,0.03835607320070267,0.039313122630119324
002360.npy,"(256, 256)",float32,0.0,1.0,0.40777450799942017,0.24337761104106903
002361.npy,"(256, 256)",float32,0.0,1.0,0.3524136543273926,0.2711644768714905
002362.npy,"(256, 256)",float32,0.0,1.0,0.33818817138671875,0.2717360556125641
002363.npy,"(256, 256)",float32,0.0,1.0,0.34716957807540894,0.2695136070251465
002364.npy,"(256, 256)",float32,0.0,1.0,0.29428601264953613,0.1956980675458908
002365.npy,"(256, 256)",float32,0.0,1.0,0.3032531142234802,0.36733385920524597
002366.npy,"(256, 256)",float32,0.0,1.0,0.3794898986816406,0.3897634744644165
002367.npy,"(256, 256)",float32,0.0,1.0,0.37344008684158325,0.3835754692554474
002368.npy,"(256, 256)",float32,0.0,1.0,0.4036521911621094,0.1882229447364807
002369.npy,"(256, 256)",float32,0.0,1.0,0.2027263343334198,0.21399927139282227
002370.npy,"(256, 256)",float32,0.0,1.0,0.19407618045806885,0.20660406351089478
002371.npy,"(256, 256)",float32,0.0,1.0,0.22263194620609283,0.26417696475982666
002372.npy,"(256, 256)",float32,0.0,1.0,0.2675219774246216,0.19620567560195923
002373.npy,"(256, 256)",float32,0.0,1.0,0.3904380202293396,0.21235650777816772
002374.npy,"(256, 256)",float32,0.0,1.0,0.3866454064846039,0.19297020137310028
002375.npy,"(256, 256)",float32,0.0,1.0,0.40718209743499756,0.20523583889007568
002376.npy,"(256, 256)",float32,0.0,1.0,0.2713661193847656,0.14225353300571442
002377.npy,"(256, 256)",float32,0.0,1.0,0.6343924403190613,0.2453492432832718
002378.npy,"(256, 256)",float32,0.0,1.0,0.634028434753418,0.24552395939826965
002379.npy,"(256, 256)",float32,0.0,1.0,0.5964838266372681,0.258536696434021
002380.npy,"(256, 256)",float32,0.0,1.0,0.33549967408180237,0.12097350507974625
002381.npy,"(256, 256)",float32,0.0,1.0,0.3681466579437256,0.17337003350257874
002382.npy,"(256, 256)",float32,0.0,1.0,0.3592495918273926,0.17577701807022095
002383.npy,"(256, 256)",float32,0.0,1.0,0.35506004095077515,0.1869148463010788
002384.npy,"(256, 256)",float32,0.0,1.0,0.14146766066551208,0.22387193143367767
002385.npy,"(256, 256)",float32,0.0,1.0,0.6287887096405029,0.21990744769573212
002386.npy,"(256, 256)",float32,0.0,1.0,0.5930377840995789,0.248902827501297
002387.npy,"(256, 256)",float32,0.0,1.0,0.6834077835083008,0.1614503115415573
002388.npy,"(256, 256)",float32,0.0,1.0,0.44530919194221497,0.24741697311401367
002389.npy,"(256, 256)",float32,0.0,1.0,0.7155551910400391,0.15554869174957275
002390.npy,"(256, 256)",float32,0.0,1.0,0.7321544885635376,0.15854866802692413
002391.npy,"(256, 256)",float32,0.0,1.0,0.7940625548362732,0.12774509191513062
002392.npy,"(256, 256)",float32,0.0,1.0,0.7911003828048706,0.11000775545835495
002393.npy,"(256, 256)",float32,0.0,1.0,0.4893313944339752,0.24435843527317047
002394.npy,"(256, 256)",float32,0.0,1.0,0.4809027314186096,0.24411584436893463
002395.npy,"(256, 256)",float32,0.0,1.0,0.45162588357925415,0.2572194039821625
002396.npy,"(256, 256)",float32,0.0,1.0,0.444258451461792,0.16038070619106293
002397.npy,"(256, 256)",float32,0.0,1.0,0.5785350203514099,0.09827875345945358
002398.npy,"(256, 256)",float32,0.0,1.0,0.6088094711303711,0.09805683046579361
002399.npy,"(256, 256)",float32,0.0,1.0,0.5406976938247681,0.08022907376289368
002400.npy,"(256, 256)",float32,0.0,1.0,0.572760820388794,0.28137126564979553
002401.npy,"(256, 256)",float32,0.0,1.0,0.5258565545082092,0.15496866405010223
002402.npy,"(256, 256)",float32,0.0,1.0,0.5267188549041748,0.14983020722866058
002403.npy,"(256, 256)",float32,0.0,1.0,0.5424959063529968,0.15422236919403076
002404.npy,"(256, 256)",float32,0.0,1.0,0.47619739174842834,0.24155253171920776
002405.npy,"(256, 256)",float32,0.0,1.0,0.7602171897888184,0.23672236502170563
002406.npy,"(256, 256)",float32,0.0,1.0,0.797579288482666,0.20371794700622559
002407.npy,"(256, 256)",float32,0.0,1.0,0.7274878025054932,0.27293768525123596
002408.npy,"(256, 256)",float32,0.0,1.0,0.5745588541030884,0.19150938093662262
002409.npy,"(256, 256)",float32,0.0,1.0,0.31630659103393555,0.18223387002944946
002410.npy,"(256, 256)",float32,0.0,1.0,0.3161086440086365,0.18222853541374207
002411.npy,"(256, 256)",float32,0.0,1.0,0.3536001443862915,0.18209552764892578
002412.npy,"(256, 256)",float32,0.0,1.0,0.3824346363544464,0.17936104536056519
002413.npy,"(256, 256)",float32,0.0,1.0,0.6868408918380737,0.22783519327640533
002414.npy,"(256, 256)",float32,0.0,1.0,0.7080637216567993,0.21489647030830383
002415.npy,"(256, 256)",float32,0.0,1.0,0.705167829990387,0.21326805651187897
002416.npy,"(256, 256)",float32,0.0,1.0,0.34404438734054565,0.17414121329784393
002417.npy,"(256, 256)",float32,0.0,1.0,0.37853485345840454,0.16373103857040405
002418.npy,"(256, 256)",float32,0.0,1.0,0.3802695870399475,0.1615479439496994
002419.npy,"(256, 256)",float32,0.0,1.0,0.3766329884529114,0.14352542161941528
002420.npy,"(256, 256)",float32,0.0,1.0,0.5072045922279358,0.13056324422359467
002421.npy,"(256, 256)",float32,0.0,1.0,0.4290279746055603,0.1726294904947281
002422.npy,"(256, 256)",float32,0.0,1.0,0.4296482801437378,0.17299292981624603
002423.npy,"(256, 256)",float32,0.0,1.0,0.41198596358299255,0.17707237601280212
002424.npy,"(256, 256)",float32,0.0,1.0,0.34274840354919434,0.2454492300748825
002425.npy,"(256, 256)",float32,0.0,1.0,0.49129143357276917,0.21208037436008453
002426.npy,"(256, 256)",float32,0.0,1.0,0.45274218916893005,0.16296833753585815
002427.npy,"(256, 256)",float32,0.0,1.0,0.47695836424827576,0.20049352943897247
002428.npy,"(256, 256)",float32,0.0,1.0,0.7818539142608643,0.16977714002132416
002429.npy,"(256, 256)",float32,0.0,1.0,0.730332612991333,0.19073143601417542
002430.npy,"(256, 256)",float32,0.0,1.0,0.7443112134933472,0.181200310587883
002431.npy,"(256, 256)",float32,0.0,1.0,0.7052654027938843,0.18097934126853943
002432.npy,"(256, 256)",float32,0.0,1.0,0.8282954692840576,0.2208731472492218
002433.npy,"(256, 256)",float32,0.0,1.0,0.282259464263916,0.16431093215942383
002434.npy,"(256, 256)",float32,0.0,1.0,0.35809165239334106,0.17898577451705933
002435.npy,"(256, 256)",float32,0.0,1.0,0.33666718006134033,0.17465020716190338
002436.npy,"(256, 256)",float32,0.0,1.0,0.3631190061569214,0.2576214075088501
002437.npy,"(256, 256)",float32,0.0,1.0,0.504542887210846,0.1251317709684372
002438.npy,"(256, 256)",float32,0.0,1.0,0.5235239267349243,0.13147714734077454
002439.npy,"(256, 256)",float32,0.0,1.0,0.5367738604545593,0.13760775327682495
002440.npy,"(256, 256)",float32,0.0,1.0,0.5017312169075012,0.12677542865276337
002441.npy,"(256, 256)",float32,0.0,1.0,0.319042831659317,0.15064549446105957
002442.npy,"(256, 256)",float32,0.0,1.0,0.3269144296646118,0.14822784066200256
002443.npy,"(256, 256)",float32,0.0,1.0,0.3110555112361908,0.14715006947517395
002444.npy,"(256, 256)",float32,0.0,1.0,0.49184662103652954,0.1469336897134781
002445.npy,"(256, 256)",float32,0.0,1.0,0.6017464399337769,0.09736943244934082
002446.npy,"(256, 256)",float32,0.0,1.0,0.6109229326248169,0.0912950187921524
002447.npy,"(256, 256)",float32,0.0,1.0,0.6327620148658752,0.09934718906879425
002448.npy,"(256, 256)",float32,0.0,1.0,0.7527252435684204,0.1984325647354126
002449.npy,"(256, 256)",float32,0.0,1.0,0.2584845721721649,0.1562374383211136
002450.npy,"(256, 256)",float32,0.0,1.0,0.2545085549354553,0.15680243074893951
002451.npy,"(256, 256)",float32,0.0,1.0,0.27358680963516235,0.1446714997291565
002452.npy,"(256, 256)",float32,0.0,1.0,0.3029123544692993,0.19325360655784607
002453.npy,"(256, 256)",float32,0.0,1.0,0.47716110944747925,0.18596068024635315
002454.npy,"(256, 256)",float32,0.0,1.0,0.4773390293121338,0.18433812260627747
002455.npy,"(256, 256)",float32,0.0,1.0,0.4282453656196594,0.20796677470207214
002456.npy,"(256, 256)",float32,0.0,1.0,0.5389723777770996,0.15611714124679565
002457.npy,"(256, 256)",float32,0.0,1.0,0.2189771831035614,0.19001084566116333
002458.npy,"(256, 256)",float32,0.0,1.0,0.23817220330238342,0.21178488433361053
002459.npy,"(256, 256)",float32,0.0,1.0,0.21532656252384186,0.1807774305343628
002460.npy,"(256, 256)",float32,0.0,1.0,0.06511683762073517,0.0715688019990921
002461.npy,"(256, 256)",float32,0.0,1.0,0.17588257789611816,0.16315151751041412
002462.npy,"(256, 256)",float32,0.0,1.0,0.18373490869998932,0.1851048618555069
002463.npy,"(256, 256)",float32,0.0,1.0,0.1837480664253235,0.17105191946029663
002464.npy,"(256, 256)",float32,0.0,1.0,0.46998095512390137,0.23581428825855255
002465.npy,"(256, 256)",float32,0.0,1.0,0.4010472595691681,0.2150435745716095
002466.npy,"(256, 256)",float32,0.0,1.0,0.36951637268066406,0.2121799886226654
002467.npy,"(256, 256)",float32,0.0,1.0,0.396573543548584,0.21638529002666473
002468.npy,"(256, 256)",float32,0.0,1.0,0.4261522591114044,0.34512752294540405
002469.npy,"(256, 256)",float32,0.0,1.0,0.7453032732009888,0.36793455481529236
002470.npy,"(256, 256)",float32,0.0,1.0,0.8446972966194153,0.27109336853027344
002471.npy,"(256, 256)",float32,0.0,1.0,0.9084892272949219,0.047923699021339417
002472.npy,"(256, 256)",float32,0.0,1.0,0.20479807257652283,0.18956294655799866
002473.npy,"(256, 256)",float32,0.0,1.0,0.31474027037620544,0.2929043471813202
002474.npy,"(256, 256)",float32,0.0,1.0,0.2987965941429138,0.28745096921920776
002475.npy,"(256, 256)",float32,0.0,1.0,0.3173663914203644,0.2940155267715454
002476.npy,"(256, 256)",float32,0.0,1.0,0.5396239161491394,0.13961054384708405
002477.npy,"(256, 256)",float32,0.0,1.0,0.4918925166130066,0.21078261733055115
002478.npy,"(256, 256)",float32,0.0,1.0,0.5002084970474243,0.2143658846616745
002479.npy,"(256, 256)",float32,0.0,1.0,0.4909796416759491,0.21729236841201782
002480.npy,"(256, 256)",float32,0.0,1.0,0.6576864719390869,0.2472444325685501
002481.npy,"(256, 256)",float32,0.0,1.0,0.9427071213722229,0.08395173400640488
002482.npy,"(256, 256)",float32,0.0,1.0,0.945888876914978,0.05878320336341858
002483.npy,"(256, 256)",float32,0.0,1.0,0.941312313079834,0.09400995075702667
002484.npy,"(256, 256)",float32,0.0,1.0,0.2515803873538971,0.16612079739570618
002485.npy,"(256, 256)",float32,0.0,1.0,0.37398678064346313,0.14142338931560516
002486.npy,"(256, 256)",float32,0.0,1.0,0.3798840641975403,0.13790662586688995
002487.npy,"(256, 256)",float32,0.0,1.0,0.3782414197921753,0.12260741740465164
002488.npy,"(256, 256)",float32,0.0,1.0,0.5289385318756104,0.22108569741249084
002489.npy,"(256, 256)",float32,0.0,1.0,0.6537033319473267,0.13670291006565094
002490.npy,"(256, 256)",float32,0.0,1.0,0.6823889017105103,0.13785187900066376
002491.npy,"(256, 256)",float32,0.0,1.0,0.6175349950790405,0.1446709781885147
002492.npy,"(256, 256)",float32,0.0,1.0,0.32389283180236816,0.19216062128543854
002493.npy,"(256, 256)",float32,0.0,1.0,0.5815874338150024,0.1897372305393219
002494.npy,"(256, 256)",float32,0.0,1.0,0.5827996134757996,0.18978604674339294
002495.npy,"(256, 256)",float32,0.0,1.0,0.5837664604187012,0.19021587073802948
002496.npy,"(256, 256)",float32,0.0,1.0,0.4665481150150299,0.26312413811683655
002497.npy,"(256, 256)",float32,0.0,1.0,0.4963260293006897,0.2144676148891449
002498.npy,"(256, 256)",float32,0.0,1.0,0.4948752522468567,0.21024547517299652
002499.npy,"(256, 256)",float32,0.0,1.0,0.49615150690078735,0.21666337549686432
002500.npy,"(256, 256)",float32,0.0,1.0,0.2174898087978363,0.2252255231142044
002501.npy,"(256, 256)",float32,0.0,1.0,0.3659016788005829,0.10022686421871185
002502.npy,"(256, 256)",float32,0.0,1.0,0.3776838183403015,0.0928908959031105
002503.npy,"(256, 256)",float32,0.0,1.0,0.3759007155895233,0.09273386001586914
002504.npy,"(256, 256)",float32,0.0,1.0,0.5093313455581665,0.22422152757644653
002505.npy,"(256, 256)",float32,0.0,1.0,0.4083866477012634,0.40928593277931213
002506.npy,"(256, 256)",float32,0.0,1.0,0.4077683389186859,0.40907424688339233
002507.npy,"(256, 256)",float32,0.0,1.0,0.43858450651168823,0.402435302734375
002508.npy,"(256, 256)",float32,0.0,1.0,0.3756616711616516,0.2811748683452606
002509.npy,"(256, 256)",float32,0.0,1.0,0.7514109015464783,0.18562281131744385
002510.npy,"(256, 256)",float32,0.0,1.0,0.7069091796875,0.19834525883197784
002511.npy,"(256, 256)",float32,0.0,1.0,0.7512264251708984,0.18568353354930878
002512.npy,"(256, 256)",float32,0.0,1.0,0.3173812925815582,0.2249869406223297
002513.npy,"(256, 256)",float32,0.0,1.0,0.13088777661323547,0.16589240729808807
002514.npy,"(256, 256)",float32,0.0,1.0,0.14602544903755188,0.1692882925271988
002515.npy,"(256, 256)",float32,0.0,1.0,0.13496044278144836,0.166535422205925
002516.npy,"(256, 256)",float32,0.0,1.0,0.5807197093963623,0.10756943374872208
002517.npy,"(256, 256)",float32,0.0,1.0,0.5084956884384155,0.1514398157596588
002518.npy,"(256, 256)",float32,0.0,1.0,0.5531498789787292,0.1474643349647522
002519.npy,"(256, 256)",float32,0.0,1.0,0.47252121567726135,0.15226751565933228
002520.npy,"(256, 256)",float32,0.0,1.0,0.2270651012659073,0.17080171406269073
002521.npy,"(256, 256)",float32,0.0,1.0,0.4738526940345764,0.23885083198547363
002522.npy,"(256, 256)",float32,0.0,1.0,0.37357521057128906,0.19525879621505737
002523.npy,"(256, 256)",float32,0.0,1.0,0.4926146864891052,0.23268161714076996
002524.npy,"(256, 256)",float32,0.0,1.0,0.4613882303237915,0.20594917237758636
002525.npy,"(256, 256)",float32,0.0,1.0,0.6186778545379639,0.23345869779586792
002526.npy,"(256, 256)",float32,0.0,1.0,0.6195723414421082,0.23276740312576294
002527.npy,"(256, 256)",float32,0.0,1.0,0.6183668375015259,0.2334815114736557
002528.npy,"(256, 256)",float32,0.0,1.0,0.35160505771636963,0.26635438203811646
002529.npy,"(256, 256)",float32,0.0,1.0,0.4769970178604126,0.33932608366012573
002530.npy,"(256, 256)",float32,0.0,1.0,0.36117231845855713,0.32999831438064575
002531.npy,"(256, 256)",float32,0.0,1.0,0.3806264400482178,0.3348505198955536
002532.npy,"(256, 256)",float32,0.0,1.0,0.3689364790916443,0.20591570436954498
002533.npy,"(256, 256)",float32,0.0,1.0,0.47890642285346985,0.14574219286441803
002534.npy,"(256, 256)",float32,0.0,1.0,0.47938430309295654,0.14567193388938904
002535.npy,"(256, 256)",float32,0.0,1.0,0.4805641770362854,0.14632613956928253
002536.npy,"(256, 256)",float32,0.0,1.0,0.580829381942749,0.21724560856819153
002537.npy,"(256, 256)",float32,0.0,1.0,0.500538170337677,0.28922557830810547
002538.npy,"(256, 256)",float32,0.0,1.0,0.365348756313324,0.07389718294143677
002539.npy,"(256, 256)",float32,0.0,1.0,0.5022392272949219,0.28878772258758545
002540.npy,"(256, 256)",float32,0.0,1.0,0.3686758279800415,0.23941318690776825
002541.npy,"(256, 256)",float32,0.0,1.0,0.25912952423095703,0.2546382546424866
002542.npy,"(256, 256)",float32,0.0,1.0,0.2555232644081116,0.25336629152297974
002543.npy,"(256, 256)",float32,0.0,1.0,0.25413423776626587,0.25383618474006653
002544.npy,"(256, 256)",float32,0.0,1.0,0.4266354441642761,0.24602818489074707
002545.npy,"(256, 256)",float32,0.0,1.0,0.6087878346443176,0.11940374225378036
002546.npy,"(256, 256)",float32,0.0,1.0,0.5270545482635498,0.11024899035692215
002547.npy,"(256, 256)",float32,0.0,1.0,0.6294913291931152,0.09608931094408035
002548.npy,"(256, 256)",float32,0.0,1.0,0.4582710564136505,0.26518017053604126
002549.npy,"(256, 256)",float32,0.0,1.0,0.13938942551612854,0.1540869027376175
002550.npy,"(256, 256)",float32,0.0,1.0,0.14959442615509033,0.16944698989391327
002551.npy,"(256, 256)",float32,0.0,1.0,0.15937936305999756,0.17378105223178864
002552.npy,"(256, 256)",float32,0.0,1.0,0.2891139090061188,0.179160937666893
002553.npy,"(256, 256)",float32,0.0,1.0,0.32824739813804626,0.25134164094924927
002554.npy,"(256, 256)",float32,0.0,1.0,0.31658875942230225,0.2336779534816742
002555.npy,"(256, 256)",float32,0.0,1.0,0.3480556011199951,0.2552262842655182
002556.npy,"(256, 256)",float32,0.0,1.0,0.32293421030044556,0.15913420915603638
002557.npy,"(256, 256)",float32,0.0,1.0,0.2859763503074646,0.14028213918209076
002558.npy,"(256, 256)",float32,0.0,1.0,0.2866259515285492,0.13777494430541992
002559.npy,"(256, 256)",float32,0.0,1.0,0.2764057517051697,0.14350932836532593
002560.npy,"(256, 256)",float32,0.0,1.0,0.49227744340896606,0.2849218249320984
002561.npy,"(256, 256)",float32,0.0,1.0,0.401969850063324,0.23090694844722748
002562.npy,"(256, 256)",float32,0.0,1.0,0.3769756257534027,0.23727279901504517
002563.npy,"(256, 256)",float32,0.0,1.0,0.4018082618713379,0.23001408576965332
002564.npy,"(256, 256)",float32,0.0,1.0,0.3952406346797943,0.07648713141679764
002565.npy,"(256, 256)",float32,0.0,1.0,0.5327874422073364,0.08779995888471603
002566.npy,"(256, 256)",float32,0.0,1.0,0.5212576389312744,0.08939395844936371
002567.npy,"(256, 256)",float32,0.0,1.0,0.48135247826576233,0.0734308734536171
002568.npy,"(256, 256)",float32,0.0,1.0,0.39377087354660034,0.1881980150938034
002569.npy,"(256, 256)",float32,0.0,1.0,0.26748210191726685,0.07215029001235962
002570.npy,"(256, 256)",float32,0.0,1.0,0.46859240531921387,0.160731241106987
002571.npy,"(256, 256)",float32,0.0,1.0,0.46284109354019165,0.16147790849208832
002572.npy,"(256, 256)",float32,0.0,1.0,0.49193286895751953,0.3353801965713501
002573.npy,"(256, 256)",float32,0.0,1.0,0.6202710866928101,0.10961946099996567
002574.npy,"(256, 256)",float32,0.0,1.0,0.6251007318496704,0.12088220566511154
002575.npy,"(256, 256)",float32,0.0,1.0,0.6142585873603821,0.11366390436887741
002576.npy,"(256, 256)",float32,0.0,1.0,0.5551567673683167,0.1562570184469223
002577.npy,"(256, 256)",float32,0.0,1.0,0.7279800176620483,0.20410506427288055
002578.npy,"(256, 256)",float32,0.0,1.0,0.6288740634918213,0.21735718846321106
002579.npy,"(256, 256)",float32,0.0,1.0,0.6108468770980835,0.23679989576339722
002580.npy,"(256, 256)",float32,0.0,1.0,0.6233482360839844,0.15515321493148804
002581.npy,"(256, 256)",float32,0.0,1.0,0.42075347900390625,0.12085709720849991
002582.npy,"(256, 256)",float32,0.0,1.0,0.5019733309745789,0.13501666486263275
002583.npy,"(256, 256)",float32,0.0,1.0,0.4558440148830414,0.13328304886817932
002584.npy,"(256, 256)",float32,0.0,1.0,0.25641337037086487,0.22479666769504547
002585.npy,"(256, 256)",float32,0.0,1.0,0.12197543680667877,0.15267036855220795
002586.npy,"(256, 256)",float32,0.0,1.0,0.12116913497447968,0.14761315286159515
002587.npy,"(256, 256)",float32,0.0,1.0,0.1303194761276245,0.1647489070892334
002588.npy,"(256, 256)",float32,0.0,1.0,0.35275715589523315,0.24790897965431213
002589.npy,"(256, 256)",float32,0.0,1.0,0.2534668743610382,0.24493902921676636
002590.npy,"(256, 256)",float32,0.0,1.0,0.21833710372447968,0.23254704475402832
002591.npy,"(256, 256)",float32,0.0,1.0,0.3058410882949829,0.25074225664138794
002592.npy,"(256, 256)",float32,0.0,1.0,0.33349159359931946,0.20646998286247253
002593.npy,"(256, 256)",float32,0.0,1.0,0.6788715124130249,0.17855501174926758
002594.npy,"(256, 256)",float32,0.0,1.0,0.42496949434280396,0.1344372034072876
002595.npy,"(256, 256)",float32,0.0,1.0,0.4096490442752838,0.14557211101055145
002596.npy,"(256, 256)",float32,0.0,1.0,0.08545009046792984,0.14094826579093933
002597.npy,"(256, 256)",float32,0.0,1.0,0.30203819274902344,0.21616575121879578
002598.npy,"(256, 256)",float32,0.0,1.0,0.296253502368927,0.21671006083488464
002599.npy,"(256, 256)",float32,0.0,1.0,0.3013397455215454,0.21927900612354279
002600.npy,"(256, 256)",float32,0.0,1.0,0.47882503271102905,0.24472475051879883
002601.npy,"(256, 256)",float32,0.0,1.0,0.1918136328458786,0.15342745184898376
002602.npy,"(256, 256)",float32,0.0,1.0,0.20612198114395142,0.16191574931144714
002603.npy,"(256, 256)",float32,0.0,1.0,0.1843615472316742,0.15256372094154358
002604.npy,"(256, 256)",float32,0.0,1.0,0.7076129913330078,0.17571499943733215
002605.npy,"(256, 256)",float32,0.0,1.0,0.5573436617851257,0.16740188002586365
002606.npy,"(256, 256)",float32,0.0,1.0,0.6781288385391235,0.12887422740459442
002607.npy,"(256, 256)",float32,0.0,1.0,0.5703508853912354,0.16983471810817719
002608.npy,"(256, 256)",float32,0.0,1.0,0.9085607528686523,0.10558705776929855
002609.npy,"(256, 256)",float32,0.0,1.0,0.17647668719291687,0.12403780221939087
002610.npy,"(256, 256)",float32,0.0,1.0,0.1801261603832245,0.1338558793067932
002611.npy,"(256, 256)",float32,0.0,1.0,0.1937868595123291,0.1368689090013504
002612.npy,"(256, 256)",float32,0.0,1.0,0.6097421050071716,0.27581626176834106
002613.npy,"(256, 256)",float32,0.0,1.0,0.6401500105857849,0.31348341703414917
002614.npy,"(256, 256)",float32,0.0,1.0,0.5656636953353882,0.32961195707321167
002615.npy,"(256, 256)",float32,0.0,1.0,0.5809078812599182,0.32889509201049805
002616.npy,"(256, 256)",float32,0.0,1.0,0.6085178852081299,0.16594643890857697
002617.npy,"(256, 256)",float32,0.0,1.0,0.2676481306552887,0.28511756658554077
002618.npy,"(256, 256)",float32,0.0,1.0,0.25880125164985657,0.29865866899490356
002619.npy,"(256, 256)",float32,0.0,1.0,0.26171356439590454,0.2837951183319092
002620.npy,"(256, 256)",float32,0.0,1.0,0.5219595432281494,0.1545572280883789
002621.npy,"(256, 256)",float32,0.0,1.0,0.38474202156066895,0.1655590534210205
002622.npy,"(256, 256)",float32,0.0,1.0,0.4043266177177429,0.1577073335647583
002623.npy,"(256, 256)",float32,0.0,1.0,0.4293844699859619,0.13904133439064026
002624.npy,"(256, 256)",float32,0.0,1.0,0.5062470436096191,0.1517295092344284
002625.npy,"(256, 256)",float32,0.0,1.0,0.6198717355728149,0.13469603657722473
002626.npy,"(256, 256)",float32,0.0,1.0,0.6112818717956543,0.12071753293275833
002627.npy,"(256, 256)",float32,0.0,1.0,0.6195871829986572,0.13441310822963715
002628.npy,"(256, 256)",float32,0.0,1.0,0.296317994594574,0.25568896532058716
002629.npy,"(256, 256)",float32,0.0,1.0,0.18398571014404297,0.2237578183412552
002630.npy,"(256, 256)",float32,0.0,1.0,0.1577930748462677,0.20294354856014252
002631.npy,"(256, 256)",float32,0.0,1.0,0.15771879255771637,0.2028450071811676
002632.npy,"(256, 256)",float32,0.0,1.0,0.5071237683296204,0.3318743407726288
002633.npy,"(256, 256)",float32,0.0,1.0,0.29122060537338257,0.13465143740177155
002634.npy,"(256, 256)",float32,0.0,1.0,0.29283058643341064,0.12730763852596283
002635.npy,"(256, 256)",float32,0.0,1.0,0.3492688238620758,0.1210724487900734
002636.npy,"(256, 256)",float32,0.0,1.0,0.15275196731090546,0.1650238037109375
002637.npy,"(256, 256)",float32,0.0,1.0,0.5008178949356079,0.2889811098575592
002638.npy,"(256, 256)",float32,0.0,1.0,0.499545156955719,0.2885701060295105
002639.npy,"(256, 256)",float32,0.0,1.0,0.501564621925354,0.28849804401397705
002640.npy,"(256, 256)",float32,0.0,1.0,0.5840498208999634,0.21912093460559845
002641.npy,"(256, 256)",float32,0.0,1.0,0.5406365394592285,0.18457558751106262
002642.npy,"(256, 256)",float32,0.0,1.0,0.5566369295120239,0.1825818568468094
002643.npy,"(256, 256)",float32,0.0,1.0,0.5412609577178955,0.18399116396903992
002644.npy,"(256, 256)",float32,0.0,1.0,0.39834505319595337,0.14852657914161682
002645.npy,"(256, 256)",float32,0.0,1.0,0.7167133688926697,0.12683242559432983
002646.npy,"(256, 256)",float32,0.0,1.0,0.7152265906333923,0.1254698932170868
002647.npy,"(256, 256)",float32,0.0,1.0,0.7300819754600525,0.12862275540828705
002648.npy,"(256, 256)",float32,0.0,1.0,0.44401663541793823,0.2007106989622116
002649.npy,"(256, 256)",float32,0.0,1.0,0.4993266761302948,0.1906520575284958
002650.npy,"(256, 256)",float32,0.0,1.0,0.5047298669815063,0.18784065544605255
002651.npy,"(256, 256)",float32,0.0,1.0,0.5175818800926208,0.18415290117263794
002652.npy,"(256, 256)",float32,0.0,1.0,0.5205240845680237,0.09156381338834763
002653.npy,"(256, 256)",float32,0.0,1.0,0.3544352352619171,0.2136516571044922
002654.npy,"(256, 256)",float32,0.0,1.0,0.3950151205062866,0.2118278592824936
002655.npy,"(256, 256)",float32,0.0,1.0,0.3544875383377075,0.21395479142665863
002656.npy,"(256, 256)",float32,0.0,1.0,0.6601345539093018,0.18604472279548645
002657.npy,"(256, 256)",float32,0.0,1.0,0.22621211409568787,0.10108447074890137
002658.npy,"(256, 256)",float32,0.0,1.0,0.2504350244998932,0.09822657704353333
002659.npy,"(256, 256)",float32,0.0,1.0,0.22773012518882751,0.10150554031133652
002660.npy,"(256, 256)",float32,0.0,1.0,0.53162682056427,0.20798291265964508
002661.npy,"(256, 256)",float32,0.0,1.0,0.3972400426864624,0.13655045628547668
002662.npy,"(256, 256)",float32,0.0,1.0,0.3917798697948456,0.13160540163516998
002663.npy,"(256, 256)",float32,0.0,1.0,0.39833179116249084,0.13649612665176392
002664.npy,"(256, 256)",float32,0.0,1.0,0.4192362427711487,0.30429866909980774
002665.npy,"(256, 256)",float32,0.0,1.0,0.3948124349117279,0.15504249930381775
002666.npy,"(256, 256)",float32,0.0,1.0,0.4016880989074707,0.13612394034862518
002667.npy,"(256, 256)",float32,0.0,1.0,0.38665515184402466,0.15231376886367798
002668.npy,"(256, 256)",float32,0.0,1.0,0.5347590446472168,0.22830960154533386
002669.npy,"(256, 256)",float32,0.0,1.0,0.6759440302848816,0.26089465618133545
002670.npy,"(256, 256)",float32,0.0,1.0,0.686294674873352,0.2760688364505768
002671.npy,"(256, 256)",float32,0.0,1.0,0.675438642501831,0.2602423131465912
002672.npy,"(256, 256)",float32,0.0,1.0,0.43423324823379517,0.23852699995040894
002673.npy,"(256, 256)",float32,0.0,1.0,0.5489069819450378,0.1473352015018463
002674.npy,"(256, 256)",float32,0.0,1.0,0.5276390910148621,0.16295981407165527
002675.npy,"(256, 256)",float32,0.0,1.0,0.4635120928287506,0.19000159204006195
002676.npy,"(256, 256)",float32,0.0,1.0,0.7349366545677185,0.07967951148748398
002677.npy,"(256, 256)",float32,0.0,1.0,0.6468054056167603,0.09223577380180359
002678.npy,"(256, 256)",float32,0.0,1.0,0.6201815605163574,0.09395359456539154
002679.npy,"(256, 256)",float32,0.0,1.0,0.6252073049545288,0.0899512767791748
002680.npy,"(256, 256)",float32,0.0,1.0,0.2243283987045288,0.20667168498039246
002681.npy,"(256, 256)",float32,0.0,1.0,0.27457287907600403,0.2958695590496063
002682.npy,"(256, 256)",float32,0.0,1.0,0.22871048748493195,0.27385568618774414
002683.npy,"(256, 256)",float32,0.0,1.0,0.2731233239173889,0.2966284453868866
002684.npy,"(256, 256)",float32,0.0,1.0,0.3766915202140808,0.18165335059165955
002685.npy,"(256, 256)",float32,0.0,1.0,0.919360876083374,0.0715017095208168
002686.npy,"(256, 256)",float32,0.0,1.0,0.8926407098770142,0.08769842982292175
002687.npy,"(256, 256)",float32,0.0,1.0,0.9572518467903137,0.06313568353652954
002688.npy,"(256, 256)",float32,0.0,1.0,0.7565065026283264,0.29183733463287354
002689.npy,"(256, 256)",float32,0.0,1.0,0.45516955852508545,0.30428293347358704
002690.npy,"(256, 256)",float32,0.0,1.0,0.496763676404953,0.29184380173683167
002691.npy,"(256, 256)",float32,0.0,1.0,0.5533790588378906,0.2851116359233856
002692.npy,"(256, 256)",float32,0.0,1.0,0.7452855110168457,0.18533845245838165
002693.npy,"(256, 256)",float32,0.0,1.0,0.947569727897644,0.05490124225616455
002694.npy,"(256, 256)",float32,0.0,1.0,0.4768465757369995,0.14747878909111023
002695.npy,"(256, 256)",float32,0.0,1.0,0.48847174644470215,0.14372964203357697
002696.npy,"(256, 256)",float32,0.0,1.0,0.5658785104751587,0.2277841866016388
002697.npy,"(256, 256)",float32,0.0,1.0,0.4494269788265228,0.13574953377246857
002698.npy,"(256, 256)",float32,0.0,1.0,0.49907010793685913,0.14934207499027252
002699.npy,"(256, 256)",float32,0.0,1.0,0.4036403000354767,0.15148155391216278
002700.npy,"(256, 256)",float32,0.0,1.0,0.32400304079055786,0.09621414542198181
002701.npy,"(256, 256)",float32,0.0,1.0,0.2834080159664154,0.09544464945793152
002702.npy,"(256, 256)",float32,0.0,1.0,0.2628655433654785,0.08445476740598679
002703.npy,"(256, 256)",float32,0.0,1.0,0.26503193378448486,0.08389865607023239
002704.npy,"(256, 256)",float32,0.0,1.0,0.40310245752334595,0.27462533116340637
002705.npy,"(256, 256)",float32,0.0,1.0,0.1787988841533661,0.1752074658870697
002706.npy,"(256, 256)",float32,0.0,1.0,0.20443758368492126,0.19503338634967804
002707.npy,"(256, 256)",float32,0.0,1.0,0.1786062866449356,0.17527902126312256
002708.npy,"(256, 256)",float32,0.0,1.0,0.7691404819488525,0.11647006124258041
002709.npy,"(256, 256)",float32,0.0,1.0,0.6650316119194031,0.13952335715293884
002710.npy,"(256, 256)",float32,0.0,1.0,0.6966041326522827,0.13519182801246643
002711.npy,"(256, 256)",float32,0.0,1.0,0.6656751036643982,0.13891559839248657
002712.npy,"(256, 256)",float32,0.0,1.0,0.29129213094711304,0.15221063792705536
002713.npy,"(256, 256)",float32,0.0,1.0,0.4941173791885376,0.1196640208363533
002714.npy,"(256, 256)",float32,0.0,1.0,0.46469366550445557,0.11779547482728958
002715.npy,"(256, 256)",float32,0.0,1.0,0.45709455013275146,0.13143301010131836
002716.npy,"(256, 256)",float32,0.0,1.0,0.38007473945617676,0.24552901089191437
002717.npy,"(256, 256)",float32,0.0,1.0,0.1587725728750229,0.1252187043428421
002718.npy,"(256, 256)",float32,0.0,1.0,0.17338907718658447,0.12687931954860687
002719.npy,"(256, 256)",float32,0.0,1.0,0.1611824631690979,0.125202476978302
002720.npy,"(256, 256)",float32,0.0,1.0,0.30723637342453003,0.21257640421390533
002721.npy,"(256, 256)",float32,0.0,1.0,0.3873709738254547,0.23414985835552216
002722.npy,"(256, 256)",float32,0.0,1.0,0.39571869373321533,0.23715567588806152
002723.npy,"(256, 256)",float32,0.0,1.0,0.38610339164733887,0.2204728126525879
002724.npy,"(256, 256)",float32,0.0,1.0,0.449566513299942,0.16505442559719086
002725.npy,"(256, 256)",float32,0.0,1.0,0.2164045125246048,0.1226663738489151
002726.npy,"(256, 256)",float32,0.0,1.0,0.1936637908220291,0.11191985756158829
002727.npy,"(256, 256)",float32,0.0,1.0,0.1917567104101181,0.11315882205963135
002728.npy,"(256, 256)",float32,0.0,1.0,0.5273798704147339,0.18908949196338654
002729.npy,"(256, 256)",float32,0.0,1.0,0.8605002164840698,0.1131000742316246
002730.npy,"(256, 256)",float32,0.0,1.0,0.8540870547294617,0.12754660844802856
002731.npy,"(256, 256)",float32,0.0,1.0,0.7889859676361084,0.13756485283374786
002732.npy,"(256, 256)",float32,0.0,1.0,0.36108654737472534,0.22308839857578278
002733.npy,"(256, 256)",float32,0.0,1.0,0.6419568061828613,0.2247566431760788
002734.npy,"(256, 256)",float32,0.0,1.0,0.7360095977783203,0.22835807502269745
002735.npy,"(256, 256)",float32,0.0,1.0,0.6447947025299072,0.22306816279888153
002736.npy,"(256, 256)",float32,0.0,1.0,0.3357487916946411,0.2217361330986023
002737.npy,"(256, 256)",float32,0.0,1.0,0.4249202013015747,0.19869272410869598
002738.npy,"(256, 256)",float32,0.0,1.0,0.4585224986076355,0.22159205377101898
002739.npy,"(256, 256)",float32,0.0,1.0,0.4464454650878906,0.2266463339328766
002740.npy,"(256, 256)",float32,0.0,1.0,0.5646308064460754,0.2313120812177658
002741.npy,"(256, 256)",float32,0.0,1.0,0.5448650121688843,0.18106219172477722
002742.npy,"(256, 256)",float32,0.0,1.0,0.5174300670623779,0.1828444004058838
002743.npy,"(256, 256)",float32,0.0,1.0,0.5478309392929077,0.18071387708187103
002744.npy,"(256, 256)",float32,0.0,1.0,0.6809127330780029,0.21623466908931732
002745.npy,"(256, 256)",float32,0.0,1.0,0.30309173464775085,0.14802727103233337
002746.npy,"(256, 256)",float32,0.0,1.0,0.30317550897598267,0.1203203797340393
002747.npy,"(256, 256)",float32,0.0,1.0,0.28676971793174744,0.133346289396286
002748.npy,"(256, 256)",float32,0.0,1.0,0.2617281973361969,0.19760537147521973
002749.npy,"(256, 256)",float32,0.0,1.0,0.13859611749649048,0.07745501399040222
002750.npy,"(256, 256)",float32,0.0,1.0,0.14140941202640533,0.07723580300807953
002751.npy,"(256, 256)",float32,0.0,1.0,0.13853120803833008,0.07730089873075485
002752.npy,"(256, 256)",float32,0.0,1.0,0.25607994198799133,0.2041626125574112
002753.npy,"(256, 256)",float32,0.0,1.0,0.2262735664844513,0.09513237327337265
002754.npy,"(256, 256)",float32,0.0,1.0,0.2562030553817749,0.18441155552864075
002755.npy,"(256, 256)",float32,0.0,1.0,0.2579784691333771,0.18747274577617645
002756.npy,"(256, 256)",float32,0.0,1.0,0.3681110143661499,0.04133734852075577
002757.npy,"(256, 256)",float32,0.0,1.0,0.5230340957641602,0.11367712169885635
002758.npy,"(256, 256)",float32,0.0,1.0,0.5553839802742004,0.09881224483251572
002759.npy,"(256, 256)",float32,0.0,1.0,0.4781595468521118,0.10924338549375534
002760.npy,"(256, 256)",float32,0.0,1.0,0.7728717923164368,0.21091769635677338
002761.npy,"(256, 256)",float32,0.0,1.0,0.8665347099304199,0.15047359466552734
002762.npy,"(256, 256)",float32,0.0,1.0,0.8761380314826965,0.1016874834895134
002763.npy,"(256, 256)",float32,0.0,1.0,0.7490854263305664,0.25269654393196106
002764.npy,"(256, 256)",float32,0.0,1.0,0.35058316588401794,0.16284337639808655
002765.npy,"(256, 256)",float32,0.0,1.0,0.39067643880844116,0.17081762850284576
002766.npy,"(256, 256)",float32,0.0,1.0,0.3863157033920288,0.16798143088817596
002767.npy,"(256, 256)",float32,0.0,1.0,0.40071532130241394,0.1763191968202591
002768.npy,"(256, 256)",float32,0.0,1.0,0.3343311846256256,0.18062478303909302
002769.npy,"(256, 256)",float32,0.0,1.0,0.5319887399673462,0.08969303220510483
002770.npy,"(256, 256)",float32,0.0,1.0,0.4401150941848755,0.08302038162946701
002771.npy,"(256, 256)",float32,0.0,1.0,0.526176929473877,0.0868750587105751
002772.npy,"(256, 256)",float32,0.0,1.0,0.25373947620391846,0.0748053789138794
002773.npy,"(256, 256)",float32,0.0,1.0,0.4449562430381775,0.19383586943149567
002774.npy,"(256, 256)",float32,0.0,1.0,0.4411134719848633,0.20299656689167023
002775.npy,"(256, 256)",float32,0.0,1.0,0.4190158545970917,0.20657794177532196
002776.npy,"(256, 256)",float32,0.0,1.0,0.3279847204685211,0.2518536448478699
002777.npy,"(256, 256)",float32,0.0,1.0,0.20637401938438416,0.17118436098098755
002778.npy,"(256, 256)",float32,0.0,1.0,0.22303266823291779,0.1820976734161377
002779.npy,"(256, 256)",float32,0.0,1.0,0.2405247539281845,0.18485090136528015
002780.npy,"(256, 256)",float32,0.0,1.0,0.5221918821334839,0.2742213010787964
002781.npy,"(256, 256)",float32,0.0,1.0,0.32820403575897217,0.1744312345981598
002782.npy,"(256, 256)",float32,0.0,1.0,0.32845538854599,0.1742429882287979
002783.npy,"(256, 256)",float32,0.0,1.0,0.33344337344169617,0.17725028097629547
002784.npy,"(256, 256)",float32,0.0,1.0,0.332733154296875,0.2244604229927063
002785.npy,"(256, 256)",float32,0.0,1.0,0.3742726445198059,0.11521469056606293
002786.npy,"(256, 256)",float32,0.0,1.0,0.3766571283340454,0.11904098838567734
002787.npy,"(256, 256)",float32,0.0,1.0,0.3582102060317993,0.11953507363796234
002788.npy,"(256, 256)",float32,0.0,1.0,0.6920119524002075,0.16999611258506775
002789.npy,"(256, 256)",float32,0.0,1.0,0.500730574131012,0.11758603900671005
002790.npy,"(256, 256)",float32,0.0,1.0,0.4910811483860016,0.11806036531925201
002791.npy,"(256, 256)",float32,0.0,1.0,0.5484141111373901,0.12412203103303909
002792.npy,"(256, 256)",float32,0.0,1.0,0.7841942310333252,0.12131526321172714
002793.npy,"(256, 256)",float32,0.0,1.0,0.2919325530529022,0.1830732524394989
002794.npy,"(256, 256)",float32,0.0,1.0,0.26937389373779297,0.19030287861824036
002795.npy,"(256, 256)",float32,0.0,1.0,0.3002680838108063,0.1751164197921753
002796.npy,"(256, 256)",float32,0.0,1.0,0.7506827116012573,0.20847174525260925
002797.npy,"(256, 256)",float32,0.0,1.0,0.5391576290130615,0.22542649507522583
002798.npy,"(256, 256)",float32,0.0,1.0,0.5395349264144897,0.2274702787399292
002799.npy,"(256, 256)",float32,0.0,1.0,0.5705636739730835,0.19314083456993103
002800.npy,"(256, 256)",float32,0.0,1.0,0.744662880897522,0.1849854588508606
002801.npy,"(256, 256)",float32,0.0,1.0,0.6816430687904358,0.2277461737394333
002802.npy,"(256, 256)",float32,0.0,1.0,0.6799448132514954,0.2279762178659439
002803.npy,"(256, 256)",float32,0.0,1.0,0.6650639772415161,0.22969341278076172
002804.npy,"(256, 256)",float32,0.0,1.0,0.3400314450263977,0.1795937567949295
002805.npy,"(256, 256)",float32,0.0,1.0,0.38865190744400024,0.14410029351711273
002806.npy,"(256, 256)",float32,0.0,1.0,0.4757498502731323,0.14493396878242493
002807.npy,"(256, 256)",float32,0.0,1.0,0.4115932583808899,0.14525969326496124
002808.npy,"(256, 256)",float32,0.0,1.0,0.37785735726356506,0.22563070058822632
002809.npy,"(256, 256)",float32,0.0,1.0,0.1475372314453125,0.07121098041534424
002810.npy,"(256, 256)",float32,0.0,1.0,0.13878437876701355,0.07677345722913742
002811.npy,"(256, 256)",float32,0.0,1.0,0.14164723455905914,0.07650764286518097
002812.npy,"(256, 256)",float32,0.0,1.0,0.4725556969642639,0.24118641018867493
002813.npy,"(256, 256)",float32,0.0,1.0,0.46859633922576904,0.2934941053390503
002814.npy,"(256, 256)",float32,0.0,1.0,0.4801231026649475,0.2898101508617401
002815.npy,"(256, 256)",float32,0.0,1.0,0.41674375534057617,0.2849352955818176
002816.npy,"(256, 256)",float32,0.0,1.0,0.2745111882686615,0.1557970941066742
002817.npy,"(256, 256)",float32,0.0,1.0,0.23236630856990814,0.11596361547708511
002818.npy,"(256, 256)",float32,0.0,1.0,0.3853685259819031,0.15262064337730408
002819.npy,"(256, 256)",float32,0.0,1.0,0.23494994640350342,0.11958804726600647
002820.npy,"(256, 256)",float32,0.0,1.0,0.46118223667144775,0.19575010240077972
002821.npy,"(256, 256)",float32,0.0,1.0,0.269206702709198,0.13818415999412537
002822.npy,"(256, 256)",float32,0.0,1.0,0.2677423357963562,0.1385410875082016
002823.npy,"(256, 256)",float32,0.0,1.0,0.2890944480895996,0.14675748348236084
002824.npy,"(256, 256)",float32,0.0,1.0,0.45798301696777344,0.25729313492774963
002825.npy,"(256, 256)",float32,0.0,1.0,0.6176015138626099,0.13308490812778473
002826.npy,"(256, 256)",float32,0.0,1.0,0.6288324594497681,0.13147448003292084
002827.npy,"(256, 256)",float32,0.0,1.0,0.5632261037826538,0.14609713852405548
002828.npy,"(256, 256)",float32,0.0,1.0,0.37250256538391113,0.18014152348041534
002829.npy,"(256, 256)",float32,0.0,1.0,0.4336209297180176,0.22283940017223358
002830.npy,"(256, 256)",float32,0.0,1.0,0.4623158574104309,0.23783020675182343
002831.npy,"(256, 256)",float32,0.0,1.0,0.4422731101512909,0.22354423999786377
002832.npy,"(256, 256)",float32,0.0,1.0,0.3738194704055786,0.18189390003681183
002833.npy,"(256, 256)",float32,0.0,1.0,0.2564536929130554,0.1959165781736374
002834.npy,"(256, 256)",float32,0.0,1.0,0.2597997188568115,0.1899205893278122
002835.npy,"(256, 256)",float32,0.0,1.0,0.25699180364608765,0.19631779193878174
002836.npy,"(256, 256)",float32,0.0,1.0,0.26002323627471924,0.22128577530384064
002837.npy,"(256, 256)",float32,0.0,1.0,0.6030580997467041,0.2174685001373291
002838.npy,"(256, 256)",float32,0.0,1.0,0.6026730537414551,0.21783682703971863
002839.npy,"(256, 256)",float32,0.0,1.0,0.6142898797988892,0.22801461815834045
002840.npy,"(256, 256)",float32,0.0,1.0,0.41891223192214966,0.24845169484615326
002841.npy,"(256, 256)",float32,0.0,1.0,0.8207483291625977,0.1763596385717392
002842.npy,"(256, 256)",float32,0.0,1.0,0.8354483842849731,0.1573576182126999
002843.npy,"(256, 256)",float32,0.0,1.0,0.7759731411933899,0.2171393781900406
002844.npy,"(256, 256)",float32,0.0,1.0,0.5988559722900391,0.17080210149288177
002845.npy,"(256, 256)",float32,0.0,1.0,0.16671836376190186,0.20710697770118713
002846.npy,"(256, 256)",float32,0.0,1.0,0.1503041386604309,0.1814558058977127
002847.npy,"(256, 256)",float32,0.0,1.0,0.13158053159713745,0.1701214462518692
002848.npy,"(256, 256)",float32,0.0,1.0,0.46449390053749084,0.20871701836585999
002849.npy,"(256, 256)",float32,0.0,1.0,0.5184088945388794,0.25582483410835266
002850.npy,"(256, 256)",float32,0.0,1.0,0.4998546838760376,0.2667141556739807
002851.npy,"(256, 256)",float32,0.0,1.0,0.6900135278701782,0.20194615423679352
002852.npy,"(256, 256)",float32,0.0,1.0,0.3117413818836212,0.16533873975276947
002853.npy,"(256, 256)",float32,0.0,1.0,0.20727767050266266,0.20433686673641205
002854.npy,"(256, 256)",float32,0.0,1.0,0.21864618360996246,0.2042756825685501
002855.npy,"(256, 256)",float32,0.0,1.0,0.2164522111415863,0.20202261209487915
002856.npy,"(256, 256)",float32,0.0,1.0,0.3386433720588684,0.16929811239242554
002857.npy,"(256, 256)",float32,0.0,1.0,0.43491554260253906,0.2442767173051834
002858.npy,"(256, 256)",float32,0.0,1.0,0.45301175117492676,0.24360477924346924
002859.npy,"(256, 256)",float32,0.0,1.0,0.4311574399471283,0.23784394562244415
002860.npy,"(256, 256)",float32,0.0,1.0,0.44847655296325684,0.17716084420681
002861.npy,"(256, 256)",float32,0.0,1.0,0.3488388657569885,0.1295003592967987
002862.npy,"(256, 256)",float32,0.0,1.0,0.34976792335510254,0.12402738630771637
002863.npy,"(256, 256)",float32,0.0,1.0,0.4154609739780426,0.147020623087883
002864.npy,"(256, 256)",float32,0.0,1.0,0.24302585422992706,0.17168737947940826
002865.npy,"(256, 256)",float32,0.0,1.0,0.1971227377653122,0.1098659411072731
002866.npy,"(256, 256)",float32,0.0,1.0,0.19917315244674683,0.10945233702659607
002867.npy,"(256, 256)",float32,0.0,1.0,0.18953698873519897,0.10684730857610703
002868.npy,"(256, 256)",float32,0.0,1.0,0.47884994745254517,0.26631754636764526
002869.npy,"(256, 256)",float32,0.0,1.0,0.46553412079811096,0.2720550000667572
002870.npy,"(256, 256)",float32,0.0,1.0,0.43149125576019287,0.2777838706970215
002871.npy,"(256, 256)",float32,0.0,1.0,0.4315211772918701,0.2793821692466736
002872.npy,"(256, 256)",float32,0.0,1.0,0.3552420139312744,0.2681012749671936
002873.npy,"(256, 256)",float32,0.0,1.0,0.8447451591491699,0.10645947605371475
002874.npy,"(256, 256)",float32,0.0,1.0,0.8618732690811157,0.11406069248914719
002875.npy,"(256, 256)",float32,0.0,1.0,0.834655225276947,0.13208052515983582
002876.npy,"(256, 256)",float32,0.0,1.0,0.3991814851760864,0.16004064679145813
002877.npy,"(256, 256)",float32,0.0,1.0,0.29850783944129944,0.26201292872428894
002878.npy,"(256, 256)",float32,0.0,1.0,0.2539546489715576,0.2134622186422348
002879.npy,"(256, 256)",float32,0.0,1.0,0.2534598708152771,0.21358078718185425
002880.npy,"(256, 256)",float32,0.0,1.0,0.4317699074745178,0.17972344160079956
002881.npy,"(256, 256)",float32,0.0,1.0,0.4094107449054718,0.21066392958164215
002882.npy,"(256, 256)",float32,0.0,1.0,0.4021877348423004,0.21210652589797974
002883.npy,"(256, 256)",float32,0.0,1.0,0.4238247871398926,0.2039225548505783
002884.npy,"(256, 256)",float32,0.0,1.0,0.5985903739929199,0.17904213070869446
002885.npy,"(256, 256)",float32,0.0,1.0,0.43863365054130554,0.15451635420322418
002886.npy,"(256, 256)",float32,0.0,1.0,0.3458366394042969,0.12786443531513214
002887.npy,"(256, 256)",float32,0.0,1.0,0.32386642694473267,0.12893709540367126
002888.npy,"(256, 256)",float32,0.0,1.0,0.6054674386978149,0.17272154986858368
002889.npy,"(256, 256)",float32,0.0,1.0,0.47187110781669617,0.10853825509548187
002890.npy,"(256, 256)",float32,0.0,1.0,0.4688716530799866,0.10898499935865402
002891.npy,"(256, 256)",float32,0.0,1.0,0.47010713815689087,0.1088264212012291
002892.npy,"(256, 256)",float32,0.0,1.0,0.6804008483886719,0.2232443243265152
002893.npy,"(256, 256)",float32,0.0,1.0,0.40412262082099915,0.21246814727783203
002894.npy,"(256, 256)",float32,0.0,1.0,0.4505198001861572,0.2011842280626297
002895.npy,"(256, 256)",float32,0.0,1.0,0.42961713671684265,0.2135223150253296
002896.npy,"(256, 256)",float32,0.0,1.0,0.450972318649292,0.1669730693101883
002897.npy,"(256, 256)",float32,0.0,1.0,0.42856496572494507,0.13177427649497986
002898.npy,"(256, 256)",float32,0.0,1.0,0.4306403696537018,0.1312161684036255
002899.npy,"(256, 256)",float32,0.0,1.0,0.4234010577201843,0.12931731343269348
002900.npy,"(256, 256)",float32,0.0,1.0,0.31290698051452637,0.1872090846300125
002901.npy,"(256, 256)",float32,0.0,1.0,0.7544161677360535,0.31488844752311707
002902.npy,"(256, 256)",float32,0.0,1.0,0.7712199687957764,0.308547705411911
002903.npy,"(256, 256)",float32,0.0,1.0,0.7431780099868774,0.3180362284183502
002904.npy,"(256, 256)",float32,0.0,1.0,0.34327203035354614,0.18264344334602356
002905.npy,"(256, 256)",float32,0.0,1.0,0.27239465713500977,0.14914433658123016
002906.npy,"(256, 256)",float32,0.0,1.0,0.2727617025375366,0.1491008847951889
002907.npy,"(256, 256)",float32,0.0,1.0,0.27430295944213867,0.14557941257953644
002908.npy,"(256, 256)",float32,0.0,1.0,0.5302585363388062,0.2300380915403366
002909.npy,"(256, 256)",float32,0.0,1.0,0.2261958122253418,0.08087317645549774
002910.npy,"(256, 256)",float32,0.0,1.0,0.22488458454608917,0.09069669991731644
002911.npy,"(256, 256)",float32,0.0,1.0,0.2242269515991211,0.08108196407556534
002912.npy,"(256, 256)",float32,0.0,1.0,0.6888427138328552,0.2585531175136566
002913.npy,"(256, 256)",float32,0.0,1.0,0.16336913406848907,0.10111389309167862
002914.npy,"(256, 256)",float32,0.0,1.0,0.11429674178361893,0.08048655837774277
002915.npy,"(256, 256)",float32,0.0,1.0,0.11780360341072083,0.10834459215402603
002916.npy,"(256, 256)",float32,0.0,1.0,0.5451046228408813,0.15187720954418182
002917.npy,"(256, 256)",float32,0.0,1.0,0.5879231095314026,0.3041040301322937
002918.npy,"(256, 256)",float32,0.0,1.0,0.5510401129722595,0.31787818670272827
002919.npy,"(256, 256)",float32,0.0,1.0,0.643201470375061,0.2796817123889923
002920.npy,"(256, 256)",float32,0.0,1.0,0.37796688079833984,0.20503610372543335
002921.npy,"(256, 256)",float32,0.0,1.0,0.4984123110771179,0.16157668828964233
002922.npy,"(256, 256)",float32,0.0,1.0,0.4697681963443756,0.1532519906759262
002923.npy,"(256, 256)",float32,0.0,1.0,0.4660351276397705,0.15547572076320648
002924.npy,"(256, 256)",float32,0.0,1.0,0.28181928396224976,0.16691701114177704
002925.npy,"(256, 256)",float32,0.0,1.0,0.45284825563430786,0.15459947288036346
002926.npy,"(256, 256)",float32,0.0,1.0,0.5205384492874146,0.17261801660060883
002927.npy,"(256, 256)",float32,0.0,1.0,0.5096970200538635,0.16934384405612946
002928.npy,"(256, 256)",float32,0.0,1.0,0.5200572609901428,0.24025386571884155
002929.npy,"(256, 256)",float32,0.0,1.0,0.5376580357551575,0.13528525829315186
002930.npy,"(256, 256)",float32,0.0,1.0,0.5105080008506775,0.13399197161197662
002931.npy,"(256, 256)",float32,0.0,1.0,0.5373386144638062,0.13557609915733337
002932.npy,"(256, 256)",float32,0.0,1.0,0.3494062125682831,0.16960841417312622
002933.npy,"(256, 256)",float32,0.0,1.0,0.15122383832931519,0.18455608189105988
002934.npy,"(256, 256)",float32,0.0,1.0,0.14346906542778015,0.17725534737110138
002935.npy,"(256, 256)",float32,0.0,1.0,0.14433923363685608,0.17761720716953278
002936.npy,"(256, 256)",float32,0.0,1.0,0.257011353969574,0.17807741463184357
002937.npy,"(256, 256)",float32,0.0,1.0,0.5551621913909912,0.1735607385635376
002938.npy,"(256, 256)",float32,0.0,1.0,0.5467822551727295,0.18274694681167603
002939.npy,"(256, 256)",float32,0.0,1.0,0.5579299926757812,0.1714158058166504
002940.npy,"(256, 256)",float32,0.0,1.0,0.5132324695587158,0.3225899040699005
002941.npy,"(256, 256)",float32,0.0,1.0,0.4655872583389282,0.26650524139404297
002942.npy,"(256, 256)",float32,0.0,1.0,0.5015074014663696,0.2857251763343811
002943.npy,"(256, 256)",float32,0.0,1.0,0.4655954837799072,0.26339051127433777
002944.npy,"(256, 256)",float32,0.0,1.0,0.3874801993370056,0.2155916392803192
002945.npy,"(256, 256)",float32,0.0,1.0,0.43124911189079285,0.14049921929836273
002946.npy,"(256, 256)",float32,0.0,1.0,0.43877464532852173,0.1473715752363205
002947.npy,"(256, 256)",float32,0.0,1.0,0.4052202105522156,0.13554508984088898
002948.npy,"(256, 256)",float32,0.0,1.0,0.610862135887146,0.2690058946609497
002949.npy,"(256, 256)",float32,0.0,1.0,0.581626296043396,0.21177884936332703
002950.npy,"(256, 256)",float32,0.0,1.0,0.588972806930542,0.1618751585483551
002951.npy,"(256, 256)",float32,0.0,1.0,0.5801265239715576,0.16373558342456818
002952.npy,"(256, 256)",float32,0.0,1.0,0.3760131597518921,0.257266104221344
002953.npy,"(256, 256)",float32,0.0,1.0,0.42688244581222534,0.2689322829246521
002954.npy,"(256, 256)",float32,0.0,1.0,0.43166157603263855,0.283521443605423
002955.npy,"(256, 256)",float32,0.0,1.0,0.4207746386528015,0.295095294713974
002956.npy,"(256, 256)",float32,0.0,1.0,0.5083202123641968,0.34172046184539795
002957.npy,"(256, 256)",float32,0.0,1.0,0.36987340450286865,0.16577892005443573
002958.npy,"(256, 256)",float32,0.0,1.0,0.36259162425994873,0.1636132448911667
002959.npy,"(256, 256)",float32,0.0,1.0,0.3958514332771301,0.170119509100914
002960.npy,"(256, 256)",float32,0.0,1.0,0.32186159491539,0.1918567270040512
002961.npy,"(256, 256)",float32,0.0,1.0,0.1916975975036621,0.13156577944755554
002962.npy,"(256, 256)",float32,0.0,1.0,0.1901203989982605,0.1282687485218048
002963.npy,"(256, 256)",float32,0.0,1.0,0.20320835709571838,0.15431837737560272
002964.npy,"(256, 256)",float32,0.0,1.0,0.18448594212532043,0.16116076707839966
002965.npy,"(256, 256)",float32,0.0,1.0,0.26017874479293823,0.18482062220573425
002966.npy,"(256, 256)",float32,0.0,1.0,0.3106585741043091,0.19786204397678375
002967.npy,"(256, 256)",float32,0.0,1.0,0.30406486988067627,0.19796133041381836
002968.npy,"(256, 256)",float32,0.0,1.0,0.7683399319648743,0.13810572028160095
002969.npy,"(256, 256)",float32,0.0,1.0,0.7533419132232666,0.1714710146188736
002970.npy,"(256, 256)",float32,0.0,1.0,0.7639343738555908,0.1617366373538971
002971.npy,"(256, 256)",float32,0.0,1.0,0.7726578116416931,0.16303397715091705
002972.npy,"(256, 256)",float32,0.0,1.0,0.12826035916805267,0.24005913734436035
002973.npy,"(256, 256)",float32,0.0,1.0,0.4996514916419983,0.2887621521949768
002974.npy,"(256, 256)",float32,0.0,1.0,0.49984705448150635,0.2886887490749359
002975.npy,"(256, 256)",float32,0.0,1.0,0.5003965497016907,0.28919661045074463
002976.npy,"(256, 256)",float32,0.0,1.0,0.5049991607666016,0.25438249111175537
002977.npy,"(256, 256)",float32,0.0,1.0,0.1033732071518898,0.08606331050395966
002978.npy,"(256, 256)",float32,0.0,1.0,0.11777478456497192,0.10958978533744812
002979.npy,"(256, 256)",float32,0.0,1.0,0.11913874745368958,0.09997432678937912
002980.npy,"(256, 256)",float32,0.0,1.0,0.24357174336910248,0.21077115833759308
002981.npy,"(256, 256)",float32,0.0,1.0,0.49973246455192566,0.2881799638271332
002982.npy,"(256, 256)",float32,0.0,1.0,0.5015637278556824,0.2897624969482422
002983.npy,"(256, 256)",float32,0.0,1.0,0.5013642907142639,0.28842398524284363
002984.npy,"(256, 256)",float32,0.0,1.0,0.6058094501495361,0.2285463511943817
002985.npy,"(256, 256)",float32,0.0,1.0,0.5798114538192749,0.07286828011274338
002986.npy,"(256, 256)",float32,0.0,1.0,0.6220039129257202,0.09461253136396408
002987.npy,"(256, 256)",float32,0.0,1.0,0.5796681642532349,0.0743584856390953
002988.npy,"(256, 256)",float32,0.0,1.0,0.6521656513214111,0.12991951406002045
002989.npy,"(256, 256)",float32,0.0,1.0,0.38542282581329346,0.19249327480793
002990.npy,"(256, 256)",float32,0.0,1.0,0.40493836998939514,0.2298804521560669
002991.npy,"(256, 256)",float32,0.0,1.0,0.3451671600341797,0.18771031498908997
002992.npy,"(256, 256)",float32,0.0,1.0,0.45829808712005615,0.32356420159339905
002993.npy,"(256, 256)",float32,0.0,1.0,0.3617538511753082,0.2366628646850586
002994.npy,"(256, 256)",float32,0.0,1.0,0.37126225233078003,0.23896029591560364
002995.npy,"(256, 256)",float32,0.0,1.0,0.3813912868499756,0.2398054152727127
002996.npy,"(256, 256)",float32,0.0,1.0,0.545406699180603,0.2808283865451813
002997.npy,"(256, 256)",float32,0.0,1.0,0.48399943113327026,0.0873076319694519
002998.npy,"(256, 256)",float32,0.0,1.0,0.47545886039733887,0.0803396925330162
002999.npy,"(256, 256)",float32,0.0,1.0,0.4721035659313202,0.07677008956670761
003000.npy,"(256, 256)",float32,0.0,1.0,0.2205674946308136,0.21431945264339447
003001.npy,"(256, 256)",float32,0.0,1.0,0.38118845224380493,0.08578166365623474
003002.npy,"(256, 256)",float32,0.0,1.0,0.37672269344329834,0.06931283324956894
003003.npy,"(256, 256)",float32,0.0,1.0,0.3668298125267029,0.08565874397754669
003004.npy,"(256, 256)",float32,0.0,1.0,0.1360982209444046,0.14618369936943054
003005.npy,"(256, 256)",float32,0.0,1.0,0.17282354831695557,0.20103506743907928
003006.npy,"(256, 256)",float32,0.0,1.0,0.1737992763519287,0.19787855446338654
003007.npy,"(256, 256)",float32,0.0,1.0,0.20959781110286713,0.22987674176692963
003008.npy,"(256, 256)",float32,0.0,1.0,0.357671856880188,0.158865287899971
003009.npy,"(256, 256)",float32,0.0,1.0,0.3420056104660034,0.11522773653268814
003010.npy,"(256, 256)",float32,0.0,1.0,0.3494880795478821,0.11455605179071426
003011.npy,"(256, 256)",float32,0.0,1.0,0.4733819365501404,0.14218099415302277
003012.npy,"(256, 256)",float32,0.0,1.0,0.540002703666687,0.2424512505531311
003013.npy,"(256, 256)",float32,0.0,1.0,0.8659071326255798,0.06606284528970718
003014.npy,"(256, 256)",float32,0.0,1.0,0.8681610226631165,0.06597141921520233
003015.npy,"(256, 256)",float32,0.0,1.0,0.8715852499008179,0.06607402861118317
003016.npy,"(256, 256)",float32,0.0,1.0,0.6290464401245117,0.24185810983181
003017.npy,"(256, 256)",float32,0.0,1.0,0.4620542824268341,0.18845516443252563
003018.npy,"(256, 256)",float32,0.0,1.0,0.4591407775878906,0.18188269436359406
003019.npy,"(256, 256)",float32,0.0,1.0,0.4571121633052826,0.18254292011260986
003020.npy,"(256, 256)",float32,0.0,1.0,0.17306670546531677,0.1293981373310089
003021.npy,"(256, 256)",float32,0.0,1.0,0.26715755462646484,0.15358459949493408
003022.npy,"(256, 256)",float32,0.0,1.0,0.262775719165802,0.15278330445289612
003023.npy,"(256, 256)",float32,0.0,1.0,0.26536643505096436,0.16562104225158691
003024.npy,"(256, 256)",float32,0.0,1.0,0.48022982478141785,0.2211104929447174
003025.npy,"(256, 256)",float32,0.0,1.0,0.46760064363479614,0.20232808589935303
003026.npy,"(256, 256)",float32,0.0,1.0,0.4645501673221588,0.20073404908180237
003027.npy,"(256, 256)",float32,0.0,1.0,0.46723052859306335,0.20162786543369293
003028.npy,"(256, 256)",float32,0.0,1.0,0.5675254464149475,0.22982396185398102
003029.npy,"(256, 256)",float32,0.0,1.0,0.1508326679468155,0.12329436838626862
003030.npy,"(256, 256)",float32,0.0,1.0,0.15006917715072632,0.12344486266374588
003031.npy,"(256, 256)",float32,0.0,1.0,0.15383650362491608,0.12297283113002777
003032.npy,"(256, 256)",float32,0.0,1.0,0.7244246602058411,0.2050512731075287
003033.npy,"(256, 256)",float32,0.0,1.0,0.5559406280517578,0.21265995502471924
003034.npy,"(256, 256)",float32,0.0,1.0,0.5558663010597229,0.21309013664722443
003035.npy,"(256, 256)",float32,0.0,1.0,0.5538134574890137,0.2194049209356308
003036.npy,"(256, 256)",float32,0.0,1.0,0.49658113718032837,0.2367638349533081
003037.npy,"(256, 256)",float32,0.0,1.0,0.18050378561019897,0.1490158587694168
003038.npy,"(256, 256)",float32,0.0,1.0,0.1843758523464203,0.1501665562391281
003039.npy,"(256, 256)",float32,0.0,1.0,0.19056303799152374,0.1493634134531021
003040.npy,"(256, 256)",float32,0.0,1.0,0.03914536535739899,0.06583280861377716
003041.npy,"(256, 256)",float32,0.0,1.0,0.13883459568023682,0.17071180045604706
003042.npy,"(256, 256)",float32,0.0,1.0,0.14034444093704224,0.17382951080799103
003043.npy,"(256, 256)",float32,0.0,1.0,0.1321639120578766,0.16648231446743011
003044.npy,"(256, 256)",float32,0.0,1.0,0.5282585024833679,0.1242230236530304
003045.npy,"(256, 256)",float32,0.0,1.0,0.6054466962814331,0.17280146479606628
003046.npy,"(256, 256)",float32,0.0,1.0,0.6977564096450806,0.16462187469005585
003047.npy,"(256, 256)",float32,0.0,1.0,0.6581844687461853,0.1599331498146057
003048.npy,"(256, 256)",float32,0.0,1.0,0.434273898601532,0.19731377065181732
003049.npy,"(256, 256)",float32,0.0,1.0,0.9190148711204529,0.10227634757757187
003050.npy,"(256, 256)",float32,0.0,1.0,0.9132362008094788,0.07502803206443787
003051.npy,"(256, 256)",float32,0.0,1.0,0.8999216556549072,0.05038294941186905
003052.npy,"(256, 256)",float32,0.0,1.0,0.2225155234336853,0.11322490870952606
003053.npy,"(256, 256)",float32,0.0,1.0,0.33554017543792725,0.12584565579891205
003054.npy,"(256, 256)",float32,0.0,1.0,0.3339921832084656,0.12683911621570587
003055.npy,"(256, 256)",float32,0.0,1.0,0.33629196882247925,0.12495184689760208
003056.npy,"(256, 256)",float32,0.0,1.0,0.4210711121559143,0.16850711405277252
003057.npy,"(256, 256)",float32,0.0,1.0,0.5294783115386963,0.07924923300743103
003058.npy,"(256, 256)",float32,0.0,1.0,0.5324613451957703,0.08464601635932922
003059.npy,"(256, 256)",float32,0.0,1.0,0.5181107521057129,0.07545453310012817
003060.npy,"(256, 256)",float32,0.0,1.0,0.45076069235801697,0.18162542581558228
003061.npy,"(256, 256)",float32,0.0,1.0,0.5956164598464966,0.20608410239219666
003062.npy,"(256, 256)",float32,0.0,1.0,0.5636922717094421,0.2060633897781372
003063.npy,"(256, 256)",float32,0.0,1.0,0.5798407793045044,0.20798702538013458
003064.npy,"(256, 256)",float32,0.0,1.0,0.647668182849884,0.18427444994449615
003065.npy,"(256, 256)",float32,0.0,1.0,0.28837013244628906,0.17372409999370575
003066.npy,"(256, 256)",float32,0.0,1.0,0.3637673258781433,0.2311190515756607
003067.npy,"(256, 256)",float32,0.0,1.0,0.23889243602752686,0.16776035726070404
003068.npy,"(256, 256)",float32,0.0,1.0,0.7354863882064819,0.23260906338691711
003069.npy,"(256, 256)",float32,0.0,1.0,0.6147610545158386,0.11209133267402649
003070.npy,"(256, 256)",float32,0.0,1.0,0.6636538505554199,0.1254107505083084
003071.npy,"(256, 256)",float32,0.0,1.0,0.6426048874855042,0.12603770196437836
003072.npy,"(256, 256)",float32,0.0,1.0,0.28770706057548523,0.1408771574497223
003073.npy,"(256, 256)",float32,0.0,1.0,0.2869696617126465,0.10186271369457245
003074.npy,"(256, 256)",float32,0.0,1.0,0.2931636571884155,0.09403087943792343
003075.npy,"(256, 256)",float32,0.0,1.0,0.3124321401119232,0.08955970406532288
003076.npy,"(256, 256)",float32,0.0,1.0,0.4152911305427551,0.21959994733333588
003077.npy,"(256, 256)",float32,0.0,1.0,0.5615106821060181,0.1891341358423233
003078.npy,"(256, 256)",float32,0.0,1.0,0.4999350607395172,0.16823041439056396
003079.npy,"(256, 256)",float32,0.0,1.0,0.5537930130958557,0.18680566549301147
003080.npy,"(256, 256)",float32,0.0,1.0,0.49938783049583435,0.23963062465190887
003081.npy,"(256, 256)",float32,0.0,1.0,0.48945486545562744,0.17489345371723175
003082.npy,"(256, 256)",float32,0.0,1.0,0.5187477469444275,0.1683141142129898
003083.npy,"(256, 256)",float32,0.0,1.0,0.45239508152008057,0.1729792058467865
003084.npy,"(256, 256)",float32,0.0,1.0,0.48548465967178345,0.22994346916675568
003085.npy,"(256, 256)",float32,0.0,1.0,0.1727255880832672,0.10100245475769043
003086.npy,"(256, 256)",float32,0.0,1.0,0.18605616688728333,0.12304923683404922
003087.npy,"(256, 256)",float32,0.0,1.0,0.209702730178833,0.14451557397842407
003088.npy,"(256, 256)",float32,0.0,1.0,0.2529698610305786,0.14830619096755981
003089.npy,"(256, 256)",float32,0.0,1.0,0.3026435673236847,0.13905784487724304
003090.npy,"(256, 256)",float32,0.0,1.0,0.29865166544914246,0.13551107048988342
003091.npy,"(256, 256)",float32,0.0,1.0,0.3100780248641968,0.1401323527097702
003092.npy,"(256, 256)",float32,0.0,1.0,0.5171763300895691,0.12508858740329742
003093.npy,"(256, 256)",float32,0.0,1.0,0.6721974611282349,0.12760943174362183
003094.npy,"(256, 256)",float32,0.0,1.0,0.6240154504776001,0.14450128376483917
003095.npy,"(256, 256)",float32,0.0,1.0,0.6246970891952515,0.14448697865009308
003096.npy,"(256, 256)",float32,0.0,1.0,0.342132568359375,0.18375377357006073
003097.npy,"(256, 256)",float32,0.0,1.0,0.35227957367897034,0.22376134991645813
003098.npy,"(256, 256)",float32,0.0,1.0,0.3280332684516907,0.2196904569864273
003099.npy,"(256, 256)",float32,0.0,1.0,0.35927629470825195,0.22083264589309692
003100.npy,"(256, 256)",float32,0.0,1.0,0.1906326711177826,0.17308034002780914
003101.npy,"(256, 256)",float32,0.0,1.0,0.2716516852378845,0.1448497176170349
003102.npy,"(256, 256)",float32,0.0,1.0,0.2711561918258667,0.14302976429462433
003103.npy,"(256, 256)",float32,0.0,1.0,0.2628142237663269,0.13716541230678558
003104.npy,"(256, 256)",float32,0.0,1.0,0.10817968845367432,0.10555161535739899
003105.npy,"(256, 256)",float32,0.0,1.0,0.13723400235176086,0.18122614920139313
003106.npy,"(256, 256)",float32,0.0,1.0,0.0946783497929573,0.1282573640346527
003107.npy,"(256, 256)",float32,0.0,1.0,0.12712088227272034,0.16423355042934418
003108.npy,"(256, 256)",float32,0.0,1.0,0.5858938694000244,0.24701237678527832
003109.npy,"(256, 256)",float32,0.0,1.0,0.6967841982841492,0.22109073400497437
003110.npy,"(256, 256)",float32,0.0,1.0,0.6930299401283264,0.22074854373931885
003111.npy,"(256, 256)",float32,0.0,1.0,0.6844661831855774,0.22391612827777863
003112.npy,"(256, 256)",float32,0.0,1.0,0.4406003952026367,0.19048523902893066
003113.npy,"(256, 256)",float32,0.0,1.0,0.2566319406032562,0.21185019612312317
003114.npy,"(256, 256)",float32,0.0,1.0,0.2280646115541458,0.21519750356674194
003115.npy,"(256, 256)",float32,0.0,1.0,0.20980426669120789,0.20719487965106964
003116.npy,"(256, 256)",float32,0.0,1.0,0.8099539875984192,0.1519996076822281
003117.npy,"(256, 256)",float32,0.0,1.0,0.11504998803138733,0.06021929532289505
003118.npy,"(256, 256)",float32,0.0,1.0,0.12099051475524902,0.14155033230781555
003119.npy,"(256, 256)",float32,0.0,1.0,0.09967663139104843,0.06501858681440353
003120.npy,"(256, 256)",float32,0.0,1.0,0.25751104950904846,0.170089453458786
003121.npy,"(256, 256)",float32,0.0,1.0,0.458325058221817,0.2210625410079956
003122.npy,"(256, 256)",float32,0.0,1.0,0.5260526537895203,0.1513412743806839
003123.npy,"(256, 256)",float32,0.0,1.0,0.49749618768692017,0.1780051738023758
003124.npy,"(256, 256)",float32,0.0,1.0,0.7519261240959167,0.162088543176651
003125.npy,"(256, 256)",float32,0.0,1.0,0.4675212502479553,0.21452254056930542
003126.npy,"(256, 256)",float32,0.0,1.0,0.3951581120491028,0.24595528841018677
003127.npy,"(256, 256)",float32,0.0,1.0,0.3904156982898712,0.22247613966464996
003128.npy,"(256, 256)",float32,0.0,1.0,0.5540820360183716,0.20284722745418549
003129.npy,"(256, 256)",float32,0.0,1.0,0.8464348912239075,0.0712808147072792
003130.npy,"(256, 256)",float32,0.0,1.0,0.8400307893753052,0.07107457518577576
003131.npy,"(256, 256)",float32,0.0,1.0,0.8203496336936951,0.1566067934036255
003132.npy,"(256, 256)",float32,0.0,1.0,0.6735162734985352,0.22987301647663116
003133.npy,"(256, 256)",float32,0.0,1.0,0.2547864615917206,0.18247099220752716
003134.npy,"(256, 256)",float32,0.0,1.0,0.24962547421455383,0.19068793952465057
003135.npy,"(256, 256)",float32,0.0,1.0,0.2519993782043457,0.1847735345363617
003136.npy,"(256, 256)",float32,0.0,1.0,0.23629456758499146,0.14096838235855103
003137.npy,"(256, 256)",float32,0.0,1.0,0.1940746009349823,0.12757930159568787
003138.npy,"(256, 256)",float32,0.0,1.0,0.22169291973114014,0.14436796307563782
003139.npy,"(256, 256)",float32,0.0,1.0,0.23406009376049042,0.1530359387397766
003140.npy,"(256, 256)",float32,0.0,1.0,0.43915173411369324,0.28216052055358887
003141.npy,"(256, 256)",float32,0.0,1.0,0.1621008962392807,0.16147743165493011
003142.npy,"(256, 256)",float32,0.0,1.0,0.16023239493370056,0.16131988167762756
003143.npy,"(256, 256)",float32,0.0,1.0,0.20194490253925323,0.19538937509059906
003144.npy,"(256, 256)",float32,0.0,1.0,0.8554006814956665,0.13013845682144165
003145.npy,"(256, 256)",float32,0.0,1.0,0.16531330347061157,0.12495309114456177
003146.npy,"(256, 256)",float32,0.0,1.0,0.16388964653015137,0.12445072829723358
003147.npy,"(256, 256)",float32,0.0,1.0,0.1641182005405426,0.1246100589632988
003148.npy,"(256, 256)",float32,0.0,1.0,0.36402076482772827,0.19505397975444794
003149.npy,"(256, 256)",float32,0.0,1.0,0.37482625246047974,0.2805202007293701
003150.npy,"(256, 256)",float32,0.0,1.0,0.42755162715911865,0.29628536105155945
003151.npy,"(256, 256)",float32,0.0,1.0,0.35828953981399536,0.27792981266975403
003152.npy,"(256, 256)",float32,0.0,1.0,0.6181358695030212,0.2140500694513321
003153.npy,"(256, 256)",float32,0.0,1.0,0.29081106185913086,0.18838942050933838
003154.npy,"(256, 256)",float32,0.0,1.0,0.2922823429107666,0.18788103759288788
003155.npy,"(256, 256)",float32,0.0,1.0,0.29784953594207764,0.18808169662952423
003156.npy,"(256, 256)",float32,0.0,1.0,0.35342109203338623,0.15372541546821594
003157.npy,"(256, 256)",float32,0.0,1.0,0.4945910573005676,0.21096743643283844
003158.npy,"(256, 256)",float32,0.0,1.0,0.49281057715415955,0.20728953182697296
003159.npy,"(256, 256)",float32,0.0,1.0,0.4856431484222412,0.20245173573493958
003160.npy,"(256, 256)",float32,0.0,1.0,0.4570508599281311,0.1977236270904541
003161.npy,"(256, 256)",float32,0.0,1.0,0.5325227379798889,0.15900114178657532
003162.npy,"(256, 256)",float32,0.0,1.0,0.5121500492095947,0.18196210265159607
003163.npy,"(256, 256)",float32,0.0,1.0,0.5361344814300537,0.17843112349510193
003164.npy,"(256, 256)",float32,0.0,1.0,0.5297344923019409,0.2640250623226166
003165.npy,"(256, 256)",float32,0.0,1.0,0.5079748630523682,0.24195514619350433
003166.npy,"(256, 256)",float32,0.0,1.0,0.506464421749115,0.24173679947853088
003167.npy,"(256, 256)",float32,0.0,1.0,0.5037265419960022,0.2530580759048462
003168.npy,"(256, 256)",float32,0.0,1.0,0.40421852469444275,0.35195618867874146
003169.npy,"(256, 256)",float32,0.0,1.0,0.15125325322151184,0.15171906352043152
003170.npy,"(256, 256)",float32,0.0,1.0,0.1583743691444397,0.15981602668762207
003171.npy,"(256, 256)",float32,0.0,1.0,0.19018587470054626,0.19370655715465546
003172.npy,"(256, 256)",float32,0.0,1.0,0.8181273937225342,0.09318625926971436
003173.npy,"(256, 256)",float32,0.0,1.0,0.44816040992736816,0.1415625512599945
003174.npy,"(256, 256)",float32,0.0,1.0,0.44062909483909607,0.12679645419120789
003175.npy,"(256, 256)",float32,0.0,1.0,0.4351508617401123,0.1121402382850647
003176.npy,"(256, 256)",float32,0.0,1.0,0.20963869988918304,0.1094077080488205
003177.npy,"(256, 256)",float32,0.0,1.0,0.4106583595275879,0.22727546095848083
003178.npy,"(256, 256)",float32,0.0,1.0,0.40875789523124695,0.22497986257076263
003179.npy,"(256, 256)",float32,0.0,1.0,0.393898069858551,0.22099918127059937
003180.npy,"(256, 256)",float32,0.0,1.0,0.5666319131851196,0.30714163184165955
003181.npy,"(256, 256)",float32,0.0,1.0,0.4965226650238037,0.1617671549320221
003182.npy,"(256, 256)",float32,0.0,1.0,0.47946926951408386,0.15486936271190643
003183.npy,"(256, 256)",float32,0.0,1.0,0.5044594407081604,0.16374868154525757
003184.npy,"(256, 256)",float32,0.0,1.0,0.339149534702301,0.27017873525619507
003185.npy,"(256, 256)",float32,0.0,1.0,0.2334481179714203,0.206540048122406
003186.npy,"(256, 256)",float32,0.0,1.0,0.23660726845264435,0.20210181176662445
003187.npy,"(256, 256)",float32,0.0,1.0,0.2140468955039978,0.1909123808145523
003188.npy,"(256, 256)",float32,0.0,1.0,0.6280187368392944,0.09517373144626617
003189.npy,"(256, 256)",float32,0.0,1.0,0.5176723003387451,0.12367083877325058
003190.npy,"(256, 256)",float32,0.0,1.0,0.5163345336914062,0.12260960042476654
003191.npy,"(256, 256)",float32,0.0,1.0,0.5096842050552368,0.1284453421831131
003192.npy,"(256, 256)",float32,0.0,1.0,0.2521718740463257,0.20915167033672333
003193.npy,"(256, 256)",float32,0.0,1.0,0.48253700137138367,0.35843050479888916
003194.npy,"(256, 256)",float32,0.0,1.0,0.5043792128562927,0.3496073782444
003195.npy,"(256, 256)",float32,0.0,1.0,0.5228390097618103,0.35084474086761475
003196.npy,"(256, 256)",float32,0.0,1.0,0.3825715482234955,0.26789116859436035
003197.npy,"(256, 256)",float32,0.0,1.0,0.2300320416688919,0.2353418618440628
003198.npy,"(256, 256)",float32,0.0,1.0,0.20016174018383026,0.20939326286315918
003199.npy,"(256, 256)",float32,0.0,1.0,0.24915571510791779,0.24259096384048462
