file,shape,dtype,min,max,mean,std
000000.npy,"(128, 128)",float32,-0.0026427102275192738,1.3257757425308228,0.218441441655159,0.24486540257930756
000001.npy,"(128, 128)",float32,-0.0031231592874974012,1.4091064929962158,0.3267541229724884,0.17107371985912323
000002.npy,"(128, 128)",float32,0.0002783304953482002,1.3459364175796509,0.3046870231628418,0.16135874390602112
000003.npy,"(128, 128)",float32,-0.0010054984595626593,1.3146018981933594,0.2989100217819214,0.15143395960330963
000004.npy,"(128, 128)",float32,-0.04995102062821388,1.3318248987197876,0.35625845193862915,0.19592374563217163
000005.npy,"(128, 128)",float32,-0.006049090996384621,0.9321689605712891,0.26851266622543335,0.06995169818401337
000006.npy,"(128, 128)",float32,-0.011915026232600212,0.843887448310852,0.26834845542907715,0.0682278499007225
000007.npy,"(128, 128)",float32,-0.016929149627685547,1.1249449253082275,0.268328458070755,0.07084177434444427
000008.npy,"(128, 128)",float32,-0.04200931265950203,1.5704659223556519,0.5252891778945923,0.24984639883041382
000009.npy,"(128, 128)",float32,-0.0018216996686533093,1.4595404863357544,0.5277301073074341,0.237280935049057
000010.npy,"(128, 128)",float32,-0.0033746028784662485,1.4051101207733154,0.49756935238838196,0.2280275523662567
000011.npy,"(128, 128)",float32,0.00444362498819828,1.297839641571045,0.5365456342697144,0.23353734612464905
000012.npy,"(128, 128)",float32,0.020599503070116043,1.4307210445404053,0.2527472972869873,0.1914825439453125
000013.npy,"(128, 128)",float32,0.019195398315787315,1.681573748588562,0.7818526029586792,0.29231834411621094
000014.npy,"(128, 128)",float32,0.026551134884357452,1.6335859298706055,0.7956736087799072,0.27382922172546387
000015.npy,"(128, 128)",float32,0.007161327172070742,1.585473656654358,0.7587977647781372,0.2962689697742462
000016.npy,"(128, 128)",float32,-0.025143014267086983,1.6520973443984985,0.798212468624115,0.24099025130271912
000017.npy,"(128, 128)",float32,-0.011460768058896065,1.2589951753616333,0.5915948152542114,0.21643401682376862
000018.npy,"(128, 128)",float32,-0.0030410438776016235,1.4285067319869995,0.5999810695648193,0.2192416489124298
000019.npy,"(128, 128)",float32,0.009936096146702766,1.3405702114105225,0.5945292711257935,0.218153178691864
000020.npy,"(128, 128)",float32,0.035195186734199524,1.4826202392578125,0.5845330953598022,0.21533268690109253
000021.npy,"(128, 128)",float32,0.01665452867746353,1.035732626914978,0.38313162326812744,0.15132926404476166
000022.npy,"(128, 128)",float32,-0.007020998280495405,1.1447616815567017,0.3707578480243683,0.1467641443014145
000023.npy,"(128, 128)",float32,-0.0021659955382347107,1.0727331638336182,0.3712150454521179,0.14460337162017822
000024.npy,"(128, 128)",float32,-0.02357049472630024,1.4102561473846436,0.3914867639541626,0.2059902846813202
000025.npy,"(128, 128)",float32,-0.019422335550189018,1.283496379852295,0.24182072281837463,0.16111718118190765
000026.npy,"(128, 128)",float32,0.001270187203772366,1.2459715604782104,0.24168968200683594,0.15974634885787964
000027.npy,"(128, 128)",float32,-0.012583830393850803,1.372061014175415,0.24043121933937073,0.16058003902435303
000028.npy,"(128, 128)",float32,-0.008710519410669804,1.4268943071365356,0.6832525730133057,0.23252752423286438
000029.npy,"(128, 128)",float32,-0.00025012862170115113,1.4704421758651733,0.5092830061912537,0.21260802447795868
000030.npy,"(128, 128)",float32,-0.001560224569402635,1.2466708421707153,0.4922608733177185,0.20542672276496887
000031.npy,"(128, 128)",float32,0.0007876661256887019,1.3946404457092285,0.5100878477096558,0.21093131601810455
000032.npy,"(128, 128)",float32,-0.014598268084228039,1.481552004814148,0.6563558578491211,0.3089276850223541
000033.npy,"(128, 128)",float32,-0.04034125804901123,1.4630719423294067,0.5863875150680542,0.3242691457271576
000034.npy,"(128, 128)",float32,-0.03652001544833183,1.4717029333114624,0.6349738240242004,0.31721997261047363
000035.npy,"(128, 128)",float32,-0.04923319071531296,1.562296986579895,0.591204047203064,0.32883042097091675
000036.npy,"(128, 128)",float32,-0.049201544374227524,1.2120472192764282,0.3992929458618164,0.12042420357465744
000037.npy,"(128, 128)",float32,-8.245275967055932e-05,1.3645213842391968,0.6065207719802856,0.20626328885555267
000038.npy,"(128, 128)",float32,-0.0022407996002584696,1.3562557697296143,0.5901761651039124,0.20259466767311096
000039.npy,"(128, 128)",float32,0.008497464470565319,1.4226106405258179,0.5936301946640015,0.19812899827957153
000040.npy,"(128, 128)",float32,-0.0007300623110495508,1.3473987579345703,0.4606325030326843,0.19738490879535675
000041.npy,"(128, 128)",float32,-0.02139429561793804,1.2666605710983276,0.38911765813827515,0.25742626190185547
000042.npy,"(128, 128)",float32,-0.07983317226171494,1.5630152225494385,0.3692915439605713,0.2675538659095764
000043.npy,"(128, 128)",float32,-0.025685472413897514,1.2977972030639648,0.37810978293418884,0.2663044035434723
000044.npy,"(128, 128)",float32,-0.0475342757999897,1.714219093322754,0.3480691611766815,0.31103986501693726
000045.npy,"(128, 128)",float32,0.01721383072435856,1.3083710670471191,0.5317162871360779,0.2077835202217102
000046.npy,"(128, 128)",float32,0.018868647515773773,1.3554123640060425,0.532172679901123,0.21476392447948456
000047.npy,"(128, 128)",float32,-9.476298873778433e-05,1.475258231163025,0.5297698378562927,0.2095709592103958
000048.npy,"(128, 128)",float32,-0.006245862226933241,1.586019515991211,0.1848328411579132,0.25538086891174316
000049.npy,"(128, 128)",float32,-0.06925925612449646,1.1708776950836182,0.4736041724681854,0.14580896496772766
000050.npy,"(128, 128)",float32,-0.0949362963438034,1.101843237876892,0.47719502449035645,0.14990012347698212
000051.npy,"(128, 128)",float32,-0.09915529191493988,1.2124416828155518,0.4783916473388672,0.15416932106018066
000052.npy,"(128, 128)",float32,0.03675331175327301,1.440768837928772,0.655938982963562,0.14374858140945435
000053.npy,"(128, 128)",float32,-0.03182025998830795,1.262935996055603,0.41081398725509644,0.23291493952274323
000054.npy,"(128, 128)",float32,-0.02762581594288349,1.3471723794937134,0.41073375940322876,0.22607360780239105
000055.npy,"(128, 128)",float32,-0.0188432689756155,1.1033800840377808,0.32832491397857666,0.20696179568767548
000056.npy,"(128, 128)",float32,-0.008528847247362137,1.2671295404434204,0.32302120327949524,0.24500922858715057
000057.npy,"(128, 128)",float32,0.026279376819729805,1.378151297569275,0.5094108581542969,0.20278041064739227
000058.npy,"(128, 128)",float32,0.033652644604444504,1.3730287551879883,0.5193524360656738,0.196988046169281
000059.npy,"(128, 128)",float32,0.03372812643647194,1.3649600744247437,0.5065479278564453,0.1994103342294693
000060.npy,"(128, 128)",float32,-0.002822097623720765,1.5941290855407715,0.5929438471794128,0.25155165791511536
000061.npy,"(128, 128)",float32,0.012189063243567944,1.2478982210159302,0.44630807638168335,0.1451338827610016
000062.npy,"(128, 128)",float32,0.019748380407691002,1.3198362588882446,0.433906614780426,0.14897210896015167
000063.npy,"(128, 128)",float32,0.0335051491856575,1.2384047508239746,0.48546192049980164,0.14451774954795837
000064.npy,"(128, 128)",float32,0.005571560934185982,1.5700370073318481,0.7387037873268127,0.3113221228122711
000065.npy,"(128, 128)",float32,-0.012002913281321526,1.5558258295059204,0.3760649859905243,0.1627098172903061
000066.npy,"(128, 128)",float32,-0.030594347044825554,1.463112473487854,0.3724159598350525,0.16281424462795258
000067.npy,"(128, 128)",float32,0.016410941258072853,1.3958054780960083,0.4541424810886383,0.19214268028736115
000068.npy,"(128, 128)",float32,-0.003969203680753708,1.3438165187835693,0.5374928712844849,0.2508769929409027
000069.npy,"(128, 128)",float32,-0.017788203433156013,1.2649574279785156,0.16809743642807007,0.16055850684642792
000070.npy,"(128, 128)",float32,-0.0123982522636652,1.2081855535507202,0.16944730281829834,0.1616004854440689
000071.npy,"(128, 128)",float32,-0.008642593398690224,1.1891545057296753,0.16831925511360168,0.16101087629795074
000072.npy,"(128, 128)",float32,-0.026307212188839912,1.36614191532135,0.36689817905426025,0.28476372361183167
000073.npy,"(128, 128)",float32,-0.008441564626991749,1.2827216386795044,0.5066680908203125,0.28311681747436523
000074.npy,"(128, 128)",float32,-0.02703438512980938,1.2866294384002686,0.5057892799377441,0.2873910367488861
000075.npy,"(128, 128)",float32,-0.007436128333210945,1.3813575506210327,0.5021020174026489,0.2924709916114807
000076.npy,"(128, 128)",float32,-0.004129795823246241,1.316648244857788,0.28568100929260254,0.2106950432062149
000077.npy,"(128, 128)",float32,0.001593895605765283,1.3703551292419434,0.16946229338645935,0.12660160660743713
000078.npy,"(128, 128)",float32,0.017570311203598976,1.141582727432251,0.23166899383068085,0.12972861528396606
000079.npy,"(128, 128)",float32,0.0003677249769680202,1.2402276992797852,0.16803471744060516,0.11190681159496307
000080.npy,"(128, 128)",float32,-0.0501558892428875,1.2061935663223267,0.6009650826454163,0.1836416870355606
000081.npy,"(128, 128)",float32,-0.01933445781469345,1.3386154174804688,0.22493791580200195,0.23129241168498993
000082.npy,"(128, 128)",float32,-0.04640207812190056,1.40862238407135,0.21851284801959991,0.23996207118034363
000083.npy,"(128, 128)",float32,-0.026192519813776016,1.5474207401275635,0.211943119764328,0.2399616837501526
000084.npy,"(128, 128)",float32,-0.0066164471209049225,1.3438756465911865,0.3182244598865509,0.16527411341667175
000085.npy,"(128, 128)",float32,0.012777344323694706,1.544702410697937,0.6013044118881226,0.29364630579948425
000086.npy,"(128, 128)",float32,-0.04951032996177673,1.4198482036590576,0.5360443592071533,0.29736337065696716
000087.npy,"(128, 128)",float32,0.0019377556163817644,1.508067011833191,0.5740083456039429,0.2912624180316925
000088.npy,"(128, 128)",float32,0.0034634529147297144,1.5404222011566162,0.5799049139022827,0.3646828830242157
000089.npy,"(128, 128)",float32,0.0033185724169015884,1.4268269538879395,0.4669559597969055,0.18749621510505676
000090.npy,"(128, 128)",float32,0.006946725770831108,1.2235801219940186,0.4802575707435608,0.17893366515636444
000091.npy,"(128, 128)",float32,-0.012263614684343338,1.3169260025024414,0.48444581031799316,0.1797584742307663
000092.npy,"(128, 128)",float32,0.007766064256429672,1.171478509902954,0.33726805448532104,0.15809723734855652
000093.npy,"(128, 128)",float32,0.0002591325028333813,1.2181051969528198,0.15367111563682556,0.12251750379800797
000094.npy,"(128, 128)",float32,0.0031070425175130367,1.242258906364441,0.16806411743164062,0.13778769969940186
000095.npy,"(128, 128)",float32,0.004040090832859278,1.2349181175231934,0.15088582038879395,0.12286286801099777
000096.npy,"(128, 128)",float32,-0.026201551780104637,1.6031264066696167,0.47864678502082825,0.2483493536710739
000097.npy,"(128, 128)",float32,-0.009539793245494366,1.27866530418396,0.3386659026145935,0.19533437490463257
000098.npy,"(128, 128)",float32,-0.020432736724615097,1.2599529027938843,0.3414120078086853,0.1847684681415558
000099.npy,"(128, 128)",float32,-0.016461877152323723,1.1647862195968628,0.33939212560653687,0.1926508992910385
000100.npy,"(128, 128)",float32,0.0033466313034296036,1.7199463844299316,0.32685625553131104,0.2582550048828125
000101.npy,"(128, 128)",float32,0.022943291813135147,1.4729690551757812,0.5188708305358887,0.21518607437610626
000102.npy,"(128, 128)",float32,0.00013303956075105816,1.4017560482025146,0.5105869174003601,0.22018668055534363
000103.npy,"(128, 128)",float32,0.0027353838086128235,1.492667317390442,0.5146671533584595,0.22256408631801605
000104.npy,"(128, 128)",float32,-0.0010234973160549998,1.6933449506759644,0.6025338172912598,0.2935110926628113
000105.npy,"(128, 128)",float32,-0.003359615569934249,1.5563808679580688,0.3158082067966461,0.29173439741134644
000106.npy,"(128, 128)",float32,-0.017986170947551727,1.255150318145752,0.20963025093078613,0.20136621594429016
000107.npy,"(128, 128)",float32,-0.00010035479499492794,1.5079317092895508,0.26483428478240967,0.25588032603263855
000108.npy,"(128, 128)",float32,-0.09665048867464066,1.2967113256454468,0.3126300573348999,0.21158012747764587
000109.npy,"(128, 128)",float32,-0.010663505643606186,1.5469846725463867,0.250541627407074,0.2662554085254669
000110.npy,"(128, 128)",float32,-0.04024512320756912,1.295734167098999,0.18013742566108704,0.19524168968200684
000111.npy,"(128, 128)",float32,-0.004811608232557774,1.509425401687622,0.17312994599342346,0.18817181885242462
000112.npy,"(128, 128)",float32,0.00015617765893694013,1.2249683141708374,0.3511807918548584,0.2009296864271164
000113.npy,"(128, 128)",float32,0.010541718453168869,1.4624693393707275,0.4684804677963257,0.17100371420383453
000114.npy,"(128, 128)",float32,0.010858355090022087,1.3704429864883423,0.46862316131591797,0.17572136223316193
000115.npy,"(128, 128)",float32,0.029363946989178658,1.3549402952194214,0.7738134860992432,0.14917199313640594
000116.npy,"(128, 128)",float32,0.020436115562915802,1.162831425666809,0.49034643173217773,0.17645657062530518
000117.npy,"(128, 128)",float32,0.018519334495067596,1.5387827157974243,0.3715950846672058,0.15042780339717865
000118.npy,"(128, 128)",float32,0.00843273289501667,1.1705924272537231,0.375052809715271,0.1493658423423767
000119.npy,"(128, 128)",float32,0.0016192087205126882,1.2798079252243042,0.390225350856781,0.14642234146595
000120.npy,"(128, 128)",float32,0.0014191903173923492,1.474838376045227,0.625946044921875,0.31318357586860657
000121.npy,"(128, 128)",float32,0.001255179289728403,1.4255272150039673,0.24777421355247498,0.24345405399799347
000122.npy,"(128, 128)",float32,-0.021321017295122147,1.3724861145019531,0.28683537244796753,0.27765488624572754
000123.npy,"(128, 128)",float32,-0.02065289579331875,1.398290753364563,0.27426591515541077,0.2725277543067932
000124.npy,"(128, 128)",float32,-0.04865574464201927,1.4752637147903442,0.349902868270874,0.22265392541885376
000125.npy,"(128, 128)",float32,-0.007173632737249136,1.410325050354004,0.31438058614730835,0.23780414462089539
000126.npy,"(128, 128)",float32,-0.010829992592334747,1.3059947490692139,0.3060236871242523,0.23410765826702118
000127.npy,"(128, 128)",float32,-0.0029724412597715855,1.4623925685882568,0.29477548599243164,0.23709344863891602
000128.npy,"(128, 128)",float32,0.00542824063450098,1.5074933767318726,0.5629296898841858,0.2216414362192154
000129.npy,"(128, 128)",float32,0.0011044488055631518,1.343130350112915,0.43473976850509644,0.1882239729166031
000130.npy,"(128, 128)",float32,0.013409226201474667,1.248718023300171,0.4161645174026489,0.18182097375392914
000131.npy,"(128, 128)",float32,0.01273036003112793,1.2448856830596924,0.414289265871048,0.1802801936864853
000132.npy,"(128, 128)",float32,0.03408508002758026,1.328665018081665,0.7148615121841431,0.1409621238708496
000133.npy,"(128, 128)",float32,0.05750521644949913,1.2725043296813965,0.6007378101348877,0.14765986800193787
000134.npy,"(128, 128)",float32,0.06571224331855774,1.3027472496032715,0.29532766342163086,0.08622971922159195
000135.npy,"(128, 128)",float32,-0.00927643571048975,1.1690343618392944,0.5779665112495422,0.1490730345249176
000136.npy,"(128, 128)",float32,-0.010208205319941044,1.2350163459777832,0.2482261061668396,0.2444981038570404
000137.npy,"(128, 128)",float32,-0.022922979667782784,1.0541446208953857,0.10801876336336136,0.10239236801862717
000138.npy,"(128, 128)",float32,-0.010615795850753784,1.116714596748352,0.10816242545843124,0.10380232334136963
000139.npy,"(128, 128)",float32,-0.01793229766190052,1.1966782808303833,0.09761462360620499,0.09979790449142456
000140.npy,"(128, 128)",float32,-0.07921799272298813,1.378166675567627,0.46167564392089844,0.25432345271110535
000141.npy,"(128, 128)",float32,-0.017706871032714844,1.480031967163086,0.4704786539077759,0.2645019590854645
000142.npy,"(128, 128)",float32,-0.021486787125468254,1.5500537157058716,0.48608115315437317,0.26045623421669006
000143.npy,"(128, 128)",float32,-0.015824386849999428,1.5296210050582886,0.46831417083740234,0.26688700914382935
000144.npy,"(128, 128)",float32,-0.003873466979712248,1.264764428138733,0.405184268951416,0.16593995690345764
000145.npy,"(128, 128)",float32,0.0025948891416192055,1.3269115686416626,0.45886653661727905,0.221744105219841
000146.npy,"(128, 128)",float32,-0.014520769007503986,1.7834237813949585,0.4560827314853668,0.23187042772769928
000147.npy,"(128, 128)",float32,0.015298882499337196,1.4995163679122925,0.4616914391517639,0.22172760963439941
000148.npy,"(128, 128)",float32,0.01784036122262478,1.5568392276763916,0.4570554792881012,0.22731022536754608
000149.npy,"(128, 128)",float32,0.012615096755325794,1.7275099754333496,0.5776249766349792,0.2559295892715454
000150.npy,"(128, 128)",float32,0.013248147442936897,1.5907152891159058,0.5649399757385254,0.266035795211792
000151.npy,"(128, 128)",float32,0.01115416083484888,1.565302848815918,0.5759137868881226,0.26306819915771484
000152.npy,"(128, 128)",float32,0.0006943882908672094,1.3319822549819946,0.3322838842868805,0.197291299700737
000153.npy,"(128, 128)",float32,0.003348167520016432,1.597649097442627,0.46342501044273376,0.22238822281360626
000154.npy,"(128, 128)",float32,-0.019492970779538155,1.4243100881576538,0.5637765526771545,0.20565533638000488
000155.npy,"(128, 128)",float32,0.002126558916643262,1.3615421056747437,0.4087027311325073,0.2400699406862259
000156.npy,"(128, 128)",float32,-0.041301097720861435,1.752834677696228,0.27870437502861023,0.25008779764175415
000157.npy,"(128, 128)",float32,-0.02298499457538128,1.563869595527649,0.11931771785020828,0.10033096373081207
000158.npy,"(128, 128)",float32,0.003600695636123419,1.2859467267990112,0.1136736124753952,0.09398458153009415
000159.npy,"(128, 128)",float32,-0.031698595732450485,1.2780873775482178,0.11075420677661896,0.0929190069437027
000160.npy,"(128, 128)",float32,-0.0017268944066017866,1.2138210535049438,0.3251587748527527,0.188985213637352
000161.npy,"(128, 128)",float32,-0.001219875761307776,1.4713795185089111,0.2982744574546814,0.19304394721984863
000162.npy,"(128, 128)",float32,0.0028100162744522095,1.5835990905761719,0.3124677240848541,0.2093285769224167
000163.npy,"(128, 128)",float32,-0.01791810244321823,1.3375691175460815,0.3020097613334656,0.1965026706457138
000164.npy,"(128, 128)",float32,-0.01484459638595581,1.30496084690094,0.5535942316055298,0.17304018139839172
000165.npy,"(128, 128)",float32,0.006918033584952354,1.5381017923355103,0.48174387216567993,0.15585659444332123
000166.npy,"(128, 128)",float32,0.0008271504775620997,1.4494006633758545,0.43334364891052246,0.15026284754276276
000167.npy,"(128, 128)",float32,-0.0006515751010738313,1.2377982139587402,0.3957264721393585,0.13375166058540344
000168.npy,"(128, 128)",float32,-0.05454939231276512,1.6437311172485352,0.5769357085227966,0.24992778897285461
000169.npy,"(128, 128)",float32,0.016455644741654396,1.5137014389038086,0.6769968271255493,0.18090054392814636
000170.npy,"(128, 128)",float32,-0.0014059802051633596,1.5442510843276978,0.7191919684410095,0.185950368642807
000171.npy,"(128, 128)",float32,0.005891409236937761,1.4864948987960815,0.3133929669857025,0.11784607172012329
000172.npy,"(128, 128)",float32,-0.006604220252484083,1.5424787998199463,0.7104766368865967,0.16861271858215332
000173.npy,"(128, 128)",float32,0.033334117382764816,1.378785490989685,0.49157071113586426,0.2064552903175354
000174.npy,"(128, 128)",float32,0.0457327663898468,1.3475322723388672,0.45777279138565063,0.1815297156572342
000175.npy,"(128, 128)",float32,0.025114916265010834,1.469128966331482,0.45315486192703247,0.18999700248241425
000176.npy,"(128, 128)",float32,-0.002824226627126336,1.2823734283447266,0.37880703806877136,0.15019407868385315
000177.npy,"(128, 128)",float32,0.0056234304793179035,1.4929425716400146,0.526274561882019,0.18985570967197418
000178.npy,"(128, 128)",float32,0.002431293949484825,1.4702272415161133,0.7305325269699097,0.14617033302783966
000179.npy,"(128, 128)",float32,0.047499917447566986,1.2844226360321045,0.5189422369003296,0.1871538758277893
000180.npy,"(128, 128)",float32,-0.026615848764777184,1.35286545753479,0.08994414657354355,0.16219322383403778
000181.npy,"(128, 128)",float32,-0.03308897092938423,1.1411243677139282,0.26346707344055176,0.20464450120925903
000182.npy,"(128, 128)",float32,-0.021162476390600204,1.2344343662261963,0.2609137296676636,0.2055797576904297
000183.npy,"(128, 128)",float32,-0.01500180084258318,1.3173449039459229,0.2644976079463959,0.20773503184318542
000184.npy,"(128, 128)",float32,0.003750426694750786,1.6593035459518433,0.5043551921844482,0.2339888960123062
000185.npy,"(128, 128)",float32,-0.008053944446146488,1.0696899890899658,0.22416968643665314,0.18102584779262543
000186.npy,"(128, 128)",float32,0.003593010362237692,1.1651660203933716,0.2239493876695633,0.18831810355186462
000187.npy,"(128, 128)",float32,-0.011456129141151905,1.15891695022583,0.22374054789543152,0.18389783799648285
000188.npy,"(128, 128)",float32,0.0002518640540074557,1.3567466735839844,0.2907171845436096,0.16979680955410004
000189.npy,"(128, 128)",float32,-0.0005035054055042565,1.324291467666626,0.3327462077140808,0.20034125447273254
000190.npy,"(128, 128)",float32,-0.012527024373412132,1.2855558395385742,0.3285987973213196,0.20167531073093414
000191.npy,"(128, 128)",float32,-0.00786725152283907,1.514613151550293,0.33138829469680786,0.19689121842384338
000192.npy,"(128, 128)",float32,0.04261669144034386,1.349678874015808,0.6796903610229492,0.11731448769569397
000193.npy,"(128, 128)",float32,-0.03639140725135803,1.5170001983642578,0.21142157912254333,0.21714147925376892
000194.npy,"(128, 128)",float32,-0.0188471507281065,1.479455828666687,0.20426353812217712,0.2072574496269226
000195.npy,"(128, 128)",float32,-0.0042861998081207275,1.2775847911834717,0.20023611187934875,0.20439757406711578
000196.npy,"(128, 128)",float32,0.009216703474521637,1.2536813020706177,0.5035190582275391,0.14211155474185944
000197.npy,"(128, 128)",float32,0.010433985851705074,1.279327392578125,0.5426522493362427,0.15409815311431885
000198.npy,"(128, 128)",float32,0.0105834836140275,1.4427520036697388,0.5593875050544739,0.15563669800758362
000199.npy,"(128, 128)",float32,0.009339596144855022,1.3814066648483276,0.5418151617050171,0.1629273146390915
000200.npy,"(128, 128)",float32,0.023567408323287964,1.2075682878494263,0.44645705819129944,0.16785843670368195
000201.npy,"(128, 128)",float32,-0.004967518150806427,1.9107027053833008,0.5699529647827148,0.33856168389320374
000202.npy,"(128, 128)",float32,-0.0008211968815885484,1.5873095989227295,0.5580808520317078,0.3255103826522827
000203.npy,"(128, 128)",float32,-0.003853769740089774,1.4693108797073364,0.5558469891548157,0.32261788845062256
000204.npy,"(128, 128)",float32,-0.011305956169962883,1.4793930053710938,0.4693441390991211,0.21186234056949615
000205.npy,"(128, 128)",float32,-0.033236753195524216,1.5335856676101685,0.4284290373325348,0.221810445189476
000206.npy,"(128, 128)",float32,-0.015605024993419647,1.3147656917572021,0.39696767926216125,0.21710684895515442
000207.npy,"(128, 128)",float32,-0.023336945101618767,1.3124102354049683,0.3823004961013794,0.21326051652431488
000208.npy,"(128, 128)",float32,0.008334822952747345,1.4172143936157227,0.49041417241096497,0.20591498911380768
000209.npy,"(128, 128)",float32,0.009123177267611027,1.420121192932129,0.4721781313419342,0.2162356823682785
000210.npy,"(128, 128)",float32,0.0077078742906451225,1.3669962882995605,0.4584594964981079,0.21071740984916687
000211.npy,"(128, 128)",float32,0.016034936532378197,1.4083958864212036,0.4281276762485504,0.2076902538537979
000212.npy,"(128, 128)",float32,-0.02802581898868084,1.7091268301010132,0.2134612500667572,0.19494865834712982
000213.npy,"(128, 128)",float32,-0.01592496782541275,1.470807671546936,0.2618115246295929,0.18031057715415955
000214.npy,"(128, 128)",float32,-0.012046724557876587,1.0347660779953003,0.4166414439678192,0.21336375176906586
000215.npy,"(128, 128)",float32,-0.010074890218675137,1.333952784538269,0.3154045045375824,0.16484616696834564
000216.npy,"(128, 128)",float32,-0.001876713940873742,1.0884437561035156,0.14294028282165527,0.10685793310403824
000217.npy,"(128, 128)",float32,0.001695303013548255,1.5684975385665894,0.3726766109466553,0.2997046709060669
000218.npy,"(128, 128)",float32,0.008977551013231277,1.7358601093292236,0.5316270589828491,0.37980008125305176
000219.npy,"(128, 128)",float32,0.004710192326456308,1.6281777620315552,0.5560948252677917,0.37806352972984314
000220.npy,"(128, 128)",float32,0.011405142024159431,1.4443674087524414,0.30435699224472046,0.13510923087596893
000221.npy,"(128, 128)",float32,-0.03648064658045769,1.6838080883026123,0.42161279916763306,0.28063148260116577
000222.npy,"(128, 128)",float32,-0.03034367598593235,1.3755207061767578,0.3927047848701477,0.26706451177597046
000223.npy,"(128, 128)",float32,-0.029209520667791367,1.6103971004486084,0.46319401264190674,0.29979002475738525
000224.npy,"(128, 128)",float32,0.001114299288019538,1.2838551998138428,0.43618300557136536,0.17319855093955994
000225.npy,"(128, 128)",float32,-0.014222439378499985,1.3193638324737549,0.23876255750656128,0.09579680860042572
000226.npy,"(128, 128)",float32,0.02625737525522709,1.171225666999817,0.2864648997783661,0.12373606115579605
000227.npy,"(128, 128)",float32,0.018580656498670578,1.145476222038269,0.27760452032089233,0.1232939064502716
000228.npy,"(128, 128)",float32,-0.07470886409282684,1.386426329612732,0.28340816497802734,0.26638904213905334
000229.npy,"(128, 128)",float32,-0.014365884475409985,1.5117934942245483,0.5521879196166992,0.23344065248966217
000230.npy,"(128, 128)",float32,-0.019091656431555748,1.6144163608551025,0.5629422068595886,0.2364640086889267
000231.npy,"(128, 128)",float32,-0.030593473464250565,1.560404658317566,0.5631458759307861,0.23431387543678284
000232.npy,"(128, 128)",float32,-0.024734754115343094,1.1374439001083374,0.2035561203956604,0.15242959558963776
000233.npy,"(128, 128)",float32,-0.030706876888871193,1.2344889640808105,0.2065395563840866,0.12482570111751556
000234.npy,"(128, 128)",float32,-0.006321346387267113,1.1217548847198486,0.20549684762954712,0.12159440666437149
000235.npy,"(128, 128)",float32,-0.012363101355731487,1.0625237226486206,0.2037833333015442,0.12004707753658295
000236.npy,"(128, 128)",float32,-0.012513193301856518,1.5882030725479126,0.4326167106628418,0.23971207439899445
000237.npy,"(128, 128)",float32,0.0028225556015968323,1.3470585346221924,0.39252355694770813,0.17660734057426453
000238.npy,"(128, 128)",float32,-0.0179960448294878,1.2932268381118774,0.4213539958000183,0.18578088283538818
000239.npy,"(128, 128)",float32,-0.009763380512595177,1.200934648513794,0.45948439836502075,0.17700283229351044
000240.npy,"(128, 128)",float32,-0.00014210607332643121,1.4069496393203735,0.31430667638778687,0.2286681830883026
000241.npy,"(128, 128)",float32,0.0012605811934918165,1.7896616458892822,0.894315242767334,0.20481441915035248
000242.npy,"(128, 128)",float32,0.0009926916100084782,1.6352566480636597,0.8824644088745117,0.19542591273784637
000243.npy,"(128, 128)",float32,0.0010203284909948707,1.5353331565856934,0.8959658741950989,0.18555593490600586
000244.npy,"(128, 128)",float32,-0.05124806612730026,1.488489031791687,0.3857313096523285,0.2741936147212982
000245.npy,"(128, 128)",float32,-0.004593730438500643,1.5594642162322998,0.7428858280181885,0.16900533437728882
000246.npy,"(128, 128)",float32,-0.043583814054727554,1.3640943765640259,0.683457612991333,0.17893002927303314
000247.npy,"(128, 128)",float32,-0.007805672474205494,1.3910831212997437,0.7089779376983643,0.16972175240516663
000248.npy,"(128, 128)",float32,-0.019894937053322792,1.381893277168274,0.4274686276912689,0.34290221333503723
000249.npy,"(128, 128)",float32,-0.039255499839782715,1.1623427867889404,0.14000558853149414,0.16348892450332642
000250.npy,"(128, 128)",float32,-0.03481951728463173,1.0986628532409668,0.17925217747688293,0.17660948634147644
000251.npy,"(128, 128)",float32,-0.03840585798025131,1.0829291343688965,0.1398463249206543,0.16245119273662567
000252.npy,"(128, 128)",float32,-0.001623061252757907,1.4949322938919067,0.6854296326637268,0.2523947060108185
000253.npy,"(128, 128)",float32,0.0008485881262458861,1.629828691482544,0.8071179389953613,0.22066758573055267
000254.npy,"(128, 128)",float32,-0.008606688119471073,1.5114531517028809,0.7033032178878784,0.2579670548439026
000255.npy,"(128, 128)",float32,0.005283638834953308,1.5515118837356567,0.809745192527771,0.20680110156536102
000256.npy,"(128, 128)",float32,-0.006101631559431553,1.538050889968872,0.8024764060974121,0.229454904794693
000257.npy,"(128, 128)",float32,-0.06618752330541611,1.5527580976486206,0.4550235867500305,0.25756895542144775
000258.npy,"(128, 128)",float32,-0.05638893321156502,1.4921306371688843,0.4538866877555847,0.24870434403419495
000259.npy,"(128, 128)",float32,-0.020833376795053482,1.5288548469543457,0.40167510509490967,0.23960579931735992
000260.npy,"(128, 128)",float32,0.0008208337821997702,1.2061740159988403,0.2412334531545639,0.13387727737426758
000261.npy,"(128, 128)",float32,-0.01118467003107071,1.5485020875930786,0.25326022505760193,0.2227409929037094
000262.npy,"(128, 128)",float32,0.0015053596580401063,1.454864501953125,0.2465173304080963,0.23749127984046936
000263.npy,"(128, 128)",float32,-0.011978368274867535,1.6096434593200684,0.24513693153858185,0.23346169292926788
000264.npy,"(128, 128)",float32,-0.03228732571005821,1.398930311203003,0.4335685968399048,0.26985692977905273
000265.npy,"(128, 128)",float32,-0.008325936272740364,1.1197996139526367,0.24672022461891174,0.14571669697761536
000266.npy,"(128, 128)",float32,-0.00020474378834478557,1.1733366250991821,0.24430795013904572,0.1456015408039093
000267.npy,"(128, 128)",float32,-0.010679945349693298,1.2488043308258057,0.24520868062973022,0.152568981051445
000268.npy,"(128, 128)",float32,0.00238605635240674,1.459991216659546,0.5382794141769409,0.280437707901001
000269.npy,"(128, 128)",float32,-0.012766239233314991,1.0598591566085815,0.12210579961538315,0.09499361366033554
000270.npy,"(128, 128)",float32,-0.01706036925315857,1.144191861152649,0.12216465175151825,0.09417607635259628
000271.npy,"(128, 128)",float32,-0.003925176337361336,1.1105300188064575,0.1240573525428772,0.09467606991529465
000272.npy,"(128, 128)",float32,-0.040465306490659714,1.7020018100738525,0.6072993874549866,0.2973766028881073
000273.npy,"(128, 128)",float32,0.025212792679667473,1.2863222360610962,0.46459639072418213,0.1723996251821518
000274.npy,"(128, 128)",float32,0.01046003494411707,1.6450358629226685,0.46897733211517334,0.18210773169994354
000275.npy,"(128, 128)",float32,0.008099417202174664,1.259441614151001,0.46727317571640015,0.1657007783651352
000276.npy,"(128, 128)",float32,-0.015519865788519382,1.492427945137024,0.168947234749794,0.26390671730041504
000277.npy,"(128, 128)",float32,0.0006891941302455962,1.4356133937835693,0.20615291595458984,0.15743888914585114
000278.npy,"(128, 128)",float32,-0.0070690251886844635,1.2935994863510132,0.23093493282794952,0.1683247834444046
000279.npy,"(128, 128)",float32,-0.012106831185519695,1.6169135570526123,0.20627924799919128,0.15639452636241913
000280.npy,"(128, 128)",float32,-0.04461631178855896,1.4881035089492798,0.560899019241333,0.2367689162492752
000281.npy,"(128, 128)",float32,0.010695749893784523,1.6643506288528442,0.4500682055950165,0.2959066331386566
000282.npy,"(128, 128)",float32,-0.024318354204297066,1.7051303386688232,0.4233803153038025,0.29899078607559204
000283.npy,"(128, 128)",float32,0.0076856790110468864,1.4687449932098389,0.4103316366672516,0.2913186848163605
000284.npy,"(128, 128)",float32,0.03969574719667435,1.4723618030548096,0.45690616965293884,0.20327167212963104
000285.npy,"(128, 128)",float32,6.601406494155526e-05,1.1722756624221802,0.20649048686027527,0.13640300929546356
000286.npy,"(128, 128)",float32,-0.002580406842753291,1.1963895559310913,0.2224101424217224,0.14506591856479645
000287.npy,"(128, 128)",float32,-0.005914709996432066,1.1889605522155762,0.18120193481445312,0.10669545829296112
000288.npy,"(128, 128)",float32,0.005445824470371008,1.6167855262756348,0.5467534065246582,0.29926857352256775
000289.npy,"(128, 128)",float32,0.007196343038231134,1.1013342142105103,0.4032632112503052,0.12931399047374725
000290.npy,"(128, 128)",float32,0.005539173260331154,1.3160908222198486,0.3188375234603882,0.1352797895669937
000291.npy,"(128, 128)",float32,0.005303121637552977,1.086401104927063,0.3191736936569214,0.130573108792305
000292.npy,"(128, 128)",float32,0.0041522919200360775,1.3134665489196777,0.133543461561203,0.17486527562141418
000293.npy,"(128, 128)",float32,-0.017906418070197105,1.4574190378189087,0.5084425210952759,0.21756231784820557
000294.npy,"(128, 128)",float32,0.017269013449549675,1.4588780403137207,0.4919060170650482,0.21773885190486908
000295.npy,"(128, 128)",float32,0.010037556290626526,1.6426692008972168,0.5179261565208435,0.2296345978975296
000296.npy,"(128, 128)",float32,-0.033257853239774704,1.6594895124435425,0.3084360957145691,0.2756500542163849
000297.npy,"(128, 128)",float32,0.008935829624533653,1.6600403785705566,0.3829847574234009,0.1595216691493988
000298.npy,"(128, 128)",float32,-0.0021068525966256857,1.528131127357483,0.3828684687614441,0.15568490326404572
000299.npy,"(128, 128)",float32,0.016584046185016632,1.4165066480636597,0.38251087069511414,0.14933991432189941
000300.npy,"(128, 128)",float32,-0.045430321246385574,0.6818860769271851,0.08252625167369843,0.04549995809793472
000301.npy,"(128, 128)",float32,-0.028452929109334946,1.3515143394470215,0.22196340560913086,0.24619410932064056
000302.npy,"(128, 128)",float32,-0.04470377415418625,1.347599744796753,0.18387950956821442,0.24058254063129425
000303.npy,"(128, 128)",float32,-0.04874255135655403,1.7650896310806274,0.17035549879074097,0.2388627529144287
000304.npy,"(128, 128)",float32,-0.0012519374722614884,1.561254620552063,0.3032010495662689,0.20224404335021973
000305.npy,"(128, 128)",float32,0.0024850668851286173,1.433736801147461,0.47034746408462524,0.218508780002594
000306.npy,"(128, 128)",float32,-0.0024205720983445644,1.4856239557266235,0.49455028772354126,0.2228299379348755
000307.npy,"(128, 128)",float32,-0.00268553732894361,1.3042800426483154,0.49451392889022827,0.21608132123947144
000308.npy,"(128, 128)",float32,0.0069846599362790585,1.6925344467163086,0.4449769854545593,0.30401092767715454
000309.npy,"(128, 128)",float32,-0.00534987635910511,1.0302388668060303,0.41304489970207214,0.11373093724250793
000310.npy,"(128, 128)",float32,-0.007795656565576792,0.9651485681533813,0.41206154227256775,0.10563294589519501
000311.npy,"(128, 128)",float32,0.00927463173866272,1.0284838676452637,0.41240546107292175,0.1102500781416893
000312.npy,"(128, 128)",float32,-0.011123676784336567,1.4270009994506836,0.35696130990982056,0.1925295889377594
000313.npy,"(128, 128)",float32,-0.0054534259252250195,1.611203670501709,0.49600571393966675,0.2566313147544861
000314.npy,"(128, 128)",float32,-0.004509198013693094,1.3601635694503784,0.5290830135345459,0.24441078305244446
000315.npy,"(128, 128)",float32,0.0016977041959762573,1.5740957260131836,0.5567695498466492,0.2538822591304779
000316.npy,"(128, 128)",float32,-0.0013349618529900908,1.4575148820877075,0.5000910758972168,0.09869714826345444
000317.npy,"(128, 128)",float32,-0.02716207318007946,1.4586519002914429,0.5694179534912109,0.22500371932983398
000318.npy,"(128, 128)",float32,-0.02538861334323883,1.624804973602295,0.5196704268455505,0.24295814335346222
000319.npy,"(128, 128)",float32,-0.029635772109031677,1.4055758714675903,0.529999852180481,0.23925672471523285
000320.npy,"(128, 128)",float32,-0.011299621313810349,1.3710730075836182,0.5331601500511169,0.19985727965831757
000321.npy,"(128, 128)",float32,0.001776194665580988,1.4604488611221313,0.2806759476661682,0.25712308287620544
000322.npy,"(128, 128)",float32,-0.002435747068375349,1.535317301750183,0.32183152437210083,0.2660321891307831
000323.npy,"(128, 128)",float32,-0.012021536007523537,1.419602632522583,0.3055872321128845,0.26352953910827637
000324.npy,"(128, 128)",float32,-0.013449166901409626,1.5713863372802734,0.4737905263900757,0.33297020196914673
000325.npy,"(128, 128)",float32,-0.03599468618631363,1.3842138051986694,0.11890201270580292,0.14691896736621857
000326.npy,"(128, 128)",float32,-0.03777480125427246,1.2902804613113403,0.11549175530672073,0.1410103589296341
000327.npy,"(128, 128)",float32,-0.029253145679831505,1.3684154748916626,0.11382409930229187,0.14309169352054596
000328.npy,"(128, 128)",float32,0.01953376643359661,1.4297734498977661,0.6081429719924927,0.22176215052604675
000329.npy,"(128, 128)",float32,-0.0037199892103672028,1.2838444709777832,0.21213796734809875,0.13638925552368164
000330.npy,"(128, 128)",float32,-0.0067953383550047874,1.3865878582000732,0.21132856607437134,0.13414070010185242
000331.npy,"(128, 128)",float32,-0.006483433302491903,1.374948501586914,0.20686832070350647,0.12796296179294586
000332.npy,"(128, 128)",float32,-0.010053684934973717,1.2979905605316162,0.21691197156906128,0.20802561938762665
000333.npy,"(128, 128)",float32,-0.041155580431222916,1.1928863525390625,0.2649019658565521,0.1676849126815796
000334.npy,"(128, 128)",float32,-0.008299280889332294,1.0888488292694092,0.26869621872901917,0.16322827339172363
000335.npy,"(128, 128)",float32,-0.023366667330265045,1.1736164093017578,0.2684133052825928,0.16404792666435242
000336.npy,"(128, 128)",float32,-0.0012577461311593652,1.2651201486587524,0.41926681995391846,0.24073047935962677
000337.npy,"(128, 128)",float32,-0.0016447011148557067,1.215548038482666,0.19743037223815918,0.1286585032939911
000338.npy,"(128, 128)",float32,-0.004612778779119253,1.381216049194336,0.28055599331855774,0.17678974568843842
000339.npy,"(128, 128)",float32,0.001744148088619113,1.3043159246444702,0.27069127559661865,0.15461444854736328
000340.npy,"(128, 128)",float32,-0.023725789040327072,1.2737109661102295,0.4520539343357086,0.22635790705680847
000341.npy,"(128, 128)",float32,0.014446349814534187,1.5410034656524658,0.5988470315933228,0.29824039340019226
000342.npy,"(128, 128)",float32,0.003722286317497492,1.5066758394241333,0.603560209274292,0.2991744875907898
000343.npy,"(128, 128)",float32,0.00811772607266903,1.6616816520690918,0.5929044485092163,0.31466051936149597
000344.npy,"(128, 128)",float32,0.004346638917922974,1.6732797622680664,0.4235607087612152,0.3162406086921692
000345.npy,"(128, 128)",float32,-0.002321789273992181,1.6076220273971558,0.3559253215789795,0.310860812664032
000346.npy,"(128, 128)",float32,0.011548597365617752,1.419619083404541,0.3378850221633911,0.28711625933647156
000347.npy,"(128, 128)",float32,0.0075600226409733295,1.5542519092559814,0.33846065402030945,0.29062750935554504
000348.npy,"(128, 128)",float32,-0.057103801518678665,1.512795329093933,0.23380456864833832,0.20220467448234558
000349.npy,"(128, 128)",float32,-0.02802567183971405,1.4777743816375732,0.3143951892852783,0.2548483610153198
000350.npy,"(128, 128)",float32,-0.045914426445961,1.1820625066757202,0.3026007413864136,0.2347962111234665
000351.npy,"(128, 128)",float32,-0.023881740868091583,1.2298110723495483,0.29629337787628174,0.22816219925880432
000352.npy,"(128, 128)",float32,-0.27844250202178955,1.5816190242767334,0.4970245361328125,0.2653146982192993
000353.npy,"(128, 128)",float32,-0.1105901300907135,0.9441257119178772,0.26579898595809937,0.14236880838871002
000354.npy,"(128, 128)",float32,-0.10112021863460541,0.9473667740821838,0.302396297454834,0.16488786041736603
000355.npy,"(128, 128)",float32,-0.13109295070171356,0.9670389890670776,0.3100801706314087,0.1640195995569229
000356.npy,"(128, 128)",float32,-0.043360497802495956,1.3703778982162476,0.42354005575180054,0.21423757076263428
000357.npy,"(128, 128)",float32,-0.00010161276441067457,1.1630444526672363,0.22385677695274353,0.11930026113986969
000358.npy,"(128, 128)",float32,0.0014889276353642344,1.2150286436080933,0.23534220457077026,0.1290917545557022
000359.npy,"(128, 128)",float32,0.00035168026806786656,1.202989935874939,0.23016346991062164,0.12518775463104248
000360.npy,"(128, 128)",float32,0.0068933856673538685,1.315985918045044,0.5308297872543335,0.23475587368011475
000361.npy,"(128, 128)",float32,0.04220465570688248,0.6995794773101807,0.18027648329734802,0.035482775419950485
000362.npy,"(128, 128)",float32,0.0504491850733757,1.160774827003479,0.2508426010608673,0.05647091940045357
000363.npy,"(128, 128)",float32,0.042775608599185944,0.7299062609672546,0.19900062680244446,0.05664658546447754
000364.npy,"(128, 128)",float32,-0.03612609580159187,1.4950653314590454,0.46318817138671875,0.24377626180648804
000365.npy,"(128, 128)",float32,-0.0948193296790123,1.3604077100753784,0.1317758858203888,0.13772980868816376
000366.npy,"(128, 128)",float32,-0.05163880065083504,1.6110931634902954,0.1383809894323349,0.14599847793579102
000367.npy,"(128, 128)",float32,-0.0727682113647461,1.5219266414642334,0.1323382705450058,0.1393008679151535
000368.npy,"(128, 128)",float32,0.005708874668926001,1.1907706260681152,0.39031946659088135,0.1773218810558319
000369.npy,"(128, 128)",float32,0.040797632187604904,1.1358801126480103,0.5040862560272217,0.14994189143180847
000370.npy,"(128, 128)",float32,0.013935185968875885,1.3507187366485596,0.5054261684417725,0.16754063963890076
000371.npy,"(128, 128)",float32,0.016435986384749413,1.3659753799438477,0.4970942735671997,0.1626773625612259
000372.npy,"(128, 128)",float32,0.004642782732844353,1.3085235357284546,0.48217010498046875,0.20271340012550354
000373.npy,"(128, 128)",float32,0.0034218658693134785,1.1488410234451294,0.44478070735931396,0.16171769797801971
000374.npy,"(128, 128)",float32,-0.0004751832748297602,1.1809970140457153,0.4488164782524109,0.1641741245985031
000375.npy,"(128, 128)",float32,0.0006450889632105827,1.2617018222808838,0.43097102642059326,0.1705089658498764
000376.npy,"(128, 128)",float32,-0.008426939137279987,1.7489253282546997,0.7050749063491821,0.2250201404094696
000377.npy,"(128, 128)",float32,-0.032559700310230255,1.6209468841552734,0.6950358748435974,0.2622508406639099
000378.npy,"(128, 128)",float32,0.01898590661585331,1.4675487279891968,0.6735891103744507,0.27461564540863037
000379.npy,"(128, 128)",float32,-0.03829018399119377,1.6297974586486816,0.708836555480957,0.2670309543609619
000380.npy,"(128, 128)",float32,-0.01165049523115158,1.4056330919265747,0.19498592615127563,0.19896672666072845
000381.npy,"(128, 128)",float32,0.009143096394836903,1.1684776544570923,0.46148377656936646,0.15615995228290558
000382.npy,"(128, 128)",float32,-0.01602358929812908,1.162075161933899,0.41920900344848633,0.14938341081142426
000383.npy,"(128, 128)",float32,0.0022629741579294205,1.5264023542404175,0.5052281618118286,0.17019225656986237
000384.npy,"(128, 128)",float32,-0.04438702389597893,1.5559972524642944,0.209433913230896,0.2711099684238434
000385.npy,"(128, 128)",float32,-0.0734180361032486,1.1394495964050293,0.3245701193809509,0.14767277240753174
000386.npy,"(128, 128)",float32,-0.07073189318180084,1.2060812711715698,0.2939578890800476,0.13616704940795898
000387.npy,"(128, 128)",float32,-0.06878209859132767,1.2586865425109863,0.31886574625968933,0.14858955144882202
000388.npy,"(128, 128)",float32,0.00581823056563735,1.4183956384658813,0.4686454236507416,0.2442580759525299
000389.npy,"(128, 128)",float32,-0.0021457523107528687,1.2393467426300049,0.1925068199634552,0.13086366653442383
000390.npy,"(128, 128)",float32,-0.020756831392645836,0.9465164542198181,0.07306240499019623,0.06370089948177338
000391.npy,"(128, 128)",float32,-0.004185784608125687,1.0604809522628784,0.11881257593631744,0.0886603519320488
000392.npy,"(128, 128)",float32,0.005360532086342573,1.2598029375076294,0.2866361737251282,0.17444895207881927
000393.npy,"(128, 128)",float32,-0.003176792524755001,1.272007942199707,0.5379851460456848,0.19234496355056763
000394.npy,"(128, 128)",float32,0.028412071987986565,1.3453190326690674,0.5678784847259521,0.1896209716796875
000395.npy,"(128, 128)",float32,0.0017852949677035213,1.3840962648391724,0.6373465061187744,0.21075467765331268
000396.npy,"(128, 128)",float32,0.003184044500812888,1.111856460571289,0.3573017716407776,0.144214928150177
000397.npy,"(128, 128)",float32,0.058329805731773376,1.717348575592041,0.8843381404876709,0.18162544071674347
000398.npy,"(128, 128)",float32,-0.0008506005397066474,1.6300830841064453,0.8357927203178406,0.1877174973487854
000399.npy,"(128, 128)",float32,-0.010204896330833435,1.6052724123001099,0.8124169707298279,0.18718598783016205
000400.npy,"(128, 128)",float32,-0.0028359489515423775,1.6787887811660767,0.5219906568527222,0.3777599632740021
000401.npy,"(128, 128)",float32,0.03380795940756798,1.384338140487671,0.65097975730896,0.1413542777299881
000402.npy,"(128, 128)",float32,0.014242555014789104,1.3687748908996582,0.7807310819625854,0.14109262824058533
000403.npy,"(128, 128)",float32,0.04793732985854149,1.5849579572677612,0.784325361251831,0.1677580177783966
000404.npy,"(128, 128)",float32,-0.007355260197073221,1.1586291790008545,0.3966215252876282,0.20256909728050232
000405.npy,"(128, 128)",float32,-0.1304835081100464,0.8899575471878052,0.2698671519756317,0.14518684148788452
000406.npy,"(128, 128)",float32,-0.12482277303934097,0.7986550331115723,0.25832414627075195,0.1375134289264679
000407.npy,"(128, 128)",float32,-0.13325688242912292,0.844944953918457,0.29992198944091797,0.15859167277812958
000408.npy,"(128, 128)",float32,-0.002811836078763008,1.3019111156463623,0.3992871642112732,0.24563848972320557
000409.npy,"(128, 128)",float32,-0.0029598672408610582,1.5770820379257202,0.5127444267272949,0.2864314913749695
000410.npy,"(128, 128)",float32,-0.00020676567510236055,1.3764928579330444,0.4930456280708313,0.2875462770462036
000411.npy,"(128, 128)",float32,0.00907464325428009,1.4641778469085693,0.5157397985458374,0.2780687212944031
000412.npy,"(128, 128)",float32,0.007882971316576004,1.5463043451309204,0.5602702498435974,0.19592975080013275
000413.npy,"(128, 128)",float32,-0.02832181006669998,1.463662028312683,0.64195317029953,0.19177789986133575
000414.npy,"(128, 128)",float32,-0.014739301055669785,1.3549970388412476,0.6534667015075684,0.18020941317081451
000415.npy,"(128, 128)",float32,-0.013958544470369816,1.409286379814148,0.6668282747268677,0.1759793907403946
000416.npy,"(128, 128)",float32,-0.033692680299282074,1.6598938703536987,0.29170912504196167,0.31793880462646484
000417.npy,"(128, 128)",float32,0.014335320331156254,1.340153694152832,0.3341544568538666,0.18203648924827576
000418.npy,"(128, 128)",float32,0.011622905731201172,1.7128182649612427,0.32279911637306213,0.18128424882888794
000419.npy,"(128, 128)",float32,0.0220022089779377,1.4179222583770752,0.3438306450843811,0.18981090188026428
000420.npy,"(128, 128)",float32,0.00534483278170228,1.4235042333602905,0.7362374067306519,0.18483051657676697
000421.npy,"(128, 128)",float32,0.02230674773454666,1.7267248630523682,0.7289128303527832,0.2137894332408905
000422.npy,"(128, 128)",float32,0.03643118962645531,1.5441999435424805,0.7322620749473572,0.2210104763507843
000423.npy,"(128, 128)",float32,0.01202582661062479,1.5756088495254517,0.728690505027771,0.21972934901714325
000424.npy,"(128, 128)",float32,-0.0057481094263494015,1.6433223485946655,0.4601064920425415,0.24105045199394226
000425.npy,"(128, 128)",float32,-0.019391199573874474,1.2309037446975708,0.06353367865085602,0.122726671397686
000426.npy,"(128, 128)",float32,-0.022768231108784676,1.2553523778915405,0.10606855899095535,0.16938786208629608
000427.npy,"(128, 128)",float32,-0.027427466586232185,1.3512548208236694,0.08300896733999252,0.13603545725345612
000428.npy,"(128, 128)",float32,-0.0016510685672983527,1.4456055164337158,0.21362219750881195,0.2076692283153534
000429.npy,"(128, 128)",float32,-0.0510423518717289,1.5723729133605957,0.515539288520813,0.3109847903251648
000430.npy,"(128, 128)",float32,0.0014153269585222006,1.6590574979782104,0.5761079788208008,0.3287085294723511
000431.npy,"(128, 128)",float32,0.0018607883248478174,1.4252849817276,0.532986044883728,0.3143213987350464
000432.npy,"(128, 128)",float32,-0.00820989441126585,1.245500087738037,0.24406486749649048,0.22045192122459412
000433.npy,"(128, 128)",float32,0.00020064678392373025,1.173168420791626,0.25545966625213623,0.15193182229995728
000434.npy,"(128, 128)",float32,-0.015167859382927418,1.2517890930175781,0.21760594844818115,0.13419128954410553
000435.npy,"(128, 128)",float32,0.013404672034084797,1.1202940940856934,0.2091551125049591,0.12505686283111572
000436.npy,"(128, 128)",float32,-0.003032728796824813,1.1790838241577148,0.14570114016532898,0.11530781537294388
000437.npy,"(128, 128)",float32,-0.007375895045697689,1.1912744045257568,0.27567920088768005,0.17732881009578705
000438.npy,"(128, 128)",float32,-0.004220484755933285,1.2744132280349731,0.28587427735328674,0.18954089283943176
000439.npy,"(128, 128)",float32,-0.004284057766199112,1.071959137916565,0.24997341632843018,0.16628384590148926
000440.npy,"(128, 128)",float32,-0.02469220943748951,1.8806456327438354,0.5688916444778442,0.26583921909332275
000441.npy,"(128, 128)",float32,-0.006405153311789036,1.599021553993225,0.571478009223938,0.28598394989967346
000442.npy,"(128, 128)",float32,-0.009470716118812561,1.515580177307129,0.5713533163070679,0.23981709778308868
000443.npy,"(128, 128)",float32,-0.018811853602528572,1.4276926517486572,0.5252938270568848,0.25664961338043213
000444.npy,"(128, 128)",float32,0.01183436531573534,1.428349256515503,0.2748880386352539,0.1539437621831894
000445.npy,"(128, 128)",float32,0.0014123860746622086,1.5492281913757324,0.48185232281684875,0.1876908540725708
000446.npy,"(128, 128)",float32,0.00939351599663496,1.5503721237182617,0.4862849712371826,0.18955230712890625
000447.npy,"(128, 128)",float32,0.0017972564091905951,1.285366415977478,0.48407766222953796,0.1706756353378296
000448.npy,"(128, 128)",float32,0.01759388856589794,1.3333783149719238,0.39521273970603943,0.19067488610744476
000449.npy,"(128, 128)",float32,-0.006923848297446966,1.3380883932113647,0.27244243025779724,0.17087005078792572
000450.npy,"(128, 128)",float32,-0.0016042502829805017,1.3115707635879517,0.2501024603843689,0.16226522624492645
000451.npy,"(128, 128)",float32,0.005155203863978386,1.317683219909668,0.25091877579689026,0.16078788042068481
000452.npy,"(128, 128)",float32,-0.009963992983102798,1.340937852859497,0.4010258913040161,0.29097917675971985
000453.npy,"(128, 128)",float32,0.00988084077835083,1.4884945154190063,0.8068736791610718,0.17155689001083374
000454.npy,"(128, 128)",float32,-0.003938398323953152,1.511209487915039,0.8056057691574097,0.18017441034317017
000455.npy,"(128, 128)",float32,0.009215565398335457,1.5722934007644653,0.8115948438644409,0.16740979254245758
000456.npy,"(128, 128)",float32,-0.005633356980979443,1.415021300315857,0.5640425682067871,0.20559830963611603
000457.npy,"(128, 128)",float32,-0.029051531106233597,1.736667513847351,0.314842164516449,0.19828131794929504
000458.npy,"(128, 128)",float32,-0.008908145129680634,1.6868643760681152,0.3137795925140381,0.19389115273952484
000459.npy,"(128, 128)",float32,-0.022805005311965942,1.8620247840881348,0.31558695435523987,0.19365042448043823
000460.npy,"(128, 128)",float32,-0.008128094486892223,1.7266865968704224,0.5281966924667358,0.26219475269317627
000461.npy,"(128, 128)",float32,-0.0036873489152640104,1.5476093292236328,0.5158611536026001,0.30929261445999146
000462.npy,"(128, 128)",float32,-0.009046078659594059,1.591059923171997,0.5332778096199036,0.31610360741615295
000463.npy,"(128, 128)",float32,0.0027801012620329857,1.5193268060684204,0.5420834422111511,0.31058016419410706
000464.npy,"(128, 128)",float32,-0.0015914315590634942,1.4774632453918457,0.3509954810142517,0.27997806668281555
000465.npy,"(128, 128)",float32,0.0418214425444603,1.3712462186813354,0.5406361818313599,0.21161922812461853
000466.npy,"(128, 128)",float32,0.046882905066013336,1.490539789199829,0.5284764170646667,0.21563191711902618
000467.npy,"(128, 128)",float32,-0.01046163309365511,1.4084160327911377,0.5278220176696777,0.22382566332817078
000468.npy,"(128, 128)",float32,0.02229570597410202,1.6571135520935059,0.47411882877349854,0.1678454428911209
000469.npy,"(128, 128)",float32,-0.0265231691300869,1.4036587476730347,0.292855441570282,0.21130536496639252
000470.npy,"(128, 128)",float32,-0.015981120988726616,1.3714152574539185,0.2803826928138733,0.20150648057460785
000471.npy,"(128, 128)",float32,-0.004199544433504343,1.4861685037612915,0.2957375645637512,0.21186380088329315
000472.npy,"(128, 128)",float32,-0.025467615574598312,1.730256199836731,0.5524057149887085,0.3560888171195984
000473.npy,"(128, 128)",float32,-0.005512326955795288,1.3578507900238037,0.5882017612457275,0.26792195439338684
000474.npy,"(128, 128)",float32,-0.009392120875418186,1.9384297132492065,0.7321503162384033,0.29499903321266174
000475.npy,"(128, 128)",float32,0.004016990307718515,1.6128329038619995,0.7538284063339233,0.28801727294921875
000476.npy,"(128, 128)",float32,-0.03898312523961067,1.4082382917404175,0.16137976944446564,0.14910563826560974
000477.npy,"(128, 128)",float32,0.03722779080271721,1.4502792358398438,0.4566902816295624,0.2000768482685089
000478.npy,"(128, 128)",float32,-0.0008433338371105492,1.5592085123062134,0.4491886496543884,0.19932985305786133
000479.npy,"(128, 128)",float32,0.010086198337376118,1.3986047506332397,0.4472752511501312,0.199956014752388
000480.npy,"(128, 128)",float32,-0.021540198475122452,1.038128137588501,0.23365020751953125,0.14194613695144653
000481.npy,"(128, 128)",float32,-0.01028925646096468,1.37542724609375,0.5428849458694458,0.24603526294231415
000482.npy,"(128, 128)",float32,-0.016520079225301743,1.4265557527542114,0.4961044490337372,0.254348486661911
000483.npy,"(128, 128)",float32,-0.01866104081273079,1.5829282999038696,0.542570948600769,0.2502150237560272
000484.npy,"(128, 128)",float32,0.0024329782463610172,1.615034818649292,0.591838002204895,0.2005423754453659
000485.npy,"(128, 128)",float32,-0.0013862613122910261,1.6792433261871338,0.639830470085144,0.25479841232299805
000486.npy,"(128, 128)",float32,0.0009277355275116861,1.434627652168274,0.666045069694519,0.2343355268239975
000487.npy,"(128, 128)",float32,-0.003396733431145549,1.722752571105957,0.666915774345398,0.2380291372537613
000488.npy,"(128, 128)",float32,-0.03401053696870804,1.151825189590454,0.16195893287658691,0.14667724072933197
000489.npy,"(128, 128)",float32,-0.015581822022795677,1.0492491722106934,0.3890972137451172,0.19339220225811005
000490.npy,"(128, 128)",float32,-0.018385477364063263,1.3306711912155151,0.4151121973991394,0.19483749568462372
000491.npy,"(128, 128)",float32,-0.003250871552154422,1.2507153749465942,0.41335606575012207,0.1908634752035141
000492.npy,"(128, 128)",float32,-0.004804457072168589,1.395808458328247,0.2469024658203125,0.18703114986419678
000493.npy,"(128, 128)",float32,0.004826813470572233,1.102281928062439,0.3976430892944336,0.1425141543149948
000494.npy,"(128, 128)",float32,0.04449908807873726,1.303138017654419,0.5011086463928223,0.17225785553455353
000495.npy,"(128, 128)",float32,0.030922794714570045,1.320860505104065,0.5147659182548523,0.16680872440338135
000496.npy,"(128, 128)",float32,-0.1031242161989212,1.633294701576233,0.6628227829933167,0.2861955761909485
000497.npy,"(128, 128)",float32,-0.01065884344279766,1.241380214691162,0.2974167764186859,0.17544759809970856
000498.npy,"(128, 128)",float32,-0.04908738285303116,1.0629616975784302,0.32790130376815796,0.18466798961162567
000499.npy,"(128, 128)",float32,-0.02437658980488777,1.459962010383606,0.27641046047210693,0.16670390963554382
000500.npy,"(128, 128)",float32,-0.005551728419959545,1.4865288734436035,0.6308143138885498,0.186660498380661
000501.npy,"(128, 128)",float32,-0.021489130333065987,1.6413612365722656,0.553310751914978,0.17954008281230927
000502.npy,"(128, 128)",float32,-0.003567291423678398,1.4991661310195923,0.5690422058105469,0.16988635063171387
000503.npy,"(128, 128)",float32,-0.025852616876363754,1.3931862115859985,0.5498442053794861,0.1641099452972412
000504.npy,"(128, 128)",float32,-0.012531168758869171,1.449134349822998,0.3672052025794983,0.2371492087841034
000505.npy,"(128, 128)",float32,-0.059130921959877014,1.467028260231018,0.28564393520355225,0.22746191918849945
000506.npy,"(128, 128)",float32,-0.03194070979952812,1.4147182703018188,0.29061824083328247,0.2281079888343811
000507.npy,"(128, 128)",float32,-0.015241144225001335,1.3653024435043335,0.29045265913009644,0.22800703346729279
000508.npy,"(128, 128)",float32,0.02389049530029297,1.6617343425750732,0.8626182079315186,0.2344520092010498
000509.npy,"(128, 128)",float32,-0.04719221964478493,1.3898320198059082,0.22340241074562073,0.14372770488262177
000510.npy,"(128, 128)",float32,-0.03010072559118271,1.0600208044052124,0.20676952600479126,0.11360795795917511
000511.npy,"(128, 128)",float32,-0.03979969397187233,1.114562749862671,0.21086230874061584,0.11465635895729065
000512.npy,"(128, 128)",float32,0.01297798752784729,1.5616813898086548,0.8063253164291382,0.20213860273361206
000513.npy,"(128, 128)",float32,-0.004488329403102398,1.5338257551193237,0.5814604759216309,0.2946978211402893
000514.npy,"(128, 128)",float32,-0.012696165591478348,1.3502447605133057,0.58842533826828,0.2868613004684448
000515.npy,"(128, 128)",float32,-0.010599990375339985,1.5616098642349243,0.6134828925132751,0.29263097047805786
000516.npy,"(128, 128)",float32,0.008644822053611279,1.44206702709198,0.753435492515564,0.16561734676361084
000517.npy,"(128, 128)",float32,-0.061533812433481216,1.481397271156311,0.6748440265655518,0.2597920298576355
000518.npy,"(128, 128)",float32,-0.04126321151852608,1.532857894897461,0.7094998359680176,0.22016893327236176
000519.npy,"(128, 128)",float32,-0.01596190594136715,1.459560751914978,0.7022290229797363,0.23690026998519897
000520.npy,"(128, 128)",float32,-0.030947711318731308,1.455323338508606,0.5471921563148499,0.19428515434265137
000521.npy,"(128, 128)",float32,0.011434133164584637,1.407380223274231,0.5467243194580078,0.22013802826404572
000522.npy,"(128, 128)",float32,0.011955362744629383,1.3463871479034424,0.535446286201477,0.21970462799072266
000523.npy,"(128, 128)",float32,0.01805855520069599,1.3745638132095337,0.5339248180389404,0.2306765615940094
000524.npy,"(128, 128)",float32,-0.02510717324912548,1.4702624082565308,0.4893511235713959,0.27070119976997375
000525.npy,"(128, 128)",float32,0.004513170104473829,1.4873610734939575,0.42068880796432495,0.17243564128875732
000526.npy,"(128, 128)",float32,0.1523464024066925,1.337923288345337,0.5978163480758667,0.136321559548378
000527.npy,"(128, 128)",float32,0.15508632361888885,1.4457740783691406,0.5813397169113159,0.13874325156211853
000528.npy,"(128, 128)",float32,0.07882505655288696,1.1039135456085205,0.18615657091140747,0.04736494645476341
000529.npy,"(128, 128)",float32,-0.055987484753131866,1.2475687265396118,0.5669028759002686,0.2030935287475586
000530.npy,"(128, 128)",float32,-0.0504116490483284,1.2598650455474854,0.5434209108352661,0.2268282175064087
000531.npy,"(128, 128)",float32,-0.020197026431560516,1.345877766609192,0.5327147245407104,0.20887145400047302
000532.npy,"(128, 128)",float32,0.014803988859057426,1.344888687133789,0.4257722496986389,0.15298764407634735
000533.npy,"(128, 128)",float32,-0.012867016717791557,1.8258659839630127,0.4724804162979126,0.19849564135074615
000534.npy,"(128, 128)",float32,-0.02267993986606598,1.2837868928909302,0.45161235332489014,0.18351413309574127
000535.npy,"(128, 128)",float32,-0.003114008577540517,1.298181414604187,0.45018813014030457,0.18432548642158508
000536.npy,"(128, 128)",float32,0.0027949768118560314,1.4781161546707153,0.3020629286766052,0.2122270166873932
000537.npy,"(128, 128)",float32,-0.006294455379247665,1.3058911561965942,0.39291566610336304,0.1820545196533203
000538.npy,"(128, 128)",float32,0.009136888198554516,1.502286434173584,0.404083788394928,0.18694552779197693
000539.npy,"(128, 128)",float32,0.00718634994700551,1.3104615211486816,0.39721590280532837,0.17877383530139923
000540.npy,"(128, 128)",float32,-0.00046345923328772187,1.541806697845459,0.8073056936264038,0.15562541782855988
000541.npy,"(128, 128)",float32,0.0017140029231086373,1.6955126523971558,0.37465935945510864,0.29040277004241943
000542.npy,"(128, 128)",float32,0.012057224288582802,1.6703464984893799,0.3458654582500458,0.27518972754478455
000543.npy,"(128, 128)",float32,0.004863389302045107,1.5718598365783691,0.3742835521697998,0.2925407886505127
000544.npy,"(128, 128)",float32,-0.018712181597948074,1.2925606966018677,0.664191722869873,0.14525392651557922
000545.npy,"(128, 128)",float32,-0.02201324887573719,1.5035078525543213,0.5852264165878296,0.2849574089050293
000546.npy,"(128, 128)",float32,-0.04495912790298462,1.5953999757766724,0.6162008047103882,0.28040987253189087
000547.npy,"(128, 128)",float32,-0.02656332589685917,1.332634449005127,0.4466029405593872,0.28160959482192993
000548.npy,"(128, 128)",float32,0.004375728312879801,1.2132488489151,0.4896569848060608,0.18251925706863403
000549.npy,"(128, 128)",float32,-0.0263506006449461,1.1519346237182617,0.04831700772047043,0.10171983391046524
000550.npy,"(128, 128)",float32,-0.032089218497276306,1.2189691066741943,0.03926246613264084,0.08519915491342545
000551.npy,"(128, 128)",float32,-0.027184102684259415,1.067813754081726,0.04732659459114075,0.10236933827400208
000552.npy,"(128, 128)",float32,-0.09301424026489258,1.2122029066085815,0.6349064707756042,0.20919552445411682
000553.npy,"(128, 128)",float32,-0.005254231858998537,1.2237108945846558,0.40912407636642456,0.26148200035095215
000554.npy,"(128, 128)",float32,-0.02014349214732647,1.2011172771453857,0.42539182305336,0.2780739665031433
000555.npy,"(128, 128)",float32,-0.0019120837096124887,1.2071255445480347,0.4278354048728943,0.2804573178291321
000556.npy,"(128, 128)",float32,-0.005465710535645485,1.2540154457092285,0.21125783026218414,0.09409850090742111
000557.npy,"(128, 128)",float32,0.022072449326515198,1.639365315437317,0.919802188873291,0.1631310135126114
000558.npy,"(128, 128)",float32,-0.006235518492758274,1.7373039722442627,0.8753422498703003,0.2059091031551361
000559.npy,"(128, 128)",float32,0.0008647218928672373,2.031140089035034,0.9218409657478333,0.17104658484458923
000560.npy,"(128, 128)",float32,-0.048608336597681046,1.5712153911590576,0.40943384170532227,0.21219182014465332
000561.npy,"(128, 128)",float32,-0.058340709656476974,1.6478753089904785,0.5438501238822937,0.23533228039741516
000562.npy,"(128, 128)",float32,-0.0027900293935090303,1.6333715915679932,0.5360251069068909,0.23738256096839905
000563.npy,"(128, 128)",float32,-0.021198855713009834,1.389897108078003,0.5211441516876221,0.23867568373680115
000564.npy,"(128, 128)",float32,0.0247070100158453,1.2944347858428955,0.5419163703918457,0.1323033571243286
000565.npy,"(128, 128)",float32,0.07585141062736511,1.3644529581069946,0.5898210406303406,0.15400876104831696
000566.npy,"(128, 128)",float32,0.006801338866353035,1.388118028640747,0.5905976295471191,0.1525437980890274
000567.npy,"(128, 128)",float32,0.13546103239059448,1.4175177812576294,0.625399112701416,0.14045798778533936
000568.npy,"(128, 128)",float32,-0.036076150834560394,1.7797887325286865,0.5983012914657593,0.24554802477359772
000569.npy,"(128, 128)",float32,-0.010304135270416737,1.3780567646026611,0.4318099319934845,0.22365666925907135
000570.npy,"(128, 128)",float32,-0.017931951209902763,1.3481186628341675,0.4214046597480774,0.2109052985906601
000571.npy,"(128, 128)",float32,-0.00962809007614851,1.355733036994934,0.4269419014453888,0.22405709326267242
000572.npy,"(128, 128)",float32,-0.029658528044819832,1.0606689453125,0.2778617739677429,0.18850743770599365
000573.npy,"(128, 128)",float32,-0.015321047976613045,1.6755661964416504,0.9314095973968506,0.16727356612682343
000574.npy,"(128, 128)",float32,0.18962790071964264,1.8562557697296143,0.9316163063049316,0.1774420589208603
000575.npy,"(128, 128)",float32,0.029475942254066467,1.7133560180664062,0.9316449165344238,0.16961881518363953
000576.npy,"(128, 128)",float32,-0.009137129411101341,1.6891039609909058,0.48869436979293823,0.29263830184936523
000577.npy,"(128, 128)",float32,0.003393432591110468,1.5306334495544434,0.6630557775497437,0.26197540760040283
000578.npy,"(128, 128)",float32,-0.0006778266397304833,1.7014899253845215,0.6599060297012329,0.28805920481681824
000579.npy,"(128, 128)",float32,-0.012726047076284885,1.937700629234314,0.6449673771858215,0.27079787850379944
000580.npy,"(128, 128)",float32,-0.008825830183923244,1.4834438562393188,0.6034038662910461,0.23269645869731903
000581.npy,"(128, 128)",float32,-0.005154547747224569,1.2499920129776,0.3782885670661926,0.23953062295913696
000582.npy,"(128, 128)",float32,-0.009053502231836319,1.2778974771499634,0.4047156572341919,0.2507231533527374
000583.npy,"(128, 128)",float32,-0.002225881442427635,1.2323310375213623,0.4388299584388733,0.24513410031795502
000584.npy,"(128, 128)",float32,0.08926331251859665,1.3451998233795166,0.36726778745651245,0.15997780859470367
000585.npy,"(128, 128)",float32,0.025836914777755737,1.3353004455566406,0.3914208710193634,0.15057924389839172
000586.npy,"(128, 128)",float32,0.002818650333210826,1.1314561367034912,0.37857121229171753,0.14167284965515137
000587.npy,"(128, 128)",float32,0.04130250960588455,1.111767053604126,0.3823559880256653,0.1397741138935089
000588.npy,"(128, 128)",float32,-0.00228452542796731,1.3347663879394531,0.2654936909675598,0.29042521119117737
000589.npy,"(128, 128)",float32,0.04519736394286156,1.6294844150543213,0.5503342151641846,0.20771051943302155
000590.npy,"(128, 128)",float32,-0.016986172646284103,1.4208874702453613,0.5107164978981018,0.19234466552734375
000591.npy,"(128, 128)",float32,0.03995489329099655,1.243181586265564,0.5261703729629517,0.18171986937522888
000592.npy,"(128, 128)",float32,-0.0006148206302896142,1.6062730550765991,0.6147570610046387,0.27018439769744873
000593.npy,"(128, 128)",float32,-0.00615173252299428,1.432295799255371,0.534359872341156,0.18675780296325684
000594.npy,"(128, 128)",float32,0.001184367574751377,1.3464851379394531,0.5130900740623474,0.18019196391105652
000595.npy,"(128, 128)",float32,-0.036057163029909134,1.2963351011276245,0.5471804141998291,0.17656798660755157
000596.npy,"(128, 128)",float32,-0.016126291826367378,1.627084732055664,0.7674784064292908,0.24532106518745422
000597.npy,"(128, 128)",float32,-0.0036971739027649164,1.1318480968475342,0.5075932741165161,0.12733986973762512
000598.npy,"(128, 128)",float32,0.003693470498546958,1.076393961906433,0.3389190435409546,0.13735491037368774
000599.npy,"(128, 128)",float32,-0.0003150810080114752,1.0773271322250366,0.3384620249271393,0.1430291384458542
000600.npy,"(128, 128)",float32,-0.00596017437055707,1.5747621059417725,0.40590721368789673,0.3482297360897064
000601.npy,"(128, 128)",float32,-0.0013263298897072673,1.4107900857925415,0.20889966189861298,0.27785125374794006
000602.npy,"(128, 128)",float32,-0.00785880908370018,1.2963565587997437,0.2082480639219284,0.27815425395965576
000603.npy,"(128, 128)",float32,0.0010122174862772226,1.4388023614883423,0.2822377383708954,0.3044496476650238
000604.npy,"(128, 128)",float32,-0.07303322851657867,1.5129133462905884,0.5539536476135254,0.38657405972480774
000605.npy,"(128, 128)",float32,-0.043267622590065,1.3352024555206299,0.4359131455421448,0.2969052493572235
000606.npy,"(128, 128)",float32,-0.0705687403678894,1.3718926906585693,0.441131591796875,0.2922784686088562
000607.npy,"(128, 128)",float32,-0.03071209229528904,1.2914307117462158,0.44124916195869446,0.31333303451538086
000608.npy,"(128, 128)",float32,0.002062325133010745,1.3488225936889648,0.39351773262023926,0.2444414496421814
000609.npy,"(128, 128)",float32,-0.015365762636065483,1.1754757165908813,0.31652751564979553,0.18075363337993622
000610.npy,"(128, 128)",float32,-0.01332509983330965,1.2489546537399292,0.30821067094802856,0.1785077005624771
000611.npy,"(128, 128)",float32,0.001026465673930943,1.0724678039550781,0.24604688584804535,0.1213507354259491
000612.npy,"(128, 128)",float32,-0.013237567618489265,1.327645182609558,0.2798737585544586,0.18237827718257904
000613.npy,"(128, 128)",float32,-0.042589351534843445,1.2614704370498657,0.16409523785114288,0.14954979717731476
000614.npy,"(128, 128)",float32,-0.03380049765110016,1.1765598058700562,0.16363096237182617,0.14806820452213287
000615.npy,"(128, 128)",float32,-0.028682559728622437,1.3558489084243774,0.16367384791374207,0.14851687848567963
000616.npy,"(128, 128)",float32,0.005941146053373814,1.501327395439148,0.8217305541038513,0.2400185465812683
000617.npy,"(128, 128)",float32,-0.020923689007759094,1.4060306549072266,0.457923948764801,0.18524309992790222
000618.npy,"(128, 128)",float32,-0.004758473951369524,1.1324272155761719,0.4713627099990845,0.1690334677696228
000619.npy,"(128, 128)",float32,-0.0056404247879981995,1.312585473060608,0.4807068705558777,0.16845481097698212
000620.npy,"(128, 128)",float32,-0.009521187283098698,1.311398983001709,0.5982275009155273,0.20752215385437012
000621.npy,"(128, 128)",float32,-0.0020830018911510706,1.3095285892486572,0.5617268085479736,0.1542062908411026
000622.npy,"(128, 128)",float32,0.005464336834847927,1.2598066329956055,0.5611653923988342,0.14420481026172638
000623.npy,"(128, 128)",float32,0.00931594893336296,1.2368038892745972,0.530694305896759,0.1435057520866394
000624.npy,"(128, 128)",float32,-0.10917201638221741,1.3974870443344116,0.116392582654953,0.22047540545463562
000625.npy,"(128, 128)",float32,-0.213240846991539,1.5335807800292969,0.5002050399780273,0.272569864988327
000626.npy,"(128, 128)",float32,-0.2200772911310196,1.5356223583221436,0.49785375595092773,0.2666163742542267
000627.npy,"(128, 128)",float32,-0.2291465699672699,1.5912387371063232,0.5015943050384521,0.27180740237236023
000628.npy,"(128, 128)",float32,-0.006818872410804033,1.452712059020996,0.5086079239845276,0.2665637135505676
000629.npy,"(128, 128)",float32,0.0507633201777935,1.436930537223816,0.5395973920822144,0.18141423165798187
000630.npy,"(128, 128)",float32,0.014526600949466228,1.297831416130066,0.49874478578567505,0.1841701865196228
000631.npy,"(128, 128)",float32,-0.0023758618626743555,1.300510287284851,0.5262722969055176,0.18362265825271606
000632.npy,"(128, 128)",float32,-0.004047435708343983,1.5720878839492798,0.537097692489624,0.2380891740322113
000633.npy,"(128, 128)",float32,-0.0005968371988274157,1.253804326057434,0.36130401492118835,0.1651771515607834
000634.npy,"(128, 128)",float32,-0.003636712208390236,1.164574384689331,0.37996619939804077,0.1618550568819046
000635.npy,"(128, 128)",float32,-0.0053338767029345036,1.1987367868423462,0.3796936869621277,0.16531674563884735
000636.npy,"(128, 128)",float32,-0.015176246874034405,1.2105799913406372,0.1370747983455658,0.11232121288776398
000637.npy,"(128, 128)",float32,0.011560848914086819,1.1596964597702026,0.3702293038368225,0.13599301874637604
000638.npy,"(128, 128)",float32,0.004506542347371578,1.1283423900604248,0.3628932237625122,0.13578587770462036
000639.npy,"(128, 128)",float32,0.006136843468993902,1.2084486484527588,0.3597312271595001,0.14268667995929718
000640.npy,"(128, 128)",float32,-0.012464539147913456,1.7919116020202637,0.4773176908493042,0.23630717396736145
000641.npy,"(128, 128)",float32,0.1105700135231018,1.3235992193222046,0.5595051646232605,0.13252900540828705
000642.npy,"(128, 128)",float32,0.09250356256961823,1.206007957458496,0.5563350319862366,0.13034215569496155
000643.npy,"(128, 128)",float32,-0.0065023330971598625,1.6273143291473389,0.9591020345687866,0.14339829981327057
000644.npy,"(128, 128)",float32,-0.00474084448069334,1.2805205583572388,0.5781517624855042,0.16230453550815582
000645.npy,"(128, 128)",float32,0.02461559697985649,1.4844974279403687,0.5637736320495605,0.17563390731811523
000646.npy,"(128, 128)",float32,0.0016120612854138017,1.2606182098388672,0.569420576095581,0.174018993973732
000647.npy,"(128, 128)",float32,0.021211212500929832,1.512035846710205,0.5918117165565491,0.17634794116020203
000648.npy,"(128, 128)",float32,0.0013279893901199102,1.3620216846466064,0.5509343147277832,0.21766254305839539
000649.npy,"(128, 128)",float32,-0.024524150416254997,1.324572205543518,0.24942171573638916,0.20244306325912476
000650.npy,"(128, 128)",float32,-0.030054016038775444,1.2134735584259033,0.2664613723754883,0.20530398190021515
000651.npy,"(128, 128)",float32,-0.016909852623939514,1.390512466430664,0.24974757432937622,0.2022826075553894
000652.npy,"(128, 128)",float32,0.0016920717898756266,1.2769771814346313,0.24829283356666565,0.11660883575677872
000653.npy,"(128, 128)",float32,-0.0005062899435870349,1.2403628826141357,0.20009860396385193,0.13296863436698914
000654.npy,"(128, 128)",float32,-0.007869456894695759,1.3513888120651245,0.19478082656860352,0.13362544775009155
000655.npy,"(128, 128)",float32,-0.007267759181559086,1.333127737045288,0.19392476975917816,0.13194365799427032
000656.npy,"(128, 128)",float32,-0.01883697882294655,1.5453823804855347,0.4829143285751343,0.26298385858535767
000657.npy,"(128, 128)",float32,0.011754616163671017,1.7391653060913086,0.7179595828056335,0.24907109141349792
000658.npy,"(128, 128)",float32,0.039047662168741226,1.6929640769958496,0.7212322950363159,0.24740806221961975
000659.npy,"(128, 128)",float32,0.04727809131145477,1.5162177085876465,0.6589477062225342,0.24575106799602509
000660.npy,"(128, 128)",float32,0.0002538622939027846,1.3881380558013916,0.3256377875804901,0.21126499772071838
000661.npy,"(128, 128)",float32,0.011626703664660454,1.3303155899047852,0.6282764673233032,0.287655770778656
000662.npy,"(128, 128)",float32,-0.010514574125409126,1.5725116729736328,0.6089612245559692,0.29422834515571594
000663.npy,"(128, 128)",float32,0.002826450392603874,1.6769864559173584,0.63399338722229,0.2861020863056183
000664.npy,"(128, 128)",float32,-0.12682868540287018,1.5595366954803467,0.4969021677970886,0.29035115242004395
000665.npy,"(128, 128)",float32,0.006328337825834751,1.1519187688827515,0.18405568599700928,0.07921462506055832
000666.npy,"(128, 128)",float32,-0.09840013086795807,0.9436505436897278,0.024789560586214066,0.033348117023706436
000667.npy,"(128, 128)",float32,-0.07978273928165436,1.1166377067565918,0.025676865130662918,0.04388352110981941
000668.npy,"(128, 128)",float32,-0.0002776661713141948,1.4242007732391357,0.530085563659668,0.21481254696846008
000669.npy,"(128, 128)",float32,0.002849818905815482,1.4494704008102417,0.6160542964935303,0.21037931740283966
000670.npy,"(128, 128)",float32,-0.0069355727173388,1.37752103805542,0.5718522071838379,0.24461446702480316
000671.npy,"(128, 128)",float32,0.002839983906596899,1.3968058824539185,0.609422504901886,0.21454520523548126
000672.npy,"(128, 128)",float32,-0.054815180599689484,1.3704534769058228,0.405855655670166,0.27594757080078125
000673.npy,"(128, 128)",float32,-0.00225932733155787,1.4298226833343506,0.503271222114563,0.22991697490215302
000674.npy,"(128, 128)",float32,0.005892215762287378,1.506278157234192,0.5041978359222412,0.23167239129543304
000675.npy,"(128, 128)",float32,-0.010304512456059456,1.3981510400772095,0.5101504325866699,0.22892150282859802
000676.npy,"(128, 128)",float32,-0.08796761184930801,1.4621683359146118,0.26106181740760803,0.2647959589958191
000677.npy,"(128, 128)",float32,-0.1335073709487915,1.7623097896575928,0.46128907799720764,0.2591226398944855
000678.npy,"(128, 128)",float32,-0.08003143221139908,1.630906343460083,0.460099995136261,0.25216537714004517
000679.npy,"(128, 128)",float32,-0.0850246325135231,1.635837197303772,0.459975004196167,0.2540394365787506
000680.npy,"(128, 128)",float32,-0.005873244721442461,1.5588891506195068,0.3745771050453186,0.29378294944763184
000681.npy,"(128, 128)",float32,-0.006531505845487118,1.3859385251998901,0.33248305320739746,0.28463172912597656
000682.npy,"(128, 128)",float32,-0.013985062018036842,1.5313689708709717,0.32328832149505615,0.2858874201774597
000683.npy,"(128, 128)",float32,-0.018487930297851562,1.416731595993042,0.32895946502685547,0.2824506163597107
000684.npy,"(128, 128)",float32,-0.022836962714791298,1.532440423965454,0.3856585621833801,0.24387522041797638
000685.npy,"(128, 128)",float32,-0.004933293908834457,1.5365962982177734,0.5924769639968872,0.2603161036968231
000686.npy,"(128, 128)",float32,-0.0032519076485186815,1.7168939113616943,0.6527363061904907,0.2697010040283203
000687.npy,"(128, 128)",float32,0.008711653761565685,1.660156011581421,0.563545823097229,0.2293740063905716
000688.npy,"(128, 128)",float32,-0.022343790158629417,1.4161927700042725,0.4843829870223999,0.3067092299461365
000689.npy,"(128, 128)",float32,-0.0007390977698378265,1.4348227977752686,0.448581725358963,0.25219985842704773
000690.npy,"(128, 128)",float32,-0.0019144825637340546,1.4272172451019287,0.45245420932769775,0.25362634658813477
000691.npy,"(128, 128)",float32,-0.011379650793969631,1.4146122932434082,0.4508381187915802,0.25202834606170654
000692.npy,"(128, 128)",float32,-0.006521617062389851,1.464457631111145,0.5528991222381592,0.33174288272857666
000693.npy,"(128, 128)",float32,0.00476352171972394,1.037326693534851,0.16043075919151306,0.13674336671829224
000694.npy,"(128, 128)",float32,0.002746053971350193,1.3286221027374268,0.2440263032913208,0.20582158863544464
000695.npy,"(128, 128)",float32,-0.011192375794053078,1.0710595846176147,0.18239378929138184,0.1660435050725937
000696.npy,"(128, 128)",float32,-0.00043216845369897783,1.4389424324035645,0.5650458335876465,0.1989770382642746
000697.npy,"(128, 128)",float32,-0.004780126269906759,1.6775981187820435,0.8321523070335388,0.22706574201583862
000698.npy,"(128, 128)",float32,-0.0018552611581981182,1.6735750436782837,0.8245837688446045,0.21669837832450867
000699.npy,"(128, 128)",float32,-0.009866059757769108,1.6949869394302368,0.8515826463699341,0.21507620811462402
000700.npy,"(128, 128)",float32,0.004981262143701315,1.5757492780685425,0.314083993434906,0.3268944025039673
000701.npy,"(128, 128)",float32,0.0005234573618508875,1.2104260921478271,0.18738919496536255,0.09601665288209915
000702.npy,"(128, 128)",float32,-0.004800668451935053,0.9841065406799316,0.1930152326822281,0.09260369092226028
000703.npy,"(128, 128)",float32,0.0008745012455619872,1.0507575273513794,0.18864640593528748,0.09774699062108994
000704.npy,"(128, 128)",float32,-0.011550084687769413,1.552489161491394,0.405033677816391,0.31198447942733765
000705.npy,"(128, 128)",float32,0.012276522815227509,1.23219633102417,0.4138088822364807,0.14456535875797272
000706.npy,"(128, 128)",float32,0.00894908793270588,1.1801351308822632,0.4147854149341583,0.1417386531829834
000707.npy,"(128, 128)",float32,0.003310060827061534,1.2991176843643188,0.36743396520614624,0.140334352850914
000708.npy,"(128, 128)",float32,5.5290587624767795e-05,1.382582664489746,0.3196217715740204,0.2439841479063034
000709.npy,"(128, 128)",float32,-0.017760297283530235,1.0988836288452148,0.08266416192054749,0.11455809324979782
000710.npy,"(128, 128)",float32,-0.029966946691274643,1.1819736957550049,0.09010938555002213,0.12509498000144958
000711.npy,"(128, 128)",float32,-0.027248281985521317,1.1382055282592773,0.09068675339221954,0.12595775723457336
000712.npy,"(128, 128)",float32,-0.011035958305001259,1.4077366590499878,0.3151341676712036,0.28295812010765076
000713.npy,"(128, 128)",float32,-0.006212451960891485,1.2994794845581055,0.25788185000419617,0.24105070531368256
000714.npy,"(128, 128)",float32,0.003417286090552807,1.346469759941101,0.2905878722667694,0.2594696581363678
000715.npy,"(128, 128)",float32,-0.0016533664893358946,1.465407371520996,0.28157177567481995,0.25517457723617554
000716.npy,"(128, 128)",float32,-0.015662632882595062,1.4526156187057495,0.28300702571868896,0.21661394834518433
000717.npy,"(128, 128)",float32,-0.037320028990507126,1.274643063545227,0.40845799446105957,0.23076693713665009
000718.npy,"(128, 128)",float32,-0.015398080460727215,1.3736793994903564,0.40021103620529175,0.23169928789138794
000719.npy,"(128, 128)",float32,-0.028836704790592194,1.3428720235824585,0.40975576639175415,0.22924162447452545
000720.npy,"(128, 128)",float32,-0.0019945441745221615,1.2939578294754028,0.29934269189834595,0.1677275449037552
000721.npy,"(128, 128)",float32,-0.01480554137378931,1.033979892730713,0.27584707736968994,0.1747763454914093
000722.npy,"(128, 128)",float32,0.0017337334575131536,1.1901788711547852,0.2611175775527954,0.17488980293273926
000723.npy,"(128, 128)",float32,-0.010492509230971336,1.2096678018569946,0.262421578168869,0.17894713580608368
000724.npy,"(128, 128)",float32,-2.840086744981818e-05,1.0583832263946533,0.2557753920555115,0.10573114454746246
000725.npy,"(128, 128)",float32,-0.06250406801700592,1.089961051940918,0.20465518534183502,0.1309044510126114
000726.npy,"(128, 128)",float32,-0.05706808343529701,1.077124834060669,0.20630991458892822,0.134199321269989
000727.npy,"(128, 128)",float32,-0.038246311247348785,1.1813597679138184,0.20430812239646912,0.13535422086715698
000728.npy,"(128, 128)",float32,0.010897847823798656,1.300736904144287,0.5298740863800049,0.20508408546447754
000729.npy,"(128, 128)",float32,-0.0063264379277825356,1.3562692403793335,0.5012645721435547,0.23969979584217072
000730.npy,"(128, 128)",float32,0.005405844654887915,1.328211784362793,0.3305624723434448,0.16413165628910065
000731.npy,"(128, 128)",float32,-0.020683346316218376,1.2309309244155884,0.4939880669116974,0.23091913759708405
000732.npy,"(128, 128)",float32,-0.023753082379698753,1.2828642129898071,0.4952114224433899,0.24745973944664001
000733.npy,"(128, 128)",float32,0.09366574883460999,1.2892565727233887,0.7403085231781006,0.13133488595485687
000734.npy,"(128, 128)",float32,-0.039328526705503464,1.546922206878662,0.7441298961639404,0.1646886020898819
000735.npy,"(128, 128)",float32,0.04737626388669014,1.6409130096435547,0.798278272151947,0.14926718175411224
000736.npy,"(128, 128)",float32,-0.004803911782801151,1.4619704484939575,0.38532769680023193,0.22844521701335907
000737.npy,"(128, 128)",float32,0.035398684442043304,1.6459585428237915,0.8695898056030273,0.16997966170310974
000738.npy,"(128, 128)",float32,-0.008001798763871193,1.7231791019439697,0.6537894010543823,0.29768070578575134
000739.npy,"(128, 128)",float32,0.01505222823470831,1.7226932048797607,0.626738429069519,0.3036864995956421
000740.npy,"(128, 128)",float32,-0.006934696808457375,1.3864941596984863,0.42297178506851196,0.135458841919899
000741.npy,"(128, 128)",float32,0.012544362805783749,1.352792739868164,0.6949259042739868,0.16397622227668762
000742.npy,"(128, 128)",float32,0.0129504119977355,1.568176031112671,0.7101390361785889,0.17732875049114227
000743.npy,"(128, 128)",float32,0.020911769941449165,1.4281814098358154,0.6910383105278015,0.17720413208007812
000744.npy,"(128, 128)",float32,-0.006195002235472202,1.1073322296142578,0.19375891983509064,0.13912640511989594
000745.npy,"(128, 128)",float32,0.007234192918986082,1.3926784992218018,0.5494540929794312,0.21985690295696259
000746.npy,"(128, 128)",float32,0.0059082359075546265,1.5707536935806274,0.5562294125556946,0.22823788225650787
000747.npy,"(128, 128)",float32,0.016224954277276993,1.4492530822753906,0.5445326566696167,0.21277083456516266
000748.npy,"(128, 128)",float32,-0.00016386805509682745,1.296534538269043,0.5130987167358398,0.23397709429264069
000749.npy,"(128, 128)",float32,-0.009130207821726799,1.0678423643112183,0.3249184489250183,0.15719538927078247
000750.npy,"(128, 128)",float32,0.00711138965561986,1.09221351146698,0.31563282012939453,0.15911568701267242
000751.npy,"(128, 128)",float32,-0.000353616924257949,1.1124588251113892,0.3254551589488983,0.15580208599567413
000752.npy,"(128, 128)",float32,0.01676885597407818,1.4303854703903198,0.29182079434394836,0.13893823325634003
000753.npy,"(128, 128)",float32,-0.0013335960684344172,1.581644892692566,0.518766462802887,0.21556073427200317
000754.npy,"(128, 128)",float32,0.010395606979727745,1.4400767087936401,0.49794209003448486,0.21137462556362152
000755.npy,"(128, 128)",float32,0.04019052907824516,1.480697512626648,0.5008870363235474,0.21625016629695892
000756.npy,"(128, 128)",float32,-0.0244766715914011,1.1717056035995483,0.27578139305114746,0.16261112689971924
000757.npy,"(128, 128)",float32,-0.0016227868618443608,1.3678665161132812,0.3141232430934906,0.287823885679245
000758.npy,"(128, 128)",float32,-0.0006315037608146667,1.4379445314407349,0.29787108302116394,0.28181901574134827
000759.npy,"(128, 128)",float32,-0.016151875257492065,1.2853338718414307,0.25793009996414185,0.21413400769233704
000760.npy,"(128, 128)",float32,0.024958373978734016,1.3138149976730347,0.5776030421257019,0.15784521400928497
000761.npy,"(128, 128)",float32,0.07741506397724152,1.3000285625457764,0.4865015149116516,0.171902596950531
000762.npy,"(128, 128)",float32,0.08325763791799545,1.3561760187149048,0.4972625970840454,0.18163838982582092
000763.npy,"(128, 128)",float32,0.07096237689256668,1.3101376295089722,0.5085586309432983,0.1832677274942398
000764.npy,"(128, 128)",float32,-0.014653593301773071,1.67788565158844,0.3082224130630493,0.2657105326652527
000765.npy,"(128, 128)",float32,-0.007286412175744772,1.238442063331604,0.24734994769096375,0.2295892834663391
000766.npy,"(128, 128)",float32,-0.012512912042438984,1.201090931892395,0.2526071071624756,0.23405176401138306
000767.npy,"(128, 128)",float32,0.006320763844996691,1.220381736755371,0.24992606043815613,0.2319324016571045
000768.npy,"(128, 128)",float32,-0.05084611475467682,1.4070299863815308,0.3898354768753052,0.24490848183631897
000769.npy,"(128, 128)",float32,0.00621112622320652,1.3162528276443481,0.38550806045532227,0.13965199887752533
000770.npy,"(128, 128)",float32,-0.0006317162769846618,1.3399856090545654,0.38384348154067993,0.1370687484741211
000771.npy,"(128, 128)",float32,-0.0018471202347427607,1.6894220113754272,0.3911243677139282,0.14285950362682343
000772.npy,"(128, 128)",float32,-0.012150549329817295,1.4168344736099243,0.5319497585296631,0.2378341555595398
000773.npy,"(128, 128)",float32,-0.01628667674958706,1.3949649333953857,0.2915056049823761,0.2331586331129074
000774.npy,"(128, 128)",float32,-0.027266284450888634,1.5001074075698853,0.29134073853492737,0.23452705144882202
000775.npy,"(128, 128)",float32,-0.015307774767279625,1.6463011503219604,0.2911001443862915,0.23498886823654175
000776.npy,"(128, 128)",float32,-0.002975242445245385,1.6509780883789062,0.6282614469528198,0.24395965039730072
000777.npy,"(128, 128)",float32,0.0007228045724332333,1.3310178518295288,0.6092045307159424,0.1809433549642563
000778.npy,"(128, 128)",float32,-0.007614001631736755,1.6506043672561646,0.6151710748672485,0.18376828730106354
000779.npy,"(128, 128)",float32,0.0004691187059506774,1.4144501686096191,0.6271028518676758,0.18572328984737396
000780.npy,"(128, 128)",float32,-0.009563581086695194,1.4251868724822998,0.3660668134689331,0.2821122109889984
000781.npy,"(128, 128)",float32,0.0324149951338768,1.2028180360794067,0.4793158769607544,0.15251390635967255
000782.npy,"(128, 128)",float32,0.004237466957420111,1.2641268968582153,0.5002163648605347,0.14473994076251984
000783.npy,"(128, 128)",float32,0.014176543802022934,1.2350404262542725,0.5014451742172241,0.14589917659759521
000784.npy,"(128, 128)",float32,-0.059112343937158585,1.4679685831069946,0.40751323103904724,0.32354870438575745
000785.npy,"(128, 128)",float32,-0.003052760846912861,1.1015729904174805,0.10967739671468735,0.12827152013778687
000786.npy,"(128, 128)",float32,0.0006000749417580664,1.1248806715011597,0.1146533340215683,0.12826600670814514
000787.npy,"(128, 128)",float32,-0.014750801026821136,1.237756371498108,0.1320917010307312,0.15855789184570312
000788.npy,"(128, 128)",float32,0.0006022073212079704,1.500684380531311,0.6016637086868286,0.22153441607952118
000789.npy,"(128, 128)",float32,-0.008079619146883488,1.4768779277801514,0.31226208806037903,0.2968689203262329
000790.npy,"(128, 128)",float32,-0.00472006481140852,1.458602786064148,0.26791462302207947,0.30101749300956726
000791.npy,"(128, 128)",float32,-0.0035139445681124926,1.4122425317764282,0.3303477466106415,0.2962450385093689
000792.npy,"(128, 128)",float32,0.030857566744089127,1.6342521905899048,0.6941555738449097,0.2220447063446045
000793.npy,"(128, 128)",float32,-0.0028292853385210037,0.9758338928222656,0.36271458864212036,0.1297096312046051
000794.npy,"(128, 128)",float32,-0.009522336535155773,1.048816204071045,0.35904112458229065,0.12703192234039307
000795.npy,"(128, 128)",float32,-0.006832352839410305,1.322056531906128,0.3273482024669647,0.12473748624324799
000796.npy,"(128, 128)",float32,0.03779962658882141,1.549638032913208,0.8695209622383118,0.15091021358966827
000797.npy,"(128, 128)",float32,-0.008628872223198414,0.7581371068954468,0.09368617832660675,0.10216791927814484
000798.npy,"(128, 128)",float32,-0.008716998621821404,0.9414629936218262,0.10341291129589081,0.11037933081388474
000799.npy,"(128, 128)",float32,-0.0157352015376091,1.1982249021530151,0.11295678466558456,0.1272515505552292
000800.npy,"(128, 128)",float32,0.05845757573843002,1.4186699390411377,0.49843695759773254,0.16114860773086548
000801.npy,"(128, 128)",float32,0.00998407881706953,1.5258160829544067,0.617591142654419,0.27625611424446106
000802.npy,"(128, 128)",float32,0.0008931178017519414,1.4432837963104248,0.6353840827941895,0.23871181905269623
000803.npy,"(128, 128)",float32,0.00584256649017334,1.5436813831329346,0.6029190421104431,0.26503580808639526
000804.npy,"(128, 128)",float32,0.0006654983735643327,1.4477274417877197,0.38852232694625854,0.2006562501192093
000805.npy,"(128, 128)",float32,-0.007388176862150431,1.4451824426651,0.1687467396259308,0.19394129514694214
000806.npy,"(128, 128)",float32,-0.012244739569723606,1.528356909751892,0.251579612493515,0.2674637734889984
000807.npy,"(128, 128)",float32,-0.01781686767935753,1.5023912191390991,0.23377855122089386,0.2563433349132538
000808.npy,"(128, 128)",float32,-0.007009314838796854,1.0407425165176392,0.12058866024017334,0.10886425524950027
000809.npy,"(128, 128)",float32,0.04316201061010361,1.6363639831542969,0.9061158299446106,0.20784837007522583
000810.npy,"(128, 128)",float32,0.014825399965047836,1.717503309249878,0.9152398109436035,0.2130827009677887
000811.npy,"(128, 128)",float32,-0.02142798714339733,1.6159849166870117,0.8695891499519348,0.24321502447128296
000812.npy,"(128, 128)",float32,-0.009019247256219387,1.1944420337677002,0.14632360637187958,0.16025526821613312
000813.npy,"(128, 128)",float32,-0.017103344202041626,1.2602288722991943,0.2725675404071808,0.23465384542942047
000814.npy,"(128, 128)",float32,-0.01547172013670206,1.2880488634109497,0.2692907750606537,0.23251202702522278
000815.npy,"(128, 128)",float32,-0.028160950168967247,1.2797173261642456,0.29808861017227173,0.22792820632457733
000816.npy,"(128, 128)",float32,-0.014048396609723568,1.1265344619750977,0.3685322105884552,0.10922884196043015
000817.npy,"(128, 128)",float32,0.00041927871643565595,1.1886487007141113,0.31273001432418823,0.1740477979183197
000818.npy,"(128, 128)",float32,0.0056395744904875755,1.1446735858917236,0.3553108274936676,0.1859329342842102
000819.npy,"(128, 128)",float32,0.006328923162072897,1.257087230682373,0.3783259987831116,0.1818333864212036
000820.npy,"(128, 128)",float32,-0.0033631010446697474,1.6851592063903809,0.6096934676170349,0.25698497891426086
000821.npy,"(128, 128)",float32,-0.028136830776929855,1.108749270439148,0.04904475435614586,0.07476130872964859
000822.npy,"(128, 128)",float32,-0.032247819006443024,1.1284816265106201,0.06886325031518936,0.08863624185323715
000823.npy,"(128, 128)",float32,-0.027254806831479073,1.1526824235916138,0.05503097176551819,0.080689936876297
000824.npy,"(128, 128)",float32,-0.002921024104580283,1.4241081476211548,0.41217705607414246,0.16179071366786957
000825.npy,"(128, 128)",float32,0.0026599932461977005,1.268676996231079,0.1850946694612503,0.1742241084575653
000826.npy,"(128, 128)",float32,-0.0026826325338333845,1.263013482093811,0.18876445293426514,0.17754502594470978
000827.npy,"(128, 128)",float32,-0.006039605475962162,1.2952468395233154,0.14333924651145935,0.12521517276763916
000828.npy,"(128, 128)",float32,3.418192363824346e-06,1.7019413709640503,0.5898231267929077,0.28299322724342346
000829.npy,"(128, 128)",float32,0.00922573171555996,1.0094658136367798,0.3302338719367981,0.07306473702192307
000830.npy,"(128, 128)",float32,0.025298461318016052,1.096024990081787,0.3304981589317322,0.07055693119764328
000831.npy,"(128, 128)",float32,0.01821901462972164,1.1103410720825195,0.37826576828956604,0.08074962347745895
000832.npy,"(128, 128)",float32,0.010182058438658714,1.3581804037094116,0.49435141682624817,0.21778149902820587
000833.npy,"(128, 128)",float32,-0.027320366352796555,1.4424209594726562,0.38184618949890137,0.27763164043426514
000834.npy,"(128, 128)",float32,-0.06773964315652847,1.5882619619369507,0.31800156831741333,0.2765052914619446
000835.npy,"(128, 128)",float32,-0.014620188623666763,1.4069401025772095,0.3439667820930481,0.2693728506565094
000836.npy,"(128, 128)",float32,-0.004156612791121006,0.8794263601303101,0.1779329478740692,0.11140783131122589
000837.npy,"(128, 128)",float32,-0.0004814009298570454,1.2699247598648071,0.1942063271999359,0.165678933262825
000838.npy,"(128, 128)",float32,-0.0004916206235066056,1.0002732276916504,0.1621190756559372,0.11972958594560623
000839.npy,"(128, 128)",float32,-0.002988004358485341,1.3260031938552856,0.1678231656551361,0.1316186934709549
000840.npy,"(128, 128)",float32,-0.017027566209435463,1.2478307485580444,0.37858152389526367,0.2566959261894226
000841.npy,"(128, 128)",float32,0.002857911167666316,1.742374062538147,0.5022540092468262,0.3386576473712921
000842.npy,"(128, 128)",float32,-0.007445157039910555,1.5082446336746216,0.3923060894012451,0.283172070980072
000843.npy,"(128, 128)",float32,-0.01322480384260416,1.7988280057907104,0.5212137699127197,0.34314167499542236
000844.npy,"(128, 128)",float32,0.00741823622956872,1.2210973501205444,0.3618294596672058,0.169785737991333
000845.npy,"(128, 128)",float32,-0.0009004063904285431,1.4177759885787964,0.15545061230659485,0.17352941632270813
000846.npy,"(128, 128)",float32,-0.01012017298489809,1.173029899597168,0.11261919140815735,0.14474117755889893
000847.npy,"(128, 128)",float32,-0.021327465772628784,1.1959604024887085,0.15492235124111176,0.17068450152873993
000848.npy,"(128, 128)",float32,0.0060698483139276505,1.699950098991394,0.5547671914100647,0.3740849494934082
000849.npy,"(128, 128)",float32,-0.018729783594608307,1.3529733419418335,0.3453933000564575,0.2589645981788635
000850.npy,"(128, 128)",float32,-0.022006826475262642,1.2887715101242065,0.3610072135925293,0.25526729226112366
000851.npy,"(128, 128)",float32,-0.00010265700257150456,1.3896020650863647,0.33799445629119873,0.25697100162506104
000852.npy,"(128, 128)",float32,-0.05674993246793747,1.3554259538650513,0.19623787701129913,0.2071814388036728
000853.npy,"(128, 128)",float32,-0.06742119044065475,1.539214849472046,0.4113534688949585,0.25837844610214233
000854.npy,"(128, 128)",float32,-0.1108742281794548,1.3100253343582153,0.4006308317184448,0.231548011302948
000855.npy,"(128, 128)",float32,-0.060929231345653534,1.4499216079711914,0.369362473487854,0.22956667840480804
000856.npy,"(128, 128)",float32,-0.058388542383909225,1.5250111818313599,0.4750383496284485,0.2415808141231537
000857.npy,"(128, 128)",float32,-0.008240805007517338,1.3835939168930054,0.6300867795944214,0.19477218389511108
000858.npy,"(128, 128)",float32,-0.0025292271748185158,1.3879754543304443,0.5904194116592407,0.19216585159301758
000859.npy,"(128, 128)",float32,0.00132917077280581,1.2116698026657104,0.5705228447914124,0.17244188487529755
000860.npy,"(128, 128)",float32,-0.01754838228225708,1.4544031620025635,0.23849695920944214,0.25670644640922546
000861.npy,"(128, 128)",float32,-0.0051680514588952065,1.6385090351104736,0.687434196472168,0.2577067017555237
000862.npy,"(128, 128)",float32,0.00810989085584879,1.4282114505767822,0.6476007699966431,0.245573490858078
000863.npy,"(128, 128)",float32,0.014568617567420006,1.6836981773376465,0.6502044796943665,0.25830477476119995
000864.npy,"(128, 128)",float32,-0.0055945860221982,1.6244087219238281,0.5197301506996155,0.28369322419166565
000865.npy,"(128, 128)",float32,0.003065195633098483,1.4590446949005127,0.5307984948158264,0.19051222503185272
000866.npy,"(128, 128)",float32,0.0050586857832968235,1.4224557876586914,0.5290243029594421,0.18424509465694427
000867.npy,"(128, 128)",float32,0.030212365090847015,1.356297492980957,0.5418039560317993,0.18992634117603302
000868.npy,"(128, 128)",float32,-0.00291244825348258,1.4126988649368286,0.3128974437713623,0.25117841362953186
000869.npy,"(128, 128)",float32,0.018515946343541145,1.505208969116211,0.4868888556957245,0.18899701535701752
000870.npy,"(128, 128)",float32,0.012747841887176037,1.2352672815322876,0.48340505361557007,0.17810800671577454
000871.npy,"(128, 128)",float32,0.03819684684276581,1.5066550970077515,0.5223448276519775,0.18780949711799622
000872.npy,"(128, 128)",float32,0.0196019746363163,1.612549901008606,0.46805912256240845,0.2379712462425232
000873.npy,"(128, 128)",float32,-0.007317049894481897,1.6552314758300781,0.3887745440006256,0.15677262842655182
000874.npy,"(128, 128)",float32,-0.0011759332846850157,1.4340879917144775,0.37798070907592773,0.14571861922740936
000875.npy,"(128, 128)",float32,-0.007273503113538027,1.5245063304901123,0.375801146030426,0.13600900769233704
000876.npy,"(128, 128)",float32,-0.010675610974431038,1.4906538724899292,0.36017388105392456,0.23348359763622284
000877.npy,"(128, 128)",float32,0.009735704399645329,1.3092299699783325,0.2632831931114197,0.1295257955789566
000878.npy,"(128, 128)",float32,0.0032643061131238937,1.2979378700256348,0.2676635682582855,0.12694551050662994
000879.npy,"(128, 128)",float32,-0.0014861776726320386,1.2366024255752563,0.25140541791915894,0.12211927771568298
000880.npy,"(128, 128)",float32,0.04146719351410866,1.3617370128631592,0.48656463623046875,0.24221976101398468
000881.npy,"(128, 128)",float32,-0.0016439153114333749,1.3419599533081055,0.3711337745189667,0.18561339378356934
000882.npy,"(128, 128)",float32,-0.006529323756694794,1.2179445028305054,0.3584648370742798,0.1784619688987732
000883.npy,"(128, 128)",float32,-0.004783404991030693,1.2034649848937988,0.356939435005188,0.18190380930900574
000884.npy,"(128, 128)",float32,-0.010343719273805618,1.0497784614562988,0.10444413125514984,0.046171024441719055
000885.npy,"(128, 128)",float32,0.002283974550664425,1.2711445093154907,0.23239833116531372,0.17395485937595367
000886.npy,"(128, 128)",float32,-0.014723122119903564,1.2554067373275757,0.1609499454498291,0.17261947691440582
000887.npy,"(128, 128)",float32,0.0084391413256526,1.2429412603378296,0.19613605737686157,0.1634097546339035
000888.npy,"(128, 128)",float32,0.008031794801354408,1.671017050743103,0.5441055297851562,0.22393104434013367
000889.npy,"(128, 128)",float32,-0.0032432563602924347,1.8370312452316284,0.7685583829879761,0.33382129669189453
000890.npy,"(128, 128)",float32,-0.0005456677754409611,1.6933482885360718,0.8183086514472961,0.2982536554336548
000891.npy,"(128, 128)",float32,0.0005513992509804666,1.645802617073059,0.7489691972732544,0.3396320641040802
000892.npy,"(128, 128)",float32,-0.0005135737010277808,1.2008501291275024,0.43554461002349854,0.18512392044067383
000893.npy,"(128, 128)",float32,0.03011462464928627,1.2533726692199707,0.5693111419677734,0.10108300298452377
000894.npy,"(128, 128)",float32,-0.0045900349505245686,1.3279118537902832,0.5777837038040161,0.12343160063028336
000895.npy,"(128, 128)",float32,0.007139500696212053,1.3917789459228516,0.5759456753730774,0.13567183911800385
000896.npy,"(128, 128)",float32,-0.00399022875353694,1.3064793348312378,0.5809326171875,0.25511181354522705
000897.npy,"(128, 128)",float32,0.009700236842036247,1.4704713821411133,0.6566821932792664,0.27952441573143005
000898.npy,"(128, 128)",float32,-0.0010635553626343608,1.3761335611343384,0.7225877046585083,0.25654420256614685
000899.npy,"(128, 128)",float32,0.010354767553508282,1.3831050395965576,0.7176606059074402,0.24992530047893524
000900.npy,"(128, 128)",float32,0.05768106132745743,1.2926729917526245,0.4582284092903137,0.14738976955413818
000901.npy,"(128, 128)",float32,-0.039755113422870636,1.615830898284912,0.1614486277103424,0.17516115307807922
000902.npy,"(128, 128)",float32,-0.04012545570731163,1.8324249982833862,0.19046366214752197,0.17905977368354797
000903.npy,"(128, 128)",float32,-0.055275093764066696,1.2335779666900635,0.15347976982593536,0.1724528819322586
000904.npy,"(128, 128)",float32,-0.012885632924735546,1.4891371726989746,0.26533740758895874,0.24040040373802185
000905.npy,"(128, 128)",float32,0.059943150728940964,1.5922014713287354,0.6963355541229248,0.14779061079025269
000906.npy,"(128, 128)",float32,0.010209157131612301,1.5738787651062012,0.8997422456741333,0.1499319076538086
000907.npy,"(128, 128)",float32,-0.000918107049074024,1.4105560779571533,0.7758312225341797,0.12648524343967438
000908.npy,"(128, 128)",float32,0.0004453355213627219,1.2513883113861084,0.27360010147094727,0.20289143919944763
000909.npy,"(128, 128)",float32,-0.0010108622955158353,1.2993946075439453,0.23760780692100525,0.17100036144256592
000910.npy,"(128, 128)",float32,-0.0036736878100782633,1.2361947298049927,0.21510997414588928,0.13979673385620117
000911.npy,"(128, 128)",float32,0.005872830748558044,1.2436774969100952,0.23492729663848877,0.16009488701820374
000912.npy,"(128, 128)",float32,0.034215234220027924,1.6673195362091064,0.6680542230606079,0.22529731690883636
000913.npy,"(128, 128)",float32,-0.014496500603854656,1.1616346836090088,0.33721309900283813,0.19038860499858856
000914.npy,"(128, 128)",float32,-0.03219744563102722,1.1909631490707397,0.3413868844509125,0.1893583983182907
000915.npy,"(128, 128)",float32,-0.019213253632187843,1.1902077198028564,0.3288096785545349,0.18547379970550537
000916.npy,"(128, 128)",float32,-0.03369346261024475,1.2750158309936523,0.4145461916923523,0.18503782153129578
000917.npy,"(128, 128)",float32,-0.01524724904447794,1.143620491027832,0.5578916072845459,0.14474472403526306
000918.npy,"(128, 128)",float32,-0.012417851015925407,1.1384323835372925,0.5623432397842407,0.14430929720401764
000919.npy,"(128, 128)",float32,0.024679897353053093,1.1938660144805908,0.550825834274292,0.1530614048242569
000920.npy,"(128, 128)",float32,-0.02022424340248108,1.0488632917404175,0.11725029349327087,0.11215715110301971
000921.npy,"(128, 128)",float32,-0.0396784208714962,1.3331917524337769,0.3978111743927002,0.24070347845554352
000922.npy,"(128, 128)",float32,0.0063161225989460945,1.606774926185608,0.39779746532440186,0.2585442066192627
000923.npy,"(128, 128)",float32,-0.031214943155646324,1.5205423831939697,0.4022022485733032,0.24530264735221863
000924.npy,"(128, 128)",float32,-0.003970525227487087,1.5866286754608154,0.6763179302215576,0.42083871364593506
000925.npy,"(128, 128)",float32,0.011980963870882988,1.2167627811431885,0.20461995899677277,0.14146362245082855
000926.npy,"(128, 128)",float32,-0.007534210570156574,1.1497642993927002,0.19965557754039764,0.13953335583209991
000927.npy,"(128, 128)",float32,-0.00021932068921159953,1.1864385604858398,0.19588004052639008,0.13485239446163177
000928.npy,"(128, 128)",float32,0.011680434457957745,1.5466923713684082,0.727982223033905,0.1786419302225113
000929.npy,"(128, 128)",float32,0.016546426340937614,1.7534300088882446,0.6323798894882202,0.20915746688842773
000930.npy,"(128, 128)",float32,0.01109684631228447,1.3156914710998535,0.5023918151855469,0.22609762847423553
000931.npy,"(128, 128)",float32,0.0034005569759756327,1.402414321899414,0.5102018117904663,0.22920122742652893
000932.npy,"(128, 128)",float32,-0.04441238194704056,1.5073996782302856,0.32870858907699585,0.3486904799938202
000933.npy,"(128, 128)",float32,-0.01643313467502594,1.1629772186279297,0.1560652107000351,0.1551886796951294
000934.npy,"(128, 128)",float32,0.0063875229097902775,1.5184406042099,0.14144402742385864,0.14221841096878052
000935.npy,"(128, 128)",float32,-0.017243392765522003,1.1470134258270264,0.15193338692188263,0.14966566860675812
000936.npy,"(128, 128)",float32,-0.017973823472857475,1.0810824632644653,0.2745562195777893,0.14448964595794678
000937.npy,"(128, 128)",float32,0.009228546172380447,1.1116279363632202,0.40395301580429077,0.13226500153541565
000938.npy,"(128, 128)",float32,0.03891978785395622,1.368159294128418,0.5422804951667786,0.1645365208387375
000939.npy,"(128, 128)",float32,-0.010484875179827213,1.1122654676437378,0.41394948959350586,0.1305703967809677
000940.npy,"(128, 128)",float32,0.02501579560339451,1.3182895183563232,0.43395495414733887,0.14308884739875793
000941.npy,"(128, 128)",float32,0.0032423902302980423,1.2683764696121216,0.3535729646682739,0.32919296622276306
000942.npy,"(128, 128)",float32,-0.0067209224216639996,1.3059569597244263,0.4608851671218872,0.32581230998039246
000943.npy,"(128, 128)",float32,0.00877232663333416,1.38307523727417,0.4312344789505005,0.33288663625717163
000944.npy,"(128, 128)",float32,0.0033319874200969934,1.4822614192962646,0.3658002018928528,0.28046685457229614
000945.npy,"(128, 128)",float32,0.0011626987252384424,2.000929832458496,0.3722766041755676,0.39929816126823425
000946.npy,"(128, 128)",float32,-0.00449075922369957,1.5552986860275269,0.4015728235244751,0.4139348566532135
000947.npy,"(128, 128)",float32,-0.014958989806473255,1.8455694913864136,0.37650924921035767,0.39546462893486023
000948.npy,"(128, 128)",float32,0.008318701758980751,1.3965908288955688,0.527664303779602,0.1697155237197876
000949.npy,"(128, 128)",float32,-0.020706020295619965,1.0865298509597778,0.18710818886756897,0.14691494405269623
000950.npy,"(128, 128)",float32,-0.005481382831931114,1.183701992034912,0.19364917278289795,0.14984096586704254
000951.npy,"(128, 128)",float32,-0.007545537780970335,1.173769474029541,0.20317894220352173,0.1588306725025177
000952.npy,"(128, 128)",float32,0.0024865944869816303,1.480688452720642,0.629662036895752,0.17105919122695923
000953.npy,"(128, 128)",float32,0.029536347836256027,1.434550404548645,0.44852176308631897,0.1896459311246872
000954.npy,"(128, 128)",float32,-0.004201534204185009,1.67391836643219,0.5548652410507202,0.17901216447353363
000955.npy,"(128, 128)",float32,0.020276328548789024,1.6806614398956299,0.44536006450653076,0.1911587417125702
000956.npy,"(128, 128)",float32,-0.019301559776067734,1.5838009119033813,0.4584096074104309,0.2201833575963974
000957.npy,"(128, 128)",float32,-0.19010436534881592,1.5641367435455322,0.4980233609676361,0.2709682285785675
000958.npy,"(128, 128)",float32,-0.2099643498659134,1.609276294708252,0.5003600120544434,0.2770940065383911
000959.npy,"(128, 128)",float32,-0.2453329861164093,1.5072215795516968,0.4995972514152527,0.26773977279663086
000960.npy,"(128, 128)",float32,-0.010711084119975567,0.7684708833694458,0.34460270404815674,0.08175323903560638
000961.npy,"(128, 128)",float32,0.01083033625036478,1.583863377571106,0.492733895778656,0.2520865797996521
000962.npy,"(128, 128)",float32,0.0015545948408544064,1.5375293493270874,0.4438587725162506,0.2669358551502228
000963.npy,"(128, 128)",float32,-0.00023455031623598188,1.4320926666259766,0.4852179288864136,0.25729966163635254
000964.npy,"(128, 128)",float32,-0.0005231622490100563,1.4022027254104614,0.4612104296684265,0.23452743887901306
000965.npy,"(128, 128)",float32,0.0029093818739056587,1.2525198459625244,0.3102179765701294,0.18601781129837036
000966.npy,"(128, 128)",float32,-0.006409631110727787,1.2352774143218994,0.3099190890789032,0.1808290034532547
000967.npy,"(128, 128)",float32,-0.008480901829898357,1.31707763671875,0.3116227686405182,0.18642528355121613
000968.npy,"(128, 128)",float32,-0.011555898003280163,1.1436678171157837,0.28151828050613403,0.16166095435619354
000969.npy,"(128, 128)",float32,-0.02204146981239319,1.6542495489120483,0.4282684922218323,0.2189292460680008
000970.npy,"(128, 128)",float32,0.013601740822196007,1.4896318912506104,0.448149710893631,0.2221992164850235
000971.npy,"(128, 128)",float32,-0.005453311372548342,1.444576382637024,0.46967989206314087,0.23388226330280304
000972.npy,"(128, 128)",float32,0.005916272755712271,1.7659602165222168,0.47212252020835876,0.36474597454071045
000973.npy,"(128, 128)",float32,-0.011163661256432533,1.287473440170288,0.19211505353450775,0.16506412625312805
000974.npy,"(128, 128)",float32,-0.02339315041899681,1.4343239068984985,0.21294495463371277,0.18561773002147675
000975.npy,"(128, 128)",float32,-0.015886250883340836,1.3768510818481445,0.25296130776405334,0.18208321928977966
000976.npy,"(128, 128)",float32,0.0012339858803898096,1.0509525537490845,0.27610939741134644,0.07526686042547226
000977.npy,"(128, 128)",float32,0.0002515021769795567,1.8093830347061157,0.9560949802398682,0.24090301990509033
000978.npy,"(128, 128)",float32,0.0012026503682136536,1.6793944835662842,0.9494351148605347,0.23972757160663605
000979.npy,"(128, 128)",float32,0.004132387228310108,1.8961988687515259,0.9565973281860352,0.22328801453113556
000980.npy,"(128, 128)",float32,-0.008773641660809517,1.3969905376434326,0.19806057214736938,0.13993193209171295
000981.npy,"(128, 128)",float32,0.03517661988735199,1.4209383726119995,0.6757458448410034,0.14988094568252563
000982.npy,"(128, 128)",float32,0.01050149742513895,1.5886516571044922,0.6755762696266174,0.15141594409942627
000983.npy,"(128, 128)",float32,0.13598588109016418,1.431683897972107,0.6934900283813477,0.16039802134037018
000984.npy,"(128, 128)",float32,-0.2133355587720871,1.4176487922668457,0.4963645040988922,0.2658352553844452
000985.npy,"(128, 128)",float32,-0.00548529950901866,1.834773302078247,0.7686898708343506,0.3624576926231384
000986.npy,"(128, 128)",float32,-0.02842160500586033,1.8496789932250977,0.7677497267723083,0.36195114254951477
000987.npy,"(128, 128)",float32,-0.01649463176727295,1.643581748008728,0.5229463577270508,0.42757561802864075
000988.npy,"(128, 128)",float32,0.002526469761505723,1.4658913612365723,0.5720624923706055,0.19342473149299622
000989.npy,"(128, 128)",float32,0.02341303788125515,1.753050684928894,0.5356454253196716,0.25329306721687317
000990.npy,"(128, 128)",float32,-0.0012263829121366143,1.507694959640503,0.5335665941238403,0.2469276487827301
000991.npy,"(128, 128)",float32,-0.012985077686607838,1.3356220722198486,0.43759191036224365,0.1822303980588913
000992.npy,"(128, 128)",float32,-0.001061836490407586,1.2675769329071045,0.19786158204078674,0.14628660678863525
000993.npy,"(128, 128)",float32,0.02041955292224884,1.367501974105835,0.5062622427940369,0.2079586684703827
000994.npy,"(128, 128)",float32,0.028675036504864693,1.4393216371536255,0.495987206697464,0.204185351729393
000995.npy,"(128, 128)",float32,-0.001568534062243998,1.3126320838928223,0.49241602420806885,0.20073170959949493
000996.npy,"(128, 128)",float32,-0.05326952412724495,1.6168986558914185,0.4939596652984619,0.24485625326633453
000997.npy,"(128, 128)",float32,0.0017918561352416873,1.6014262437820435,0.42435842752456665,0.3054719567298889
000998.npy,"(128, 128)",float32,-0.0010710373753681779,1.5680439472198486,0.3465425372123718,0.27015021443367004
000999.npy,"(128, 128)",float32,-0.006645863875746727,1.4622046947479248,0.36499154567718506,0.29433193802833557
001000.npy,"(128, 128)",float32,-0.04162747785449028,1.0927263498306274,0.27825289964675903,0.14612533152103424
001001.npy,"(128, 128)",float32,0.08070222288370132,1.4061628580093384,0.6123906373977661,0.2115548849105835
001002.npy,"(128, 128)",float32,0.024770541116595268,1.2039238214492798,0.6204118132591248,0.1511881947517395
001003.npy,"(128, 128)",float32,0.05451296269893646,1.4679814577102661,0.619246780872345,0.21496796607971191
001004.npy,"(128, 128)",float32,-0.01028487179428339,1.2670061588287354,0.4120638966560364,0.2250569611787796
001005.npy,"(128, 128)",float32,0.0077552818693220615,1.4461605548858643,0.36189574003219604,0.22390273213386536
001006.npy,"(128, 128)",float32,-0.00621770741418004,1.4329335689544678,0.3578777015209198,0.22602379322052002
001007.npy,"(128, 128)",float32,0.005374560132622719,1.4322694540023804,0.3571188151836395,0.22416557371616364
001008.npy,"(128, 128)",float32,0.005119961220771074,1.5219510793685913,0.4074067771434784,0.2400902509689331
001009.npy,"(128, 128)",float32,0.009571942500770092,1.9040504693984985,0.5242289900779724,0.33070915937423706
001010.npy,"(128, 128)",float32,-0.008743958547711372,1.8006796836853027,0.6876441836357117,0.3259691298007965
001011.npy,"(128, 128)",float32,-0.002447242848575115,1.5092787742614746,0.5908505916595459,0.33019137382507324
001012.npy,"(128, 128)",float32,-0.0036782254464924335,1.4313474893569946,0.2469666749238968,0.1968918889760971
001013.npy,"(128, 128)",float32,0.03607836738228798,1.7652539014816284,0.886475145816803,0.2876204252243042
001014.npy,"(128, 128)",float32,0.004656983073800802,1.7737095355987549,0.8792996406555176,0.2871818542480469
001015.npy,"(128, 128)",float32,-0.004483136814087629,1.6806691884994507,0.7213732600212097,0.34325969219207764
001016.npy,"(128, 128)",float32,0.0048776124604046345,1.1559475660324097,0.35686278343200684,0.21088121831417084
001017.npy,"(128, 128)",float32,-0.004298369400203228,1.5570728778839111,0.3267538845539093,0.2236969918012619
001018.npy,"(128, 128)",float32,-0.016781428828835487,1.6181371212005615,0.34808486700057983,0.2010406255722046
001019.npy,"(128, 128)",float32,-0.009481058456003666,1.7291779518127441,0.3184518814086914,0.20543193817138672
001020.npy,"(128, 128)",float32,0.024131903424859047,1.341992974281311,0.33265936374664307,0.17808027565479279
001021.npy,"(128, 128)",float32,-0.0007660586852580309,1.254651665687561,0.2224069982767105,0.13351717591285706
001022.npy,"(128, 128)",float32,-0.007928259670734406,1.279237985610962,0.20132672786712646,0.12855035066604614
001023.npy,"(128, 128)",float32,-0.001486215740442276,1.1461386680603027,0.18831275403499603,0.13472333550453186
001024.npy,"(128, 128)",float32,-0.011496561579406261,1.8505232334136963,0.502615213394165,0.3512677550315857
001025.npy,"(128, 128)",float32,0.04712331295013428,1.3521192073822021,0.4640856385231018,0.23111212253570557
001026.npy,"(128, 128)",float32,0.033283453434705734,1.2748101949691772,0.46725237369537354,0.21972151100635529
001027.npy,"(128, 128)",float32,-0.004875146318227053,1.5926018953323364,0.5037397146224976,0.21562133729457855
001028.npy,"(128, 128)",float32,-0.010863634757697582,1.3787182569503784,0.41908174753189087,0.2520442306995392
001029.npy,"(128, 128)",float32,-0.015203451737761497,1.406799554824829,0.7037688493728638,0.155001699924469
001030.npy,"(128, 128)",float32,-0.002814741339534521,1.5215251445770264,0.7033554315567017,0.1663457602262497
001031.npy,"(128, 128)",float32,-0.011500880122184753,1.470603346824646,0.6956242322921753,0.1357596069574356
001032.npy,"(128, 128)",float32,-0.017153963446617126,1.3574843406677246,0.4221859574317932,0.21522463858127594
001033.npy,"(128, 128)",float32,-0.0065513490699231625,1.200241208076477,0.3377200663089752,0.1600077599287033
001034.npy,"(128, 128)",float32,-0.0071640280075371265,1.288185715675354,0.3934609591960907,0.18750551342964172
001035.npy,"(128, 128)",float32,-0.014634368941187859,1.0941449403762817,0.33777689933776855,0.15747082233428955
001036.npy,"(128, 128)",float32,-0.0006859587738290429,1.4922293424606323,0.6513369083404541,0.17769134044647217
001037.npy,"(128, 128)",float32,-0.007592819165438414,1.35841703414917,0.6151093244552612,0.1934133768081665
001038.npy,"(128, 128)",float32,0.0008852283353917301,1.3510631322860718,0.6240858435630798,0.19100317358970642
001039.npy,"(128, 128)",float32,-0.012594365514814854,1.24332857131958,0.6282472014427185,0.1817469298839569
001040.npy,"(128, 128)",float32,0.011250782757997513,1.6847338676452637,0.6706950664520264,0.32512596249580383
001041.npy,"(128, 128)",float32,-0.011806659400463104,1.4151484966278076,0.338665246963501,0.24509809911251068
001042.npy,"(128, 128)",float32,-0.03268903121352196,1.1529630422592163,0.3405846953392029,0.24002718925476074
001043.npy,"(128, 128)",float32,-0.03111111745238304,1.2659672498703003,0.3621344268321991,0.256649911403656
001044.npy,"(128, 128)",float32,-0.041740741580724716,1.287140965461731,0.32658958435058594,0.221707284450531
001045.npy,"(128, 128)",float32,0.000166562560480088,1.3874154090881348,0.5850874185562134,0.18952181935310364
001046.npy,"(128, 128)",float32,0.0015762720722705126,1.299638032913208,0.5569772124290466,0.1979057341814041
001047.npy,"(128, 128)",float32,0.005035767797380686,1.28131103515625,0.5335276126861572,0.20519089698791504
001048.npy,"(128, 128)",float32,0.005439187400043011,1.556694746017456,0.7287817001342773,0.19830074906349182
001049.npy,"(128, 128)",float32,0.006624825764447451,1.5453643798828125,0.7913302779197693,0.263958215713501
001050.npy,"(128, 128)",float32,0.009058942086994648,1.6643751859664917,0.7950176000595093,0.26143380999565125
001051.npy,"(128, 128)",float32,0.006940350402146578,1.4313150644302368,0.7860115766525269,0.26387807726860046
001052.npy,"(128, 128)",float32,0.00037224494735710323,1.709697961807251,0.5584214925765991,0.32792574167251587
001053.npy,"(128, 128)",float32,-0.011802345514297485,1.4686057567596436,0.3431369662284851,0.36573800444602966
001054.npy,"(128, 128)",float32,-0.008838270790874958,1.8726063966751099,0.4453682005405426,0.38748714327812195
001055.npy,"(128, 128)",float32,0.005493064410984516,1.5680077075958252,0.3437145948410034,0.3522210717201233
001056.npy,"(128, 128)",float32,-0.005930609069764614,1.418025255203247,0.4037593901157379,0.178655743598938
001057.npy,"(128, 128)",float32,-0.025175727903842926,1.4929077625274658,0.531205415725708,0.19825544953346252
001058.npy,"(128, 128)",float32,-0.019553091377019882,1.45329749584198,0.5424307584762573,0.1911083161830902
001059.npy,"(128, 128)",float32,-0.03623183071613312,1.2555686235427856,0.5415967702865601,0.1841513067483902
001060.npy,"(128, 128)",float32,-0.011601472273468971,1.358089804649353,0.35895612835884094,0.18868054449558258
001061.npy,"(128, 128)",float32,-0.013377984054386616,1.2832027673721313,0.2839066982269287,0.21684587001800537
001062.npy,"(128, 128)",float32,-0.01206231489777565,1.257496953010559,0.2865058183670044,0.2196773886680603
001063.npy,"(128, 128)",float32,-0.005682883318513632,1.2946408987045288,0.33427730202674866,0.23194359242916107
001064.npy,"(128, 128)",float32,-0.010772344656288624,1.4933408498764038,0.576310396194458,0.3190878629684448
001065.npy,"(128, 128)",float32,0.007404627278447151,1.4652165174484253,0.4344097971916199,0.18426558375358582
001066.npy,"(128, 128)",float32,0.0015670451102778316,1.435762882232666,0.45353007316589355,0.18981380760669708
001067.npy,"(128, 128)",float32,-0.0037054962012916803,1.3744983673095703,0.4468485116958618,0.18520799279212952
001068.npy,"(128, 128)",float32,0.0034059444442391396,1.1045771837234497,0.1813274770975113,0.09712651371955872
001069.npy,"(128, 128)",float32,-0.002759925788268447,1.3018215894699097,0.32123708724975586,0.19438372552394867
001070.npy,"(128, 128)",float32,-0.0015545057831332088,1.2955595254898071,0.3340347409248352,0.2088162899017334
001071.npy,"(128, 128)",float32,-0.02089957892894745,1.2259759902954102,0.3254178762435913,0.20694154500961304
001072.npy,"(128, 128)",float32,0.0025425031781196594,1.5527523756027222,0.4890565276145935,0.3127713203430176
001073.npy,"(128, 128)",float32,-0.014295591972768307,1.6125677824020386,0.43398451805114746,0.32067573070526123
001074.npy,"(128, 128)",float32,-0.020759984850883484,1.4593636989593506,0.4124513566493988,0.30870312452316284
001075.npy,"(128, 128)",float32,-0.004508146550506353,1.7464921474456787,0.42774835228919983,0.32013604044914246
001076.npy,"(128, 128)",float32,0.011290482245385647,1.3643678426742554,0.5320659279823303,0.182755246758461
001077.npy,"(128, 128)",float32,0.021447932347655296,1.174296498298645,0.24036270380020142,0.08948682248592377
001078.npy,"(128, 128)",float32,0.010687627829611301,1.529585361480713,0.25006479024887085,0.1295766532421112
001079.npy,"(128, 128)",float32,0.01208084262907505,1.5674031972885132,0.27732929587364197,0.180597186088562
001080.npy,"(128, 128)",float32,-0.03397727757692337,1.6303961277008057,0.7984540462493896,0.24334333837032318
001081.npy,"(128, 128)",float32,0.002161363372579217,1.6577322483062744,0.524204432964325,0.2800557613372803
001082.npy,"(128, 128)",float32,-0.0038850109558552504,1.5518213510513306,0.5609383583068848,0.2861489951610565
001083.npy,"(128, 128)",float32,0.0038059200160205364,1.5732587575912476,0.5213766098022461,0.2863941192626953
001084.npy,"(128, 128)",float32,-0.005866674706339836,1.3375173807144165,0.18701641261577606,0.2310229390859604
001085.npy,"(128, 128)",float32,-0.017795290797948837,1.3900208473205566,0.20842845737934113,0.22011801600456238
001086.npy,"(128, 128)",float32,-0.0219463799148798,1.440574288368225,0.1520662009716034,0.207097128033638
001087.npy,"(128, 128)",float32,-0.011216564103960991,1.296210765838623,0.15075235068798065,0.19571097195148468
001088.npy,"(128, 128)",float32,0.004162743221968412,1.6440500020980835,0.635979950428009,0.2886902689933777
001089.npy,"(128, 128)",float32,-0.009956118650734425,1.560747742652893,0.5802775025367737,0.2706349492073059
001090.npy,"(128, 128)",float32,0.0011041068937629461,1.3902606964111328,0.4912448525428772,0.23897376656532288
001091.npy,"(128, 128)",float32,0.0005159529391676188,1.5441467761993408,0.5571880340576172,0.2850201427936554
001092.npy,"(128, 128)",float32,-0.0008089926559478045,1.526279091835022,0.4236004650592804,0.22656378149986267
001093.npy,"(128, 128)",float32,-0.008505570702254772,1.4115904569625854,0.15896391868591309,0.1349247694015503
001094.npy,"(128, 128)",float32,0.00236676842905581,1.3430501222610474,0.16076938807964325,0.13228578865528107
001095.npy,"(128, 128)",float32,-0.00136033003218472,1.2208771705627441,0.16025802493095398,0.13229426741600037
001096.npy,"(128, 128)",float32,-0.010222326964139938,1.2021706104278564,0.37477654218673706,0.1860615611076355
001097.npy,"(128, 128)",float32,-0.0016658258391544223,1.1193252801895142,0.21649475395679474,0.1750480830669403
001098.npy,"(128, 128)",float32,-0.022631091997027397,1.290182113647461,0.19462735950946808,0.1815924197435379
001099.npy,"(128, 128)",float32,-0.028135573491454124,1.1817727088928223,0.202012836933136,0.1926763355731964
001100.npy,"(128, 128)",float32,0.015414598397910595,1.5166339874267578,0.7617449760437012,0.22878168523311615
001101.npy,"(128, 128)",float32,0.019609587267041206,1.7585924863815308,0.9373170137405396,0.17610709369182587
001102.npy,"(128, 128)",float32,-0.025376973673701286,1.5581915378570557,0.851520299911499,0.2369402050971985
001103.npy,"(128, 128)",float32,0.021419880911707878,1.7205348014831543,0.8619034290313721,0.2432507574558258
001104.npy,"(128, 128)",float32,0.0003663774114102125,1.7016047239303589,0.5993427634239197,0.1468375027179718
001105.npy,"(128, 128)",float32,-0.015904806554317474,0.8896268010139465,0.15318144857883453,0.14378885924816132
001106.npy,"(128, 128)",float32,-0.04280177131295204,1.4500555992126465,0.1719135046005249,0.15539412200450897
001107.npy,"(128, 128)",float32,-0.009733453392982483,1.3410210609436035,0.22643950581550598,0.2040586769580841
001108.npy,"(128, 128)",float32,-0.02450682409107685,1.3352676630020142,0.6729685068130493,0.25042620301246643
001109.npy,"(128, 128)",float32,-0.005135351791977882,1.5862208604812622,0.5794636011123657,0.3587905168533325
001110.npy,"(128, 128)",float32,-0.022407865151762962,1.6644835472106934,0.5274697542190552,0.36636438965797424
001111.npy,"(128, 128)",float32,-0.003452647477388382,1.6425443887710571,0.5790347456932068,0.3704543113708496
001112.npy,"(128, 128)",float32,-0.014203975908458233,1.8022246360778809,0.34586435556411743,0.2013084888458252
001113.npy,"(128, 128)",float32,-0.007465051487088203,1.2014822959899902,0.3762950897216797,0.2579209506511688
001114.npy,"(128, 128)",float32,-0.003116064937785268,1.2824763059616089,0.35239455103874207,0.2620856761932373
001115.npy,"(128, 128)",float32,-0.03121168538928032,1.2670528888702393,0.38860630989074707,0.2556990683078766
001116.npy,"(128, 128)",float32,-0.01681375876069069,1.426378846168518,0.3746525049209595,0.24349534511566162
001117.npy,"(128, 128)",float32,0.044627558439970016,1.3381061553955078,0.5426521897315979,0.13518495857715607
001118.npy,"(128, 128)",float32,-0.0368688739836216,1.2174746990203857,0.5371576547622681,0.11910794675350189
001119.npy,"(128, 128)",float32,-0.004959725774824619,1.216513752937317,0.5570650100708008,0.12246132642030716
001120.npy,"(128, 128)",float32,-0.007860206067562103,1.2694103717803955,0.6476166248321533,0.15716643631458282
001121.npy,"(128, 128)",float32,-0.03301200643181801,1.2195727825164795,0.24893523752689362,0.18369044363498688
001122.npy,"(128, 128)",float32,-0.0487261526286602,1.4608012437820435,0.24455934762954712,0.18710020184516907
001123.npy,"(128, 128)",float32,-0.024523718282580376,1.256656527519226,0.2442348599433899,0.18004964292049408
001124.npy,"(128, 128)",float32,0.0006865595933049917,1.2257416248321533,0.17536689341068268,0.15402637422084808
001125.npy,"(128, 128)",float32,-0.013945736922323704,1.298282504081726,0.38189709186553955,0.186690092086792
001126.npy,"(128, 128)",float32,0.006159653887152672,1.3276073932647705,0.4129658043384552,0.21886879205703735
001127.npy,"(128, 128)",float32,0.0068372865207493305,1.4912036657333374,0.4260270893573761,0.2312404215335846
001128.npy,"(128, 128)",float32,0.006276086438447237,1.4436938762664795,0.621650218963623,0.22314845025539398
001129.npy,"(128, 128)",float32,-0.007302070502191782,1.160938024520874,0.3924424648284912,0.1870570033788681
001130.npy,"(128, 128)",float32,0.0006618085317313671,1.2081574201583862,0.38950079679489136,0.18156275153160095
001131.npy,"(128, 128)",float32,0.0013665530132129788,1.3222324848175049,0.39882439374923706,0.1849115639925003
001132.npy,"(128, 128)",float32,-0.10784085094928741,1.6998112201690674,0.5331522226333618,0.34061384201049805
001133.npy,"(128, 128)",float32,-0.08188804984092712,1.4158762693405151,0.4808078408241272,0.3313659131526947
001134.npy,"(128, 128)",float32,-0.08216951787471771,1.4198638200759888,0.4886111617088318,0.33067962527275085
001135.npy,"(128, 128)",float32,-0.06323722749948502,1.4715758562088013,0.5037139654159546,0.3334527909755707
001136.npy,"(128, 128)",float32,-0.0034042049665004015,1.1146483421325684,0.2705042362213135,0.21939294040203094
001137.npy,"(128, 128)",float32,0.0052516576834023,1.3194866180419922,0.4787636995315552,0.27984288334846497
001138.npy,"(128, 128)",float32,0.01648368500173092,1.3552663326263428,0.5245380997657776,0.26244109869003296
001139.npy,"(128, 128)",float32,-0.003545992774888873,1.5554478168487549,0.5187855958938599,0.27009117603302
001140.npy,"(128, 128)",float32,0.0005828964640386403,1.1033275127410889,0.3149988651275635,0.16474449634552002
001141.npy,"(128, 128)",float32,0.01850934512913227,1.647887110710144,0.6074521541595459,0.21511876583099365
001142.npy,"(128, 128)",float32,0.004567137453705072,1.3467990159988403,0.6055834293365479,0.20145489275455475
001143.npy,"(128, 128)",float32,0.00468047708272934,1.3973537683486938,0.5980604887008667,0.22434355318546295
001144.npy,"(128, 128)",float32,-0.01947808638215065,1.34231436252594,0.43495792150497437,0.21085605025291443
001145.npy,"(128, 128)",float32,-0.013121385127305984,1.1748273372650146,0.4806319773197174,0.24666593968868256
001146.npy,"(128, 128)",float32,-0.017637068405747414,1.2005137205123901,0.47937437891960144,0.24341286718845367
001147.npy,"(128, 128)",float32,-0.019827228039503098,1.3089691400527954,0.4469951391220093,0.2290162593126297
001148.npy,"(128, 128)",float32,-0.006989617832005024,0.9867435693740845,0.30341488122940063,0.11712358891963959
001149.npy,"(128, 128)",float32,-0.04464001953601837,1.1886553764343262,0.37335842847824097,0.18250516057014465
001150.npy,"(128, 128)",float32,-0.03847891464829445,1.3248426914215088,0.37540996074676514,0.1848062425851822
001151.npy,"(128, 128)",float32,-0.061201732605695724,1.2866649627685547,0.3743630349636078,0.18837647140026093
001152.npy,"(128, 128)",float32,0.004466729704290628,1.7252116203308105,0.5357627272605896,0.28698718547821045
001153.npy,"(128, 128)",float32,-0.003540855599567294,1.404898762702942,0.4346696138381958,0.26247090101242065
001154.npy,"(128, 128)",float32,0.003964775707572699,1.7028201818466187,0.48662126064300537,0.2515850067138672
001155.npy,"(128, 128)",float32,0.0006951031391508877,1.4132639169692993,0.44258642196655273,0.23345258831977844
001156.npy,"(128, 128)",float32,-0.019323859363794327,1.5248818397521973,0.2945038378238678,0.30568864941596985
001157.npy,"(128, 128)",float32,0.029303211718797684,1.1674392223358154,0.25954365730285645,0.1631743460893631
001158.npy,"(128, 128)",float32,0.018683424219489098,1.3906623125076294,0.2506319582462311,0.16301953792572021
001159.npy,"(128, 128)",float32,0.0060493797063827515,1.353739857673645,0.24903029203414917,0.16058529913425446
001160.npy,"(128, 128)",float32,0.015937156975269318,1.4578646421432495,0.5714407563209534,0.21468013525009155
001161.npy,"(128, 128)",float32,-0.00029052727040834725,1.5870245695114136,0.597432553768158,0.22515317797660828
001162.npy,"(128, 128)",float32,0.019662247970700264,1.4732177257537842,0.6456947326660156,0.2057284116744995
001163.npy,"(128, 128)",float32,-0.0004978708457201719,1.6982038021087646,0.6361506581306458,0.21983136236667633
001164.npy,"(128, 128)",float32,-0.03458065539598465,1.3612452745437622,0.18067315220832825,0.14960628747940063
001165.npy,"(128, 128)",float32,0.004813433159142733,1.7721294164657593,0.7575020790100098,0.2093910574913025
001166.npy,"(128, 128)",float32,-0.0003714149643201381,1.5886954069137573,0.7566879391670227,0.19350002706050873
001167.npy,"(128, 128)",float32,0.035714976489543915,1.5369826555252075,0.7633135318756104,0.1876400113105774
001168.npy,"(128, 128)",float32,0.00942247360944748,1.1047230958938599,0.11088646948337555,0.09001904726028442
001169.npy,"(128, 128)",float32,0.030018460005521774,1.0895894765853882,0.32446563243865967,0.10049352794885635
001170.npy,"(128, 128)",float32,0.013882615603506565,0.9729719758033752,0.3228910565376282,0.1003417894244194
001171.npy,"(128, 128)",float32,0.03156518191099167,1.0759261846542358,0.32661882042884827,0.10251010209321976
001172.npy,"(128, 128)",float32,-0.012996729463338852,1.5244417190551758,0.3708261549472809,0.26342475414276123
001173.npy,"(128, 128)",float32,0.009263867512345314,1.57793128490448,0.7211058139801025,0.20275557041168213
001174.npy,"(128, 128)",float32,0.027599098160862923,1.5020649433135986,0.6680831909179688,0.21532848477363586
001175.npy,"(128, 128)",float32,-0.004194739740341902,1.485346794128418,0.7376408576965332,0.18523316085338593
001176.npy,"(128, 128)",float32,-0.0009232827578671277,1.4551922082901,0.39757245779037476,0.17987677454948425
001177.npy,"(128, 128)",float32,-0.02798014134168625,1.3933626413345337,0.3658215403556824,0.23998713493347168
001178.npy,"(128, 128)",float32,0.002503679832443595,1.73818039894104,0.3363760709762573,0.21699412167072296
001179.npy,"(128, 128)",float32,-0.01541170384734869,1.5604497194290161,0.33069396018981934,0.21022814512252808
001180.npy,"(128, 128)",float32,-0.02015571855008602,1.2660434246063232,0.3252239525318146,0.20012331008911133
001181.npy,"(128, 128)",float32,0.045486852526664734,1.3156719207763672,0.44485950469970703,0.1785668432712555
001182.npy,"(128, 128)",float32,0.02360212616622448,1.5195603370666504,0.44368278980255127,0.17367057502269745
001183.npy,"(128, 128)",float32,0.03242773190140724,1.3624061346054077,0.44720587134361267,0.17858624458312988
001184.npy,"(128, 128)",float32,0.002470756648108363,1.4923933744430542,0.540834903717041,0.20496587455272675
001185.npy,"(128, 128)",float32,-0.003810835536569357,1.3851925134658813,0.4095337390899658,0.16370606422424316
001186.npy,"(128, 128)",float32,0.013550098985433578,1.1998562812805176,0.40525496006011963,0.1673291176557541
001187.npy,"(128, 128)",float32,0.019755076617002487,1.3646694421768188,0.396003782749176,0.17272736132144928
001188.npy,"(128, 128)",float32,0.004316349979490042,1.5992668867111206,0.5430008172988892,0.2749509811401367
001189.npy,"(128, 128)",float32,-0.008728757500648499,1.447420358657837,0.4312991499900818,0.17021888494491577
001190.npy,"(128, 128)",float32,0.00437107915058732,1.3211098909378052,0.426222562789917,0.17468062043190002
001191.npy,"(128, 128)",float32,0.007652726490050554,1.306661605834961,0.4215279221534729,0.1704975664615631
001192.npy,"(128, 128)",float32,0.018975356593728065,1.6540229320526123,0.8827947974205017,0.17129339277744293
001193.npy,"(128, 128)",float32,0.03043057955801487,1.8466815948486328,0.9586327075958252,0.16362716257572174
001194.npy,"(128, 128)",float32,0.009610151872038841,2.073467493057251,0.9560840129852295,0.18188989162445068
001195.npy,"(128, 128)",float32,-0.001838324824348092,1.8896383047103882,0.957757294178009,0.18294718861579895
001196.npy,"(128, 128)",float32,0.0011183613678440452,1.5003032684326172,0.6590514183044434,0.22801151871681213
001197.npy,"(128, 128)",float32,0.011122246272861958,1.1146087646484375,0.34569817781448364,0.14528784155845642
001198.npy,"(128, 128)",float32,0.014130483381450176,1.333584189414978,0.5423287153244019,0.21222753822803497
001199.npy,"(128, 128)",float32,0.0022293657530099154,1.3848789930343628,0.3076675534248352,0.132144495844841
001200.npy,"(128, 128)",float32,0.00396161200478673,1.4623466730117798,0.5497207641601562,0.2858498990535736
001201.npy,"(128, 128)",float32,-0.008957221172749996,1.2815394401550293,0.4402955174446106,0.20702943205833435
001202.npy,"(128, 128)",float32,3.599129922804423e-05,1.4118248224258423,0.4592081904411316,0.23952876031398773
001203.npy,"(128, 128)",float32,-0.006036839913576841,1.4164212942123413,0.46575355529785156,0.1903204619884491
001204.npy,"(128, 128)",float32,-0.03225337713956833,1.3782508373260498,0.3107738196849823,0.16667433083057404
001205.npy,"(128, 128)",float32,0.010363904759287834,1.4375972747802734,0.43822532892227173,0.2512804865837097
001206.npy,"(128, 128)",float32,0.026491137221455574,1.3682807683944702,0.5436250567436218,0.10611703246831894
001207.npy,"(128, 128)",float32,-0.016137557104229927,1.4861987829208374,0.44120320677757263,0.2621805965900421
001208.npy,"(128, 128)",float32,0.08588404953479767,1.3101801872253418,0.6168370246887207,0.1531907171010971
001209.npy,"(128, 128)",float32,-0.01594003662467003,1.1695390939712524,0.45722493529319763,0.14557036757469177
001210.npy,"(128, 128)",float32,-0.05098840594291687,1.267703890800476,0.45611628890037537,0.14786556363105774
001211.npy,"(128, 128)",float32,-0.019321564584970474,1.2008023262023926,0.45776450634002686,0.14336928725242615
001212.npy,"(128, 128)",float32,-0.012939749285578728,1.2254869937896729,0.290922075510025,0.2383691817522049
001213.npy,"(128, 128)",float32,-0.0588989220559597,1.8161695003509521,0.543251097202301,0.3187520503997803
001214.npy,"(128, 128)",float32,-0.02818557247519493,1.5808683633804321,0.5158772468566895,0.3213418126106262
001215.npy,"(128, 128)",float32,-0.05092935636639595,1.4543989896774292,0.48930445313453674,0.3084217607975006
001216.npy,"(128, 128)",float32,-0.020420702174305916,0.9447164535522461,0.27437037229537964,0.14110776782035828
001217.npy,"(128, 128)",float32,-0.0018248070264235139,1.0709500312805176,0.18134702742099762,0.14399883151054382
001218.npy,"(128, 128)",float32,-0.0005101597052998841,1.2836930751800537,0.18126457929611206,0.14768512547016144
001219.npy,"(128, 128)",float32,-0.016672492027282715,1.2644413709640503,0.18098215758800507,0.14467236399650574
001220.npy,"(128, 128)",float32,0.006236412562429905,1.4310009479522705,0.7439808249473572,0.14189563691616058
001221.npy,"(128, 128)",float32,-0.005673139821738005,1.055248498916626,0.30321216583251953,0.15221361815929413
001222.npy,"(128, 128)",float32,0.009400294162333012,1.275978684425354,0.302889347076416,0.14901886880397797
001223.npy,"(128, 128)",float32,0.00497790239751339,1.1108335256576538,0.30825409293174744,0.15697874128818512
001224.npy,"(128, 128)",float32,-0.0160699300467968,1.278355598449707,0.35343486070632935,0.20255301892757416
001225.npy,"(128, 128)",float32,-0.003932970110327005,1.477271556854248,0.6533786654472351,0.2779514789581299
001226.npy,"(128, 128)",float32,0.004751479718834162,1.5904630422592163,0.6547194123268127,0.27682849764823914
001227.npy,"(128, 128)",float32,-0.001304237055592239,1.5417367219924927,0.7523884177207947,0.2521200478076935
001228.npy,"(128, 128)",float32,0.0005694317515008152,1.1373120546340942,0.13105733692646027,0.08390095829963684
001229.npy,"(128, 128)",float32,-0.008014745078980923,1.1697548627853394,0.21062755584716797,0.21469071507453918
001230.npy,"(128, 128)",float32,-0.016999131068587303,1.2544159889221191,0.20720550417900085,0.21337325870990753
001231.npy,"(128, 128)",float32,-0.0052768513560295105,1.2071386575698853,0.21013738214969635,0.21402142941951752
001232.npy,"(128, 128)",float32,-0.028987320140004158,1.3346134424209595,0.37293848395347595,0.2525588274002075
001233.npy,"(128, 128)",float32,-0.002672020113095641,1.4011366367340088,0.4100344777107239,0.14828163385391235
001234.npy,"(128, 128)",float32,-0.00422835536301136,1.4974603652954102,0.36875343322753906,0.14373989403247833
001235.npy,"(128, 128)",float32,0.0031159697100520134,1.2610344886779785,0.37068456411361694,0.13589127361774445
001236.npy,"(128, 128)",float32,-0.03339189291000366,1.2999331951141357,0.11929213255643845,0.11315986514091492
001237.npy,"(128, 128)",float32,-0.01107694674283266,1.3951393365859985,0.16005867719650269,0.1432313472032547
001238.npy,"(128, 128)",float32,-0.0012823400320485234,0.7638660073280334,0.1685226559638977,0.09811320155858994
001239.npy,"(128, 128)",float32,0.0015477947890758514,1.1494653224945068,0.17948690056800842,0.15317262709140778
001240.npy,"(128, 128)",float32,-0.005817035213112831,1.5302882194519043,0.6105908155441284,0.241314098238945
001241.npy,"(128, 128)",float32,-0.0021669911220669746,1.3753459453582764,0.43137502670288086,0.31022751331329346
001242.npy,"(128, 128)",float32,-0.0036156191490590572,1.631435513496399,0.3967803120613098,0.3288545608520508
001243.npy,"(128, 128)",float32,0.006355632562190294,1.5095797777175903,0.45224303007125854,0.31246745586395264
001244.npy,"(128, 128)",float32,-0.004997654817998409,1.6576365232467651,0.6859903931617737,0.3334544897079468
001245.npy,"(128, 128)",float32,-0.0012049215147271752,1.4981677532196045,0.3294838070869446,0.22758090496063232
001246.npy,"(128, 128)",float32,0.0005254872376099229,1.4497679471969604,0.3137744665145874,0.21345867216587067
001247.npy,"(128, 128)",float32,-0.0029323380440473557,1.5330013036727905,0.3230583369731903,0.22250843048095703
001248.npy,"(128, 128)",float32,-0.0007016767049208283,1.300363540649414,0.2518472969532013,0.19762763381004333
001249.npy,"(128, 128)",float32,0.017240051180124283,1.576363444328308,0.6343870162963867,0.16220149397850037
001250.npy,"(128, 128)",float32,0.01358834095299244,1.8231000900268555,0.6341651678085327,0.15310053527355194
001251.npy,"(128, 128)",float32,0.01632697321474552,1.7606064081192017,0.6362000107765198,0.16760043799877167
001252.npy,"(128, 128)",float32,0.007938924245536327,1.3638843297958374,0.2396537959575653,0.12614399194717407
001253.npy,"(128, 128)",float32,-0.01631668023765087,1.3051358461380005,0.5285484194755554,0.18461309373378754
001254.npy,"(128, 128)",float32,0.0026422312948852777,1.502634048461914,0.5353845357894897,0.18595215678215027
001255.npy,"(128, 128)",float32,0.04217418283224106,1.6768726110458374,0.4838421940803528,0.18281735479831696
001256.npy,"(128, 128)",float32,0.0056344070471823215,1.1878632307052612,0.2960513234138489,0.12169302254915237
001257.npy,"(128, 128)",float32,-0.044070396572351456,1.2932051420211792,0.5948020815849304,0.12666797637939453
001258.npy,"(128, 128)",float32,-0.06156831607222557,1.356695532798767,0.5668637752532959,0.12997281551361084
001259.npy,"(128, 128)",float32,0.025162039324641228,1.3349177837371826,0.5969244241714478,0.11346611380577087
001260.npy,"(128, 128)",float32,-0.022930245846509933,1.412460446357727,0.23461033403873444,0.1956770122051239
001261.npy,"(128, 128)",float32,0.00045831751776859164,1.3769742250442505,0.12122482806444168,0.1389872431755066
001262.npy,"(128, 128)",float32,-0.006718988995999098,1.3314357995986938,0.12013043463230133,0.14137819409370422
001263.npy,"(128, 128)",float32,-0.011618129909038544,1.3345391750335693,0.11492706090211868,0.12733833491802216
001264.npy,"(128, 128)",float32,-0.017241526395082474,1.4271267652511597,0.5251823663711548,0.3423158526420593
001265.npy,"(128, 128)",float32,0.004802793264389038,1.715261459350586,0.43269312381744385,0.43577471375465393
001266.npy,"(128, 128)",float32,-0.0020889020524919033,1.5352383852005005,0.40378832817077637,0.40668314695358276
001267.npy,"(128, 128)",float32,-0.001688472111709416,1.7246173620224,0.24649491906166077,0.3074851334095001
001268.npy,"(128, 128)",float32,0.01748623698949814,1.4733160734176636,0.360390305519104,0.24463754892349243
001269.npy,"(128, 128)",float32,0.0054860105738043785,1.6713101863861084,0.6499727368354797,0.2979236841201782
001270.npy,"(128, 128)",float32,0.008188409730792046,1.613094687461853,0.7148805856704712,0.2762839198112488
001271.npy,"(128, 128)",float32,-0.0010210650507360697,1.7030450105667114,0.6419390439987183,0.30814632773399353
001272.npy,"(128, 128)",float32,-0.01868235506117344,1.2462575435638428,0.293457567691803,0.1864243447780609
001273.npy,"(128, 128)",float32,-0.022491570562124252,1.3226847648620605,0.2590430974960327,0.2049359828233719
001274.npy,"(128, 128)",float32,-0.020929167047142982,1.295709490776062,0.2469315230846405,0.19629928469657898
001275.npy,"(128, 128)",float32,-0.009314136579632759,1.3385072946548462,0.25709855556488037,0.20485398173332214
001276.npy,"(128, 128)",float32,-0.022404899820685387,1.444309115409851,0.3711734116077423,0.22614483535289764
001277.npy,"(128, 128)",float32,0.009374812245368958,1.6493326425552368,0.6681379079818726,0.23141542077064514
001278.npy,"(128, 128)",float32,0.025187605991959572,1.4756431579589844,0.6624178886413574,0.22664780914783478
001279.npy,"(128, 128)",float32,0.007525896653532982,1.5401467084884644,0.6617758274078369,0.227493017911911
001280.npy,"(128, 128)",float32,-0.010573847219347954,1.4538286924362183,0.561832845211029,0.23015451431274414
001281.npy,"(128, 128)",float32,-0.0008192794630303979,0.8872325420379639,0.24520456790924072,0.11134757846593857
001282.npy,"(128, 128)",float32,-0.008790405467152596,1.15310537815094,0.26387685537338257,0.12108805030584335
001283.npy,"(128, 128)",float32,-0.011227911338210106,0.8629946708679199,0.2442944347858429,0.11032495647668839
001284.npy,"(128, 128)",float32,0.02100568264722824,1.5916227102279663,0.6580849289894104,0.23734064400196075
001285.npy,"(128, 128)",float32,0.03641408681869507,1.2203823328018188,0.5182707905769348,0.13628101348876953
001286.npy,"(128, 128)",float32,0.04284078627824783,1.2571159601211548,0.5387998223304749,0.13417817652225494
001287.npy,"(128, 128)",float32,0.009093203581869602,1.353053092956543,0.544384777545929,0.1387796849012375
001288.npy,"(128, 128)",float32,-0.008510815910995007,1.7507002353668213,0.1998053789138794,0.2993783950805664
001289.npy,"(128, 128)",float32,-0.050403889268636703,1.0630618333816528,0.15876927971839905,0.13447412848472595
001290.npy,"(128, 128)",float32,-0.029903048649430275,1.1423275470733643,0.16492003202438354,0.13660185039043427
001291.npy,"(128, 128)",float32,-0.014803171157836914,1.1924015283584595,0.16369274258613586,0.14013174176216125
001292.npy,"(128, 128)",float32,-0.018714603036642075,1.3523313999176025,0.30139368772506714,0.16483326256275177
001293.npy,"(128, 128)",float32,-0.0023700669407844543,1.4350100755691528,0.1459701955318451,0.1283216029405594
001294.npy,"(128, 128)",float32,-0.0038087209686636925,1.4913091659545898,0.134004145860672,0.10715210437774658
001295.npy,"(128, 128)",float32,0.003583051497116685,1.2138041257858276,0.14265736937522888,0.11974267661571503
001296.npy,"(128, 128)",float32,-0.002880473155528307,1.3429162502288818,0.5258167386054993,0.16327662765979767
001297.npy,"(128, 128)",float32,0.0009764120331965387,1.6863828897476196,0.593903660774231,0.19120468199253082
001298.npy,"(128, 128)",float32,-0.0039805336855351925,1.603674292564392,0.5456599593162537,0.19418500363826752
001299.npy,"(128, 128)",float32,0.010013150982558727,1.390683650970459,0.6030665636062622,0.1461264193058014
001300.npy,"(128, 128)",float32,-0.003855941817164421,1.3949991464614868,0.4776349663734436,0.20162516832351685
001301.npy,"(128, 128)",float32,0.004470895044505596,1.4324886798858643,0.5888761281967163,0.21651455760002136
001302.npy,"(128, 128)",float32,-0.01039552316069603,1.682045578956604,0.588815450668335,0.22402413189411163
001303.npy,"(128, 128)",float32,0.004148965235799551,1.7338424921035767,0.5749598741531372,0.22579671442508698
001304.npy,"(128, 128)",float32,-0.03970064967870712,1.7178987264633179,0.7700220346450806,0.26017454266548157
001305.npy,"(128, 128)",float32,0.0028613132890313864,1.5277618169784546,0.7694750428199768,0.1828920692205429
001306.npy,"(128, 128)",float32,-0.0019768511410802603,1.5217148065567017,0.7485572099685669,0.19854921102523804
001307.npy,"(128, 128)",float32,0.006064956076443195,1.5619852542877197,0.7725878953933716,0.19531787931919098
001308.npy,"(128, 128)",float32,-0.0023582999128848314,1.245369553565979,0.17462164163589478,0.19198453426361084
001309.npy,"(128, 128)",float32,-0.011266940273344517,1.3492095470428467,0.13287699222564697,0.1559561789035797
001310.npy,"(128, 128)",float32,-0.012425278313457966,1.2440470457077026,0.11897609382867813,0.15232279896736145
001311.npy,"(128, 128)",float32,-0.01879383809864521,1.2060682773590088,0.1204473227262497,0.1485016942024231
001312.npy,"(128, 128)",float32,-0.1139989122748375,1.4613037109375,0.5022629499435425,0.21912600100040436
001313.npy,"(128, 128)",float32,-0.1021142229437828,1.5792838335037231,0.4302932620048523,0.22170349955558777
001314.npy,"(128, 128)",float32,-0.08188702911138535,1.5073288679122925,0.4299522042274475,0.22063463926315308
001315.npy,"(128, 128)",float32,-0.10193928331136703,1.5103051662445068,0.4274827837944031,0.21812722086906433
001316.npy,"(128, 128)",float32,-0.061938825994729996,1.2914714813232422,0.5549325346946716,0.17424646019935608
001317.npy,"(128, 128)",float32,-0.01527515146881342,0.9470963478088379,0.43204307556152344,0.16616244614124298
001318.npy,"(128, 128)",float32,-0.0185746680945158,0.9050658345222473,0.4298997223377228,0.16771890223026276
001319.npy,"(128, 128)",float32,-0.039526842534542084,0.8595094084739685,0.40603238344192505,0.17044855654239655
001320.npy,"(128, 128)",float32,-0.006697738077491522,1.1690406799316406,0.2584110498428345,0.1912669837474823
001321.npy,"(128, 128)",float32,-0.008796004578471184,1.2219403982162476,0.07785792648792267,0.1544266790151596
001322.npy,"(128, 128)",float32,-0.010031621903181076,1.1809364557266235,0.08023473620414734,0.1574717015028
001323.npy,"(128, 128)",float32,-0.008404970169067383,1.191628336906433,0.05002543330192566,0.09934864938259125
001324.npy,"(128, 128)",float32,0.40387994050979614,1.573174238204956,0.8556796908378601,0.14220285415649414
001325.npy,"(128, 128)",float32,-0.05931653454899788,1.194885492324829,0.2051364779472351,0.20024017989635468
001326.npy,"(128, 128)",float32,-0.0499483197927475,1.3195720911026,0.24610701203346252,0.23228365182876587
001327.npy,"(128, 128)",float32,-0.037981413304805756,1.318300485610962,0.2372506558895111,0.21431612968444824
001328.npy,"(128, 128)",float32,-0.00033437806996516883,1.4723671674728394,0.46479955315589905,0.21162836253643036
001329.npy,"(128, 128)",float32,-0.007984528318047523,1.3110127449035645,0.24151813983917236,0.20403710007667542
001330.npy,"(128, 128)",float32,-0.008847213350236416,1.333559513092041,0.2114819586277008,0.18228523433208466
001331.npy,"(128, 128)",float32,-0.00887305662035942,1.4032098054885864,0.21242381632328033,0.1849694699048996
001332.npy,"(128, 128)",float32,-0.030065439641475677,1.4340450763702393,0.36416640877723694,0.2616162598133087
001333.npy,"(128, 128)",float32,0.032739248126745224,1.221968650817871,0.486490398645401,0.12537553906440735
001334.npy,"(128, 128)",float32,0.05641511455178261,1.2941381931304932,0.4868675470352173,0.13063925504684448
001335.npy,"(128, 128)",float32,0.0365564189851284,1.201134443283081,0.5023391842842102,0.11982513219118118
001336.npy,"(128, 128)",float32,0.0023447403218597174,1.418941617012024,0.5202245116233826,0.16885912418365479
001337.npy,"(128, 128)",float32,-0.0007968015852384269,1.1709990501403809,0.36623403429985046,0.1517525613307953
001338.npy,"(128, 128)",float32,0.0030228516552597284,1.1595616340637207,0.3646177351474762,0.14734132587909698
001339.npy,"(128, 128)",float32,0.014451798051595688,1.3468842506408691,0.3651403486728668,0.14705853164196014
001340.npy,"(128, 128)",float32,-0.007936399430036545,1.4825531244277954,0.5798759460449219,0.25576022267341614
001341.npy,"(128, 128)",float32,-0.007250121328979731,1.5817286968231201,0.5526946783065796,0.24507679045200348
001342.npy,"(128, 128)",float32,0.0012272900203242898,1.5216706991195679,0.5531190037727356,0.23666243255138397
001343.npy,"(128, 128)",float32,-0.007219312246888876,1.4453160762786865,0.52211594581604,0.2228836715221405
001344.npy,"(128, 128)",float32,-0.02335638552904129,1.4878973960876465,0.6036764979362488,0.2790695130825043
001345.npy,"(128, 128)",float32,0.04938990995287895,1.4316291809082031,0.6671336889266968,0.17840082943439484
001346.npy,"(128, 128)",float32,0.0145364198833704,1.4394453763961792,0.6714538335800171,0.16806864738464355
001347.npy,"(128, 128)",float32,0.0005582798039540648,1.2559832334518433,0.6031434535980225,0.20853495597839355
001348.npy,"(128, 128)",float32,-0.00663529708981514,1.4330122470855713,0.32454580068588257,0.24646571278572083
001349.npy,"(128, 128)",float32,-0.007939317263662815,1.6577668190002441,0.7680909633636475,0.17137204110622406
001350.npy,"(128, 128)",float32,-0.005184243433177471,1.4916796684265137,0.4482446312904358,0.21492379903793335
001351.npy,"(128, 128)",float32,-0.002777406480163336,1.4872400760650635,0.6592806577682495,0.17709878087043762
001352.npy,"(128, 128)",float32,-0.009821023792028427,1.3706809282302856,0.41496148705482483,0.1985422670841217
001353.npy,"(128, 128)",float32,0.01731632463634014,1.397327184677124,0.4451865255832672,0.19753248989582062
001354.npy,"(128, 128)",float32,0.012825273908674717,1.4792943000793457,0.4692046642303467,0.20690198242664337
001355.npy,"(128, 128)",float32,0.012296084314584732,1.4135894775390625,0.4467545747756958,0.20384098589420319
001356.npy,"(128, 128)",float32,-0.00624033622443676,1.162630558013916,0.30462977290153503,0.1593722552061081
001357.npy,"(128, 128)",float32,0.015008042566478252,0.9931967854499817,0.3103819489479065,0.08807116001844406
001358.npy,"(128, 128)",float32,0.020448707044124603,1.0367262363433838,0.3118482828140259,0.08729604631662369
001359.npy,"(128, 128)",float32,0.01445409469306469,1.0080509185791016,0.3491334617137909,0.09843665361404419
001360.npy,"(128, 128)",float32,-0.043954674154520035,1.3475008010864258,0.543248176574707,0.19832968711853027
001361.npy,"(128, 128)",float32,0.047025494277477264,1.53386652469635,0.5105845332145691,0.18593500554561615
001362.npy,"(128, 128)",float32,0.0014274063287302852,1.4153411388397217,0.5130760073661804,0.17118147015571594
001363.npy,"(128, 128)",float32,0.0009878381388261914,1.3119696378707886,0.485054612159729,0.18727535009384155
001364.npy,"(128, 128)",float32,-0.06547513604164124,1.3644870519638062,0.2615712285041809,0.2434915006160736
001365.npy,"(128, 128)",float32,-0.04011193662881851,1.1063152551651,0.518787145614624,0.14314323663711548
001366.npy,"(128, 128)",float32,-0.08173415064811707,1.1984171867370605,0.4780312180519104,0.16726359724998474
001367.npy,"(128, 128)",float32,-0.06388343125581741,1.0715651512145996,0.49275362491607666,0.14442729949951172
001368.npy,"(128, 128)",float32,-0.008685682900249958,1.4083619117736816,0.25408661365509033,0.2418813556432724
001369.npy,"(128, 128)",float32,-0.0075408583506941795,1.246188759803772,0.4835663139820099,0.16662679612636566
001370.npy,"(128, 128)",float32,0.0020895632915198803,1.2670032978057861,0.49721962213516235,0.17743460834026337
001371.npy,"(128, 128)",float32,0.007506418041884899,1.2748125791549683,0.4780856966972351,0.16314728558063507
001372.npy,"(128, 128)",float32,-0.002915578195825219,1.4897059202194214,0.44934022426605225,0.18540622293949127
001373.npy,"(128, 128)",float32,3.8912592572160065e-05,1.5642292499542236,0.4654066860675812,0.2801399230957031
001374.npy,"(128, 128)",float32,-0.007987787947058678,1.7426636219024658,0.47582536935806274,0.3120131492614746
001375.npy,"(128, 128)",float32,-0.0011226445203647017,1.6267725229263306,0.4819945991039276,0.3088279366493225
001376.npy,"(128, 128)",float32,0.0018935241969302297,1.6483274698257446,0.7954210042953491,0.2961556315422058
001377.npy,"(128, 128)",float32,-0.005605265498161316,1.5806937217712402,0.49985331296920776,0.20996443927288055
001378.npy,"(128, 128)",float32,0.002823887625709176,1.305234432220459,0.4857686460018158,0.17013509571552277
001379.npy,"(128, 128)",float32,-0.014783950522542,1.6443825960159302,0.5033661723136902,0.21179312467575073
001380.npy,"(128, 128)",float32,-0.018549898639321327,1.7130587100982666,0.742621123790741,0.2535708248615265
001381.npy,"(128, 128)",float32,-0.07328510284423828,1.0737282037734985,0.24505595862865448,0.17763730883598328
001382.npy,"(128, 128)",float32,-0.07393929362297058,1.1436026096343994,0.24301350116729736,0.17768827080726624
001383.npy,"(128, 128)",float32,-0.07098309695720673,1.1027302742004395,0.2202480286359787,0.17708800733089447
001384.npy,"(128, 128)",float32,-0.11115974187850952,1.6078191995620728,0.5860977172851562,0.2752002477645874
001385.npy,"(128, 128)",float32,-0.10646283626556396,1.5819685459136963,0.5361816883087158,0.29973652958869934
001386.npy,"(128, 128)",float32,-0.058376312255859375,1.6729487180709839,0.5519815683364868,0.2960507869720459
001387.npy,"(128, 128)",float32,-0.05998488515615463,1.4349734783172607,0.5533310174942017,0.2969236671924591
001388.npy,"(128, 128)",float32,-0.015669452026486397,1.392773151397705,0.3428284525871277,0.2355165332555771
001389.npy,"(128, 128)",float32,0.0023266843054443598,1.371961236000061,0.4718945622444153,0.24495290219783783
001390.npy,"(128, 128)",float32,-0.0074906726367771626,1.2865817546844482,0.5099933743476868,0.22890347242355347
001391.npy,"(128, 128)",float32,-0.006836981512606144,1.497725009918213,0.46358880400657654,0.260064959526062
001392.npy,"(128, 128)",float32,0.013150873593986034,1.4149876832962036,0.4099765419960022,0.20353375375270844
001393.npy,"(128, 128)",float32,0.015229543671011925,1.501464605331421,0.5951119661331177,0.17882981896400452
001394.npy,"(128, 128)",float32,0.029254062101244926,1.3610788583755493,0.5927673578262329,0.1696082055568695
001395.npy,"(128, 128)",float32,0.03274434059858322,1.5565671920776367,0.59737229347229,0.19046075642108917
001396.npy,"(128, 128)",float32,-0.00016141519881784916,1.6619839668273926,0.6129298210144043,0.21829453110694885
001397.npy,"(128, 128)",float32,0.014739333651959896,1.3934522867202759,0.6893841028213501,0.13735094666481018
001398.npy,"(128, 128)",float32,0.02030007168650627,1.3149062395095825,0.6886655688285828,0.1418198198080063
001399.npy,"(128, 128)",float32,0.030085843056440353,1.4127743244171143,0.6889976263046265,0.14969497919082642
001400.npy,"(128, 128)",float32,0.001983808586373925,1.2085647583007812,0.25652095675468445,0.1639346331357956
001401.npy,"(128, 128)",float32,0.018096478655934334,1.439674735069275,0.6921740770339966,0.28248679637908936
001402.npy,"(128, 128)",float32,-0.0037990971468389034,1.4783059358596802,0.6387125253677368,0.29716238379478455
001403.npy,"(128, 128)",float32,0.002685357118025422,1.750641107559204,0.5270774364471436,0.32652875781059265
001404.npy,"(128, 128)",float32,-0.03965992480516434,1.467740535736084,0.711314857006073,0.18056809902191162
001405.npy,"(128, 128)",float32,-0.007547720335423946,1.2873389720916748,0.16084298491477966,0.1382763683795929
001406.npy,"(128, 128)",float32,0.01044891681522131,1.3995252847671509,0.16029798984527588,0.09489236027002335
001407.npy,"(128, 128)",float32,0.00039344513788819313,1.364925503730774,0.1517840325832367,0.1370638608932495
001408.npy,"(128, 128)",float32,-0.02029171586036682,1.3294260501861572,0.10218296945095062,0.15682782232761383
001409.npy,"(128, 128)",float32,0.004516152199357748,1.2917522192001343,0.15134276449680328,0.18051275610923767
001410.npy,"(128, 128)",float32,-0.017245426774024963,1.2956061363220215,0.12057563662528992,0.1701817363500595
001411.npy,"(128, 128)",float32,-0.005819280166178942,1.3878185749053955,0.11796748638153076,0.16302277147769928
001412.npy,"(128, 128)",float32,-0.01142587885260582,1.7036802768707275,0.5535849332809448,0.2794608771800995
001413.npy,"(128, 128)",float32,-0.018778782337903976,1.609824776649475,0.5269557237625122,0.30037713050842285
001414.npy,"(128, 128)",float32,-0.04326324537396431,1.5905280113220215,0.5276442170143127,0.2937985062599182
001415.npy,"(128, 128)",float32,-0.011381866410374641,1.5419389009475708,0.5268632769584656,0.2976841926574707
001416.npy,"(128, 128)",float32,-0.004437534604221582,1.4673274755477905,0.738476037979126,0.1933009773492813
001417.npy,"(128, 128)",float32,0.0007396558648906648,1.3890774250030518,0.3436744213104248,0.1999291628599167
001418.npy,"(128, 128)",float32,-0.002859268104657531,1.3590073585510254,0.3895667791366577,0.21714827418327332
001419.npy,"(128, 128)",float32,-0.015509286895394325,1.204363465309143,0.3497306704521179,0.19231678545475006
001420.npy,"(128, 128)",float32,0.0016295313835144043,1.4479467868804932,0.5747450590133667,0.25054654479026794
001421.npy,"(128, 128)",float32,-0.012915633618831635,1.5575517416000366,0.6602789163589478,0.2616516351699829
001422.npy,"(128, 128)",float32,0.03375345841050148,1.6215307712554932,0.665141761302948,0.2433559000492096
001423.npy,"(128, 128)",float32,0.0460740327835083,1.5881768465042114,0.6893357634544373,0.24849161505699158
001424.npy,"(128, 128)",float32,-0.016738200560212135,1.682550311088562,0.6991161108016968,0.2465313971042633
001425.npy,"(128, 128)",float32,-0.00883083138614893,1.6862086057662964,0.7562087178230286,0.2683645486831665
001426.npy,"(128, 128)",float32,0.01534325536340475,1.6034626960754395,0.737855076789856,0.263368159532547
001427.npy,"(128, 128)",float32,0.007876074872910976,1.5132789611816406,0.7282014489173889,0.23658916354179382
001428.npy,"(128, 128)",float32,-0.009777124971151352,1.3460731506347656,0.19181248545646667,0.2081792652606964
001429.npy,"(128, 128)",float32,-0.003980608657002449,1.7623533010482788,0.8524013757705688,0.2676086723804474
001430.npy,"(128, 128)",float32,0.00970782432705164,1.6542617082595825,0.8628193736076355,0.2516424357891083
001431.npy,"(128, 128)",float32,0.013080079108476639,1.723188042640686,0.8532472848892212,0.2636606693267822
001432.npy,"(128, 128)",float32,-0.013682140968739986,1.4653565883636475,0.4912319779396057,0.1660645306110382
001433.npy,"(128, 128)",float32,0.0010306746698915958,1.745718240737915,0.8691635727882385,0.2634715735912323
001434.npy,"(128, 128)",float32,0.0036483043804764748,1.5571869611740112,0.8719069957733154,0.2459813356399536
001435.npy,"(128, 128)",float32,-0.004225753713399172,1.6143038272857666,0.8700978755950928,0.24640248715877533
001436.npy,"(128, 128)",float32,-0.007156425155699253,1.5112950801849365,0.63228839635849,0.254968523979187
001437.npy,"(128, 128)",float32,0.0026565492153167725,1.3055275678634644,0.3837432861328125,0.16484004259109497
001438.npy,"(128, 128)",float32,-0.0030885518062859774,1.223780632019043,0.3823126554489136,0.16482271254062653
001439.npy,"(128, 128)",float32,0.006654078606516123,1.286532998085022,0.36782899498939514,0.16694554686546326
001440.npy,"(128, 128)",float32,-0.0178288035094738,1.1690316200256348,0.3287780284881592,0.19150085747241974
001441.npy,"(128, 128)",float32,0.003699085908010602,1.2528455257415771,0.36771059036254883,0.1624833047389984
001442.npy,"(128, 128)",float32,0.0020841702353209257,1.2468855381011963,0.38336095213890076,0.1641821563243866
001443.npy,"(128, 128)",float32,-0.0077102952636778355,1.4007608890533447,0.38376522064208984,0.1663670390844345
001444.npy,"(128, 128)",float32,-0.00698576495051384,1.4012117385864258,0.4779021739959717,0.2027335911989212
001445.npy,"(128, 128)",float32,-0.03122602216899395,1.2011550664901733,0.08159370720386505,0.1277221292257309
001446.npy,"(128, 128)",float32,-0.013381287455558777,1.0453401803970337,0.08546368777751923,0.13030096888542175
001447.npy,"(128, 128)",float32,-0.008585073985159397,1.1670629978179932,0.08712060749530792,0.1308678835630417
001448.npy,"(128, 128)",float32,-0.0018486625049263239,1.3519490957260132,0.6740637421607971,0.1930389404296875
001449.npy,"(128, 128)",float32,0.007112215273082256,1.4425442218780518,0.6777968406677246,0.23859404027462006
001450.npy,"(128, 128)",float32,0.0012524506310001016,1.6642296314239502,0.5225421190261841,0.32276391983032227
001451.npy,"(128, 128)",float32,0.00048375906771980226,1.5780638456344604,0.6440533399581909,0.2746618390083313
001452.npy,"(128, 128)",float32,-0.017582453787326813,1.6875108480453491,0.5712852478027344,0.2645973265171051
001453.npy,"(128, 128)",float32,0.003993228543549776,1.4767252206802368,0.5376268625259399,0.2705855369567871
001454.npy,"(128, 128)",float32,-0.005567694548517466,1.490553855895996,0.5339005589485168,0.2545962333679199
001455.npy,"(128, 128)",float32,0.002787970472127199,1.4926228523254395,0.4678172469139099,0.2407306283712387
001456.npy,"(128, 128)",float32,-0.00598257128149271,1.2701061964035034,0.35574233531951904,0.23153521120548248
001457.npy,"(128, 128)",float32,-0.03616437688469887,1.3930644989013672,0.34499430656433105,0.2265993356704712
001458.npy,"(128, 128)",float32,-0.006606692913919687,1.3284140825271606,0.3339613080024719,0.22549811005592346
001459.npy,"(128, 128)",float32,-0.037094973027706146,1.498548150062561,0.3440055549144745,0.23302242159843445
001460.npy,"(128, 128)",float32,0.0016512478468939662,1.174031376838684,0.3424925208091736,0.14731524884700775
001461.npy,"(128, 128)",float32,0.0033766564447432756,1.8737744092941284,0.7326862215995789,0.36401769518852234
001462.npy,"(128, 128)",float32,-0.0044690086506307125,1.6431843042373657,0.542381763458252,0.3617789149284363
001463.npy,"(128, 128)",float32,0.0034560475032776594,1.7087981700897217,0.6153605580329895,0.3697325885295868
001464.npy,"(128, 128)",float32,-0.002208898076787591,1.4778285026550293,0.39097169041633606,0.20630991458892822
001465.npy,"(128, 128)",float32,0.008170290850102901,1.5322529077529907,0.5977908372879028,0.44394680857658386
001466.npy,"(128, 128)",float32,0.009393854066729546,1.597899317741394,0.5671107769012451,0.45119959115982056
001467.npy,"(128, 128)",float32,0.006053768564015627,1.8744703531265259,0.6018728017807007,0.4505005180835724
001468.npy,"(128, 128)",float32,0.0007231839117594063,1.1499683856964111,0.23098547756671906,0.17950399219989777
001469.npy,"(128, 128)",float32,-0.0056418864987790585,1.4622066020965576,0.2911137640476227,0.2713138163089752
001470.npy,"(128, 128)",float32,-0.002031071111559868,1.6185749769210815,0.3117399513721466,0.28021880984306335
001471.npy,"(128, 128)",float32,-0.016126496717333794,1.399228811264038,0.3116247057914734,0.2850218713283539
001472.npy,"(128, 128)",float32,-0.000577350496314466,1.410962700843811,0.6901150941848755,0.217018261551857
001473.npy,"(128, 128)",float32,0.0006611306453123689,1.631103277206421,0.5630634427070618,0.2393079400062561
001474.npy,"(128, 128)",float32,0.015307842753827572,1.47377347946167,0.6312583684921265,0.21180304884910583
001475.npy,"(128, 128)",float32,0.009689104743301868,1.5623012781143188,0.5488119125366211,0.24136288464069366
001476.npy,"(128, 128)",float32,-0.007768630515784025,1.4672759771347046,0.3125404715538025,0.22796432673931122
001477.npy,"(128, 128)",float32,0.002163108205422759,1.329803228378296,0.25620102882385254,0.1962806135416031
001478.npy,"(128, 128)",float32,-0.006220026407390833,1.2635833024978638,0.2542591094970703,0.19534127414226532
001479.npy,"(128, 128)",float32,0.003566447412595153,1.3336220979690552,0.25174033641815186,0.17595326900482178
001480.npy,"(128, 128)",float32,0.007524775341153145,1.4201064109802246,0.3122524619102478,0.1680402308702469
001481.npy,"(128, 128)",float32,-0.0007956848130561411,1.5671261548995972,0.788867712020874,0.2302810698747635
001482.npy,"(128, 128)",float32,0.015559284016489983,1.5690230131149292,0.7718853950500488,0.20919981598854065
001483.npy,"(128, 128)",float32,0.0071085491217672825,1.6410080194473267,0.7843016386032104,0.23856939375400543
001484.npy,"(128, 128)",float32,-0.007958469912409782,1.6093403100967407,0.5658754110336304,0.3131352663040161
001485.npy,"(128, 128)",float32,0.0004362615873105824,1.692555546760559,0.6135162711143494,0.31827348470687866
001486.npy,"(128, 128)",float32,-0.014686159789562225,1.603420376777649,0.504773736000061,0.3363617956638336
001487.npy,"(128, 128)",float32,-0.0031731082126498222,1.4792698621749878,0.6168275475502014,0.2970457971096039
001488.npy,"(128, 128)",float32,-0.0005823553656227887,1.4812023639678955,0.6590508222579956,0.2112060785293579
001489.npy,"(128, 128)",float32,-0.02579996921122074,1.5966371297836304,0.5136243104934692,0.24716126918792725
001490.npy,"(128, 128)",float32,-0.024895915761590004,1.5348025560379028,0.5057889223098755,0.23814009130001068
001491.npy,"(128, 128)",float32,-0.04031979665160179,1.3988696336746216,0.5190141201019287,0.23775868117809296
001492.npy,"(128, 128)",float32,-0.02982175536453724,1.3453187942504883,0.22146843373775482,0.19496674835681915
001493.npy,"(128, 128)",float32,-0.03951052948832512,1.5313695669174194,0.3256387412548065,0.3805679678916931
001494.npy,"(128, 128)",float32,-0.02576168067753315,1.3276695013046265,0.4143688678741455,0.402698278427124
001495.npy,"(128, 128)",float32,-0.039871323853731155,1.5180178880691528,0.4112997353076935,0.40865573287010193
001496.npy,"(128, 128)",float32,0.0045703318901360035,1.6111578941345215,0.5512736439704895,0.32387885451316833
001497.npy,"(128, 128)",float32,-0.019907811656594276,1.697851538658142,0.5139967203140259,0.3571261763572693
001498.npy,"(128, 128)",float32,-0.013651628978550434,1.628010869026184,0.4333420395851135,0.3673239052295685
001499.npy,"(128, 128)",float32,-0.012827250175178051,1.5350147485733032,0.4343646764755249,0.36609378457069397
001500.npy,"(128, 128)",float32,-0.003452278207987547,1.233757495880127,0.4385499358177185,0.17582759261131287
001501.npy,"(128, 128)",float32,0.0046766032464802265,1.1023615598678589,0.3776084780693054,0.1352047473192215
001502.npy,"(128, 128)",float32,-0.0021707317791879177,1.0518313646316528,0.39893877506256104,0.12119415402412415
001503.npy,"(128, 128)",float32,-0.0010767162311822176,1.05338454246521,0.38497310876846313,0.12952682375907898
001504.npy,"(128, 128)",float32,-0.006251051556318998,1.0182870626449585,0.4015694856643677,0.12862712144851685
001505.npy,"(128, 128)",float32,-0.0016271693166345358,1.1990413665771484,0.2667059600353241,0.1687232404947281
001506.npy,"(128, 128)",float32,0.0056228130124509335,1.2313472032546997,0.2443408966064453,0.15929988026618958
001507.npy,"(128, 128)",float32,0.002717704977840185,1.1387304067611694,0.1959974467754364,0.13543245196342468
001508.npy,"(128, 128)",float32,0.019842594861984253,1.7625582218170166,0.4431886076927185,0.23173949122428894
001509.npy,"(128, 128)",float32,-0.07264624536037445,1.533337116241455,0.4177035987377167,0.2607368230819702
001510.npy,"(128, 128)",float32,-0.07751660794019699,1.5937942266464233,0.41716423630714417,0.2579902112483978
001511.npy,"(128, 128)",float32,-0.06735176593065262,1.5372601747512817,0.41664260625839233,0.2610710859298706
001512.npy,"(128, 128)",float32,0.005657286383211613,1.615777850151062,0.6017320156097412,0.23064762353897095
001513.npy,"(128, 128)",float32,-0.036742303520441055,0.9623200297355652,0.13530504703521729,0.11665774881839752
001514.npy,"(128, 128)",float32,-0.03810713440179825,0.9264132380485535,0.12466910481452942,0.10819768160581589
001515.npy,"(128, 128)",float32,-0.03428301960229874,0.8984904885292053,0.12526172399520874,0.1090928316116333
001516.npy,"(128, 128)",float32,0.00975910946726799,1.3814626932144165,0.41775909066200256,0.23839645087718964
001517.npy,"(128, 128)",float32,0.005247735418379307,1.2251280546188354,0.2931371033191681,0.14355534315109253
001518.npy,"(128, 128)",float32,-0.004495902918279171,1.2239110469818115,0.2876781225204468,0.15902549028396606
001519.npy,"(128, 128)",float32,-0.0014483991544693708,1.373832106590271,0.2823658585548401,0.15849897265434265
001520.npy,"(128, 128)",float32,0.006320582702755928,1.3878843784332275,0.5432537794113159,0.22751492261886597
001521.npy,"(128, 128)",float32,0.0020676739513874054,1.452790379524231,0.3669058382511139,0.21728509664535522
001522.npy,"(128, 128)",float32,-0.00258830888196826,1.4020106792449951,0.37626463174819946,0.2119188755750656
001523.npy,"(128, 128)",float32,0.011089902371168137,1.5233469009399414,0.3681989908218384,0.2127688080072403
001524.npy,"(128, 128)",float32,-0.012942765839397907,1.3681310415267944,0.1675841510295868,0.18449434638023376
001525.npy,"(128, 128)",float32,-0.006135644391179085,1.5882174968719482,0.21753284335136414,0.2180296927690506
001526.npy,"(128, 128)",float32,-0.0115094855427742,1.5486527681350708,0.22172878682613373,0.22091594338417053
001527.npy,"(128, 128)",float32,-0.003072532592341304,1.8108675479888916,0.2532912492752075,0.21960128843784332
001528.npy,"(128, 128)",float32,-0.0028660702519118786,1.1617622375488281,0.5055088996887207,0.15001387894153595
001529.npy,"(128, 128)",float32,0.004339792765676975,1.1332900524139404,0.28934335708618164,0.13462646305561066
001530.npy,"(128, 128)",float32,-0.012687204405665398,1.2704682350158691,0.32400384545326233,0.1437593698501587
001531.npy,"(128, 128)",float32,0.002162572927772999,1.142805814743042,0.32020097970962524,0.13888736069202423
001532.npy,"(128, 128)",float32,-0.0031123068183660507,1.5572296380996704,0.3934081196784973,0.1837581992149353
001533.npy,"(128, 128)",float32,-0.030560433864593506,1.3605462312698364,0.21086348593235016,0.12475141882896423
001534.npy,"(128, 128)",float32,-0.06532567739486694,1.1238975524902344,0.21030612289905548,0.10710669308900833
001535.npy,"(128, 128)",float32,-0.06653686612844467,1.4175662994384766,0.21272820234298706,0.11209249496459961
001536.npy,"(128, 128)",float32,-0.010161987505853176,1.5063179731369019,0.30520111322402954,0.2152232974767685
001537.npy,"(128, 128)",float32,-0.003954725340008736,1.4402809143066406,0.28107085824012756,0.19626890122890472
001538.npy,"(128, 128)",float32,-0.0017717416631057858,1.341363549232483,0.23431779444217682,0.1511463075876236
001539.npy,"(128, 128)",float32,0.00298138870857656,1.3444045782089233,0.2342848777770996,0.149769127368927
001540.npy,"(128, 128)",float32,-0.004470035433769226,1.7451505661010742,0.8177696466445923,0.3583570718765259
001541.npy,"(128, 128)",float32,0.011806018650531769,1.7528098821640015,0.816792905330658,0.18037042021751404
001542.npy,"(128, 128)",float32,0.012421028688549995,1.6327674388885498,0.8165889978408813,0.16139493882656097
001543.npy,"(128, 128)",float32,0.0002119333075825125,1.5046592950820923,0.8158797025680542,0.1513342261314392
001544.npy,"(128, 128)",float32,-0.014509332366287708,1.1649720668792725,0.2244829535484314,0.14629937708377838
001545.npy,"(128, 128)",float32,-0.018209761008620262,0.9988542199134827,0.1363062858581543,0.12016841769218445
001546.npy,"(128, 128)",float32,-0.003592346329241991,1.1971055269241333,0.1528245061635971,0.12055511772632599
001547.npy,"(128, 128)",float32,-0.0018653656588867307,1.0609314441680908,0.132414773106575,0.1145891472697258
001548.npy,"(128, 128)",float32,0.009425774216651917,1.3217476606369019,0.4653644263744354,0.16636353731155396
001549.npy,"(128, 128)",float32,-0.013434043154120445,1.3487738370895386,0.3818223476409912,0.1527441442012787
001550.npy,"(128, 128)",float32,-0.0034771086648106575,1.2989048957824707,0.3422664999961853,0.14898090064525604
001551.npy,"(128, 128)",float32,-0.004690839909017086,1.1288836002349854,0.33353933691978455,0.14049050211906433
001552.npy,"(128, 128)",float32,-0.013456507585942745,1.3134822845458984,0.31048792600631714,0.2727773189544678
001553.npy,"(128, 128)",float32,-0.022145826369524002,1.388728380203247,0.5173882246017456,0.3041112720966339
001554.npy,"(128, 128)",float32,-0.01696721836924553,1.4411685466766357,0.5455276370048523,0.30588003993034363
001555.npy,"(128, 128)",float32,-0.006284786853939295,1.4448482990264893,0.485837459564209,0.30238693952560425
001556.npy,"(128, 128)",float32,-0.003350533777847886,1.6561336517333984,0.8000734448432922,0.23820015788078308
001557.npy,"(128, 128)",float32,-0.041867662221193314,1.4456006288528442,0.4347500801086426,0.236676886677742
001558.npy,"(128, 128)",float32,-0.06824006140232086,1.4161251783370972,0.4528411328792572,0.23780439794063568
001559.npy,"(128, 128)",float32,-0.05426361784338951,1.1671022176742554,0.4111528694629669,0.22907891869544983
001560.npy,"(128, 128)",float32,-0.015556780621409416,1.4853334426879883,0.25194984674453735,0.2393384426832199
001561.npy,"(128, 128)",float32,-0.02963908575475216,1.4942762851715088,0.5532658696174622,0.3044678568840027
001562.npy,"(128, 128)",float32,-0.01874973624944687,1.5817691087722778,0.5761986970901489,0.30183520913124084
001563.npy,"(128, 128)",float32,-0.011899393983185291,1.531534194946289,0.5757959485054016,0.2953638732433319
001564.npy,"(128, 128)",float32,-0.0073392982594668865,1.5033581256866455,0.3490464687347412,0.2998688519001007
001565.npy,"(128, 128)",float32,-0.007297997362911701,1.3572182655334473,0.39681631326675415,0.2942926585674286
001566.npy,"(128, 128)",float32,-0.021530060097575188,1.2483652830123901,0.39185094833374023,0.28959500789642334
001567.npy,"(128, 128)",float32,-0.006327313371002674,1.4325268268585205,0.4424775242805481,0.2993207573890686
001568.npy,"(128, 128)",float32,-0.0022417858708649874,1.1523256301879883,0.18200495839118958,0.12148541957139969
001569.npy,"(128, 128)",float32,0.009904571808874607,1.0380659103393555,0.1764759123325348,0.08914069086313248
001570.npy,"(128, 128)",float32,0.0077209072187542915,1.2442383766174316,0.18270376324653625,0.09207925945520401
001571.npy,"(128, 128)",float32,0.01427445374429226,1.184730887413025,0.19090746343135834,0.09830360114574432
001572.npy,"(128, 128)",float32,0.014669209718704224,1.284288763999939,0.39637064933776855,0.18168511986732483
001573.npy,"(128, 128)",float32,-0.025705618783831596,1.6253674030303955,0.4354078471660614,0.3111187517642975
001574.npy,"(128, 128)",float32,-0.016094699501991272,1.549829363822937,0.4342942237854004,0.30570152401924133
001575.npy,"(128, 128)",float32,0.007762034889310598,1.5015079975128174,0.39720508456230164,0.28748375177383423
001576.npy,"(128, 128)",float32,0.0017813820159062743,1.397580862045288,0.425392746925354,0.22501546144485474
001577.npy,"(128, 128)",float32,-0.011890027672052383,1.056237816810608,0.07691251486539841,0.08002486824989319
001578.npy,"(128, 128)",float32,-0.003926096484065056,0.9678444266319275,0.08584746718406677,0.0856861099600792
001579.npy,"(128, 128)",float32,-0.021197346970438957,1.0611598491668701,0.08280958980321884,0.08236555755138397
001580.npy,"(128, 128)",float32,-0.00850231759250164,1.5336923599243164,0.24437935650348663,0.19781631231307983
001581.npy,"(128, 128)",float32,0.0021069739013910294,1.263777494430542,0.2626446783542633,0.1711152046918869
001582.npy,"(128, 128)",float32,0.006487072445452213,1.3382362127304077,0.28811511397361755,0.1792156845331192
001583.npy,"(128, 128)",float32,-0.0058294120244681835,1.4652197360992432,0.3511021137237549,0.23306190967559814
001584.npy,"(128, 128)",float32,-0.033678293228149414,1.5187102556228638,0.5123435258865356,0.22789983451366425
001585.npy,"(128, 128)",float32,6.735319038853049e-05,1.43865966796875,0.394294410943985,0.23365259170532227
001586.npy,"(128, 128)",float32,-0.02144816890358925,1.5334831476211548,0.37067273259162903,0.2530365288257599
001587.npy,"(128, 128)",float32,-0.020307907834649086,1.453590989112854,0.3715905249118805,0.25071242451667786
001588.npy,"(128, 128)",float32,0.002864384325221181,1.7251529693603516,0.5654124617576599,0.188510462641716
001589.npy,"(128, 128)",float32,-0.061464786529541016,1.5137262344360352,0.3849440813064575,0.24564841389656067
001590.npy,"(128, 128)",float32,-0.0389305017888546,1.5120759010314941,0.3793751001358032,0.26222971081733704
001591.npy,"(128, 128)",float32,-0.0938255563378334,1.4475635290145874,0.3773142099380493,0.253487765789032
001592.npy,"(128, 128)",float32,-0.00036142405588179827,1.2949920892715454,0.4908730983734131,0.1872878223657608
001593.npy,"(128, 128)",float32,0.060804761946201324,1.5801277160644531,0.6790974140167236,0.21869346499443054
001594.npy,"(128, 128)",float32,-0.0004005685623269528,1.5680110454559326,0.7300399541854858,0.2123040407896042
001595.npy,"(128, 128)",float32,-0.00898432545363903,1.4798880815505981,0.7376309037208557,0.20013408362865448
001596.npy,"(128, 128)",float32,-0.006884487345814705,1.5214053392410278,0.4823873043060303,0.23073796927928925
001597.npy,"(128, 128)",float32,0.015429819002747536,1.7258161306381226,0.6503528356552124,0.3178345263004303
001598.npy,"(128, 128)",float32,0.007820975966751575,1.589874505996704,0.5848302841186523,0.33745649456977844
001599.npy,"(128, 128)",float32,0.013129920698702335,1.6285068988800049,0.684588611125946,0.31918632984161377
001600.npy,"(128, 128)",float32,0.004141943994909525,0.722100019454956,0.2662886381149292,0.05955033376812935
001601.npy,"(128, 128)",float32,-0.008640809915959835,0.9794516563415527,0.2567119002342224,0.11604320257902145
001602.npy,"(128, 128)",float32,-0.010609516873955727,1.269002914428711,0.36578184366226196,0.15839755535125732
001603.npy,"(128, 128)",float32,-0.017146170139312744,0.8722289800643921,0.2578754425048828,0.11683671921491623
001604.npy,"(128, 128)",float32,-0.01316098216921091,1.458929181098938,0.2652324438095093,0.19130678474903107
001605.npy,"(128, 128)",float32,-0.02069779299199581,1.8300508260726929,0.5461234450340271,0.2887290120124817
001606.npy,"(128, 128)",float32,-0.012747694738209248,1.4857807159423828,0.5314875245094299,0.27095019817352295
001607.npy,"(128, 128)",float32,-0.0035938697401434183,1.5840402841567993,0.5317941904067993,0.2817409932613373
001608.npy,"(128, 128)",float32,-0.010643322952091694,1.6229606866836548,0.4861971139907837,0.3336712419986725
001609.npy,"(128, 128)",float32,0.00047080713557079434,1.3672593832015991,0.47696346044540405,0.21883396804332733
001610.npy,"(128, 128)",float32,0.0031505438964813948,1.3217406272888184,0.42215120792388916,0.23684103786945343
001611.npy,"(128, 128)",float32,0.0035700874868780375,1.5935966968536377,0.42489874362945557,0.23391731083393097
001612.npy,"(128, 128)",float32,0.0014324829680845141,1.6390067338943481,0.49506640434265137,0.2868604063987732
001613.npy,"(128, 128)",float32,-0.04288047179579735,1.1137967109680176,0.16677865386009216,0.12010499089956284
001614.npy,"(128, 128)",float32,-0.01931942254304886,0.9080414772033691,0.15832170844078064,0.12900304794311523
001615.npy,"(128, 128)",float32,-0.025346310809254646,1.0463011264801025,0.15437500178813934,0.127497598528862
001616.npy,"(128, 128)",float32,0.00411094119772315,1.3551058769226074,0.3875504732131958,0.22638900578022003
001617.npy,"(128, 128)",float32,-0.02105472795665264,1.3170957565307617,0.271817147731781,0.17988643050193787
001618.npy,"(128, 128)",float32,-0.0024561011232435703,1.419911503791809,0.42698127031326294,0.26592183113098145
001619.npy,"(128, 128)",float32,-0.0037145796231925488,1.205384612083435,0.28724682331085205,0.18175986409187317
001620.npy,"(128, 128)",float32,-0.011319540441036224,1.2626802921295166,0.2711153030395508,0.1893140971660614
001621.npy,"(128, 128)",float32,-0.01042361743748188,1.623974084854126,0.5902116298675537,0.24656061828136444
001622.npy,"(128, 128)",float32,-0.003669611643999815,1.240363597869873,0.5427451133728027,0.22289811074733734
001623.npy,"(128, 128)",float32,0.006723227445036173,1.4197083711624146,0.6041499972343445,0.2433338463306427
001624.npy,"(128, 128)",float32,-0.055313512682914734,1.392359972000122,0.4019795060157776,0.2108454704284668
001625.npy,"(128, 128)",float32,0.008528544567525387,1.479606032371521,0.6205703020095825,0.23789232969284058
001626.npy,"(128, 128)",float32,0.0157539714127779,1.3809237480163574,0.6023870706558228,0.23289334774017334
001627.npy,"(128, 128)",float32,-0.009362360462546349,1.4654461145401,0.6027161478996277,0.23515528440475464
001628.npy,"(128, 128)",float32,-0.006504706107079983,1.5608296394348145,0.6172685623168945,0.16390299797058105
001629.npy,"(128, 128)",float32,0.005773149896413088,1.222259283065796,0.33789247274398804,0.1932390332221985
001630.npy,"(128, 128)",float32,0.017034437507390976,1.2210702896118164,0.348313570022583,0.19093674421310425
001631.npy,"(128, 128)",float32,0.01732829585671425,1.240983247756958,0.34915682673454285,0.18960899114608765
001632.npy,"(128, 128)",float32,-0.0089760422706604,1.3046224117279053,0.41654568910598755,0.22980457544326782
001633.npy,"(128, 128)",float32,0.004560570698231459,1.500268816947937,0.47897207736968994,0.21333368122577667
001634.npy,"(128, 128)",float32,-0.005096460692584515,1.399541974067688,0.4764532148838043,0.21119612455368042
001635.npy,"(128, 128)",float32,0.0011736571323126554,1.6493383646011353,0.8509628176689148,0.18015195429325104
001636.npy,"(128, 128)",float32,-0.08889809250831604,1.6785351037979126,0.6597455739974976,0.35774660110473633
001637.npy,"(128, 128)",float32,-0.07712695747613907,1.4753952026367188,0.2096918523311615,0.2250545769929886
001638.npy,"(128, 128)",float32,-0.05424032732844353,1.2293089628219604,0.19167417287826538,0.20849265158176422
001639.npy,"(128, 128)",float32,-0.06895890831947327,1.1861110925674438,0.20205047726631165,0.2140030860900879
001640.npy,"(128, 128)",float32,0.009793943725526333,1.1630209684371948,0.19333258271217346,0.10459384322166443
001641.npy,"(128, 128)",float32,0.014389077201485634,0.9128432869911194,0.18771104514598846,0.07502748817205429
001642.npy,"(128, 128)",float32,0.006631228607147932,0.911703884601593,0.2261715531349182,0.09439320117235184
001643.npy,"(128, 128)",float32,-0.0054449522867798805,1.2985936403274536,0.1532285213470459,0.07330356538295746
001644.npy,"(128, 128)",float32,-0.008412403054535389,1.657847285270691,0.5476313829421997,0.2727729380130768
001645.npy,"(128, 128)",float32,-0.018410827964544296,1.3730745315551758,0.2519751191139221,0.2993788719177246
001646.npy,"(128, 128)",float32,-0.0006719260709360242,1.5296038389205933,0.25205856561660767,0.29985660314559937
001647.npy,"(128, 128)",float32,-0.05974134802818298,1.4532357454299927,0.3495604991912842,0.3444935381412506
001648.npy,"(128, 128)",float32,-0.03575698286294937,1.386763334274292,0.49172040820121765,0.24789603054523468
001649.npy,"(128, 128)",float32,-0.007739020511507988,1.8624000549316406,0.2588130235671997,0.13802893459796906
001650.npy,"(128, 128)",float32,-0.015783298760652542,1.5216073989868164,0.2588742971420288,0.137045219540596
001651.npy,"(128, 128)",float32,-0.015450232662260532,1.3245283365249634,0.24531099200248718,0.1361541599035263
001652.npy,"(128, 128)",float32,0.01601366512477398,1.3093290328979492,0.38194549083709717,0.19175799190998077
001653.npy,"(128, 128)",float32,0.022365275770425797,1.3142130374908447,0.6251311302185059,0.20740173757076263
001654.npy,"(128, 128)",float32,-0.0015453723026439548,1.338866114616394,0.5276749730110168,0.21946148574352264
001655.npy,"(128, 128)",float32,-0.008122802712023258,1.4171193838119507,0.5417042970657349,0.22296932339668274
001656.npy,"(128, 128)",float32,-0.0006511471583507955,1.72654128074646,0.8240788578987122,0.2779864966869354
001657.npy,"(128, 128)",float32,-0.001997840590775013,1.3457335233688354,0.4307326078414917,0.26035943627357483
001658.npy,"(128, 128)",float32,-0.012556823901832104,1.473413109779358,0.4654228687286377,0.2787388563156128
001659.npy,"(128, 128)",float32,-0.0037956382147967815,1.312084674835205,0.4091348648071289,0.26092085242271423
001660.npy,"(128, 128)",float32,-0.0007902344223111868,1.421133041381836,0.41531622409820557,0.20110341906547546
001661.npy,"(128, 128)",float32,0.004270282573997974,1.4002249240875244,0.5765577554702759,0.2898350656032562
001662.npy,"(128, 128)",float32,0.005992085672914982,1.6924164295196533,0.6299169063568115,0.2609894573688507
001663.npy,"(128, 128)",float32,-0.007598967291414738,1.5631717443466187,0.5765583515167236,0.2968314290046692
001664.npy,"(128, 128)",float32,-0.023588044568896294,1.3324025869369507,0.5045686364173889,0.24342596530914307
001665.npy,"(128, 128)",float32,0.0024332329630851746,1.3627115488052368,0.5457344055175781,0.2634234130382538
001666.npy,"(128, 128)",float32,-0.00532242376357317,1.333348274230957,0.5565400123596191,0.2549489140510559
001667.npy,"(128, 128)",float32,-0.00034264964051544666,1.3298799991607666,0.5176648497581482,0.26722338795661926
001668.npy,"(128, 128)",float32,-0.03904834762215614,1.6658872365951538,0.5181632041931152,0.37265700101852417
001669.npy,"(128, 128)",float32,-0.03637763857841492,1.339136004447937,0.6076260805130005,0.15956585109233856
001670.npy,"(128, 128)",float32,0.0018795273499563336,1.4452893733978271,0.6170046329498291,0.15753984451293945
001671.npy,"(128, 128)",float32,-0.024945035576820374,1.1433496475219727,0.5193629264831543,0.1327306628227234
001672.npy,"(128, 128)",float32,0.0028578664641827345,1.3634300231933594,0.27381497621536255,0.24453289806842804
001673.npy,"(128, 128)",float32,-0.007753234356641769,0.8624283671379089,0.18661780655384064,0.11670181155204773
001674.npy,"(128, 128)",float32,-0.003965394105762243,1.002061367034912,0.19770947098731995,0.11709655076265335
001675.npy,"(128, 128)",float32,-0.0011370741995051503,1.1319568157196045,0.19293996691703796,0.11861225962638855
001676.npy,"(128, 128)",float32,-0.04067086800932884,1.4474091529846191,0.27254366874694824,0.23830822110176086
001677.npy,"(128, 128)",float32,-0.010771029628813267,1.2029056549072266,0.24876821041107178,0.1361667811870575
001678.npy,"(128, 128)",float32,-0.012412182055413723,1.0057344436645508,0.2507496774196625,0.14023001492023468
001679.npy,"(128, 128)",float32,-0.04065779969096184,1.1427472829818726,0.2134498655796051,0.14742006361484528
001680.npy,"(128, 128)",float32,0.011824292130768299,1.631068468093872,0.6551846861839294,0.2755262851715088
001681.npy,"(128, 128)",float32,0.006633732467889786,1.4749425649642944,0.3706687092781067,0.23095551133155823
001682.npy,"(128, 128)",float32,-0.007646714337170124,1.3155080080032349,0.3691507577896118,0.22415995597839355
001683.npy,"(128, 128)",float32,-0.007830199785530567,1.5397310256958008,0.3726442754268646,0.22937338054180145
001684.npy,"(128, 128)",float32,-0.007857969962060452,1.3973965644836426,0.2840966582298279,0.22139565646648407
001685.npy,"(128, 128)",float32,0.009013095870614052,1.7945479154586792,0.678648054599762,0.31154370307922363
001686.npy,"(128, 128)",float32,-0.01481329370290041,1.6297637224197388,0.6941302418708801,0.30485638976097107
001687.npy,"(128, 128)",float32,0.002180779352784157,1.5673141479492188,0.6495251655578613,0.316428005695343
001688.npy,"(128, 128)",float32,-0.012456160970032215,1.5429621934890747,0.7303472757339478,0.21760208904743195
001689.npy,"(128, 128)",float32,0.013926404528319836,1.560009479522705,0.497086763381958,0.2049936056137085
001690.npy,"(128, 128)",float32,-0.008429685607552528,1.432999610900879,0.5358797311782837,0.1968240886926651
001691.npy,"(128, 128)",float32,-0.0051371073350310326,1.3559156656265259,0.5314544439315796,0.1931058168411255
001692.npy,"(128, 128)",float32,-0.018475715070962906,1.5248138904571533,0.30760523676872253,0.22671428322792053
001693.npy,"(128, 128)",float32,-0.04202901944518089,1.7687374353408813,0.3115841746330261,0.2859610915184021
001694.npy,"(128, 128)",float32,-0.027075711637735367,1.5217175483703613,0.3090563416481018,0.28184774518013
001695.npy,"(128, 128)",float32,-0.033278003334999084,1.640080213546753,0.3155917525291443,0.28411993384361267
001696.npy,"(128, 128)",float32,-0.026829073205590248,1.5953516960144043,0.2562265396118164,0.3342421054840088
001697.npy,"(128, 128)",float32,-0.011679071001708508,0.6919944882392883,0.12905707955360413,0.08733974397182465
001698.npy,"(128, 128)",float32,0.01828928291797638,0.9402349591255188,0.17126382887363434,0.08986411988735199
001699.npy,"(128, 128)",float32,0.02283165417611599,1.13535737991333,0.26295074820518494,0.13415072858333588
001700.npy,"(128, 128)",float32,-0.017677608877420425,1.2852957248687744,0.33661413192749023,0.2534814476966858
001701.npy,"(128, 128)",float32,-0.011695027351379395,1.405269742012024,0.25379714369773865,0.1881365031003952
001702.npy,"(128, 128)",float32,0.000514336337801069,1.1582094430923462,0.2663342356681824,0.15650376677513123
001703.npy,"(128, 128)",float32,-0.0025067117530852556,1.3754955530166626,0.2774369716644287,0.17527766525745392
001704.npy,"(128, 128)",float32,-0.02470828965306282,1.4896880388259888,0.4992872178554535,0.2524036169052124
001705.npy,"(128, 128)",float32,0.0025260483380407095,1.4303969144821167,0.4820815324783325,0.2083364576101303
001706.npy,"(128, 128)",float32,-0.007220682688057423,1.3048595190048218,0.49169817566871643,0.2006961554288864
001707.npy,"(128, 128)",float32,-0.0008072410128079355,1.3570839166641235,0.5065536499023438,0.19751104712486267
001708.npy,"(128, 128)",float32,0.022955860942602158,1.3951632976531982,0.5868011713027954,0.17235614359378815
001709.npy,"(128, 128)",float32,-0.0013425861252471805,1.216099739074707,0.47015777230262756,0.16621100902557373
001710.npy,"(128, 128)",float32,0.0021095890551805496,1.37376868724823,0.49246764183044434,0.15970665216445923
001711.npy,"(128, 128)",float32,0.00046427708002738655,1.4059174060821533,0.4992556571960449,0.1842138022184372
001712.npy,"(128, 128)",float32,-0.02609996497631073,1.3770356178283691,0.5326164960861206,0.3084612488746643
001713.npy,"(128, 128)",float32,-0.029822228476405144,1.2660775184631348,0.4747018814086914,0.31920820474624634
001714.npy,"(128, 128)",float32,-0.03647139295935631,1.4749889373779297,0.4660036563873291,0.33023521304130554
001715.npy,"(128, 128)",float32,-0.01343527901917696,1.2986000776290894,0.4773399829864502,0.3207947313785553
001716.npy,"(128, 128)",float32,0.0052752369083464146,1.5192128419876099,0.6601408123970032,0.23125450313091278
001717.npy,"(128, 128)",float32,0.02803734317421913,1.421024203300476,0.5227242708206177,0.1500723958015442
001718.npy,"(128, 128)",float32,0.010870475322008133,1.3248727321624756,0.5406603217124939,0.14434631168842316
001719.npy,"(128, 128)",float32,0.026636773720383644,1.4418985843658447,0.5559334754943848,0.15754951536655426
001720.npy,"(128, 128)",float32,0.02221730165183544,1.509443998336792,0.7012828588485718,0.24533820152282715
001721.npy,"(128, 128)",float32,-0.018261991441249847,0.9839937090873718,0.3299787640571594,0.16326691210269928
001722.npy,"(128, 128)",float32,-0.015440353192389011,1.1862890720367432,0.3934486508369446,0.17829743027687073
001723.npy,"(128, 128)",float32,-0.024070462211966515,1.217306137084961,0.3305392265319824,0.17090539634227753
001724.npy,"(128, 128)",float32,-0.014901350252330303,1.2446457147598267,0.32227545976638794,0.1606692224740982
001725.npy,"(128, 128)",float32,-0.025587165728211403,1.4702612161636353,0.564531683921814,0.19012120366096497
001726.npy,"(128, 128)",float32,-0.017033414915204048,1.6187855005264282,0.5833385586738586,0.2155914157629013
001727.npy,"(128, 128)",float32,-0.013930478133261204,1.5175601243972778,0.5620098114013672,0.2214510291814804
001728.npy,"(128, 128)",float32,-0.051281750202178955,1.415872573852539,0.1611938178539276,0.2159256786108017
001729.npy,"(128, 128)",float32,-0.015600830316543579,1.2565866708755493,0.5820292234420776,0.19728708267211914
001730.npy,"(128, 128)",float32,-0.03976543992757797,1.4392591714859009,0.5413925647735596,0.21689774096012115
001731.npy,"(128, 128)",float32,-0.00832012016326189,1.4947590827941895,0.5434926748275757,0.2172849029302597
001732.npy,"(128, 128)",float32,-0.008423988707363605,1.6445525884628296,0.3891924023628235,0.29375287890434265
001733.npy,"(128, 128)",float32,-0.00619508745148778,1.4943969249725342,0.2049853503704071,0.23241467773914337
001734.npy,"(128, 128)",float32,0.0015731772873550653,1.3572660684585571,0.16593924164772034,0.1611538529396057
001735.npy,"(128, 128)",float32,0.0002363725652685389,1.3108340501785278,0.16408270597457886,0.1757611632347107
001736.npy,"(128, 128)",float32,-0.016689663752913475,1.3109205961227417,0.3407434821128845,0.244013249874115
001737.npy,"(128, 128)",float32,-0.003725392511114478,1.340092658996582,0.3276827037334442,0.18507890403270721
001738.npy,"(128, 128)",float32,-0.0017120717093348503,1.4226845502853394,0.3082583248615265,0.19088681042194366
001739.npy,"(128, 128)",float32,-0.0004957598866894841,1.3628900051116943,0.3599499762058258,0.18463432788848877
001740.npy,"(128, 128)",float32,-0.013724897988140583,1.2044422626495361,0.2039828896522522,0.12947328388690948
001741.npy,"(128, 128)",float32,-0.023853208869695663,1.3176054954528809,0.11989788711071014,0.19104774296283722
001742.npy,"(128, 128)",float32,-0.019459696486592293,1.3273720741271973,0.17704041302204132,0.23646213114261627
001743.npy,"(128, 128)",float32,-0.004271318204700947,1.3104974031448364,0.1203596442937851,0.1923430860042572
001744.npy,"(128, 128)",float32,-0.017066890373826027,1.431471824645996,0.4049234688282013,0.19806520640850067
001745.npy,"(128, 128)",float32,-0.038903240114450455,1.3456344604492188,0.6598193049430847,0.24043422937393188
001746.npy,"(128, 128)",float32,-0.0033477332908660173,1.4428737163543701,0.6593523025512695,0.24494896829128265
001747.npy,"(128, 128)",float32,0.007865251041948795,1.3265503644943237,0.6139727830886841,0.25107070803642273
001748.npy,"(128, 128)",float32,-0.045733146369457245,1.1458103656768799,0.3389068841934204,0.18526504933834076
001749.npy,"(128, 128)",float32,0.12224948406219482,1.617569923400879,0.609453558921814,0.22191637754440308
001750.npy,"(128, 128)",float32,0.012794623151421547,1.4616978168487549,0.5963232517242432,0.18808265030384064
001751.npy,"(128, 128)",float32,0.08399549871683121,1.451097011566162,0.6373344659805298,0.2264673411846161
001752.npy,"(128, 128)",float32,0.0348103791475296,1.6971577405929565,0.8777468204498291,0.16606099903583527
001753.npy,"(128, 128)",float32,-0.02016635239124298,1.3770115375518799,0.5248618125915527,0.3153972923755646
001754.npy,"(128, 128)",float32,-0.044000282883644104,1.285090446472168,0.42055782675743103,0.30459102988243103
001755.npy,"(128, 128)",float32,-0.0850856602191925,1.3248440027236938,0.4194035530090332,0.3032318353652954
001756.npy,"(128, 128)",float32,-0.021381286904215813,1.1094049215316772,0.21082961559295654,0.16893433034420013
001757.npy,"(128, 128)",float32,0.005245737265795469,1.143337607383728,0.33842554688453674,0.17677323520183563
001758.npy,"(128, 128)",float32,-0.006959880236536264,1.2331511974334717,0.3297470211982727,0.17675289511680603
001759.npy,"(128, 128)",float32,-0.000962782243732363,1.2891936302185059,0.36501196026802063,0.17827126383781433
001760.npy,"(128, 128)",float32,0.01295753475278616,1.718124508857727,0.48416024446487427,0.34182581305503845
001761.npy,"(128, 128)",float32,-0.029561152681708336,1.1794270277023315,0.17680372297763824,0.16616584360599518
001762.npy,"(128, 128)",float32,-0.05863501504063606,1.0957039594650269,0.23560945689678192,0.20412567257881165
001763.npy,"(128, 128)",float32,-0.013344136998057365,1.1365280151367188,0.18121954798698425,0.16497132182121277
001764.npy,"(128, 128)",float32,0.030084218829870224,1.1770024299621582,0.5699719190597534,0.13680653274059296
001765.npy,"(128, 128)",float32,-0.0020706080831587315,1.5792232751846313,0.5202682614326477,0.24799008667469025
001766.npy,"(128, 128)",float32,0.029521388933062553,1.3971747159957886,0.5356839895248413,0.2396053969860077
001767.npy,"(128, 128)",float32,0.004397329408675432,1.4903372526168823,0.5343127846717834,0.24736033380031586
001768.npy,"(128, 128)",float32,-0.0007516753976233304,1.3640636205673218,0.7362018823623657,0.16858071088790894
001769.npy,"(128, 128)",float32,0.0210275799036026,1.365521788597107,0.583476185798645,0.14842940866947174
001770.npy,"(128, 128)",float32,0.011943969875574112,1.2293291091918945,0.5917161703109741,0.134214386343956
001771.npy,"(128, 128)",float32,0.03973044827580452,1.2959074974060059,0.6569309234619141,0.12032027542591095
001772.npy,"(128, 128)",float32,-0.048778049647808075,1.5174822807312012,0.5624673366546631,0.27125799655914307
001773.npy,"(128, 128)",float32,-0.013210438191890717,1.1809452772140503,0.17597371339797974,0.1850946545600891
001774.npy,"(128, 128)",float32,-0.0017539269756525755,1.1192071437835693,0.17905214428901672,0.18508483469486237
001775.npy,"(128, 128)",float32,-0.0018755040364339948,1.07064950466156,0.20522667467594147,0.19419418275356293
001776.npy,"(128, 128)",float32,-0.020263509824872017,1.3897465467453003,0.5872340202331543,0.2564752399921417
001777.npy,"(128, 128)",float32,-1.9645369320642203e-05,1.5306644439697266,0.5357068181037903,0.2728016674518585
001778.npy,"(128, 128)",float32,0.015380862168967724,1.399113416671753,0.5053655505180359,0.2627370357513428
001779.npy,"(128, 128)",float32,0.005880463402718306,1.2871623039245605,0.4914531409740448,0.26821571588516235
001780.npy,"(128, 128)",float32,0.01837027445435524,1.7649245262145996,0.9172585010528564,0.1864737570285797
001781.npy,"(128, 128)",float32,0.1688777059316635,1.2835030555725098,0.6511185169219971,0.13142170011997223
001782.npy,"(128, 128)",float32,0.15632455050945282,1.2384278774261475,0.6009681224822998,0.13014067709445953
001783.npy,"(128, 128)",float32,0.14274051785469055,1.2623871564865112,0.6318559050559998,0.1329091191291809
001784.npy,"(128, 128)",float32,-0.02413257211446762,1.3745709657669067,0.3251238465309143,0.19362755119800568
001785.npy,"(128, 128)",float32,0.0034224302507936954,1.5547841787338257,0.6090463995933533,0.31411921977996826
001786.npy,"(128, 128)",float32,0.0031860200688242912,1.5243407487869263,0.6123873591423035,0.3106403648853302
001787.npy,"(128, 128)",float32,0.006736838258802891,1.4784756898880005,0.6099783182144165,0.31073135137557983
001788.npy,"(128, 128)",float32,-0.00700862891972065,1.501921534538269,0.2704053521156311,0.22024764120578766
001789.npy,"(128, 128)",float32,0.02210765704512596,1.432421088218689,0.550547182559967,0.16007645428180695
001790.npy,"(128, 128)",float32,0.004886780399829149,1.2804489135742188,0.5430087447166443,0.15368278324604034
001791.npy,"(128, 128)",float32,0.002621691906824708,1.214158058166504,0.5505724549293518,0.15057742595672607
001792.npy,"(128, 128)",float32,-0.008083597756922245,1.3024687767028809,0.32188504934310913,0.14709867537021637
001793.npy,"(128, 128)",float32,-0.03793739527463913,1.5176113843917847,0.7091932892799377,0.25662416219711304
001794.npy,"(128, 128)",float32,-0.02027316577732563,1.5552481412887573,0.7019766569137573,0.2597551643848419
001795.npy,"(128, 128)",float32,-0.011810261756181717,1.3623958826065063,0.6948824524879456,0.25019532442092896
001796.npy,"(128, 128)",float32,-0.005310010630637407,1.446545124053955,0.15270666778087616,0.09276541322469711
001797.npy,"(128, 128)",float32,-0.03013911470770836,1.5788347721099854,0.4236178994178772,0.38076984882354736
001798.npy,"(128, 128)",float32,0.002498718909919262,1.5613073110580444,0.2961346209049225,0.3045590817928314
001799.npy,"(128, 128)",float32,-0.05012010410428047,1.5556913614273071,0.42056596279144287,0.38112202286720276
001800.npy,"(128, 128)",float32,-0.006651873234659433,1.3189457654953003,0.29458537697792053,0.2320982962846756
001801.npy,"(128, 128)",float32,-0.0005748371477238834,1.353179693222046,0.3114355504512787,0.2042972892522812
001802.npy,"(128, 128)",float32,-8.661874016979709e-05,1.4454635381698608,0.3134984076023102,0.2141191065311432
001803.npy,"(128, 128)",float32,0.008649089373648167,1.3679752349853516,0.29182231426239014,0.1894669085741043
001804.npy,"(128, 128)",float32,0.009311393834650517,1.466110348701477,0.8526359796524048,0.16555039584636688
001805.npy,"(128, 128)",float32,0.006343059707432985,1.3201895952224731,0.48849961161613464,0.2107328474521637
001806.npy,"(128, 128)",float32,0.002094006398692727,1.3332699537277222,0.472736656665802,0.22139635682106018
001807.npy,"(128, 128)",float32,-0.003163053886964917,1.2166547775268555,0.46058040857315063,0.21547646820545197
001808.npy,"(128, 128)",float32,-0.009755211882293224,1.4635318517684937,0.5478995442390442,0.2663481533527374
001809.npy,"(128, 128)",float32,-0.016431760042905807,1.034406065940857,0.09775250405073166,0.1358616203069687
001810.npy,"(128, 128)",float32,-0.014765243977308273,1.2234681844711304,0.08514542877674103,0.1220250204205513
001811.npy,"(128, 128)",float32,-0.023358376696705818,1.10361909866333,0.07969745248556137,0.10635010898113251
001812.npy,"(128, 128)",float32,0.002586549613624811,1.4871364831924438,0.360419362783432,0.2518318295478821
001813.npy,"(128, 128)",float32,0.00546641368418932,1.5881996154785156,0.4602051377296448,0.22336432337760925
001814.npy,"(128, 128)",float32,0.011060347780585289,1.2817189693450928,0.46968305110931396,0.2169821560382843
001815.npy,"(128, 128)",float32,-0.00955075304955244,1.5845389366149902,0.5315269231796265,0.20242717862129211
001816.npy,"(128, 128)",float32,-0.013196954503655434,1.490723729133606,0.46913474798202515,0.32256850600242615
001817.npy,"(128, 128)",float32,-0.00428003678098321,1.3407673835754395,0.22639930248260498,0.2485724538564682
001818.npy,"(128, 128)",float32,-0.008271947503089905,1.399505376815796,0.2613234519958496,0.2590446174144745
001819.npy,"(128, 128)",float32,-0.01062189694494009,1.284759521484375,0.27435049414634705,0.27171090245246887
001820.npy,"(128, 128)",float32,-0.07079990953207016,1.6731046438217163,0.5975371599197388,0.2393510639667511
001821.npy,"(128, 128)",float32,-0.023903151974081993,1.553543210029602,0.4668923318386078,0.23351456224918365
001822.npy,"(128, 128)",float32,-0.025436218827962875,1.5417625904083252,0.4649501442909241,0.23447304964065552
001823.npy,"(128, 128)",float32,-0.024283889681100845,1.7763649225234985,0.5458977222442627,0.2510449290275574
001824.npy,"(128, 128)",float32,-0.017072955146431923,1.1927281618118286,0.27887675166130066,0.27604934573173523
001825.npy,"(128, 128)",float32,-0.023517554625868797,1.1159064769744873,0.032491691410541534,0.09323520958423615
001826.npy,"(128, 128)",float32,-0.013376747258007526,1.084065556526184,0.023569956421852112,0.06166064739227295
001827.npy,"(128, 128)",float32,-0.020848417654633522,1.268172025680542,0.020450865849852562,0.025925910100340843
001828.npy,"(128, 128)",float32,-0.020740646868944168,1.138868808746338,0.38092419505119324,0.25677794218063354
001829.npy,"(128, 128)",float32,-0.000734800414647907,1.257718563079834,0.49676674604415894,0.2634916603565216
001830.npy,"(128, 128)",float32,-0.0007519831415265799,1.3517470359802246,0.48686712980270386,0.26136383414268494
001831.npy,"(128, 128)",float32,-0.0175620149821043,1.2690802812576294,0.48277390003204346,0.25623035430908203
001832.npy,"(128, 128)",float32,-0.019671402871608734,1.4127954244613647,0.4300338625907898,0.19059054553508759
001833.npy,"(128, 128)",float32,-0.031121546402573586,1.1280759572982788,0.20331084728240967,0.17612428963184357
001834.npy,"(128, 128)",float32,-0.037981659173965454,1.2563060522079468,0.20748895406723022,0.18024860322475433
001835.npy,"(128, 128)",float32,-0.029913680627942085,1.1744980812072754,0.22186541557312012,0.18423543870449066
001836.npy,"(128, 128)",float32,-0.05847877636551857,1.3344556093215942,0.29143351316452026,0.1620301455259323
001837.npy,"(128, 128)",float32,-0.03390137106180191,1.140315055847168,0.26869404315948486,0.14765824377536774
001838.npy,"(128, 128)",float32,-0.02039961889386177,1.313766360282898,0.2690264880657196,0.1500055342912674
001839.npy,"(128, 128)",float32,-0.03628199175000191,1.169830322265625,0.26677441596984863,0.1666446030139923
001840.npy,"(128, 128)",float32,-0.019151587039232254,1.3365288972854614,0.5513822436332703,0.23246292769908905
001841.npy,"(128, 128)",float32,0.006873667240142822,1.3692322969436646,0.3086458742618561,0.25476354360580444
001842.npy,"(128, 128)",float32,0.011221802793443203,1.4650906324386597,0.30271515250205994,0.25020909309387207
001843.npy,"(128, 128)",float32,0.02240372635424137,1.3143051862716675,0.27288615703582764,0.22361624240875244
001844.npy,"(128, 128)",float32,-0.002895408309996128,1.291586995124817,0.5613229870796204,0.21388262510299683
001845.npy,"(128, 128)",float32,0.00603609811514616,0.9677804112434387,0.19971196353435516,0.09482524544000626
001846.npy,"(128, 128)",float32,0.0034099717158824205,1.0851387977600098,0.19926497340202332,0.09106634557247162
001847.npy,"(128, 128)",float32,0.006632385775446892,1.1033735275268555,0.21561327576637268,0.09579837322235107
001848.npy,"(128, 128)",float32,-0.10627616941928864,1.324731707572937,0.25737524032592773,0.3013107180595398
001849.npy,"(128, 128)",float32,-0.002627970650792122,1.3500860929489136,0.6447862386703491,0.15197131037712097
001850.npy,"(128, 128)",float32,-0.0026677842251956463,1.346505045890808,0.6460072994232178,0.15547588467597961
001851.npy,"(128, 128)",float32,0.0030864528380334377,1.307559847831726,0.48299312591552734,0.18526461720466614
001852.npy,"(128, 128)",float32,-0.011667433194816113,1.5510083436965942,0.8130801916122437,0.1841985136270523
001853.npy,"(128, 128)",float32,-0.008007803000509739,1.523663878440857,0.5208992958068848,0.23747779428958893
001854.npy,"(128, 128)",float32,0.0034144087694585323,1.4874221086502075,0.5299199819564819,0.24755550920963287
001855.npy,"(128, 128)",float32,-0.0022296628449112177,1.5517669916152954,0.5463672876358032,0.2463589757680893
001856.npy,"(128, 128)",float32,-0.024213183671236038,1.326206088066101,0.19827428460121155,0.15163718163967133
001857.npy,"(128, 128)",float32,0.0023541185073554516,1.4713948965072632,0.4756004810333252,0.18665514886379242
001858.npy,"(128, 128)",float32,0.0001315599656663835,1.4695650339126587,0.6580342650413513,0.31189873814582825
001859.npy,"(128, 128)",float32,-0.002629982540383935,1.4546738862991333,0.4426136612892151,0.18709823489189148
001860.npy,"(128, 128)",float32,-0.001218715333379805,1.7175906896591187,0.4592178761959076,0.26857197284698486
001861.npy,"(128, 128)",float32,-0.007910914719104767,1.4241384267807007,0.47307509183883667,0.21825246512889862
001862.npy,"(128, 128)",float32,-0.0002276733866892755,1.2973203659057617,0.5056737661361694,0.19886310398578644
001863.npy,"(128, 128)",float32,-0.006539324298501015,1.4987339973449707,0.49930423498153687,0.2214614897966385
001864.npy,"(128, 128)",float32,-0.0175410658121109,1.3916207551956177,0.4432477056980133,0.2256389707326889
001865.npy,"(128, 128)",float32,-0.0005506136803887784,1.5103367567062378,0.45162564516067505,0.17396676540374756
001866.npy,"(128, 128)",float32,-0.002106443513184786,1.3076194524765015,0.4537788927555084,0.18388600647449493
001867.npy,"(128, 128)",float32,0.0052386196330189705,1.2461552619934082,0.46050649881362915,0.1756788045167923
001868.npy,"(128, 128)",float32,0.003908817656338215,1.4624162912368774,0.48039141297340393,0.21250185370445251
001869.npy,"(128, 128)",float32,0.012190672568976879,1.5019713640213013,0.5368497371673584,0.21519804000854492
001870.npy,"(128, 128)",float32,0.01006779819726944,1.355832576751709,0.550460159778595,0.20977212488651276
001871.npy,"(128, 128)",float32,0.0036359778605401516,1.433976173400879,0.5265560150146484,0.20789030194282532
001872.npy,"(128, 128)",float32,-0.038247425109148026,1.3675439357757568,0.3071667551994324,0.20406392216682434
001873.npy,"(128, 128)",float32,-0.07715871185064316,1.3360544443130493,0.20472437143325806,0.17697373032569885
001874.npy,"(128, 128)",float32,-0.04951481148600578,1.4603888988494873,0.20692424476146698,0.1767275631427765
001875.npy,"(128, 128)",float32,-0.06243252009153366,1.3958170413970947,0.22241201996803284,0.17555317282676697
001876.npy,"(128, 128)",float32,0.010683929547667503,1.3669579029083252,0.44207334518432617,0.2803425192832947
001877.npy,"(128, 128)",float32,0.0018375995568931103,1.4673433303833008,0.3160023093223572,0.24545852839946747
001878.npy,"(128, 128)",float32,-0.00045531478826887906,1.6007888317108154,0.38245177268981934,0.2686736583709717
001879.npy,"(128, 128)",float32,-0.005679968744516373,1.4990659952163696,0.3481180965900421,0.27007490396499634
001880.npy,"(128, 128)",float32,0.0006773609784431756,1.6081022024154663,0.6730262637138367,0.24763241410255432
001881.npy,"(128, 128)",float32,0.017520379275083542,1.565622091293335,0.6026030778884888,0.20484280586242676
001882.npy,"(128, 128)",float32,0.012187547981739044,1.646402359008789,0.6119341850280762,0.21524262428283691
001883.npy,"(128, 128)",float32,0.004044129978865385,1.676525592803955,0.610124945640564,0.2073751986026764
001884.npy,"(128, 128)",float32,-0.05277366563677788,1.6162917613983154,0.8667128682136536,0.1599455326795578
001885.npy,"(128, 128)",float32,-0.0032175870146602392,1.846664309501648,0.8880307078361511,0.1914079785346985
001886.npy,"(128, 128)",float32,0.0024525572080165148,1.5180481672286987,0.8670019507408142,0.19239291548728943
001887.npy,"(128, 128)",float32,-0.0032880704384297132,1.757064700126648,0.8773238658905029,0.21234656870365143
001888.npy,"(128, 128)",float32,-0.016901453956961632,1.3232618570327759,0.2473873496055603,0.21899743378162384
001889.npy,"(128, 128)",float32,0.0012124839704483747,1.448054313659668,0.5753196477890015,0.300677627325058
001890.npy,"(128, 128)",float32,-0.005461907479912043,1.647985816001892,0.5541834831237793,0.28671717643737793
001891.npy,"(128, 128)",float32,0.00489812670275569,1.6824382543563843,0.574219822883606,0.30617767572402954
001892.npy,"(128, 128)",float32,-0.03087848238646984,1.3143635988235474,0.5790137052536011,0.17638233304023743
001893.npy,"(128, 128)",float32,-0.03961053118109703,1.300157070159912,0.48173046112060547,0.22800686955451965
001894.npy,"(128, 128)",float32,-0.03410886973142624,1.2926636934280396,0.4683268666267395,0.22503037750720978
001895.npy,"(128, 128)",float32,-0.026970088481903076,1.1844475269317627,0.45849382877349854,0.22076697647571564
001896.npy,"(128, 128)",float32,0.001468587084673345,1.461490273475647,0.5342522859573364,0.27378425002098083
001897.npy,"(128, 128)",float32,0.0007249178597703576,1.318711280822754,0.4842844009399414,0.19628968834877014
001898.npy,"(128, 128)",float32,0.012117343954741955,1.2932180166244507,0.49197936058044434,0.18916936218738556
001899.npy,"(128, 128)",float32,0.039552342146635056,1.4604114294052124,0.5156821012496948,0.2046530842781067
001900.npy,"(128, 128)",float32,-0.005141188390552998,1.4263602495193481,0.29321029782295227,0.22499559819698334
001901.npy,"(128, 128)",float32,0.000942958751693368,1.5178476572036743,0.2972669005393982,0.3053504228591919
001902.npy,"(128, 128)",float32,-0.00011552441719686612,1.302760362625122,0.21360230445861816,0.19737794995307922
001903.npy,"(128, 128)",float32,-0.002707956824451685,1.6021534204483032,0.2896220088005066,0.3072981536388397
001904.npy,"(128, 128)",float32,-0.0029431681614369154,1.380972146987915,0.5233300924301147,0.27991151809692383
001905.npy,"(128, 128)",float32,-0.002722528763115406,1.6462663412094116,0.6631428003311157,0.2728206515312195
001906.npy,"(128, 128)",float32,-0.0019347683992236853,1.6606642007827759,0.7613949775695801,0.2461792230606079
001907.npy,"(128, 128)",float32,0.0014097372768446803,1.6282565593719482,0.7745319604873657,0.23388028144836426
001908.npy,"(128, 128)",float32,-0.0017325698863714933,1.4558478593826294,0.5119714736938477,0.27302151918411255
001909.npy,"(128, 128)",float32,-0.012079094536602497,1.0419613122940063,0.2258472442626953,0.10078375786542892
001910.npy,"(128, 128)",float32,-0.008351411670446396,0.9123599529266357,0.22423434257507324,0.10791054368019104
001911.npy,"(128, 128)",float32,-0.011444608680903912,1.0741679668426514,0.24075818061828613,0.10295107215642929
001912.npy,"(128, 128)",float32,-0.007095881272107363,1.454866647720337,0.4333205223083496,0.24266022443771362
001913.npy,"(128, 128)",float32,-0.011481653898954391,1.413777470588684,0.20524300634860992,0.17633230984210968
001914.npy,"(128, 128)",float32,-0.03244943916797638,1.3241245746612549,0.20566001534461975,0.17801673710346222
001915.npy,"(128, 128)",float32,-0.003230845555663109,1.5977696180343628,0.19880762696266174,0.16919930279254913
001916.npy,"(128, 128)",float32,-0.019554052501916885,1.3437995910644531,0.6234851479530334,0.17578093707561493
001917.npy,"(128, 128)",float32,-0.02449106238782406,1.5478788614273071,0.28336796164512634,0.16568952798843384
001918.npy,"(128, 128)",float32,-0.015642274171113968,1.1725308895111084,0.26487165689468384,0.13773679733276367
001919.npy,"(128, 128)",float32,-0.03530273586511612,1.3653732538223267,0.2959475815296173,0.18546922504901886
001920.npy,"(128, 128)",float32,0.007833823561668396,1.308200716972351,0.2098638415336609,0.16532234847545624
001921.npy,"(128, 128)",float32,-0.008048667572438717,1.5549163818359375,0.552554726600647,0.32032203674316406
001922.npy,"(128, 128)",float32,-0.03865736350417137,1.796687126159668,0.581026554107666,0.3245408535003662
001923.npy,"(128, 128)",float32,-0.03757951781153679,1.4295700788497925,0.5784180760383606,0.3104282319545746
001924.npy,"(128, 128)",float32,0.003833291120827198,1.484832763671875,0.4143739342689514,0.2082933634519577
001925.npy,"(128, 128)",float32,0.0640915036201477,1.633787989616394,0.8766677379608154,0.17623424530029297
001926.npy,"(128, 128)",float32,0.050801027566194534,1.8403761386871338,0.8921693563461304,0.1797804981470108
001927.npy,"(128, 128)",float32,0.09599298983812332,1.574394941329956,0.884701669216156,0.15368331968784332
001928.npy,"(128, 128)",float32,-0.006351034622639418,1.4380561113357544,0.4109874963760376,0.27143123745918274
001929.npy,"(128, 128)",float32,-0.00043241746607236564,1.198042869567871,0.35064756870269775,0.15962979197502136
001930.npy,"(128, 128)",float32,0.009864935651421547,1.3815791606903076,0.35202550888061523,0.15983383357524872
001931.npy,"(128, 128)",float32,0.008651473559439182,1.2101110219955444,0.35712364315986633,0.1576683074235916
001932.npy,"(128, 128)",float32,-0.007432763464748859,1.5710095167160034,0.4606449604034424,0.18195629119873047
001933.npy,"(128, 128)",float32,0.013989996165037155,1.498145580291748,0.533522367477417,0.20816311240196228
001934.npy,"(128, 128)",float32,0.01806516759097576,1.4260179996490479,0.5308266878128052,0.1917518675327301
001935.npy,"(128, 128)",float32,0.006190078798681498,1.4025923013687134,0.5989189743995667,0.18303348124027252
001936.npy,"(128, 128)",float32,0.06053115054965019,1.4820162057876587,0.8057200312614441,0.16134893894195557
001937.npy,"(128, 128)",float32,0.045969463884830475,1.287638545036316,0.5238451361656189,0.19339503347873688
001938.npy,"(128, 128)",float32,0.03457895293831825,1.4750149250030518,0.5305477380752563,0.19431160390377045
001939.npy,"(128, 128)",float32,0.013220993801951408,1.2847087383270264,0.5217236280441284,0.18645650148391724
001940.npy,"(128, 128)",float32,0.002749128732830286,1.3205269575119019,0.33554011583328247,0.12946321070194244
001941.npy,"(128, 128)",float32,-0.034217629581689835,1.0365327596664429,0.19908717274665833,0.15034714341163635
001942.npy,"(128, 128)",float32,-0.016237691044807434,1.2448062896728516,0.16751059889793396,0.13964730501174927
001943.npy,"(128, 128)",float32,-0.029371343553066254,1.1159666776657104,0.16346845030784607,0.13698901236057281
001944.npy,"(128, 128)",float32,-0.0007961935480125248,1.2773114442825317,0.3989209830760956,0.1789892613887787
001945.npy,"(128, 128)",float32,-2.2466481823357753e-05,1.2933205366134644,0.38568079471588135,0.253151535987854
001946.npy,"(128, 128)",float32,-0.008779565803706646,1.200217366218567,0.39761003851890564,0.25984737277030945
001947.npy,"(128, 128)",float32,0.010614443570375443,1.3834049701690674,0.36291927099227905,0.2443532645702362
001948.npy,"(128, 128)",float32,0.0017367602558806539,1.4024052619934082,0.40108445286750793,0.16787388920783997
001949.npy,"(128, 128)",float32,-0.0015531029785051942,1.309626817703247,0.3118681311607361,0.29028934240341187
001950.npy,"(128, 128)",float32,-0.006943453568965197,1.3643794059753418,0.28026682138442993,0.2868459224700928
001951.npy,"(128, 128)",float32,-0.009241488762199879,1.294732928276062,0.2725592255592346,0.28637903928756714
001952.npy,"(128, 128)",float32,-0.004867542535066605,1.5503181219100952,0.49766457080841064,0.2815276086330414
001953.npy,"(128, 128)",float32,-0.021739723160862923,1.1167757511138916,0.05621853470802307,0.05854983255267143
001954.npy,"(128, 128)",float32,-0.02644074521958828,1.1169641017913818,0.05655980482697487,0.058343347162008286
001955.npy,"(128, 128)",float32,-0.009977634064853191,1.2088063955307007,0.07346028089523315,0.096136175096035
001956.npy,"(128, 128)",float32,0.0009514643461443484,1.3671987056732178,0.38348859548568726,0.18879397213459015
001957.npy,"(128, 128)",float32,0.02800280787050724,1.4905328750610352,0.43526268005371094,0.22111493349075317
001958.npy,"(128, 128)",float32,-0.0018400567350909114,1.5654844045639038,0.36522072553634644,0.25397342443466187
001959.npy,"(128, 128)",float32,0.015072292648255825,1.311599612236023,0.43411877751350403,0.23219473659992218
001960.npy,"(128, 128)",float32,-0.013010852038860321,1.4614486694335938,0.3702458143234253,0.18843181431293488
001961.npy,"(128, 128)",float32,-0.023494206368923187,1.5327396392822266,0.32566654682159424,0.3262195587158203
001962.npy,"(128, 128)",float32,-0.008139723911881447,1.5528514385223389,0.24325811862945557,0.278931200504303
001963.npy,"(128, 128)",float32,-0.003336987691000104,1.521148681640625,0.2566623091697693,0.27949339151382446
001964.npy,"(128, 128)",float32,0.016483278945088387,1.4423298835754395,0.5107032656669617,0.2131766527891159
001965.npy,"(128, 128)",float32,0.008188226260244846,1.5768442153930664,0.5622900724411011,0.2817523181438446
001966.npy,"(128, 128)",float32,0.006598944775760174,1.475318193435669,0.5654431581497192,0.2546825408935547
001967.npy,"(128, 128)",float32,0.008988019078969955,1.6585325002670288,0.5578509569168091,0.2826133370399475
001968.npy,"(128, 128)",float32,-0.0018692509038373828,1.2054814100265503,0.32357174158096313,0.24324138462543488
001969.npy,"(128, 128)",float32,-0.0023532158229500055,1.3241888284683228,0.6554869413375854,0.20582114160060883
001970.npy,"(128, 128)",float32,0.08455993980169296,1.4937130212783813,0.6794866323471069,0.21013648808002472
001971.npy,"(128, 128)",float32,0.0571683906018734,1.5032719373703003,0.6638674736022949,0.20683223009109497
001972.npy,"(128, 128)",float32,-0.036304228007793427,1.381243109703064,0.3234468698501587,0.2572096586227417
001973.npy,"(128, 128)",float32,-0.027328453958034515,1.4571517705917358,0.17737489938735962,0.28602170944213867
001974.npy,"(128, 128)",float32,-0.032660000026226044,1.5617613792419434,0.1652652621269226,0.2743154764175415
001975.npy,"(128, 128)",float32,-0.009528610855340958,1.5438672304153442,0.14459002017974854,0.25369691848754883
001976.npy,"(128, 128)",float32,-0.08567478507757187,1.518782138824463,0.7527491450309753,0.25028714537620544
001977.npy,"(128, 128)",float32,0.07951731979846954,1.1947346925735474,0.6042670011520386,0.13123363256454468
001978.npy,"(128, 128)",float32,0.14605826139450073,1.2028177976608276,0.5885286927223206,0.13416539132595062
001979.npy,"(128, 128)",float32,0.11154410988092422,1.4005415439605713,0.5886522531509399,0.150778129696846
001980.npy,"(128, 128)",float32,-0.029901517555117607,1.4661448001861572,0.21317167580127716,0.2541924715042114
001981.npy,"(128, 128)",float32,-0.001998231513425708,1.5870414972305298,0.6240218281745911,0.2998623549938202
001982.npy,"(128, 128)",float32,0.004345407709479332,1.4691598415374756,0.5885619521141052,0.3061448335647583
001983.npy,"(128, 128)",float32,-0.00029358704341575503,2.030707359313965,0.652132511138916,0.2880249619483948
001984.npy,"(128, 128)",float32,0.0037264314014464617,1.5661540031433105,0.4777334928512573,0.34239906072616577
001985.npy,"(128, 128)",float32,-0.004803707357496023,1.4899834394454956,0.6548143029212952,0.18089574575424194
001986.npy,"(128, 128)",float32,0.005746317561715841,1.39853835105896,0.636603593826294,0.17076346278190613
001987.npy,"(128, 128)",float32,0.0015270219882950187,1.6379849910736084,0.6586558222770691,0.1810951679944992
001988.npy,"(128, 128)",float32,-0.030209070071578026,1.556809425354004,0.8805862665176392,0.18946126103401184
001989.npy,"(128, 128)",float32,-0.00468022795394063,1.6529332399368286,0.47282111644744873,0.282212495803833
001990.npy,"(128, 128)",float32,-0.007203151937574148,1.6615173816680908,0.539008378982544,0.2708759307861328
001991.npy,"(128, 128)",float32,-0.0024721878580749035,1.6566792726516724,0.5339027047157288,0.27354612946510315
001992.npy,"(128, 128)",float32,-0.00877772830426693,1.6485532522201538,0.9162158966064453,0.1635812520980835
001993.npy,"(128, 128)",float32,-0.029445704072713852,1.4515224695205688,0.3504491448402405,0.1853235810995102
001994.npy,"(128, 128)",float32,-0.028185583651065826,1.5276904106140137,0.33286136388778687,0.18720944225788116
001995.npy,"(128, 128)",float32,-0.04364755377173424,1.4791150093078613,0.3653387129306793,0.20832832157611847
001996.npy,"(128, 128)",float32,-0.00538214948028326,1.4123551845550537,0.4284241199493408,0.2728915214538574
001997.npy,"(128, 128)",float32,0.018394751474261284,1.3897992372512817,0.2830042839050293,0.16552382707595825
001998.npy,"(128, 128)",float32,0.009964164346456528,1.2241334915161133,0.26142579317092896,0.18362224102020264
001999.npy,"(128, 128)",float32,0.002398483920842409,1.2291818857192993,0.27593740820884705,0.1734965443611145
002000.npy,"(128, 128)",float32,0.005844340194016695,1.3544707298278809,0.4042271077632904,0.24723295867443085
002001.npy,"(128, 128)",float32,0.004347741138190031,1.2508974075317383,0.49831265211105347,0.2183949500322342
002002.npy,"(128, 128)",float32,-0.01685776188969612,1.6745343208312988,0.47155046463012695,0.21288546919822693
002003.npy,"(128, 128)",float32,-0.005067742895334959,1.3820027112960815,0.45430076122283936,0.2073570191860199
002004.npy,"(128, 128)",float32,0.0037052633706480265,1.2941198348999023,0.3452298641204834,0.21064823865890503
002005.npy,"(128, 128)",float32,-0.052072543650865555,0.9857619404792786,0.11461520195007324,0.11396508663892746
002006.npy,"(128, 128)",float32,-0.04705750197172165,1.0909823179244995,0.12922196090221405,0.12100658565759659
002007.npy,"(128, 128)",float32,-0.03742387145757675,1.278268814086914,0.11467617750167847,0.11406547576189041
002008.npy,"(128, 128)",float32,-0.00821315310895443,1.5804792642593384,0.6462658643722534,0.21653565764427185
002009.npy,"(128, 128)",float32,0.07826077193021774,1.7801077365875244,0.6765559315681458,0.23429690301418304
002010.npy,"(128, 128)",float32,-0.011242046020925045,1.392669439315796,0.607002854347229,0.2634407877922058
002011.npy,"(128, 128)",float32,-0.012282096780836582,1.436410903930664,0.6036216020584106,0.25615283846855164
002012.npy,"(128, 128)",float32,-0.004688960500061512,1.2646359205245972,0.4396597743034363,0.20636142790317535
002013.npy,"(128, 128)",float32,-0.0013012938434258103,1.1417127847671509,0.36754289269447327,0.22682909667491913
002014.npy,"(128, 128)",float32,0.0028066872619092464,1.1839303970336914,0.31110912561416626,0.2207472324371338
002015.npy,"(128, 128)",float32,-0.007453103084117174,1.2977800369262695,0.2948794960975647,0.20746420323848724
002016.npy,"(128, 128)",float32,0.00022940158669371158,1.515563726425171,0.48677143454551697,0.20759060978889465
002017.npy,"(128, 128)",float32,-0.004170279949903488,1.308555245399475,0.4529540240764618,0.1998472511768341
002018.npy,"(128, 128)",float32,-0.013517585583031178,1.415915846824646,0.45531395077705383,0.2030867338180542
002019.npy,"(128, 128)",float32,-0.0014903061091899872,1.2283251285552979,0.4622332453727722,0.20250393450260162
002020.npy,"(128, 128)",float32,0.009262340143322945,1.5995501279830933,0.2991563081741333,0.1898965686559677
002021.npy,"(128, 128)",float32,0.011342529207468033,1.4464110136032104,0.5913903713226318,0.20254471898078918
002022.npy,"(128, 128)",float32,0.0033408591989427805,1.5037847757339478,0.603287935256958,0.18682880699634552
002023.npy,"(128, 128)",float32,0.003299038391560316,1.4126803874969482,0.5736746788024902,0.19551335275173187
002024.npy,"(128, 128)",float32,-0.06474415957927704,1.3514610528945923,0.473265141248703,0.2897309362888336
002025.npy,"(128, 128)",float32,-0.010150695219635963,1.3733117580413818,0.5381765365600586,0.13348065316677094
002026.npy,"(128, 128)",float32,-0.011372433044016361,1.180143117904663,0.5174016952514648,0.13861432671546936
002027.npy,"(128, 128)",float32,-0.01129980105906725,1.3534499406814575,0.5622602701187134,0.16008976101875305
002028.npy,"(128, 128)",float32,-0.023191751912236214,1.2611894607543945,0.3848564624786377,0.19102920591831207
002029.npy,"(128, 128)",float32,0.04657973349094391,1.4858450889587402,0.6900118589401245,0.1862756460905075
002030.npy,"(128, 128)",float32,-0.012643379159271717,1.5490071773529053,0.7101369500160217,0.16084395349025726
002031.npy,"(128, 128)",float32,0.03866798058152199,1.4139546155929565,0.7510498762130737,0.1598469465970993
002032.npy,"(128, 128)",float32,-0.027775127440690994,1.3073670864105225,0.3933318257331848,0.21698996424674988
002033.npy,"(128, 128)",float32,-0.013868698850274086,1.315111756324768,0.21619769930839539,0.13245050609111786
002034.npy,"(128, 128)",float32,-0.015605981461703777,1.2946687936782837,0.21399545669555664,0.13307052850723267
002035.npy,"(128, 128)",float32,-0.018589260056614876,1.2125662565231323,0.2213135063648224,0.13386528193950653
002036.npy,"(128, 128)",float32,0.0029868404380977154,1.6202034950256348,0.5285439491271973,0.3155750334262848
002037.npy,"(128, 128)",float32,0.014027880504727364,1.4010887145996094,0.480553537607193,0.21312496066093445
002038.npy,"(128, 128)",float32,-0.00773471686989069,1.748573899269104,0.5652108192443848,0.2672491669654846
002039.npy,"(128, 128)",float32,-0.010189516469836235,1.5761289596557617,0.46877506375312805,0.2344816029071808
002040.npy,"(128, 128)",float32,-0.08199682086706161,1.7855560779571533,0.6400742530822754,0.2881470322608948
002041.npy,"(128, 128)",float32,-0.03011332079768181,1.6831508874893188,0.7514609694480896,0.2444336861371994
002042.npy,"(128, 128)",float32,-0.019477855414152145,1.5877060890197754,0.769158124923706,0.2289074808359146
002043.npy,"(128, 128)",float32,-0.029133528470993042,1.7212854623794556,0.7506428956985474,0.23922578990459442
002044.npy,"(128, 128)",float32,0.013807140290737152,1.445284128189087,0.613229513168335,0.2585504949092865
002045.npy,"(128, 128)",float32,0.01295922789722681,1.3443677425384521,0.5368708968162537,0.18534629046916962
002046.npy,"(128, 128)",float32,-0.0014102256391197443,1.6347891092300415,0.5376921892166138,0.19034047424793243
002047.npy,"(128, 128)",float32,0.004409905057400465,1.5683341026306152,0.5270354747772217,0.1815374493598938
002048.npy,"(128, 128)",float32,-0.025716664269566536,1.2658909559249878,0.1538911759853363,0.17360670864582062
002049.npy,"(128, 128)",float32,-0.004544742405414581,1.249694585800171,0.15795640647411346,0.09472398459911346
002050.npy,"(128, 128)",float32,0.004514137748628855,1.0021589994430542,0.16121071577072144,0.08905813097953796
002051.npy,"(128, 128)",float32,-0.008496143855154514,0.9946481585502625,0.16091904044151306,0.09159939736127853
002052.npy,"(128, 128)",float32,-0.00665353424847126,1.5864914655685425,0.4284990429878235,0.4138973653316498
002053.npy,"(128, 128)",float32,-0.04131471738219261,1.1543080806732178,0.3466073274612427,0.1951066255569458
002054.npy,"(128, 128)",float32,-0.05226937308907509,1.3489468097686768,0.3463107943534851,0.20658844709396362
002055.npy,"(128, 128)",float32,-0.046755921095609665,1.2802561521530151,0.3440323770046234,0.20822572708129883
002056.npy,"(128, 128)",float32,-0.03982232138514519,1.162840485572815,0.19277438521385193,0.2213011085987091
002057.npy,"(128, 128)",float32,-0.024104995653033257,1.3187309503555298,0.268583744764328,0.2289973348379135
002058.npy,"(128, 128)",float32,-0.017580915242433548,1.5755460262298584,0.25389882922172546,0.21856054663658142
002059.npy,"(128, 128)",float32,-0.03194291517138481,1.4122488498687744,0.2549535036087036,0.2151726931333542
002060.npy,"(128, 128)",float32,-0.01657807268202305,1.594718337059021,0.39858901500701904,0.25578367710113525
002061.npy,"(128, 128)",float32,0.008782160468399525,1.5230979919433594,0.522678017616272,0.13669146597385406
002062.npy,"(128, 128)",float32,0.009480376727879047,1.4240343570709229,0.5161969065666199,0.14067162573337555
002063.npy,"(128, 128)",float32,0.008629629388451576,1.432832956314087,0.5230160355567932,0.13919925689697266
002064.npy,"(128, 128)",float32,0.00849609263241291,1.2704334259033203,0.41356199979782104,0.2166202962398529
002065.npy,"(128, 128)",float32,-0.016875701025128365,1.3875551223754883,0.5071776509284973,0.2592993676662445
002066.npy,"(128, 128)",float32,-0.018425701186060905,1.4683761596679688,0.5279269218444824,0.2663182020187378
002067.npy,"(128, 128)",float32,-0.020971570163965225,1.2837603092193604,0.4923413097858429,0.25806498527526855
002068.npy,"(128, 128)",float32,-0.017545176669955254,1.2457261085510254,0.402211993932724,0.22029905021190643
002069.npy,"(128, 128)",float32,-0.012157028540968895,1.382189393043518,0.12395527958869934,0.12050363421440125
002070.npy,"(128, 128)",float32,-0.014241049066185951,1.3375000953674316,0.12709246575832367,0.11711372435092926
002071.npy,"(128, 128)",float32,-0.030536310747265816,1.2888516187667847,0.1112404614686966,0.11707375943660736
002072.npy,"(128, 128)",float32,-0.03812160715460777,1.6458808183670044,0.38982337713241577,0.24719297885894775
002073.npy,"(128, 128)",float32,-0.02708796039223671,1.623352289199829,0.4662800431251526,0.30025193095207214
002074.npy,"(128, 128)",float32,-0.03592544049024582,1.5669044256210327,0.4642038941383362,0.2933950424194336
002075.npy,"(128, 128)",float32,-0.06401249021291733,1.6705090999603271,0.4828265905380249,0.30163267254829407
002076.npy,"(128, 128)",float32,0.013813916593790054,1.960184931755066,0.7446565628051758,0.2604110538959503
002077.npy,"(128, 128)",float32,-0.02575813978910446,1.1522752046585083,0.2767527103424072,0.2014721930027008
002078.npy,"(128, 128)",float32,-0.018118442967534065,1.2230069637298584,0.27280914783477783,0.20278184115886688
002079.npy,"(128, 128)",float32,-0.02964816428720951,1.4080007076263428,0.27406617999076843,0.20713751018047333
002080.npy,"(128, 128)",float32,-0.013412903994321823,1.419103980064392,0.34545326232910156,0.24890342354774475
002081.npy,"(128, 128)",float32,0.006646797992289066,1.5273950099945068,0.7014343738555908,0.21199150383472443
002082.npy,"(128, 128)",float32,0.029652703553438187,1.7769218683242798,0.6970617771148682,0.21685481071472168
002083.npy,"(128, 128)",float32,0.006578927394002676,1.4706822633743286,0.701680064201355,0.20725984871387482
002084.npy,"(128, 128)",float32,-0.011289753019809723,1.3756966590881348,0.5333960652351379,0.18666516244411469
002085.npy,"(128, 128)",float32,0.006186265964061022,1.1869105100631714,0.5057421922683716,0.12674865126609802
002086.npy,"(128, 128)",float32,0.0008743460057303309,1.1664589643478394,0.49708330631256104,0.12345617264509201
002087.npy,"(128, 128)",float32,0.0007424148498103023,1.2748697996139526,0.49819493293762207,0.1225551962852478
002088.npy,"(128, 128)",float32,-0.009809763170778751,1.1934199333190918,0.36736592650413513,0.21512974798679352
002089.npy,"(128, 128)",float32,-0.010305806063115597,1.302781581878662,0.3573988080024719,0.2332325279712677
002090.npy,"(128, 128)",float32,0.013792487792670727,1.5603708028793335,0.42137250304222107,0.30861181020736694
002091.npy,"(128, 128)",float32,0.002820911817252636,1.248490333557129,0.2512212097644806,0.22438545525074005
002092.npy,"(128, 128)",float32,-0.019989311695098877,1.3811140060424805,0.44778358936309814,0.2380276471376419
002093.npy,"(128, 128)",float32,-0.011485413648188114,1.7371785640716553,0.5904734134674072,0.2827674150466919
002094.npy,"(128, 128)",float32,0.008341729640960693,1.48773992061615,0.5561447143554688,0.2516009211540222
002095.npy,"(128, 128)",float32,0.002014302648603916,1.60893714427948,0.5865340232849121,0.2860359251499176
002096.npy,"(128, 128)",float32,0.0027552039828151464,0.9793373942375183,0.30059194564819336,0.1260530799627304
002097.npy,"(128, 128)",float32,0.00332683976739645,1.5769357681274414,0.5919454097747803,0.22543399035930634
002098.npy,"(128, 128)",float32,0.011823303066194057,1.5073577165603638,0.6826140284538269,0.2255977988243103
002099.npy,"(128, 128)",float32,0.017613111063838005,1.5710008144378662,0.6148910522460938,0.23036646842956543
002100.npy,"(128, 128)",float32,0.033347196877002716,1.3279305696487427,0.4831247329711914,0.18412639200687408
002101.npy,"(128, 128)",float32,-0.008358326740562916,1.6309350728988647,0.5110282897949219,0.29709792137145996
002102.npy,"(128, 128)",float32,0.0015335105126723647,1.457159399986267,0.4856780469417572,0.2960743308067322
002103.npy,"(128, 128)",float32,0.0030220604967325926,1.4376353025436401,0.5582345128059387,0.25818195939064026
002104.npy,"(128, 128)",float32,0.005921463016420603,1.6896679401397705,0.64232337474823,0.24945226311683655
002105.npy,"(128, 128)",float32,0.0007793470867909491,1.6894230842590332,0.842816948890686,0.17108286917209625
002106.npy,"(128, 128)",float32,0.03168097510933876,1.5158708095550537,0.7678520083427429,0.17241047322750092
002107.npy,"(128, 128)",float32,0.030889270827174187,1.6084877252578735,0.7740166187286377,0.19274528324604034
002108.npy,"(128, 128)",float32,-0.008523947559297085,1.614264726638794,0.47833356261253357,0.215945765376091
002109.npy,"(128, 128)",float32,0.0009684685501269996,1.504775047302246,0.24682345986366272,0.19737431406974792
002110.npy,"(128, 128)",float32,-0.008847351185977459,1.3320311307907104,0.2535974681377411,0.2005162388086319
002111.npy,"(128, 128)",float32,-0.00021339120576158166,1.2832040786743164,0.24674034118652344,0.19712892174720764
002112.npy,"(128, 128)",float32,-0.004152918234467506,1.5500340461730957,0.2867419719696045,0.2611757814884186
002113.npy,"(128, 128)",float32,-0.005202742293477058,1.5822244882583618,0.4728742241859436,0.2576896846294403
002114.npy,"(128, 128)",float32,0.0034796332474797964,1.5807162523269653,0.4657261073589325,0.2533074915409088
002115.npy,"(128, 128)",float32,-0.016548581421375275,1.4793574810028076,0.4714682102203369,0.25944337248802185
002116.npy,"(128, 128)",float32,0.015423396602272987,1.2580476999282837,0.5125119686126709,0.20197229087352753
002117.npy,"(128, 128)",float32,-0.058042898774147034,1.3952363729476929,0.5216813683509827,0.27065393328666687
002118.npy,"(128, 128)",float32,-0.07447224110364914,1.6124904155731201,0.5214961171150208,0.2794035077095032
002119.npy,"(128, 128)",float32,-0.08901827782392502,1.5257458686828613,0.525185227394104,0.2726835310459137
002120.npy,"(128, 128)",float32,-0.01263315137475729,1.3035730123519897,0.2811414897441864,0.2562180161476135
002121.npy,"(128, 128)",float32,-0.00930777471512556,1.3733242750167847,0.38686108589172363,0.20966887474060059
002122.npy,"(128, 128)",float32,0.006102260667830706,1.3046140670776367,0.3842657208442688,0.2019110471010208
002123.npy,"(128, 128)",float32,-0.0023836218751966953,1.2960084676742554,0.4007192552089691,0.2185046672821045
002124.npy,"(128, 128)",float32,-0.02226865291595459,1.8405424356460571,0.5733081698417664,0.23900388181209564
002125.npy,"(128, 128)",float32,-0.00464168144389987,1.4879642724990845,0.370739609003067,0.2192087471485138
002126.npy,"(128, 128)",float32,-0.010086001828312874,1.616884708404541,0.3925367593765259,0.22761313617229462
002127.npy,"(128, 128)",float32,-0.009551487863063812,1.4555530548095703,0.41646555066108704,0.2391110211610794
002128.npy,"(128, 128)",float32,-0.011365954764187336,1.4701167345046997,0.47351956367492676,0.26669344305992126
002129.npy,"(128, 128)",float32,-0.022394493222236633,1.5216482877731323,0.8105602264404297,0.1531156301498413
002130.npy,"(128, 128)",float32,0.0021382428240031004,1.5120474100112915,0.8180124163627625,0.1467495858669281
002131.npy,"(128, 128)",float32,0.0852290689945221,1.701251745223999,0.812965989112854,0.16217093169689178
002132.npy,"(128, 128)",float32,-0.00768302520737052,1.570807933807373,0.36395758390426636,0.25047600269317627
002133.npy,"(128, 128)",float32,0.001850422821007669,1.3925479650497437,0.42031142115592957,0.1811097264289856
002134.npy,"(128, 128)",float32,0.009189080446958542,1.2025309801101685,0.41695499420166016,0.17660702764987946
002135.npy,"(128, 128)",float32,-0.006360113155096769,1.2255877256393433,0.41315513849258423,0.17210611701011658
002136.npy,"(128, 128)",float32,-0.09778311848640442,1.4324296712875366,0.5200227499008179,0.2672574520111084
002137.npy,"(128, 128)",float32,-0.041855379939079285,1.8142179250717163,0.4780294895172119,0.28340891003608704
002138.npy,"(128, 128)",float32,-0.0157352052628994,1.4882087707519531,0.4795011878013611,0.28504282236099243
002139.npy,"(128, 128)",float32,-0.022932277992367744,1.5373767614364624,0.47829413414001465,0.2798406183719635
002140.npy,"(128, 128)",float32,-0.005504563916474581,1.2884941101074219,0.27579644322395325,0.188596710562706
002141.npy,"(128, 128)",float32,-0.003538309596478939,1.5300666093826294,0.8579916954040527,0.14174850285053253
002142.npy,"(128, 128)",float32,0.002107742242515087,1.353005051612854,0.792833149433136,0.1263658106327057
002143.npy,"(128, 128)",float32,0.006386794149875641,1.3587334156036377,0.4942481815814972,0.21410031616687775
002144.npy,"(128, 128)",float32,-0.029764221981167793,1.6301233768463135,0.663037896156311,0.260209321975708
002145.npy,"(128, 128)",float32,0.002178327878937125,1.2301675081253052,0.5208075642585754,0.1578172743320465
002146.npy,"(128, 128)",float32,-0.00976482592523098,1.1421207189559937,0.49156516790390015,0.1374974399805069
002147.npy,"(128, 128)",float32,0.00592563021928072,1.1731501817703247,0.519586443901062,0.1514904499053955
002148.npy,"(128, 128)",float32,-0.013175198808312416,1.4877179861068726,0.35585081577301025,0.2763591408729553
002149.npy,"(128, 128)",float32,0.0011013936018571258,1.467281699180603,0.26787981390953064,0.3558364808559418
002150.npy,"(128, 128)",float32,-0.002915138378739357,1.4670239686965942,0.22149860858917236,0.3176417052745819
002151.npy,"(128, 128)",float32,-0.001479949220083654,1.4367144107818604,0.26789772510528564,0.345777690410614
002152.npy,"(128, 128)",float32,-0.03484305366873741,1.3617151975631714,0.2959921658039093,0.27436259388923645
002153.npy,"(128, 128)",float32,-0.019933704286813736,1.603373408317566,0.4931860864162445,0.22857366502285004
002154.npy,"(128, 128)",float32,0.004117573145776987,1.5797860622406006,0.521169900894165,0.22691033780574799
002155.npy,"(128, 128)",float32,0.028219100087881088,1.3224684000015259,0.48528966307640076,0.19867902994155884
002156.npy,"(128, 128)",float32,-0.001212048577144742,1.5715759992599487,0.45160186290740967,0.24191604554653168
002157.npy,"(128, 128)",float32,0.0027830959297716618,1.2047276496887207,0.42813003063201904,0.24777920544147491
002158.npy,"(128, 128)",float32,-0.009371912106871605,1.3195301294326782,0.5692382454872131,0.256090372800827
002159.npy,"(128, 128)",float32,-0.005412822589278221,1.142796277999878,0.4729553759098053,0.2354072481393814
002160.npy,"(128, 128)",float32,-0.010100937448441982,1.2643007040023804,0.44654175639152527,0.1592303365468979
002161.npy,"(128, 128)",float32,-0.02925022691488266,1.4462649822235107,0.4706135392189026,0.19541752338409424
002162.npy,"(128, 128)",float32,-0.0012004338204860687,1.4042696952819824,0.49633872509002686,0.20200896263122559
002163.npy,"(128, 128)",float32,0.003596015740185976,1.5179567337036133,0.5214402675628662,0.22726058959960938
002164.npy,"(128, 128)",float32,-0.0271607618778944,1.5627373456954956,0.5243368148803711,0.2836330533027649
002165.npy,"(128, 128)",float32,0.0020827888511121273,1.550346851348877,0.6240568161010742,0.18553224205970764
002166.npy,"(128, 128)",float32,0.00902971439063549,1.4030817747116089,0.6574982404708862,0.17010687291622162
002167.npy,"(128, 128)",float32,0.007539188954979181,1.749240756034851,0.6242678761482239,0.18237628042697906
002168.npy,"(128, 128)",float32,-0.0020526766311377287,1.4315412044525146,0.7030099630355835,0.2280198186635971
002169.npy,"(128, 128)",float32,-0.00024069074424915016,1.7468883991241455,0.5980755686759949,0.3768479526042938
002170.npy,"(128, 128)",float32,-0.01419551856815815,1.6764507293701172,0.44325822591781616,0.3628934323787689
002171.npy,"(128, 128)",float32,-0.0034126813989132643,1.6543400287628174,0.5110249519348145,0.3817189931869507
002172.npy,"(128, 128)",float32,0.023121772333979607,1.4122841358184814,0.41546952724456787,0.27098020911216736
002173.npy,"(128, 128)",float32,-0.030997293069958687,1.4300364255905151,0.38038522005081177,0.3116544187068939
002174.npy,"(128, 128)",float32,-0.03757992014288902,1.7247356176376343,0.37142038345336914,0.3191142678260803
002175.npy,"(128, 128)",float32,-0.02503782883286476,1.5339308977127075,0.37377041578292847,0.3166307806968689
002176.npy,"(128, 128)",float32,-0.002399744000285864,1.1924399137496948,0.2674083113670349,0.2282978594303131
002177.npy,"(128, 128)",float32,0.007031918969005346,0.9791345596313477,0.3233122229576111,0.10577596724033356
002178.npy,"(128, 128)",float32,-0.002638602163642645,0.988503098487854,0.320077121257782,0.1051487997174263
002179.npy,"(128, 128)",float32,0.019690971821546555,0.9801761507987976,0.32641151547431946,0.10460159182548523
002180.npy,"(128, 128)",float32,0.004959189798682928,1.615341067314148,0.5099182724952698,0.2395973950624466
002181.npy,"(128, 128)",float32,-0.00024676701286807656,1.4979469776153564,0.6252301931381226,0.22970572113990784
002182.npy,"(128, 128)",float32,0.013192526064813137,1.4819378852844238,0.6266403198242188,0.22552356123924255
002183.npy,"(128, 128)",float32,0.010541954077780247,1.5289784669876099,0.6581302881240845,0.24593600630760193
002184.npy,"(128, 128)",float32,-0.025715410709381104,1.332112431526184,0.3521711230278015,0.2697070240974426
002185.npy,"(128, 128)",float32,-0.0038859406486153603,1.6446764469146729,0.5475866794586182,0.38338351249694824
002186.npy,"(128, 128)",float32,-0.005136574152857065,1.740610122680664,0.5931183099746704,0.36519747972488403
002187.npy,"(128, 128)",float32,0.0011981880525127053,1.8082205057144165,0.5418040752410889,0.3870818614959717
002188.npy,"(128, 128)",float32,0.0028432945255190134,1.7225749492645264,0.48199471831321716,0.2879931330680847
002189.npy,"(128, 128)",float32,-0.07422544062137604,1.8490524291992188,0.6409230828285217,0.2834240198135376
002190.npy,"(128, 128)",float32,0.005313767120242119,1.7927782535552979,0.6813135147094727,0.2790291905403137
002191.npy,"(128, 128)",float32,-0.0018480455037206411,1.5363781452178955,0.6873989701271057,0.2612352967262268
002192.npy,"(128, 128)",float32,0.015158108435571194,1.346854329109192,0.43034735321998596,0.20362544059753418
002193.npy,"(128, 128)",float32,0.013405907899141312,1.3868805170059204,0.3460748493671417,0.19312432408332825
002194.npy,"(128, 128)",float32,0.007418544963002205,1.3757126331329346,0.3105567395687103,0.17858466506004333
002195.npy,"(128, 128)",float32,0.006468009669333696,1.3446868658065796,0.3479248881340027,0.19444210827350616
002196.npy,"(128, 128)",float32,-0.00899739284068346,1.7878955602645874,0.5158077478408813,0.27989110350608826
002197.npy,"(128, 128)",float32,-0.004172695335000753,1.4289345741271973,0.11468181759119034,0.10175212472677231
002198.npy,"(128, 128)",float32,-0.00967038981616497,1.1767096519470215,0.16208744049072266,0.11650191992521286
002199.npy,"(128, 128)",float32,-0.013783029280602932,1.405134916305542,0.11459950357675552,0.0994725376367569
002200.npy,"(128, 128)",float32,0.005216656718403101,1.5061964988708496,0.5775834321975708,0.21564817428588867
002201.npy,"(128, 128)",float32,0.030688190832734108,1.3711355924606323,0.44379210472106934,0.14353570342063904
002202.npy,"(128, 128)",float32,0.032815735787153244,1.190942645072937,0.4452952444553375,0.14460106194019318
002203.npy,"(128, 128)",float32,0.02354666404426098,1.1554772853851318,0.4418722987174988,0.14380288124084473
002204.npy,"(128, 128)",float32,-0.047333188354969025,1.41542649269104,0.6165810823440552,0.33242976665496826
002205.npy,"(128, 128)",float32,0.01194056961685419,1.689794659614563,0.7744299173355103,0.2870818078517914
002206.npy,"(128, 128)",float32,0.01702297106385231,1.6645309925079346,0.7628118395805359,0.2979574501514435
002207.npy,"(128, 128)",float32,0.02719060517847538,1.5945504903793335,0.7639654874801636,0.2868589162826538
002208.npy,"(128, 128)",float32,0.08662160485982895,1.5872265100479126,0.6627353429794312,0.17060254514217377
002209.npy,"(128, 128)",float32,0.002826910698786378,1.1780678033828735,0.3639569580554962,0.16572393476963043
002210.npy,"(128, 128)",float32,-0.004086004104465246,1.0913532972335815,0.35363802313804626,0.16318391263484955
002211.npy,"(128, 128)",float32,0.01718483306467533,1.1974279880523682,0.35849320888519287,0.1664811372756958
002212.npy,"(128, 128)",float32,0.02230079099535942,1.0408555269241333,0.44079041481018066,0.11766765266656876
002213.npy,"(128, 128)",float32,-0.018673481419682503,0.950018048286438,0.10923203825950623,0.04900169000029564
002214.npy,"(128, 128)",float32,-0.0025717010721564293,0.7760730385780334,0.12592431902885437,0.05776957422494888
002215.npy,"(128, 128)",float32,-0.007832004688680172,0.8528346419334412,0.1190674901008606,0.05360511317849159
002216.npy,"(128, 128)",float32,-0.012153209187090397,1.0979206562042236,0.07142681628465652,0.09098026156425476
002217.npy,"(128, 128)",float32,-0.017352087423205376,1.042384147644043,0.04175779968500137,0.06122156232595444
002218.npy,"(128, 128)",float32,-0.02490082196891308,0.7831304669380188,0.05238069221377373,0.07100286334753036
002219.npy,"(128, 128)",float32,-0.027873661369085312,1.0062127113342285,0.04418623447418213,0.0687248557806015
002220.npy,"(128, 128)",float32,-0.0018907480407506227,1.585179090499878,0.6056640148162842,0.2773934006690979
002221.npy,"(128, 128)",float32,-0.017824683338403702,1.5192089080810547,0.38959944248199463,0.2848145663738251
002222.npy,"(128, 128)",float32,-0.00789743009954691,1.4316469430923462,0.44319695234298706,0.2800135314464569
002223.npy,"(128, 128)",float32,0.003942796494811773,1.4754488468170166,0.41976070404052734,0.2891155183315277
002224.npy,"(128, 128)",float32,-0.021754560992121696,0.8897745609283447,0.01570441573858261,0.016414346173405647
002225.npy,"(128, 128)",float32,-0.016944121569395065,0.8798696398735046,0.024624885991215706,0.02103125862777233
002226.npy,"(128, 128)",float32,-0.0116957388818264,1.025431752204895,0.02517612650990486,0.021142683923244476
002227.npy,"(128, 128)",float32,-0.015665482729673386,0.9705433249473572,0.02504081279039383,0.020065350458025932
002228.npy,"(128, 128)",float32,-0.028010375797748566,1.2932223081588745,0.32125818729400635,0.1863013207912445
002229.npy,"(128, 128)",float32,-0.005324288737028837,1.6234947443008423,0.7716825008392334,0.23664669692516327
002230.npy,"(128, 128)",float32,0.013039428740739822,1.591823697090149,0.7893308997154236,0.23468181490898132
002231.npy,"(128, 128)",float32,-0.00016401312313973904,1.5084621906280518,0.7676103115081787,0.2383139580488205
002232.npy,"(128, 128)",float32,0.008614561520516872,1.5994232892990112,0.7226439714431763,0.21310031414031982
002233.npy,"(128, 128)",float32,0.026555312797427177,1.4246671199798584,0.8452163338661194,0.15686514973640442
002234.npy,"(128, 128)",float32,0.012340406887233257,1.5969922542572021,0.8404926657676697,0.16269373893737793
002235.npy,"(128, 128)",float32,0.019710514694452286,1.7171690464019775,0.8390440940856934,0.1756477653980255
002236.npy,"(128, 128)",float32,-0.05180393531918526,1.3882603645324707,0.3065112233161926,0.2755712866783142
002237.npy,"(128, 128)",float32,-0.053011663258075714,1.4992691278457642,0.3582184314727783,0.2956036627292633
002238.npy,"(128, 128)",float32,-0.07860187441110611,1.4334280490875244,0.3441280722618103,0.2829008400440216
002239.npy,"(128, 128)",float32,-0.06983970105648041,1.3534196615219116,0.2976132929325104,0.25404971837997437
002240.npy,"(128, 128)",float32,0.0037407823838293552,1.2895244359970093,0.3001162111759186,0.11423076689243317
002241.npy,"(128, 128)",float32,0.026675477623939514,1.2747482061386108,0.5013164281845093,0.18927522003650665
002242.npy,"(128, 128)",float32,0.02926519326865673,1.4081295728683472,0.49621570110321045,0.1894376426935196
002243.npy,"(128, 128)",float32,-0.00330299511551857,1.3445823192596436,0.4910145401954651,0.19476470351219177
002244.npy,"(128, 128)",float32,-0.005332253407686949,1.4807300567626953,0.8772061467170715,0.21558240056037903
002245.npy,"(128, 128)",float32,0.008737658150494099,0.8628903031349182,0.08941459655761719,0.08201690018177032
002246.npy,"(128, 128)",float32,0.0008208228391595185,1.3697586059570312,0.10959853231906891,0.11986339092254639
002247.npy,"(128, 128)",float32,0.004906132351607084,1.121553659439087,0.11125368624925613,0.1060454472899437
002248.npy,"(128, 128)",float32,-0.017947455868124962,1.4531844854354858,0.5334529280662537,0.2594163119792938
002249.npy,"(128, 128)",float32,-0.009859328158199787,1.5314316749572754,0.4459742307662964,0.24458512663841248
002250.npy,"(128, 128)",float32,-0.002996275434270501,1.6545873880386353,0.4337291419506073,0.23753906786441803
002251.npy,"(128, 128)",float32,-0.003531851340085268,1.3461741209030151,0.3789883852005005,0.17926116287708282
002252.npy,"(128, 128)",float32,-0.04207301512360573,1.5492910146713257,0.6469699740409851,0.24717627465724945
002253.npy,"(128, 128)",float32,-0.03645680844783783,1.46817946434021,0.6503733992576599,0.24861641228199005
002254.npy,"(128, 128)",float32,-0.03168715536594391,1.5047948360443115,0.6640240550041199,0.2645609974861145
002255.npy,"(128, 128)",float32,-0.03775973245501518,1.4540644884109497,0.6548027396202087,0.25494298338890076
002256.npy,"(128, 128)",float32,-0.0024437708780169487,1.2751766443252563,0.33567702770233154,0.1110292598605156
002257.npy,"(128, 128)",float32,-0.027859708294272423,1.326303482055664,0.36429041624069214,0.25711777806282043
002258.npy,"(128, 128)",float32,-0.009858938865363598,1.345233678817749,0.34420332312583923,0.24662378430366516
002259.npy,"(128, 128)",float32,-0.018563760444521904,1.2633761167526245,0.3501548171043396,0.2523857057094574
002260.npy,"(128, 128)",float32,0.0007564860279671848,1.270961046218872,0.45017164945602417,0.19767028093338013
002261.npy,"(128, 128)",float32,0.0032500436063855886,1.5895744562149048,0.6322429180145264,0.20911017060279846
002262.npy,"(128, 128)",float32,0.003558073192834854,1.582605004310608,0.5740341544151306,0.17586806416511536
002263.npy,"(128, 128)",float32,0.003713274607434869,1.4600743055343628,0.5920165777206421,0.18226070702075958
002264.npy,"(128, 128)",float32,0.003932300489395857,1.6440203189849854,0.7483977675437927,0.29565373063087463
002265.npy,"(128, 128)",float32,-0.0041853152215480804,1.1743099689483643,0.18180373311042786,0.1901000589132309
002266.npy,"(128, 128)",float32,-0.04808902367949486,1.3110792636871338,0.16782146692276,0.1768748164176941
002267.npy,"(128, 128)",float32,-0.01092039979994297,1.1571048498153687,0.17958471179008484,0.1853870004415512
002268.npy,"(128, 128)",float32,0.0045685237273573875,1.6011472940444946,0.3887327015399933,0.26771262288093567
002269.npy,"(128, 128)",float32,0.0026816772297024727,1.1539075374603271,0.18415841460227966,0.12510237097740173
002270.npy,"(128, 128)",float32,-0.0077157835476100445,1.0686777830123901,0.17243093252182007,0.10951073467731476
002271.npy,"(128, 128)",float32,-0.002500561298802495,1.4918549060821533,0.17289477586746216,0.11228907108306885
002272.npy,"(128, 128)",float32,0.0033438520040363073,1.3443471193313599,0.2825150489807129,0.20906206965446472
002273.npy,"(128, 128)",float32,-0.006809852086007595,1.5188261270523071,0.04932835325598717,0.1083337813615799
002274.npy,"(128, 128)",float32,-0.011471852660179138,1.245635986328125,0.04919511079788208,0.1040249839425087
002275.npy,"(128, 128)",float32,-0.0010698630940169096,1.4163247346878052,0.049522291868925095,0.10234713554382324
002276.npy,"(128, 128)",float32,-0.002095278352499008,1.0248712301254272,0.2879686951637268,0.12474614381790161
002277.npy,"(128, 128)",float32,0.04639892280101776,1.4935990571975708,0.5393531918525696,0.20644596219062805
002278.npy,"(128, 128)",float32,0.020537961274385452,1.3576804399490356,0.5575511455535889,0.20695994794368744
002279.npy,"(128, 128)",float32,0.010935211554169655,1.3552008867263794,0.5281009674072266,0.20773181319236755
002280.npy,"(128, 128)",float32,-0.0013543470995500684,1.3603723049163818,0.3588852882385254,0.2030523270368576
002281.npy,"(128, 128)",float32,-0.0035469145514070988,1.4694145917892456,0.45220017433166504,0.29255709052085876
002282.npy,"(128, 128)",float32,-0.00801906082779169,1.5284911394119263,0.4449959099292755,0.30455124378204346
002283.npy,"(128, 128)",float32,-0.020851444453001022,1.5807698965072632,0.4452642798423767,0.3060053884983063
002284.npy,"(128, 128)",float32,-0.023643771186470985,1.387906551361084,0.2634110748767853,0.13880853354930878
002285.npy,"(128, 128)",float32,-0.06525988131761551,1.2665501832962036,0.17054834961891174,0.16899117827415466
002286.npy,"(128, 128)",float32,-0.048180125653743744,1.3212217092514038,0.17613428831100464,0.17329540848731995
002287.npy,"(128, 128)",float32,-0.03575607389211655,1.1163914203643799,0.1760772168636322,0.172626331448555
002288.npy,"(128, 128)",float32,0.0021028677001595497,1.5513882637023926,0.47328463196754456,0.24421685934066772
002289.npy,"(128, 128)",float32,0.00199639773927629,1.3868632316589355,0.5384863615036011,0.24307437241077423
002290.npy,"(128, 128)",float32,0.005778557620942593,1.3154659271240234,0.510614812374115,0.24327899515628815
002291.npy,"(128, 128)",float32,0.008695578202605247,1.414942979812622,0.5148478746414185,0.23962758481502533
002292.npy,"(128, 128)",float32,-0.06979305297136307,1.3748348951339722,0.3581598103046417,0.3731743097305298
002293.npy,"(128, 128)",float32,-0.036022841930389404,1.3686481714248657,0.26278847455978394,0.2076362669467926
002294.npy,"(128, 128)",float32,-0.052908774465322495,1.2846053838729858,0.27454543113708496,0.20662719011306763
002295.npy,"(128, 128)",float32,-0.03842007741332054,1.3571966886520386,0.2436782419681549,0.2168639600276947
002296.npy,"(128, 128)",float32,-0.0032761467155069113,1.32142174243927,0.313418984413147,0.1178024485707283
002297.npy,"(128, 128)",float32,0.010810593143105507,1.123658299446106,0.3183356821537018,0.11719638109207153
002298.npy,"(128, 128)",float32,0.00264210463501513,1.146432638168335,0.31623873114585876,0.1157272532582283
002299.npy,"(128, 128)",float32,0.004832826554775238,1.127190351486206,0.3600124418735504,0.12179695814847946
002300.npy,"(128, 128)",float32,0.0162777379155159,1.447868824005127,0.6392892599105835,0.18133145570755005
002301.npy,"(128, 128)",float32,-0.0013741368893533945,1.5990896224975586,0.4120370149612427,0.1860264539718628
002302.npy,"(128, 128)",float32,0.0015396220842376351,1.5278031826019287,0.4848739802837372,0.21329061686992645
002303.npy,"(128, 128)",float32,0.007097416091710329,1.5022417306900024,0.5043635964393616,0.21491394937038422
002304.npy,"(128, 128)",float32,0.026108961552381516,1.4669219255447388,0.5094200372695923,0.1648659110069275
002305.npy,"(128, 128)",float32,0.02880995348095894,1.3035224676132202,0.6192947626113892,0.1297844499349594
002306.npy,"(128, 128)",float32,0.0482238307595253,1.2395378351211548,0.6221137642860413,0.1394890546798706
002307.npy,"(128, 128)",float32,0.02498430386185646,1.233245611190796,0.604698896408081,0.13116267323493958
002308.npy,"(128, 128)",float32,-0.024137163534760475,1.3660842180252075,0.28050053119659424,0.24120952188968658
002309.npy,"(128, 128)",float32,-0.012878873385488987,1.3751287460327148,0.4726649224758148,0.2610505223274231
002310.npy,"(128, 128)",float32,-0.0035074185580015182,1.4318063259124756,0.48089027404785156,0.25396886467933655
002311.npy,"(128, 128)",float32,-0.0038425414822995663,1.563252329826355,0.41233447194099426,0.25870445370674133
002312.npy,"(128, 128)",float32,-0.0008512355270795524,1.671201229095459,0.41539445519447327,0.4039570689201355
002313.npy,"(128, 128)",float32,-0.0011089111212641,1.4552284479141235,0.311334490776062,0.22222629189491272
002314.npy,"(128, 128)",float32,-0.00985840056091547,1.6420950889587402,0.3538339138031006,0.2301519513130188
002315.npy,"(128, 128)",float32,-0.004823711700737476,1.4792797565460205,0.31291210651397705,0.22499704360961914
002316.npy,"(128, 128)",float32,-0.032180026173591614,1.4703603982925415,0.3342340290546417,0.25520059466362
002317.npy,"(128, 128)",float32,-0.04035494476556778,1.6798021793365479,0.7410672307014465,0.21401679515838623
002318.npy,"(128, 128)",float32,0.017971981316804886,1.5496472120285034,0.7369554042816162,0.20124176144599915
002319.npy,"(128, 128)",float32,0.013485019095242023,1.563960313796997,0.7368309497833252,0.19589388370513916
002320.npy,"(128, 128)",float32,-0.006162912119179964,1.1399281024932861,0.5420222282409668,0.2233925312757492
002321.npy,"(128, 128)",float32,-0.004491596482694149,1.5570722818374634,0.36123228073120117,0.24040845036506653
002322.npy,"(128, 128)",float32,-0.011551153846085072,1.8601055145263672,0.3615989089012146,0.24429801106452942
002323.npy,"(128, 128)",float32,-0.011616348288953304,1.4912967681884766,0.39653581380844116,0.2961941063404083
002324.npy,"(128, 128)",float32,-0.007644573226571083,1.393239140510559,0.6197243928909302,0.2820560932159424
002325.npy,"(128, 128)",float32,-0.0031859527807682753,1.5061542987823486,0.6811867952346802,0.23253031075000763
002326.npy,"(128, 128)",float32,0.0010544435353949666,1.7437119483947754,0.7040397524833679,0.23543670773506165
002327.npy,"(128, 128)",float32,-0.002448046812787652,1.4535495042800903,0.7143065333366394,0.2199890911579132
002328.npy,"(128, 128)",float32,-0.013881552033126354,1.2816160917282104,0.5751149654388428,0.18539105355739594
002329.npy,"(128, 128)",float32,-0.030671007931232452,0.9908671379089355,0.051460884511470795,0.029682178050279617
002330.npy,"(128, 128)",float32,-0.02691161073744297,0.9191458225250244,0.05198031663894653,0.030651479959487915
002331.npy,"(128, 128)",float32,-0.04309942200779915,1.2417865991592407,0.0816311240196228,0.04749670252203941
002332.npy,"(128, 128)",float32,0.011654906906187534,1.3540661334991455,0.6278333067893982,0.1243886798620224
002333.npy,"(128, 128)",float32,-0.004030941985547543,1.03857421875,0.20611456036567688,0.07387779653072357
002334.npy,"(128, 128)",float32,-0.005020425654947758,1.0586142539978027,0.19143280386924744,0.06433378905057907
002335.npy,"(128, 128)",float32,0.007983180694282055,1.3521301746368408,0.20374265313148499,0.07543351501226425
002336.npy,"(128, 128)",float32,-0.06925802677869797,1.4337230920791626,0.5948554277420044,0.3190164864063263
002337.npy,"(128, 128)",float32,0.007588322274386883,1.6505542993545532,0.4457474946975708,0.22606253623962402
002338.npy,"(128, 128)",float32,0.024269502609968185,1.438825249671936,0.4748184084892273,0.2327726036310196
002339.npy,"(128, 128)",float32,0.006634268444031477,1.355094313621521,0.4570332169532776,0.22763949632644653
002340.npy,"(128, 128)",float32,0.010868393816053867,1.199885606765747,0.49379679560661316,0.12953625619411469
002341.npy,"(128, 128)",float32,0.013422911055386066,1.3406472206115723,0.5927213430404663,0.13790498673915863
002342.npy,"(128, 128)",float32,-0.005464205518364906,1.30718195438385,0.5894273519515991,0.13598929345607758
002343.npy,"(128, 128)",float32,0.021346166729927063,1.2068889141082764,0.5905153751373291,0.13013453781604767
002344.npy,"(128, 128)",float32,-0.017916472628712654,1.433290719985962,0.22663021087646484,0.24148620665073395
002345.npy,"(128, 128)",float32,-0.004397922661155462,1.0195198059082031,0.1671835035085678,0.12071157991886139
002346.npy,"(128, 128)",float32,-0.0005610893713310361,1.1610455513000488,0.16243258118629456,0.12434820085763931
002347.npy,"(128, 128)",float32,-0.0017517105443403125,1.0615661144256592,0.1614191085100174,0.12087488919496536
002348.npy,"(128, 128)",float32,-0.03416784852743149,1.2968121767044067,0.43829163908958435,0.3289301097393036
002349.npy,"(128, 128)",float32,0.0033853198401629925,1.162550926208496,0.5110378265380859,0.14936117827892303
002350.npy,"(128, 128)",float32,0.0035111703909933567,1.1383196115493774,0.48111647367477417,0.13280454277992249
002351.npy,"(128, 128)",float32,0.009609321132302284,1.3644628524780273,0.4990385174751282,0.13533103466033936
002352.npy,"(128, 128)",float32,-0.010636802762746811,1.3085087537765503,0.24121059477329254,0.20666979253292084
002353.npy,"(128, 128)",float32,-0.0073708826676011086,1.5691899061203003,0.5239312648773193,0.37937769293785095
002354.npy,"(128, 128)",float32,-0.002628116402775049,1.5620640516281128,0.43086838722229004,0.368241548538208
002355.npy,"(128, 128)",float32,-0.004530470818281174,1.521378755569458,0.4340604841709137,0.3816754221916199
002356.npy,"(128, 128)",float32,-0.0005082786665298045,1.3763463497161865,0.15659162402153015,0.14086386561393738
002357.npy,"(128, 128)",float32,-0.02223997190594673,0.6947992444038391,0.04767735302448273,0.059996120631694794
002358.npy,"(128, 128)",float32,0.006610863376408815,0.6577156782150269,0.05591248348355293,0.058015935122966766
002359.npy,"(128, 128)",float32,0.0031377607956528664,0.8567800521850586,0.03870785981416702,0.04103698208928108
002360.npy,"(128, 128)",float32,-0.005148294381797314,1.5017718076705933,0.40717843174934387,0.251426100730896
002361.npy,"(128, 128)",float32,0.01876903884112835,1.4725244045257568,0.3528861403465271,0.2788110077381134
002362.npy,"(128, 128)",float32,0.007968149147927761,1.674873948097229,0.33768796920776367,0.2832590639591217
002363.npy,"(128, 128)",float32,0.00274312449619174,1.6678812503814697,0.3474017083644867,0.2788822054862976
002364.npy,"(128, 128)",float32,-0.05293804407119751,1.34707772731781,0.2939935028553009,0.20112156867980957
002365.npy,"(128, 128)",float32,-0.0007769760559312999,1.5082180500030518,0.30286940932273865,0.3733237087726593
002366.npy,"(128, 128)",float32,0.0002778369525913149,1.4702852964401245,0.37873390316963196,0.3968151807785034
002367.npy,"(128, 128)",float32,-0.0033851824700832367,1.502440333366394,0.37331169843673706,0.39081212878227234
002368.npy,"(128, 128)",float32,-0.006951609160751104,1.6038812398910522,0.40493935346603394,0.20782287418842316
002369.npy,"(128, 128)",float32,-0.02566344104707241,1.6462066173553467,0.20314154028892517,0.22199589014053345
002370.npy,"(128, 128)",float32,-0.026580646634101868,1.454095482826233,0.1952091008424759,0.2135779857635498
002371.npy,"(128, 128)",float32,-0.028013823553919792,1.478505253791809,0.22317761182785034,0.2695927619934082
002372.npy,"(128, 128)",float32,-0.00737183028832078,1.4993685483932495,0.26830700039863586,0.2041717916727066
002373.npy,"(128, 128)",float32,0.004611958749592304,1.7386066913604736,0.3910030722618103,0.22521458566188812
002374.npy,"(128, 128)",float32,-0.002638802630826831,1.4966330528259277,0.3861718773841858,0.20357109606266022
002375.npy,"(128, 128)",float32,-0.013534669764339924,1.595803141593933,0.40689194202423096,0.22073733806610107
002376.npy,"(128, 128)",float32,-0.003589044092223048,1.4359138011932373,0.27168798446655273,0.14997906982898712
002377.npy,"(128, 128)",float32,0.015197654254734516,1.4641528129577637,0.6364545822143555,0.2650585472583771
002378.npy,"(128, 128)",float32,-0.002604370005428791,1.622448205947876,0.6343467235565186,0.26963183283805847
002379.npy,"(128, 128)",float32,-0.009298807010054588,1.631054162979126,0.5977561473846436,0.280781090259552
002380.npy,"(128, 128)",float32,0.05044017359614372,1.3615325689315796,0.3354438543319702,0.13210241496562958
002381.npy,"(128, 128)",float32,0.026454180479049683,1.4617620706558228,0.3687938451766968,0.1891399472951889
002382.npy,"(128, 128)",float32,0.01087902206927538,1.2931830883026123,0.36009955406188965,0.19019079208374023
002383.npy,"(128, 128)",float32,-0.0007792492397129536,1.3406450748443604,0.3558475375175476,0.1979687660932541
002384.npy,"(128, 128)",float32,-0.013836689293384552,1.4661262035369873,0.14227338135242462,0.22852398455142975
002385.npy,"(128, 128)",float32,-0.022422879934310913,1.366499423980713,0.62799072265625,0.24675501883029938
002386.npy,"(128, 128)",float32,-0.014987037517130375,1.432769536972046,0.5924480557441711,0.2697452902793884
002387.npy,"(128, 128)",float32,0.0016305458266288042,1.4536751508712769,0.6833257675170898,0.2029697597026825
002388.npy,"(128, 128)",float32,-0.005103414878249168,1.4612387418746948,0.445200115442276,0.2634153664112091
002389.npy,"(128, 128)",float32,0.005068471655249596,1.4951395988464355,0.7153533101081848,0.18888555467128754
002390.npy,"(128, 128)",float32,0.04980218783020973,1.4977812767028809,0.7310553789138794,0.1967819184064865
002391.npy,"(128, 128)",float32,0.001153195509687066,1.55793297290802,0.7943171262741089,0.18442703783512115
002392.npy,"(128, 128)",float32,-0.005600547883659601,1.4755363464355469,0.7905822396278381,0.1625695526599884
002393.npy,"(128, 128)",float32,-0.00352318212389946,1.3745825290679932,0.4893520772457123,0.2539779245853424
002394.npy,"(128, 128)",float32,-0.011822876520454884,1.3490614891052246,0.47940072417259216,0.2567620575428009
002395.npy,"(128, 128)",float32,-0.025893988087773323,1.5555050373077393,0.45169997215270996,0.27389368414878845
002396.npy,"(128, 128)",float32,-0.05580928549170494,1.2406635284423828,0.4428572654724121,0.17290017008781433
002397.npy,"(128, 128)",float32,0.0076835500076413155,1.4392586946487427,0.5791714191436768,0.14391620457172394
002398.npy,"(128, 128)",float32,-0.0011224000481888652,1.387432336807251,0.6104656457901001,0.1439020037651062
002399.npy,"(128, 128)",float32,0.013976611196994781,1.1982519626617432,0.541660726070404,0.11553673446178436
002400.npy,"(128, 128)",float32,-0.022115888074040413,1.4487022161483765,0.5726819634437561,0.2949487268924713
002401.npy,"(128, 128)",float32,0.011682181619107723,1.4125930070877075,0.5258582830429077,0.17869484424591064
002402.npy,"(128, 128)",float32,0.027566665783524513,1.4698868989944458,0.5277804136276245,0.17709405720233917
002403.npy,"(128, 128)",float32,0.01092806737869978,1.5123329162597656,0.5428373217582703,0.18666446208953857
002404.npy,"(128, 128)",float32,-0.0009281595703214407,1.5025184154510498,0.475922167301178,0.25956863164901733
002405.npy,"(128, 128)",float32,-0.003513921517878771,1.6066229343414307,0.7584720253944397,0.2663502097129822
002406.npy,"(128, 128)",float32,0.007357414346188307,1.6539194583892822,0.7965102195739746,0.25686731934547424
002407.npy,"(128, 128)",float32,0.0104795778170228,1.4612013101577759,0.7259697914123535,0.2937335968017578
002408.npy,"(128, 128)",float32,0.008098915219306946,1.3100149631500244,0.5738039612770081,0.21185243129730225
002409.npy,"(128, 128)",float32,-0.018135173246264458,1.314152479171753,0.3173522651195526,0.19375546276569366
002410.npy,"(128, 128)",float32,-0.0016017036978155375,1.39094877243042,0.31699880957603455,0.18931032717227936
002411.npy,"(128, 128)",float32,-0.011034206487238407,1.3740123510360718,0.35375043749809265,0.18891659379005432
002412.npy,"(128, 128)",float32,-0.0005555014358833432,1.412846565246582,0.3813675045967102,0.19222688674926758
002413.npy,"(128, 128)",float32,-0.005488711874932051,1.5715968608856201,0.6849386692047119,0.2504130005836487
002414.npy,"(128, 128)",float32,-0.003485546912997961,1.6019724607467651,0.7075667381286621,0.2516433596611023
002415.npy,"(128, 128)",float32,-0.0007378877489827573,1.5816558599472046,0.7044623494148254,0.2506227493286133
002416.npy,"(128, 128)",float32,-0.027704251930117607,1.2481924295425415,0.34536394476890564,0.18132545053958893
002417.npy,"(128, 128)",float32,0.0014253223780542612,1.2010483741760254,0.3785378038883209,0.1811850368976593
002418.npy,"(128, 128)",float32,-0.013024993240833282,1.1010504961013794,0.3810206651687622,0.17279085516929626
002419.npy,"(128, 128)",float32,-0.01456109806895256,1.1230920553207397,0.3759342432022095,0.1554504632949829
002420.npy,"(128, 128)",float32,-0.007624956779181957,1.265589714050293,0.5064011812210083,0.15092408657073975
002421.npy,"(128, 128)",float32,0.00928527768701315,1.3192524909973145,0.42879819869995117,0.19312608242034912
002422.npy,"(128, 128)",float32,0.0044680265709757805,1.577836513519287,0.4295976161956787,0.1893233358860016
002423.npy,"(128, 128)",float32,0.010996942408382893,1.3099082708358765,0.4114813208580017,0.19366592168807983
002424.npy,"(128, 128)",float32,-0.03483305498957634,1.2629958391189575,0.3433506488800049,0.25319787859916687
002425.npy,"(128, 128)",float32,-0.007468059659004211,1.4716191291809082,0.4905659556388855,0.23156170547008514
002426.npy,"(128, 128)",float32,-0.008181427605450153,1.2263152599334717,0.4515884816646576,0.17940787971019745
002427.npy,"(128, 128)",float32,-0.007857071235775948,1.4007771015167236,0.47596248984336853,0.21748577058315277
002428.npy,"(128, 128)",float32,0.0020965684670954943,1.6035575866699219,0.7822265625,0.22285564243793488
002429.npy,"(128, 128)",float32,0.005303194746375084,1.6658012866973877,0.7317358255386353,0.2317567765712738
002430.npy,"(128, 128)",float32,0.027110304683446884,1.5704824924468994,0.743794858455658,0.2150202840566635
002431.npy,"(128, 128)",float32,-0.03303052484989166,1.5625557899475098,0.7057148218154907,0.2269648015499115
002432.npy,"(128, 128)",float32,0.005111273843795061,1.7516456842422485,0.8279157280921936,0.2649099826812744
002433.npy,"(128, 128)",float32,-0.001897142850793898,1.5911518335342407,0.28305065631866455,0.17180654406547546
002434.npy,"(128, 128)",float32,-0.0024237814359366894,1.3586390018463135,0.3583477735519409,0.19018889963626862
002435.npy,"(128, 128)",float32,-0.027003081515431404,1.65157949924469,0.3375624418258667,0.18892072141170502
002436.npy,"(128, 128)",float32,-0.00968986190855503,1.3741567134857178,0.3630802035331726,0.26376262307167053
002437.npy,"(128, 128)",float32,0.014643113128840923,1.3614051342010498,0.5041905641555786,0.15675796568393707
002438.npy,"(128, 128)",float32,0.03244758024811745,1.2413268089294434,0.5234346389770508,0.14931067824363708
002439.npy,"(128, 128)",float32,0.04986345395445824,1.2461668252944946,0.5371264815330505,0.15363912284374237
002440.npy,"(128, 128)",float32,0.0077441781759262085,1.3307448625564575,0.5015891790390015,0.1585076004266739
002441.npy,"(128, 128)",float32,-0.011971917934715748,1.281952142715454,0.3183857202529907,0.15948233008384705
002442.npy,"(128, 128)",float32,-0.0011728410609066486,1.1957218647003174,0.3264113664627075,0.1562907099723816
002443.npy,"(128, 128)",float32,-0.004095365293323994,1.452507495880127,0.31139159202575684,0.15676851570606232
002444.npy,"(128, 128)",float32,0.005368915852159262,1.377779245376587,0.49243083596229553,0.1683216094970703
002445.npy,"(128, 128)",float32,0.006465970538556576,1.1992130279541016,0.6016139984130859,0.12931685149669647
002446.npy,"(128, 128)",float32,0.005292012821882963,1.5503523349761963,0.6106681823730469,0.13806764781475067
002447.npy,"(128, 128)",float32,0.001043181517161429,1.405968189239502,0.6321016550064087,0.1562318503856659
002448.npy,"(128, 128)",float32,-0.008730882778763771,1.6585615873336792,0.750990629196167,0.24691250920295715
002449.npy,"(128, 128)",float32,0.0009762592380866408,1.5410069227218628,0.2586570084095001,0.16360612213611603
002450.npy,"(128, 128)",float32,0.00018349204037804157,1.2989553213119507,0.25518807768821716,0.16585518419742584
002451.npy,"(128, 128)",float32,-0.020674455910921097,1.4080430269241333,0.2740364968776703,0.15492576360702515
002452.npy,"(128, 128)",float32,-0.007368496619164944,1.5406575202941895,0.3023032546043396,0.20135845243930817
002453.npy,"(128, 128)",float32,0.010920809581875801,1.3868637084960938,0.4760855734348297,0.20952880382537842
002454.npy,"(128, 128)",float32,0.009089147672057152,1.5159034729003906,0.47622692584991455,0.2068636119365692
002455.npy,"(128, 128)",float32,0.006321995984762907,1.3035558462142944,0.427732914686203,0.22119399905204773
002456.npy,"(128, 128)",float32,0.006151637528091669,1.4194471836090088,0.5395936965942383,0.1750451773405075
002457.npy,"(128, 128)",float32,-0.01082511618733406,1.333996057510376,0.2187623381614685,0.19488219916820526
002458.npy,"(128, 128)",float32,-0.04049193114042282,1.3453670740127563,0.23775945603847504,0.2172955572605133
002459.npy,"(128, 128)",float32,-0.007067839149385691,1.2500499486923218,0.21547776460647583,0.185085266828537
002460.npy,"(128, 128)",float32,-0.0062579684890806675,1.2468680143356323,0.06503640860319138,0.0745621919631958
002461.npy,"(128, 128)",float32,0.0009837219258770347,1.574310541152954,0.17597612738609314,0.1688530147075653
002462.npy,"(128, 128)",float32,-0.004965032450854778,1.2379875183105469,0.1843632459640503,0.18958237767219543
002463.npy,"(128, 128)",float32,-0.012114101089537144,1.188004732131958,0.18405506014823914,0.1751520335674286
002464.npy,"(128, 128)",float32,-0.011552541516721249,1.6157758235931396,0.4703984260559082,0.25179317593574524
002465.npy,"(128, 128)",float32,0.005644694902002811,1.2654902935028076,0.4014674425125122,0.22403645515441895
002466.npy,"(128, 128)",float32,0.006814924068748951,1.2859927415847778,0.3714350461959839,0.22326058149337769
002467.npy,"(128, 128)",float32,-0.008414850570261478,1.550645351409912,0.3971935510635376,0.23382624983787537
002468.npy,"(128, 128)",float32,-0.11996594816446304,1.627366304397583,0.42679667472839355,0.35359978675842285
002469.npy,"(128, 128)",float32,-0.020563192665576935,1.5486114025115967,0.7428578734397888,0.38679349422454834
002470.npy,"(128, 128)",float32,-0.012855099514126778,1.6674765348434448,0.8440765142440796,0.3060634434223175
002471.npy,"(128, 128)",float32,0.13792799413204193,1.6472837924957275,0.9096296429634094,0.14934855699539185
002472.npy,"(128, 128)",float32,-0.05480312556028366,1.1928359270095825,0.2050730139017105,0.19273817539215088
002473.npy,"(128, 128)",float32,-0.06206266209483147,1.3576045036315918,0.3146817684173584,0.295764684677124
002474.npy,"(128, 128)",float32,-0.07311767339706421,1.3548728227615356,0.29969239234924316,0.29316607117652893
002475.npy,"(128, 128)",float32,-0.06323523074388504,1.4568389654159546,0.31813183426856995,0.3024916648864746
002476.npy,"(128, 128)",float32,0.0040716868825256824,1.2977536916732788,0.5392440557479858,0.1659863293170929
002477.npy,"(128, 128)",float32,-0.011828536167740822,1.365544080734253,0.49031326174736023,0.2258894294500351
002478.npy,"(128, 128)",float32,0.0008259541937150061,1.4511198997497559,0.4994732737541199,0.22919568419456482
002479.npy,"(128, 128)",float32,0.002938350895419717,1.3132610321044922,0.48978346586227417,0.22890105843544006
002480.npy,"(128, 128)",float32,0.0026348326355218887,1.460242748260498,0.6575436592102051,0.2684321701526642
002481.npy,"(128, 128)",float32,-0.002356817713007331,1.6980093717575073,0.9433239698410034,0.19367359578609467
002482.npy,"(128, 128)",float32,0.00946058053523302,1.766376256942749,0.9456746578216553,0.1909564882516861
002483.npy,"(128, 128)",float32,0.09165499359369278,1.7941107749938965,0.9423120021820068,0.19705002009868622
002484.npy,"(128, 128)",float32,-0.013285874389111996,1.3958525657653809,0.2519599199295044,0.1721409559249878
002485.npy,"(128, 128)",float32,-2.2722571884514764e-05,1.2986948490142822,0.3743162453174591,0.15393438935279846
002486.npy,"(128, 128)",float32,0.01664438098669052,1.1500303745269775,0.3793013393878937,0.15017454326152802
002487.npy,"(128, 128)",float32,-0.001974808517843485,1.514389157295227,0.3787626326084137,0.1441291719675064
002488.npy,"(128, 128)",float32,0.00029233357054181397,1.610705852508545,0.5285030007362366,0.24699534475803375
002489.npy,"(128, 128)",float32,0.024568811058998108,1.4747796058654785,0.6550955772399902,0.1779700666666031
002490.npy,"(128, 128)",float32,0.00925666093826294,1.3556780815124512,0.6826118230819702,0.17426489293575287
002491.npy,"(128, 128)",float32,-0.003920710179954767,1.3225873708724976,0.6172556281089783,0.17785537242889404
002492.npy,"(128, 128)",float32,-0.006459226366132498,1.3126540184020996,0.3238169550895691,0.2013118714094162
002493.npy,"(128, 128)",float32,-0.03316093981266022,1.4131603240966797,0.5803864002227783,0.20723742246627808
002494.npy,"(128, 128)",float32,0.0021417802199721336,1.4454749822616577,0.5833197832107544,0.22349639236927032
002495.npy,"(128, 128)",float32,0.0001474481396144256,1.586093783378601,0.5837090015411377,0.22164314985275269
002496.npy,"(128, 128)",float32,-0.046477001160383224,1.4810595512390137,0.46658748388290405,0.27966243028640747
002497.npy,"(128, 128)",float32,0.003472869284451008,1.6183046102523804,0.49733835458755493,0.2374153882265091
002498.npy,"(128, 128)",float32,-0.005941830575466156,1.6221554279327393,0.4942784309387207,0.23354682326316833
002499.npy,"(128, 128)",float32,0.0085942717269063,1.5268956422805786,0.4967387318611145,0.234970822930336
002500.npy,"(128, 128)",float32,-0.0034116157330572605,1.8950695991516113,0.21827244758605957,0.23444493114948273
002501.npy,"(128, 128)",float32,0.03644927218556404,1.0426559448242188,0.3657647371292114,0.11322605609893799
002502.npy,"(128, 128)",float32,0.0348350815474987,0.9396988153457642,0.37791016697883606,0.10911374539136887
002503.npy,"(128, 128)",float32,0.000757675850763917,1.1102221012115479,0.3753112554550171,0.10906542092561722
002504.npy,"(128, 128)",float32,0.00194020033814013,1.561811089515686,0.5102272033691406,0.24381841719150543
002505.npy,"(128, 128)",float32,-0.00869135744869709,1.6279323101043701,0.4098559617996216,0.42262503504753113
002506.npy,"(128, 128)",float32,-0.001724857371300459,1.8219093084335327,0.407676100730896,0.4239349067211151
002507.npy,"(128, 128)",float32,-0.009943719953298569,1.466251254081726,0.43850651383399963,0.41158634424209595
002508.npy,"(128, 128)",float32,0.01134655624628067,1.611256718635559,0.3765237331390381,0.29335203766822815
002509.npy,"(128, 128)",float32,0.004219995811581612,1.609296441078186,0.7512633800506592,0.22462904453277588
002510.npy,"(128, 128)",float32,0.006842297036200762,1.9090873003005981,0.706550121307373,0.23480217158794403
002511.npy,"(128, 128)",float32,0.015790017321705818,1.8459572792053223,0.7514499425888062,0.2364516705274582
002512.npy,"(128, 128)",float32,-0.062392741441726685,1.2785005569458008,0.31743037700653076,0.23356908559799194
002513.npy,"(128, 128)",float32,-0.023519139736890793,1.3025388717651367,0.13091345131397247,0.16869156062602997
002514.npy,"(128, 128)",float32,-0.04556433483958244,1.23179292678833,0.14585667848587036,0.1726592481136322
002515.npy,"(128, 128)",float32,-0.0351581946015358,1.153083086013794,0.13499709963798523,0.1697116643190384
002516.npy,"(128, 128)",float32,0.0033939185086637735,1.217146873474121,0.580223560333252,0.13869154453277588
002517.npy,"(128, 128)",float32,0.0020344327203929424,1.3284772634506226,0.5074729919433594,0.16673199832439423
002518.npy,"(128, 128)",float32,0.06829294562339783,1.5032328367233276,0.5520764589309692,0.17854483425617218
002519.npy,"(128, 128)",float32,-0.02510710619390011,1.3535056114196777,0.47233396768569946,0.17259079217910767
002520.npy,"(128, 128)",float32,-0.021011903882026672,1.3265297412872314,0.22687332332134247,0.1763353943824768
002521.npy,"(128, 128)",float32,-0.004700223449617624,1.4073222875595093,0.47256210446357727,0.24978695809841156
002522.npy,"(128, 128)",float32,3.1416831916430965e-05,1.279545783996582,0.37417253851890564,0.2111779749393463
002523.npy,"(128, 128)",float32,0.026119928807020187,1.426377296447754,0.4938046932220459,0.2498583197593689
002524.npy,"(128, 128)",float32,-0.004578059073537588,1.427729606628418,0.4619607925415039,0.2172289341688156
002525.npy,"(128, 128)",float32,-0.0061922697350382805,1.469478726387024,0.6186756491661072,0.2526664733886719
002526.npy,"(128, 128)",float32,-0.0039503369480371475,1.623094916343689,0.6188787221908569,0.26449427008628845
002527.npy,"(128, 128)",float32,-0.014818760566413403,1.6622538566589355,0.6198939681053162,0.26043805480003357
002528.npy,"(128, 128)",float32,-0.0027248163241893053,1.3616936206817627,0.35208943486213684,0.2745135426521301
002529.npy,"(128, 128)",float32,-0.004329397808760405,1.543293833732605,0.4761839210987091,0.34933027625083923
002530.npy,"(128, 128)",float32,-0.01479344628751278,1.5142631530761719,0.36174359917640686,0.3379543125629425
002531.npy,"(128, 128)",float32,-0.012197605334222317,1.4621442556381226,0.38106435537338257,0.3436422049999237
002532.npy,"(128, 128)",float32,-0.012676084414124489,1.3458082675933838,0.3695707321166992,0.22013023495674133
002533.npy,"(128, 128)",float32,-0.007047832012176514,1.0493552684783936,0.478756308555603,0.15611468255519867
002534.npy,"(128, 128)",float32,-0.07296507805585861,1.2404696941375732,0.48015058040618896,0.16196037828922272
002535.npy,"(128, 128)",float32,-0.10239968448877335,1.216187834739685,0.4815603494644165,0.16306829452514648
002536.npy,"(128, 128)",float32,-0.026928476989269257,1.619593620300293,0.5803966522216797,0.24450141191482544
002537.npy,"(128, 128)",float32,-0.2021162211894989,1.5821418762207031,0.4998193681240082,0.2743953466415405
002538.npy,"(128, 128)",float32,0.06559790670871735,0.7627707123756409,0.3646533787250519,0.08596829324960709
002539.npy,"(128, 128)",float32,-0.27692660689353943,1.4547820091247559,0.503930926322937,0.2646051049232483
002540.npy,"(128, 128)",float32,-0.016812557354569435,1.5174872875213623,0.36960721015930176,0.24828985333442688
002541.npy,"(128, 128)",float32,-0.012379688210785389,1.2264180183410645,0.2586648464202881,0.2606492042541504
002542.npy,"(128, 128)",float32,-0.01220972090959549,1.4048250913619995,0.2553102374076843,0.2624652087688446
002543.npy,"(128, 128)",float32,-0.009032159112393856,1.2236213684082031,0.2538221478462219,0.2589474320411682
002544.npy,"(128, 128)",float32,-0.003207781119272113,1.339118242263794,0.4273880124092102,0.2629213333129883
002545.npy,"(128, 128)",float32,0.016237393021583557,1.2957724332809448,0.6077361106872559,0.15657243132591248
002546.npy,"(128, 128)",float32,0.01374791469424963,1.1130284070968628,0.5255730152130127,0.13626910746097565
002547.npy,"(128, 128)",float32,0.029627671465277672,1.5832443237304688,0.6288461685180664,0.1540115773677826
002548.npy,"(128, 128)",float32,-0.02280345745384693,1.432971477508545,0.45724233984947205,0.2812570333480835
002549.npy,"(128, 128)",float32,-0.031260304152965546,1.2092267274856567,0.14005185663700104,0.15898887813091278
002550.npy,"(128, 128)",float32,-0.049663249403238297,1.221158742904663,0.1508212834596634,0.17440900206565857
002551.npy,"(128, 128)",float32,-0.029980061575770378,1.3218189477920532,0.15974414348602295,0.1782771795988083
002552.npy,"(128, 128)",float32,0.0004893032019026577,1.4526972770690918,0.28838595747947693,0.1895376443862915
002553.npy,"(128, 128)",float32,-0.005588352680206299,1.4471795558929443,0.3282094895839691,0.26164641976356506
002554.npy,"(128, 128)",float32,-0.0027800174430012703,1.2650827169418335,0.3158121407032013,0.2394779771566391
002555.npy,"(128, 128)",float32,0.007386281155049801,1.2355023622512817,0.34780266880989075,0.26420465111732483
002556.npy,"(128, 128)",float32,-0.00692959688603878,1.2074543237686157,0.32270005345344543,0.16736075282096863
002557.npy,"(128, 128)",float32,0.006240736227482557,1.3128390312194824,0.2860549986362457,0.15263040363788605
002558.npy,"(128, 128)",float32,0.00453572254627943,1.0676772594451904,0.28737711906433105,0.14612442255020142
002559.npy,"(128, 128)",float32,0.0006277250358834863,1.004788875579834,0.2765641212463379,0.15109901130199432
002560.npy,"(128, 128)",float32,0.005241553299129009,1.5336297750473022,0.4912893772125244,0.30115044116973877
002561.npy,"(128, 128)",float32,-0.01201026700437069,1.5004712343215942,0.4017944931983948,0.24159424006938934
002562.npy,"(128, 128)",float32,-0.012201739475131035,1.5034993886947632,0.3768657445907593,0.24773332476615906
002563.npy,"(128, 128)",float32,0.0006181810167618096,1.5517699718475342,0.4008287489414215,0.24048025906085968
002564.npy,"(128, 128)",float32,0.05393239110708237,1.122215986251831,0.3957763910293579,0.10870195180177689
002565.npy,"(128, 128)",float32,-0.029208101332187653,1.225454568862915,0.5330849885940552,0.12418564409017563
002566.npy,"(128, 128)",float32,-0.01416150201112032,1.1067309379577637,0.520418107509613,0.11554956436157227
002567.npy,"(128, 128)",float32,-1.9004715795745142e-05,0.9982162714004517,0.48207810521125793,0.10750334709882736
002568.npy,"(128, 128)",float32,-0.008903997018933296,1.1611896753311157,0.3944626450538635,0.19829051196575165
002569.npy,"(128, 128)",float32,0.0014215974370017648,1.1607413291931152,0.2675860524177551,0.08226469904184341
002570.npy,"(128, 128)",float32,0.02193574048578739,1.435641884803772,0.4698064923286438,0.18660284578800201
002571.npy,"(128, 128)",float32,0.028004921972751617,1.452190637588501,0.4629809260368347,0.17780372500419617
002572.npy,"(128, 128)",float32,-0.00782169308513403,1.470770001411438,0.491011381149292,0.345689594745636
002573.npy,"(128, 128)",float32,0.00990232266485691,1.4612390995025635,0.621065616607666,0.16210220754146576
002574.npy,"(128, 128)",float32,0.00046098287566564977,1.3710365295410156,0.6245671510696411,0.15339083969593048
002575.npy,"(128, 128)",float32,-0.00554659403860569,1.4197521209716797,0.6144386529922485,0.15730416774749756
002576.npy,"(128, 128)",float32,0.020424621179699898,1.5394587516784668,0.5556224584579468,0.1813907027244568
002577.npy,"(128, 128)",float32,-0.006161028053611517,1.5783556699752808,0.7281116247177124,0.23779626190662384
002578.npy,"(128, 128)",float32,0.01062577124685049,1.5220506191253662,0.6288354396820068,0.23911352455615997
002579.npy,"(128, 128)",float32,0.02018566057085991,1.435729742050171,0.611290693283081,0.2648898959159851
002580.npy,"(128, 128)",float32,0.045372240245342255,1.3967325687408447,0.6239194869995117,0.1794101595878601
002581.npy,"(128, 128)",float32,-0.006991998292505741,1.0519870519638062,0.4207272529602051,0.13978029787540436
002582.npy,"(128, 128)",float32,0.00994593184441328,1.2136350870132446,0.502143919467926,0.15787464380264282
002583.npy,"(128, 128)",float32,-0.0032662039157003164,1.2527521848678589,0.45515167713165283,0.15399272739887238
002584.npy,"(128, 128)",float32,-0.03477567061781883,1.3673720359802246,0.2577807903289795,0.2313334345817566
002585.npy,"(128, 128)",float32,-0.002157120034098625,1.4142718315124512,0.12293452024459839,0.157270148396492
002586.npy,"(128, 128)",float32,-0.02389882691204548,1.3232383728027344,0.12160076200962067,0.1506931036710739
002587.npy,"(128, 128)",float32,-0.021563619375228882,1.3545911312103271,0.1301666796207428,0.16704624891281128
002588.npy,"(128, 128)",float32,-0.008659115992486477,1.4048210382461548,0.35284674167633057,0.25836798548698425
002589.npy,"(128, 128)",float32,-0.004667617380619049,1.5084114074707031,0.2529749870300293,0.2529742121696472
002590.npy,"(128, 128)",float32,-0.012667707167565823,1.2866519689559937,0.21833519637584686,0.23815692961215973
002591.npy,"(128, 128)",float32,-0.009063086472451687,1.3511755466461182,0.30568090081214905,0.25985023379325867
002592.npy,"(128, 128)",float32,-0.010720807127654552,1.5304921865463257,0.33296841382980347,0.2162153571844101
002593.npy,"(128, 128)",float32,0.008897161111235619,1.5333486795425415,0.6766684055328369,0.2120094895362854
002594.npy,"(128, 128)",float32,-0.00750696798786521,1.423385500907898,0.425371915102005,0.15985511243343353
002595.npy,"(128, 128)",float32,0.005076129455119371,1.4398566484451294,0.40954387187957764,0.1613239198923111
002596.npy,"(128, 128)",float32,-0.007622200064361095,1.4034380912780762,0.08602049946784973,0.14525756239891052
002597.npy,"(128, 128)",float32,-0.004504385404288769,1.3400259017944336,0.3021111488342285,0.2231062948703766
002598.npy,"(128, 128)",float32,-0.0025134372990578413,1.2299082279205322,0.2955334186553955,0.22265899181365967
002599.npy,"(128, 128)",float32,-0.02039046585559845,1.2068604230880737,0.30071741342544556,0.22544914484024048
002600.npy,"(128, 128)",float32,0.01678498461842537,1.5264276266098022,0.47793248295783997,0.2576300799846649
002601.npy,"(128, 128)",float32,-0.010386799462139606,1.0936497449874878,0.19239723682403564,0.15851113200187683
002602.npy,"(128, 128)",float32,-0.0002319176128366962,1.1032546758651733,0.20598725974559784,0.16603784263134003
002603.npy,"(128, 128)",float32,-0.011197389103472233,1.3843415975570679,0.18496835231781006,0.16014915704727173
002604.npy,"(128, 128)",float32,0.02219216153025627,1.4879863262176514,0.7080866694450378,0.20719727873802185
002605.npy,"(128, 128)",float32,0.061916954815387726,1.3432093858718872,0.557085394859314,0.18458192050457
002606.npy,"(128, 128)",float32,0.011689765378832817,1.4282490015029907,0.6779721975326538,0.16388903558254242
002607.npy,"(128, 128)",float32,0.037207845598459244,1.3919426202774048,0.5703202486038208,0.18828871846199036
002608.npy,"(128, 128)",float32,0.0012410684721544385,1.6400357484817505,0.9076848030090332,0.18950028717517853
002609.npy,"(128, 128)",float32,-0.012269421480596066,0.9865956902503967,0.1759522706270218,0.12789614498615265
002610.npy,"(128, 128)",float32,-0.0015059317229315639,1.1189461946487427,0.17946071922779083,0.13989272713661194
002611.npy,"(128, 128)",float32,-0.0026578169781714678,1.2335267066955566,0.19415968656539917,0.1424119770526886
002612.npy,"(128, 128)",float32,0.004361776635050774,1.5182685852050781,0.6096266508102417,0.29712337255477905
002613.npy,"(128, 128)",float32,-0.002060503698885441,1.8566004037857056,0.6391116976737976,0.3397097587585449
002614.npy,"(128, 128)",float32,-0.007680663838982582,1.4672818183898926,0.5662310123443604,0.34378910064697266
002615.npy,"(128, 128)",float32,-0.004612875171005726,1.5555092096328735,0.5819099545478821,0.34290820360183716
002616.npy,"(128, 128)",float32,-0.012653036043047905,1.598757266998291,0.6100095510482788,0.1958065629005432
002617.npy,"(128, 128)",float32,-0.02147183194756508,1.431672215461731,0.2689244747161865,0.29351481795310974
002618.npy,"(128, 128)",float32,-0.005108150187879801,1.3862136602401733,0.25995689630508423,0.3075757324695587
002619.npy,"(128, 128)",float32,0.0004292805097065866,1.3750255107879639,0.26235678791999817,0.2920863926410675
002620.npy,"(128, 128)",float32,0.016023706644773483,1.4425996541976929,0.5226781964302063,0.18578815460205078
002621.npy,"(128, 128)",float32,0.003086595330387354,1.4187058210372925,0.38400161266326904,0.17547228932380676
002622.npy,"(128, 128)",float32,0.0007616127841174603,1.5002269744873047,0.4038667678833008,0.17266878485679626
002623.npy,"(128, 128)",float32,-0.00027117168065160513,1.532312273979187,0.4285046458244324,0.15738555788993835
002624.npy,"(128, 128)",float32,-0.0029510273598134518,1.485543131828308,0.5063333511352539,0.1818140149116516
002625.npy,"(128, 128)",float32,0.040609102696180344,1.4814739227294922,0.6215670108795166,0.18221750855445862
002626.npy,"(128, 128)",float32,0.02968636155128479,1.4499541521072388,0.6114194989204407,0.15456706285476685
002627.npy,"(128, 128)",float32,0.05244884639978409,1.3721078634262085,0.6197701096534729,0.17445746064186096
002628.npy,"(128, 128)",float32,-0.008177846670150757,1.4064329862594604,0.2951870858669281,0.2620071470737457
002629.npy,"(128, 128)",float32,-0.028347333893179893,1.3917169570922852,0.18380621075630188,0.22866223752498627
002630.npy,"(128, 128)",float32,-0.023199306800961494,1.1586711406707764,0.15827594697475433,0.20774558186531067
002631.npy,"(128, 128)",float32,-0.02229180745780468,1.2408796548843384,0.15758496522903442,0.2068164348602295
002632.npy,"(128, 128)",float32,-0.026786906644701958,1.6610279083251953,0.5077475309371948,0.3450944423675537
002633.npy,"(128, 128)",float32,0.008106149733066559,1.101094126701355,0.2911588251590729,0.1399533748626709
002634.npy,"(128, 128)",float32,0.01202530786395073,1.3579298257827759,0.29320064187049866,0.13916297256946564
002635.npy,"(128, 128)",float32,0.027051787823438644,1.1972951889038086,0.34907352924346924,0.13706405460834503
002636.npy,"(128, 128)",float32,-0.04921943321824074,1.4069275856018066,0.1536911129951477,0.16933946311473846
002637.npy,"(128, 128)",float32,-0.24887150526046753,1.4367570877075195,0.5016725063323975,0.26581454277038574
002638.npy,"(128, 128)",float32,-0.2067212462425232,1.594913363456726,0.5006585717201233,0.27411994338035583
002639.npy,"(128, 128)",float32,-0.1848634034395218,1.5205261707305908,0.5000613927841187,0.2700621783733368
002640.npy,"(128, 128)",float32,-0.04486934840679169,1.413042664527893,0.5848983526229858,0.23622286319732666
002641.npy,"(128, 128)",float32,-0.08020853251218796,1.1939376592636108,0.5397471189498901,0.20176026225090027
002642.npy,"(128, 128)",float32,-0.03630334883928299,1.2599766254425049,0.5563058853149414,0.1995798498392105
002643.npy,"(128, 128)",float32,-0.06327369064092636,1.320710301399231,0.5421184301376343,0.20329447090625763
002644.npy,"(128, 128)",float32,-0.01128674577921629,1.2045915126800537,0.3973677158355713,0.15982362627983093
002645.npy,"(128, 128)",float32,0.0015204153023660183,1.3526136875152588,0.7164133787155151,0.16390039026737213
002646.npy,"(128, 128)",float32,-3.475042831269093e-05,1.426591396331787,0.7131104469299316,0.16253913938999176
002647.npy,"(128, 128)",float32,-0.0003682126116473228,1.5231176614761353,0.729770839214325,0.18809296190738678
002648.npy,"(128, 128)",float32,0.002978792879730463,1.4814996719360352,0.4450109601020813,0.21358545124530792
002649.npy,"(128, 128)",float32,0.008678342215716839,1.3222365379333496,0.49960240721702576,0.20877709984779358
002650.npy,"(128, 128)",float32,0.015022083185613155,1.4822287559509277,0.5049277544021606,0.21278102695941925
002651.npy,"(128, 128)",float32,0.018594129011034966,1.3819230794906616,0.5171761512756348,0.2084427773952484
002652.npy,"(128, 128)",float32,0.012685808353126049,1.0553994178771973,0.5192022919654846,0.12322293221950531
002653.npy,"(128, 128)",float32,-0.02417035959661007,1.315908670425415,0.35321125388145447,0.22145803272724152
002654.npy,"(128, 128)",float32,0.010734455659985542,1.2223526239395142,0.39359050989151,0.2190643846988678
002655.npy,"(128, 128)",float32,-0.01673886924982071,1.4107519388198853,0.35328033566474915,0.22577287256717682
002656.npy,"(128, 128)",float32,-0.003745784517377615,1.3736932277679443,0.6585120558738708,0.21443437039852142
002657.npy,"(128, 128)",float32,0.0019676946103572845,1.13912034034729,0.22602099180221558,0.1084805577993393
002658.npy,"(128, 128)",float32,-0.0031267432495951653,1.121113896369934,0.2501228153705597,0.11018537729978561
002659.npy,"(128, 128)",float32,-0.009454221464693546,1.1281863451004028,0.22772717475891113,0.10677977651357651
002660.npy,"(128, 128)",float32,-0.008031589910387993,1.589814305305481,0.5323106050491333,0.23196451365947723
002661.npy,"(128, 128)",float32,-0.0003444333851803094,1.189651370048523,0.396806001663208,0.15177185833454132
002662.npy,"(128, 128)",float32,0.0048805223777890205,1.2388017177581787,0.3919484615325928,0.1478203684091568
002663.npy,"(128, 128)",float32,-0.01269443891942501,1.1615564823150635,0.3979666233062744,0.15162000060081482
002664.npy,"(128, 128)",float32,-0.034186773002147675,1.4272024631500244,0.4209856688976288,0.31451016664505005
002665.npy,"(128, 128)",float32,-0.0037491600960493088,1.3830945491790771,0.3945724368095398,0.16859179735183716
002666.npy,"(128, 128)",float32,-0.004612903110682964,1.4555821418762207,0.40135377645492554,0.1525484323501587
002667.npy,"(128, 128)",float32,0.003867008723318577,1.4263194799423218,0.3860192894935608,0.17110727727413177
002668.npy,"(128, 128)",float32,-0.0575176402926445,1.5153417587280273,0.5366976261138916,0.24807630479335785
002669.npy,"(128, 128)",float32,-0.050728797912597656,1.5170396566390991,0.6774245500564575,0.2894074022769928
002670.npy,"(128, 128)",float32,-0.03915412724018097,1.6917980909347534,0.686852216720581,0.3097676932811737
002671.npy,"(128, 128)",float32,-0.03796153515577316,1.4418429136276245,0.6749498248100281,0.2808101773262024
002672.npy,"(128, 128)",float32,0.008818515576422215,1.406090497970581,0.4348650574684143,0.24967235326766968
002673.npy,"(128, 128)",float32,0.0011429045116528869,1.1597247123718262,0.5476040840148926,0.1681954562664032
002674.npy,"(128, 128)",float32,0.002547220326960087,1.4842194318771362,0.5270076990127563,0.1856333315372467
002675.npy,"(128, 128)",float32,0.004396750591695309,1.2674113512039185,0.46333765983581543,0.2023153305053711
002676.npy,"(128, 128)",float32,-4.6594548621214926e-05,1.3354182243347168,0.7342702150344849,0.1314568966627121
002677.npy,"(128, 128)",float32,-0.009334385395050049,1.30605149269104,0.6476041674613953,0.13861779868602753
002678.npy,"(128, 128)",float32,-0.013324106112122536,1.2430795431137085,0.6198724508285522,0.1340082585811615
002679.npy,"(128, 128)",float32,0.042945459485054016,1.5328333377838135,0.6247868537902832,0.13968659937381744
002680.npy,"(128, 128)",float32,-0.021301506087183952,1.2895002365112305,0.22397369146347046,0.21068650484085083
002681.npy,"(128, 128)",float32,-0.0965309664607048,1.6459031105041504,0.2743034362792969,0.30100229382514954
002682.npy,"(128, 128)",float32,-0.020612848922610283,1.4394484758377075,0.2283107340335846,0.27857285737991333
002683.npy,"(128, 128)",float32,-0.035251982510089874,1.4703501462936401,0.2729107737541199,0.30180370807647705
002684.npy,"(128, 128)",float32,-0.02722892165184021,1.2821210622787476,0.3783031404018402,0.19845148921012878
002685.npy,"(128, 128)",float32,0.0686720535159111,1.6275080442428589,0.9203232526779175,0.173005148768425
002686.npy,"(128, 128)",float32,0.06870758533477783,1.5051381587982178,0.8913141489028931,0.1601952463388443
002687.npy,"(128, 128)",float32,0.16646957397460938,1.7737425565719604,0.9567103385925293,0.16647596657276154
002688.npy,"(128, 128)",float32,-0.047214727848768234,1.589607834815979,0.7581923007965088,0.31879037618637085
002689.npy,"(128, 128)",float32,-0.034668728709220886,1.3600108623504639,0.4561924934387207,0.31549006700515747
002690.npy,"(128, 128)",float32,-0.046136725693941116,1.365842342376709,0.4962797164916992,0.30547842383384705
002691.npy,"(128, 128)",float32,-0.04303378984332085,1.5342745780944824,0.5539711117744446,0.3032287061214447
002692.npy,"(128, 128)",float32,0.012294311076402664,1.4085043668746948,0.7449579834938049,0.21938371658325195
002693.npy,"(128, 128)",float32,0.0009473552345298231,1.8193532228469849,0.9465442299842834,0.17284800112247467
002694.npy,"(128, 128)",float32,0.01819147914648056,1.2655937671661377,0.4773140549659729,0.16153867542743683
002695.npy,"(128, 128)",float32,0.013654022477567196,1.7743946313858032,0.4890401363372803,0.1626024842262268
002696.npy,"(128, 128)",float32,0.004918217658996582,1.84243643283844,0.5653280019760132,0.25876227021217346
002697.npy,"(128, 128)",float32,0.008569207973778248,1.1980799436569214,0.44938528537750244,0.14962570369243622
002698.npy,"(128, 128)",float32,-0.009359973482787609,1.4626896381378174,0.4999428987503052,0.16663627326488495
002699.npy,"(128, 128)",float32,-0.011305565014481544,1.4675531387329102,0.40284085273742676,0.17033162713050842
002700.npy,"(128, 128)",float32,0.014025948941707611,1.1184039115905762,0.3240926265716553,0.11008691042661667
002701.npy,"(128, 128)",float32,-0.0053618610836565495,1.4435791969299316,0.28333762288093567,0.10900838673114777
002702.npy,"(128, 128)",float32,0.0007650976767763495,1.3614453077316284,0.26237112283706665,0.09592228382825851
002703.npy,"(128, 128)",float32,-0.007581768091768026,1.3335822820663452,0.2647615075111389,0.09550021588802338
002704.npy,"(128, 128)",float32,-0.04181738197803497,1.6227731704711914,0.40281298756599426,0.28126394748687744
002705.npy,"(128, 128)",float32,-0.009672543033957481,1.2651400566101074,0.17853954434394836,0.17717194557189941
002706.npy,"(128, 128)",float32,-0.030291493982076645,1.6404262781143188,0.20425912737846375,0.2003842443227768
002707.npy,"(128, 128)",float32,-0.01174069195985794,1.3277870416641235,0.17872737348079681,0.17846007645130157
002708.npy,"(128, 128)",float32,0.05922557786107063,1.613025426864624,0.7704976797103882,0.19267189502716064
002709.npy,"(128, 128)",float32,0.04813073202967644,1.4895647764205933,0.6648833751678467,0.17076759040355682
002710.npy,"(128, 128)",float32,0.086031973361969,1.718610405921936,0.6971120834350586,0.17608840763568878
002711.npy,"(128, 128)",float32,0.1080726757645607,1.8015893697738647,0.6649359464645386,0.18667474389076233
002712.npy,"(128, 128)",float32,0.004070209804922342,1.0549908876419067,0.2911995053291321,0.15905489027500153
002713.npy,"(128, 128)",float32,0.09055858850479126,1.210853934288025,0.4945857524871826,0.13990135490894318
002714.npy,"(128, 128)",float32,0.014615340158343315,1.104678750038147,0.46417519450187683,0.12927743792533875
002715.npy,"(128, 128)",float32,-0.01746330037713051,1.1552499532699585,0.4565940499305725,0.14701038599014282
002716.npy,"(128, 128)",float32,-0.052831195294857025,1.4751285314559937,0.3804816007614136,0.25338366627693176
002717.npy,"(128, 128)",float32,-0.009005006402730942,1.1330493688583374,0.15845656394958496,0.12744440138339996
002718.npy,"(128, 128)",float32,-0.01057142112404108,1.005615234375,0.17295116186141968,0.12920351326465607
002719.npy,"(128, 128)",float32,-0.002299431711435318,1.1894104480743408,0.16097939014434814,0.1297173947095871
002720.npy,"(128, 128)",float32,-0.016834819689393044,1.5116245746612549,0.30728885531425476,0.2205628752708435
002721.npy,"(128, 128)",float32,-0.01813456602394581,1.544971227645874,0.3890346884727478,0.2465384155511856
002722.npy,"(128, 128)",float32,-0.03235691413283348,1.471535563468933,0.3966161012649536,0.2524142861366272
002723.npy,"(128, 128)",float32,-0.016708776354789734,1.5655100345611572,0.38733333349227905,0.2287399023771286
002724.npy,"(128, 128)",float32,-9.818156104302034e-05,1.4237864017486572,0.44972509145736694,0.18147453665733337
002725.npy,"(128, 128)",float32,-0.006347521673887968,1.1314038038253784,0.21670597791671753,0.13045477867126465
002726.npy,"(128, 128)",float32,-0.00213614827953279,1.07816743850708,0.1933998018503189,0.11716336011886597
002727.npy,"(128, 128)",float32,-0.0010519359493628144,1.636115312576294,0.19180527329444885,0.12103981524705887
002728.npy,"(128, 128)",float32,0.008253773674368858,1.3934571743011475,0.5273480415344238,0.20193752646446228
002729.npy,"(128, 128)",float32,-0.0024907432962208986,1.608418583869934,0.858437716960907,0.18633951246738434
002730.npy,"(128, 128)",float32,0.005758681334555149,1.489944338798523,0.854655385017395,0.18111951649188995
002731.npy,"(128, 128)",float32,0.01946437358856201,1.4748189449310303,0.7897909283638,0.17887642979621887
002732.npy,"(128, 128)",float32,-0.0012587307719513774,1.3415218591690063,0.36168989539146423,0.23136433959007263
002733.npy,"(128, 128)",float32,-0.004931170959025621,1.350827693939209,0.6426925659179688,0.2510012090206146
002734.npy,"(128, 128)",float32,-0.0033110762014985085,1.7170307636260986,0.736536979675293,0.2683437168598175
002735.npy,"(128, 128)",float32,-0.0019292699871584773,1.2970002889633179,0.645673394203186,0.24311158061027527
002736.npy,"(128, 128)",float32,-0.004865116439759731,1.4086390733718872,0.3360796272754669,0.22973263263702393
002737.npy,"(128, 128)",float32,-0.00804678164422512,1.150155782699585,0.42485398054122925,0.21314960718154907
002738.npy,"(128, 128)",float32,0.0019336785189807415,1.7192161083221436,0.45931822061538696,0.2411237359046936
002739.npy,"(128, 128)",float32,-0.00358559750020504,1.4835069179534912,0.44665685296058655,0.2450956404209137
002740.npy,"(128, 128)",float32,0.0005304937367327511,1.8233907222747803,0.5654947757720947,0.257959246635437
002741.npy,"(128, 128)",float32,-0.004216617438942194,1.3814774751663208,0.5448257923126221,0.19670793414115906
002742.npy,"(128, 128)",float32,0.019019685685634613,1.4172331094741821,0.5170971155166626,0.20306162536144257
002743.npy,"(128, 128)",float32,-0.03699963912367821,1.4644116163253784,0.5487000346183777,0.20630115270614624
002744.npy,"(128, 128)",float32,-0.06263255327939987,1.5828622579574585,0.6796053647994995,0.25023987889289856
002745.npy,"(128, 128)",float32,0.0001685773895587772,1.2927780151367188,0.30350494384765625,0.15816381573677063
002746.npy,"(128, 128)",float32,-0.01392892561852932,1.3877332210540771,0.3027878403663635,0.13493457436561584
002747.npy,"(128, 128)",float32,0.007277891971170902,1.3990226984024048,0.2862333655357361,0.14463278651237488
002748.npy,"(128, 128)",float32,-0.003954577259719372,1.414133906364441,0.2609212100505829,0.2063896507024765
002749.npy,"(128, 128)",float32,-0.05163288861513138,0.7232111692428589,0.13833415508270264,0.07948575168848038
002750.npy,"(128, 128)",float32,-0.027908751741051674,0.7892794013023376,0.1412898153066635,0.08074034750461578
002751.npy,"(128, 128)",float32,-0.03242146596312523,0.7505063414573669,0.1386268138885498,0.08001027256250381
002752.npy,"(128, 128)",float32,-0.015846149995923042,1.4406706094741821,0.2560287117958069,0.21026989817619324
002753.npy,"(128, 128)",float32,-0.002546987496316433,1.522011399269104,0.22677026689052582,0.1091332733631134
002754.npy,"(128, 128)",float32,0.004739273805171251,1.4859766960144043,0.2567220628261566,0.18948498368263245
002755.npy,"(128, 128)",float32,-0.0035950078163295984,1.4777518510818481,0.2591296434402466,0.19773359596729279
002756.npy,"(128, 128)",float32,0.049417074769735336,0.9483237266540527,0.36795198917388916,0.07886731624603271
002757.npy,"(128, 128)",float32,0.0916900709271431,1.2270164489746094,0.5233864188194275,0.1352001130580902
002758.npy,"(128, 128)",float32,0.10458088666200638,1.2768430709838867,0.5554393529891968,0.13015028834342957
002759.npy,"(128, 128)",float32,0.0403122641146183,1.1589090824127197,0.4780256152153015,0.13108831644058228
002760.npy,"(128, 128)",float32,0.022535739466547966,1.4798027276992798,0.7733192443847656,0.23768679797649384
002761.npy,"(128, 128)",float32,-0.006014103069901466,1.5756500959396362,0.8642305135726929,0.2072841227054596
002762.npy,"(128, 128)",float32,-0.04646250233054161,1.4999109506607056,0.87591952085495,0.16090241074562073
002763.npy,"(128, 128)",float32,-0.016419868916273117,1.5258795022964478,0.7476252317428589,0.2823099195957184
002764.npy,"(128, 128)",float32,-0.004774250090122223,1.070290446281433,0.34991830587387085,0.17796456813812256
002765.npy,"(128, 128)",float32,0.011587767861783504,1.463222861289978,0.3909563422203064,0.18431656062602997
002766.npy,"(128, 128)",float32,0.0093760434538126,1.26236093044281,0.3869628310203552,0.18482773005962372
002767.npy,"(128, 128)",float32,-0.0054652756080031395,1.5679478645324707,0.4003051519393921,0.19172431528568268
002768.npy,"(128, 128)",float32,0.0101851811632514,1.3397281169891357,0.33444005250930786,0.18863993883132935
002769.npy,"(128, 128)",float32,0.014926427975296974,1.1268919706344604,0.5310394167900085,0.12827858328819275
002770.npy,"(128, 128)",float32,0.007833430543541908,1.118472695350647,0.44067394733428955,0.10452918708324432
002771.npy,"(128, 128)",float32,0.0012123724445700645,1.0329939126968384,0.5250078439712524,0.11919820308685303
002772.npy,"(128, 128)",float32,0.044701915234327316,1.252665638923645,0.2533697485923767,0.08567778021097183
002773.npy,"(128, 128)",float32,-0.006590110249817371,1.3970139026641846,0.44475057721138,0.2061542123556137
002774.npy,"(128, 128)",float32,-0.004717455245554447,1.5840280055999756,0.44099485874176025,0.22367456555366516
002775.npy,"(128, 128)",float32,-0.008778424002230167,1.3695883750915527,0.41878819465637207,0.21675898134708405
002776.npy,"(128, 128)",float32,-0.06633525341749191,1.5089123249053955,0.3275272846221924,0.2594849765300751
002777.npy,"(128, 128)",float32,-0.027558136731386185,1.3330650329589844,0.20659202337265015,0.17649246752262115
002778.npy,"(128, 128)",float32,-0.024641385301947594,1.2990204095840454,0.22232696413993835,0.18676210939884186
002779.npy,"(128, 128)",float32,-0.01725131832063198,1.2277129888534546,0.23959538340568542,0.18867892026901245
002780.npy,"(128, 128)",float32,0.014127347618341446,1.5234391689300537,0.5220568776130676,0.29615017771720886
002781.npy,"(128, 128)",float32,0.005447462201118469,1.2959758043289185,0.3277086019515991,0.1831536591053009
002782.npy,"(128, 128)",float32,0.010524477809667587,1.2090238332748413,0.3284846842288971,0.18218794465065002
002783.npy,"(128, 128)",float32,0.019336825236678123,1.304111123085022,0.33354249596595764,0.18800683319568634
002784.npy,"(128, 128)",float32,-0.034384556114673615,1.4896706342697144,0.33317244052886963,0.23547033965587616
002785.npy,"(128, 128)",float32,-0.021553194150328636,1.0623589754104614,0.3745168447494507,0.1304149329662323
002786.npy,"(128, 128)",float32,0.027699986472725868,1.1210639476776123,0.37733572721481323,0.1351904422044754
002787.npy,"(128, 128)",float32,0.02977631241083145,1.0504682064056396,0.35835790634155273,0.134995698928833
002788.npy,"(128, 128)",float32,0.0020092094782739878,1.207477331161499,0.6917026042938232,0.19680725038051605
002789.npy,"(128, 128)",float32,-0.005908767692744732,1.2103995084762573,0.4999944865703583,0.14540334045886993
002790.npy,"(128, 128)",float32,0.01879732869565487,1.208258032798767,0.4915863871574402,0.1430034637451172
002791.npy,"(128, 128)",float32,0.020414087921380997,1.3178226947784424,0.548922598361969,0.15099164843559265
002792.npy,"(128, 128)",float32,0.009148997254669666,1.655587077140808,0.7851600646972656,0.18594802916049957
002793.npy,"(128, 128)",float32,-0.014983139932155609,1.5131241083145142,0.2910612225532532,0.1935720294713974
002794.npy,"(128, 128)",float32,-0.01533809769898653,1.3273680210113525,0.26883646845817566,0.19773919880390167
002795.npy,"(128, 128)",float32,-0.021926412358880043,1.1868668794631958,0.29995471239089966,0.18317557871341705
002796.npy,"(128, 128)",float32,-0.01694544591009617,1.4004167318344116,0.7495688796043396,0.24026183784008026
002797.npy,"(128, 128)",float32,0.0011019757948815823,1.3420038223266602,0.5383507013320923,0.24427321553230286
002798.npy,"(128, 128)",float32,-0.0023186011239886284,1.3232427835464478,0.5386971235275269,0.24324120581150055
002799.npy,"(128, 128)",float32,-0.01031524408608675,1.2684190273284912,0.5693904161453247,0.2099788635969162
002800.npy,"(128, 128)",float32,0.07267285883426666,1.7480348348617554,0.7450648546218872,0.22953279316425323
002801.npy,"(128, 128)",float32,-0.018582789227366447,1.551447868347168,0.6830700635910034,0.2629942297935486
002802.npy,"(128, 128)",float32,-0.019007861614227295,1.5555033683776855,0.6811791658401489,0.25510522723197937
002803.npy,"(128, 128)",float32,-0.006223134230822325,1.537684440612793,0.6657253503799438,0.24990543723106384
002804.npy,"(128, 128)",float32,-0.0010263656731694937,1.2546952962875366,0.33957529067993164,0.1880175769329071
002805.npy,"(128, 128)",float32,0.0020225306507200003,1.4277853965759277,0.38967764377593994,0.16164788603782654
002806.npy,"(128, 128)",float32,0.01264428161084652,1.2722829580307007,0.47713443636894226,0.1648901104927063
002807.npy,"(128, 128)",float32,0.012420780025422573,1.3638172149658203,0.412721186876297,0.16447511315345764
002808.npy,"(128, 128)",float32,-0.03626769036054611,1.3372712135314941,0.37831366062164307,0.2344081848859787
002809.npy,"(128, 128)",float32,-0.005955337081104517,1.0970672369003296,0.14735235273838043,0.07440165430307388
002810.npy,"(128, 128)",float32,-0.02007160149514675,0.9518107175827026,0.1388111710548401,0.07981721311807632
002811.npy,"(128, 128)",float32,-0.021525723859667778,1.085657000541687,0.14200720191001892,0.0825456902384758
002812.npy,"(128, 128)",float32,-0.004068613518029451,1.5398836135864258,0.47183957695961,0.25304004549980164
002813.npy,"(128, 128)",float32,-0.01023647841066122,1.7300233840942383,0.46791979670524597,0.3091844320297241
002814.npy,"(128, 128)",float32,0.0006024067406542599,1.6158562898635864,0.48095613718032837,0.3017262816429138
002815.npy,"(128, 128)",float32,-0.0016473537543788552,1.4994914531707764,0.41664302349090576,0.29449811577796936
002816.npy,"(128, 128)",float32,0.00788981094956398,1.4675014019012451,0.2745804786682129,0.1638777256011963
002817.npy,"(128, 128)",float32,0.005895741283893585,1.390905499458313,0.23256424069404602,0.12666462361812592
002818.npy,"(128, 128)",float32,0.036032289266586304,1.1826351881027222,0.38482826948165894,0.16213952004909515
002819.npy,"(128, 128)",float32,0.005925203673541546,1.1794683933258057,0.23474770784378052,0.12503033876419067
002820.npy,"(128, 128)",float32,-0.00012900964065920562,1.2780611515045166,0.4604837894439697,0.20795086026191711
002821.npy,"(128, 128)",float32,0.008721286430954933,1.0958441495895386,0.2684830129146576,0.1428445726633072
002822.npy,"(128, 128)",float32,0.01204562559723854,1.384540319442749,0.2678217887878418,0.14799697697162628
002823.npy,"(128, 128)",float32,0.013653099536895752,1.244262456893921,0.288840115070343,0.15555299818515778
002824.npy,"(128, 128)",float32,-0.007607720326632261,1.772047519683838,0.4587320387363434,0.277556449174881
002825.npy,"(128, 128)",float32,0.06457895785570145,1.374123454093933,0.6173958778381348,0.17080460488796234
002826.npy,"(128, 128)",float32,0.06237609684467316,1.298855185508728,0.629122257232666,0.16539672017097473
002827.npy,"(128, 128)",float32,0.005358846392482519,1.6391700506210327,0.5630954504013062,0.17885173857212067
002828.npy,"(128, 128)",float32,-0.005682152695953846,1.0711828470230103,0.3724198341369629,0.18917310237884521
002829.npy,"(128, 128)",float32,0.03629513084888458,1.550960659980774,0.4345020353794098,0.237991064786911
002830.npy,"(128, 128)",float32,0.013649237342178822,1.6251041889190674,0.46417728066444397,0.25696462392807007
002831.npy,"(128, 128)",float32,-0.015106377191841602,1.3919172286987305,0.4426814913749695,0.23528127372264862
002832.npy,"(128, 128)",float32,-0.005465301219373941,1.3450615406036377,0.3742644488811493,0.19778069853782654
002833.npy,"(128, 128)",float32,-0.04703616723418236,1.3122031688690186,0.25586169958114624,0.19987471401691437
002834.npy,"(128, 128)",float32,-0.06273596733808517,1.2115082740783691,0.2603754997253418,0.19820955395698547
002835.npy,"(128, 128)",float32,-0.06428780406713486,1.459855318069458,0.2568368911743164,0.20071913301944733
002836.npy,"(128, 128)",float32,-0.010633154772222042,1.4792506694793701,0.2602360248565674,0.22869817912578583
002837.npy,"(128, 128)",float32,-0.0007601486868225038,1.5572185516357422,0.6017303466796875,0.24415628612041473
002838.npy,"(128, 128)",float32,-0.004438450094312429,1.4470860958099365,0.601906955242157,0.24020616710186005
002839.npy,"(128, 128)",float32,0.0008125590393319726,1.5460851192474365,0.612980842590332,0.25456637144088745
002840.npy,"(128, 128)",float32,0.02139522321522236,1.4637304544448853,0.4183879494667053,0.25982123613357544
002841.npy,"(128, 128)",float32,0.025369014590978622,1.5666172504425049,0.8192087411880493,0.21155677735805511
002842.npy,"(128, 128)",float32,-0.006921423599123955,1.4555256366729736,0.8341943025588989,0.2007986158132553
002843.npy,"(128, 128)",float32,0.01598675176501274,1.5788145065307617,0.7751206159591675,0.25015202164649963
002844.npy,"(128, 128)",float32,0.029409971088171005,1.7014614343643188,0.6000357866287231,0.20321591198444366
002845.npy,"(128, 128)",float32,-0.009318642318248749,1.3865289688110352,0.16753754019737244,0.21223653852939606
002846.npy,"(128, 128)",float32,-0.03278389573097229,1.2458155155181885,0.15041190385818481,0.1861661672592163
002847.npy,"(128, 128)",float32,-0.010948482900857925,1.464958906173706,0.13222220540046692,0.17470510303974152
002848.npy,"(128, 128)",float32,0.012668376788496971,1.6763439178466797,0.4658108353614807,0.22601813077926636
002849.npy,"(128, 128)",float32,-0.002168798353523016,1.4698024988174438,0.5184046030044556,0.2690870761871338
002850.npy,"(128, 128)",float32,-0.0022188909351825714,1.5380613803863525,0.4993433952331543,0.2811007499694824
002851.npy,"(128, 128)",float32,-0.0022560246288776398,1.4536960124969482,0.687057614326477,0.23047052323818207
002852.npy,"(128, 128)",float32,-0.0800851508975029,1.4027597904205322,0.3115290403366089,0.1768389493227005
002853.npy,"(128, 128)",float32,-0.05189104005694389,1.4659513235092163,0.20750808715820312,0.20801086723804474
002854.npy,"(128, 128)",float32,-0.05470014363527298,1.3416821956634521,0.21917952597141266,0.2113894671201706
002855.npy,"(128, 128)",float32,-0.04908410459756851,1.3045586347579956,0.21708807349205017,0.20621953904628754
002856.npy,"(128, 128)",float32,-0.014647554606199265,1.3787083625793457,0.33817601203918457,0.17772747576236725
002857.npy,"(128, 128)",float32,-0.00010017914610216394,1.3885438442230225,0.4349333643913269,0.2555641531944275
002858.npy,"(128, 128)",float32,-0.0020096010994166136,1.6607128381729126,0.4536307156085968,0.2643890380859375
002859.npy,"(128, 128)",float32,0.001040271483361721,1.4778897762298584,0.4314453899860382,0.250482439994812
002860.npy,"(128, 128)",float32,-0.003964471630752087,1.4517711400985718,0.4484790563583374,0.1937638819217682
002861.npy,"(128, 128)",float32,-0.0018600584007799625,1.4159067869186401,0.34953275322914124,0.14394661784172058
002862.npy,"(128, 128)",float32,0.008882855996489525,1.341589093208313,0.3507228195667267,0.1391891986131668
002863.npy,"(128, 128)",float32,-0.0008400313672609627,1.3515040874481201,0.4164806306362152,0.1676184982061386
002864.npy,"(128, 128)",float32,0.003505332861095667,1.323887586593628,0.24360376596450806,0.18019433319568634
002865.npy,"(128, 128)",float32,-0.01109424326568842,1.2156224250793457,0.19724978506565094,0.116574227809906
002866.npy,"(128, 128)",float32,-0.01013187412172556,1.0014735460281372,0.19897839426994324,0.11621633172035217
002867.npy,"(128, 128)",float32,2.635287273733411e-05,1.0544041395187378,0.18969981372356415,0.11141522228717804
002868.npy,"(128, 128)",float32,0.0018664816161617637,1.404874324798584,0.4798737168312073,0.2775513231754303
002869.npy,"(128, 128)",float32,-0.016768386587500572,1.605901837348938,0.4648061990737915,0.28637829422950745
002870.npy,"(128, 128)",float32,-0.006284254137426615,1.4329434633255005,0.4320053458213806,0.2883673906326294
002871.npy,"(128, 128)",float32,-0.0009030629298649728,1.607436180114746,0.43267714977264404,0.29420799016952515
002872.npy,"(128, 128)",float32,-0.01630818285048008,1.382757306098938,0.356012225151062,0.27608367800712585
002873.npy,"(128, 128)",float32,-0.018441060557961464,1.7770529985427856,0.8435772657394409,0.17763306200504303
002874.npy,"(128, 128)",float32,0.0058349561877548695,1.6024621725082397,0.8610003590583801,0.17234835028648376
002875.npy,"(128, 128)",float32,0.033920157700777054,1.677371859550476,0.8336039185523987,0.1931304633617401
002876.npy,"(128, 128)",float32,-0.002913303207606077,1.179906964302063,0.3991476595401764,0.17025288939476013
002877.npy,"(128, 128)",float32,0.017498092725872993,1.607984185218811,0.2981470227241516,0.2713561952114105
002878.npy,"(128, 128)",float32,-0.011880551464855671,1.6886341571807861,0.25379785895347595,0.22178542613983154
002879.npy,"(128, 128)",float32,-0.012040777131915092,1.4636998176574707,0.25385648012161255,0.22194629907608032
002880.npy,"(128, 128)",float32,0.00819393526762724,1.317586898803711,0.4325144290924072,0.19152025878429413
002881.npy,"(128, 128)",float32,-0.00276826205663383,1.3067734241485596,0.4088316559791565,0.22002588212490082
002882.npy,"(128, 128)",float32,-0.010220653377473354,1.373813271522522,0.40207821130752563,0.2272852510213852
002883.npy,"(128, 128)",float32,-0.009358576498925686,1.4893923997879028,0.4237384796142578,0.2148987501859665
002884.npy,"(128, 128)",float32,0.00877377763390541,1.4450347423553467,0.5982561707496643,0.20565825700759888
002885.npy,"(128, 128)",float32,-0.01121680997312069,1.4318593740463257,0.4395732283592224,0.17159150540828705
002886.npy,"(128, 128)",float32,-0.008345282636582851,1.1187797784805298,0.34671416878700256,0.1411682665348053
002887.npy,"(128, 128)",float32,0.0006113748531788588,1.6477601528167725,0.32466062903404236,0.14521001279354095
002888.npy,"(128, 128)",float32,0.020784322172403336,1.6218218803405762,0.6045712232589722,0.20394957065582275
002889.npy,"(128, 128)",float32,0.041998181492090225,1.3756974935531616,0.4724348783493042,0.13515420258045197
002890.npy,"(128, 128)",float32,0.03848310187458992,1.433638334274292,0.4675832986831665,0.1289079189300537
002891.npy,"(128, 128)",float32,0.007321132346987724,1.4101290702819824,0.4701889753341675,0.1365043818950653
002892.npy,"(128, 128)",float32,-0.03916580229997635,1.4398080110549927,0.6787720918655396,0.25033703446388245
002893.npy,"(128, 128)",float32,0.0018057716079056263,1.4864444732666016,0.4045069217681885,0.23085950314998627
002894.npy,"(128, 128)",float32,0.0014634280232712626,1.3298933506011963,0.4507193863391876,0.21986490488052368
002895.npy,"(128, 128)",float32,0.013189823366701603,1.2843044996261597,0.4295039772987366,0.22754037380218506
002896.npy,"(128, 128)",float32,3.5399738408159465e-05,1.4389146566390991,0.45116084814071655,0.19007188081741333
002897.npy,"(128, 128)",float32,0.0030501512810587883,1.3214555978775024,0.42838943004608154,0.14728808403015137
002898.npy,"(128, 128)",float32,-0.0014748206594958901,1.2520725727081299,0.4310213625431061,0.14763042330741882
002899.npy,"(128, 128)",float32,-0.003963909577578306,1.1713783740997314,0.422903835773468,0.14945369958877563
002900.npy,"(128, 128)",float32,-0.009323183447122574,1.5109518766403198,0.3129318058490753,0.19825534522533417
002901.npy,"(128, 128)",float32,-0.03359225019812584,1.8443071842193604,0.7559046745300293,0.3446458578109741
002902.npy,"(128, 128)",float32,-0.01058662123978138,1.944399118423462,0.7717337012290955,0.34655997157096863
002903.npy,"(128, 128)",float32,-0.009957490488886833,1.8589786291122437,0.7437794804573059,0.3458714783191681
002904.npy,"(128, 128)",float32,-0.0017139281844720244,1.1554399728775024,0.3441694378852844,0.19687519967556
002905.npy,"(128, 128)",float32,-0.012959938496351242,1.3770487308502197,0.2728642225265503,0.15925557911396027
002906.npy,"(128, 128)",float32,-0.02445296384394169,1.1285879611968994,0.27286940813064575,0.15741661190986633
002907.npy,"(128, 128)",float32,-0.005514503922313452,1.234147548675537,0.27382051944732666,0.15171600878238678
002908.npy,"(128, 128)",float32,-0.004706680309027433,1.4863027334213257,0.5288373231887817,0.2457527220249176
002909.npy,"(128, 128)",float32,0.007283632643520832,1.4136775732040405,0.2268821895122528,0.08844082802534103
002910.npy,"(128, 128)",float32,-0.01721404306590557,1.5066817998886108,0.22542308270931244,0.09867546707391739
002911.npy,"(128, 128)",float32,-0.007808668538928032,1.7168382406234741,0.22363033890724182,0.0891493484377861
002912.npy,"(128, 128)",float32,-0.01724829711019993,1.6751818656921387,0.6889400482177734,0.28976452350616455
002913.npy,"(128, 128)",float32,-0.004066940862685442,1.1867437362670898,0.16332483291625977,0.10543957352638245
002914.npy,"(128, 128)",float32,-0.00660184770822525,1.4597249031066895,0.11460664868354797,0.08610517531633377
002915.npy,"(128, 128)",float32,-0.0060821762308478355,1.1128878593444824,0.11889730393886566,0.11358822137117386
002916.npy,"(128, 128)",float32,-0.0018822537967935205,1.3768162727355957,0.5458652973175049,0.18475687503814697
002917.npy,"(128, 128)",float32,-0.015119276940822601,1.6066027879714966,0.5883941650390625,0.3289704918861389
002918.npy,"(128, 128)",float32,-0.0003866071056108922,1.5599360466003418,0.550471305847168,0.33884620666503906
002919.npy,"(128, 128)",float32,0.001696992665529251,1.4506425857543945,0.6435455083847046,0.30070361495018005
002920.npy,"(128, 128)",float32,-0.016728458926081657,1.4726778268814087,0.3785918354988098,0.2135733962059021
002921.npy,"(128, 128)",float32,0.029803894460201263,1.2224960327148438,0.49824514985084534,0.1768084019422531
002922.npy,"(128, 128)",float32,0.009888816624879837,1.1994259357452393,0.47016745805740356,0.1743941456079483
002923.npy,"(128, 128)",float32,0.026077643036842346,1.1950626373291016,0.4665011167526245,0.175967276096344
002924.npy,"(128, 128)",float32,0.0069295368157327175,1.3977776765823364,0.2823212742805481,0.17551758885383606
002925.npy,"(128, 128)",float32,-0.013883266597986221,1.0839427709579468,0.45293283462524414,0.16658830642700195
002926.npy,"(128, 128)",float32,0.003964527510106564,1.323693871498108,0.5201831459999084,0.19829443097114563
002927.npy,"(128, 128)",float32,0.0315428301692009,1.2798653841018677,0.5092708468437195,0.18784008920192719
002928.npy,"(128, 128)",float32,-0.033034853637218475,1.5030579566955566,0.5187225937843323,0.2590014636516571
002929.npy,"(128, 128)",float32,0.03204667568206787,1.355360984802246,0.5362914800643921,0.1643756926059723
002930.npy,"(128, 128)",float32,-0.00942466501146555,1.3246973752975464,0.5106483101844788,0.16164395213127136
002931.npy,"(128, 128)",float32,0.03534186631441116,1.219617247581482,0.5367429256439209,0.15543362498283386
002932.npy,"(128, 128)",float32,0.0110194506123662,1.3220880031585693,0.35010188817977905,0.18100249767303467
002933.npy,"(128, 128)",float32,-0.00788082554936409,1.3696321249008179,0.15117418766021729,0.1887698769569397
002934.npy,"(128, 128)",float32,-0.003089756006374955,1.189851999282837,0.14359356462955475,0.18152378499507904
002935.npy,"(128, 128)",float32,-0.01542823575437069,1.0336452722549438,0.1446923464536667,0.18097300827503204
002936.npy,"(128, 128)",float32,-0.016352957114577293,1.4117074012756348,0.25747016072273254,0.18808555603027344
002937.npy,"(128, 128)",float32,-0.006170276086777449,1.4650574922561646,0.555387020111084,0.19886958599090576
002938.npy,"(128, 128)",float32,-0.014092342928051949,1.5140931606292725,0.5471825003623962,0.2132234275341034
002939.npy,"(128, 128)",float32,-0.004021041560918093,1.3772565126419067,0.5579721331596375,0.1898820996284485
002940.npy,"(128, 128)",float32,-0.006643055006861687,1.4844591617584229,0.5134633779525757,0.3365130126476288
002941.npy,"(128, 128)",float32,0.030469220131635666,1.5056546926498413,0.4665813744068146,0.27775248885154724
002942.npy,"(128, 128)",float32,0.013765577226877213,1.670088291168213,0.5015531182289124,0.2982226312160492
002943.npy,"(128, 128)",float32,0.04569658637046814,1.6198838949203491,0.466785192489624,0.2802729308605194
002944.npy,"(128, 128)",float32,-0.022220898419618607,1.385087013244629,0.3886922299861908,0.22657252848148346
002945.npy,"(128, 128)",float32,0.005816638469696045,1.3163864612579346,0.43219825625419617,0.1550372689962387
002946.npy,"(128, 128)",float32,0.003711326979100704,1.1541341543197632,0.43932071328163147,0.160572350025177
002947.npy,"(128, 128)",float32,0.0007227242458611727,1.312665343284607,0.40559688210487366,0.15600630640983582
002948.npy,"(128, 128)",float32,-0.01231326162815094,1.4325312376022339,0.6113224625587463,0.2903251647949219
002949.npy,"(128, 128)",float32,0.0009788525057956576,1.4884459972381592,0.5820245742797852,0.23366416990756989
002950.npy,"(128, 128)",float32,0.004518108442425728,1.4498372077941895,0.5890517234802246,0.19323140382766724
002951.npy,"(128, 128)",float32,-0.027273889631032944,1.3733117580413818,0.580691397190094,0.19846078753471375
002952.npy,"(128, 128)",float32,-0.007486647926270962,1.2377320528030396,0.375532329082489,0.2649778127670288
002953.npy,"(128, 128)",float32,-0.0037457477301359177,1.4458824396133423,0.4256380796432495,0.2772772014141083
002954.npy,"(128, 128)",float32,-0.012967091985046864,1.5671663284301758,0.4300850033760071,0.29934707283973694
002955.npy,"(128, 128)",float32,-0.00356925162486732,1.540019154548645,0.4195670485496521,0.3067128658294678
002956.npy,"(128, 128)",float32,-0.03267834708094597,1.4163299798965454,0.5075417757034302,0.3531569540500641
002957.npy,"(128, 128)",float32,-0.02823563665151596,1.256320834159851,0.37033960223197937,0.17949028313159943
002958.npy,"(128, 128)",float32,-0.019262194633483887,1.2756634950637817,0.362671822309494,0.1762825846672058
002959.npy,"(128, 128)",float32,-0.02448173798620701,1.1982648372650146,0.39523202180862427,0.18199828267097473
002960.npy,"(128, 128)",float32,-0.0038679868448525667,1.1344157457351685,0.3210236430168152,0.19911806285381317
002961.npy,"(128, 128)",float32,-0.0074949711561203,1.3700672388076782,0.19166550040245056,0.1372782588005066
002962.npy,"(128, 128)",float32,0.0009824886219576001,1.259529709815979,0.1909201443195343,0.1350143700838089
002963.npy,"(128, 128)",float32,0.005191232077777386,1.3870867490768433,0.2036549597978592,0.16220234334468842
002964.npy,"(128, 128)",float32,-0.013781853020191193,1.212749719619751,0.18474145233631134,0.16594460606575012
002965.npy,"(128, 128)",float32,-0.0034148215781897306,1.4018940925598145,0.2602377235889435,0.19330456852912903
002966.npy,"(128, 128)",float32,-0.0021415071096271276,1.3914499282836914,0.3108025789260864,0.20644055306911469
002967.npy,"(128, 128)",float32,-0.016311410814523697,1.2322434186935425,0.3041318356990814,0.20553626120090485
002968.npy,"(128, 128)",float32,-0.0053241741843521595,1.6333568096160889,0.7683699131011963,0.19407616555690765
002969.npy,"(128, 128)",float32,0.00504627451300621,1.5159813165664673,0.7523469924926758,0.20901130139827728
002970.npy,"(128, 128)",float32,0.002897264901548624,1.7371639013290405,0.7630417346954346,0.21471521258354187
002971.npy,"(128, 128)",float32,-0.026117529720067978,1.4787286520004272,0.771136999130249,0.19712086021900177
002972.npy,"(128, 128)",float32,-0.00401673698797822,1.444420337677002,0.12835708260536194,0.24417567253112793
002973.npy,"(128, 128)",float32,-0.256684273481369,1.4639815092086792,0.49904829263687134,0.26728948950767517
002974.npy,"(128, 128)",float32,-0.2785630524158478,1.5032150745391846,0.5001114010810852,0.2669000029563904
002975.npy,"(128, 128)",float32,-0.18001827597618103,1.4838639497756958,0.5005426406860352,0.26931387186050415
002976.npy,"(128, 128)",float32,-0.005147817078977823,1.3558135032653809,0.5039023160934448,0.27165791392326355
002977.npy,"(128, 128)",float32,-0.027895499020814896,0.9174414277076721,0.10356584191322327,0.08859214931726456
002978.npy,"(128, 128)",float32,-0.002789287129417062,1.2109706401824951,0.11773531138896942,0.11103110015392303
002979.npy,"(128, 128)",float32,-0.0076507339254021645,1.151495099067688,0.11954736709594727,0.10248889029026031
002980.npy,"(128, 128)",float32,-0.04247123748064041,1.2365148067474365,0.24410846829414368,0.2161322385072708
002981.npy,"(128, 128)",float32,-0.23199236392974854,1.4701333045959473,0.49890169501304626,0.2634340822696686
002982.npy,"(128, 128)",float32,-0.19158664345741272,1.4486597776412964,0.5024480223655701,0.26874861121177673
002983.npy,"(128, 128)",float32,-0.2705509066581726,1.4601316452026367,0.5010827779769897,0.26453277468681335
002984.npy,"(128, 128)",float32,-0.009142992086708546,1.8858754634857178,0.6058502197265625,0.2604462206363678
002985.npy,"(128, 128)",float32,0.012780540622770786,1.4813429117202759,0.5793216228485107,0.12771688401699066
002986.npy,"(128, 128)",float32,-0.000533195910975337,1.3481650352478027,0.6217807531356812,0.13312706351280212
002987.npy,"(128, 128)",float32,0.00364508805796504,1.247056245803833,0.5796060562133789,0.11825420707464218
002988.npy,"(128, 128)",float32,0.0011035019997507334,1.4368995428085327,0.6510781049728394,0.16994699835777283
002989.npy,"(128, 128)",float32,-0.00438292371109128,1.4316669702529907,0.38550442457199097,0.2023104727268219
002990.npy,"(128, 128)",float32,-0.008406687527894974,1.38148832321167,0.40367549657821655,0.24353301525115967
002991.npy,"(128, 128)",float32,-0.008785122074186802,1.3698091506958008,0.34489938616752625,0.2001093178987503
002992.npy,"(128, 128)",float32,-0.03372031822800636,1.4964978694915771,0.4590007960796356,0.33264604210853577
002993.npy,"(128, 128)",float32,0.0007174293859861791,1.4585657119750977,0.3611145615577698,0.24420949816703796
002994.npy,"(128, 128)",float32,0.01795770786702633,1.5713697671890259,0.3710096478462219,0.2504234313964844
002995.npy,"(128, 128)",float32,0.0025462990161031485,1.3365323543548584,0.38163188099861145,0.2486726939678192
002996.npy,"(128, 128)",float32,-0.013438418507575989,1.7048667669296265,0.544717013835907,0.29631009697914124
002997.npy,"(128, 128)",float32,0.031432632356882095,1.0066574811935425,0.483243465423584,0.1207919791340828
002998.npy,"(128, 128)",float32,-0.0031191969756036997,1.1158703565597534,0.47559452056884766,0.11888665705919266
002999.npy,"(128, 128)",float32,0.009008057415485382,1.002651572227478,0.4714052081108093,0.10355325788259506
003000.npy,"(128, 128)",float32,-0.04667486622929573,1.63883638381958,0.220798060297966,0.222749724984169
003001.npy,"(128, 128)",float32,-0.021130116656422615,1.5249078273773193,0.3805253207683563,0.10791734606027603
003002.npy,"(128, 128)",float32,-0.0031130146235227585,1.4000672101974487,0.37709107995033264,0.09693671017885208
003003.npy,"(128, 128)",float32,0.0012157285818830132,1.4569728374481201,0.3667173385620117,0.10861292481422424
003004.npy,"(128, 128)",float32,-0.05482284724712372,1.15837562084198,0.13578493893146515,0.14806830883026123
003005.npy,"(128, 128)",float32,-0.030959924682974815,1.4822787046432495,0.17310984432697296,0.2065500020980835
003006.npy,"(128, 128)",float32,-0.02587241679430008,1.2757091522216797,0.17393532395362854,0.20379608869552612
003007.npy,"(128, 128)",float32,-0.021604180335998535,1.3238190412521362,0.20991015434265137,0.23641233146190643
003008.npy,"(128, 128)",float32,-0.006693550385534763,1.4490588903427124,0.35801783204078674,0.17604418098926544
003009.npy,"(128, 128)",float32,0.005210505332797766,1.2749322652816772,0.3436552882194519,0.13171765208244324
003010.npy,"(128, 128)",float32,-0.0017552610952407122,1.1946988105773926,0.349605530500412,0.1289777010679245
003011.npy,"(128, 128)",float32,0.027384823188185692,1.4499748945236206,0.47388577461242676,0.1638617217540741
003012.npy,"(128, 128)",float32,-0.022333452478051186,1.4197957515716553,0.538673460483551,0.2574006915092468
003013.npy,"(128, 128)",float32,0.04127989336848259,1.4318151473999023,0.8653205633163452,0.14071542024612427
003014.npy,"(128, 128)",float32,0.040824566036462784,2.0554873943328857,0.8678514957427979,0.1679311990737915
003015.npy,"(128, 128)",float32,0.05482855811715126,1.595819115638733,0.8711769580841064,0.16477258503437042
003016.npy,"(128, 128)",float32,-0.0023508351296186447,1.574167013168335,0.6270662546157837,0.26222220063209534
003017.npy,"(128, 128)",float32,0.010637328960001469,1.4761028289794922,0.46255600452423096,0.20346465706825256
003018.npy,"(128, 128)",float32,0.012579944916069508,1.436157464981079,0.4597546458244324,0.19925640523433685
003019.npy,"(128, 128)",float32,0.009729449637234211,1.4319159984588623,0.4580784738063812,0.20303772389888763
003020.npy,"(128, 128)",float32,0.00955144502222538,1.519558072090149,0.1733807921409607,0.13699080049991608
003021.npy,"(128, 128)",float32,-0.0016769859939813614,1.1174012422561646,0.26722097396850586,0.15993177890777588
003022.npy,"(128, 128)",float32,-0.007201193831861019,1.042550802230835,0.2625713348388672,0.15831570327281952
003023.npy,"(128, 128)",float32,0.0063677034340798855,1.1640058755874634,0.26553982496261597,0.17060038447380066
003024.npy,"(128, 128)",float32,-0.006146369501948357,1.2954154014587402,0.4813634157180786,0.23917944729328156
003025.npy,"(128, 128)",float32,-0.005544583313167095,1.429292917251587,0.46766382455825806,0.21954892575740814
003026.npy,"(128, 128)",float32,0.0035309172235429287,1.42051362991333,0.46462440490722656,0.21433879435062408
003027.npy,"(128, 128)",float32,0.0027191038243472576,1.5698597431182861,0.46789026260375977,0.22474762797355652
003028.npy,"(128, 128)",float32,-0.024234099313616753,1.5862019062042236,0.5662661790847778,0.2566930949687958
003029.npy,"(128, 128)",float32,-0.022376764565706253,1.017738699913025,0.15088605880737305,0.12546557188034058
003030.npy,"(128, 128)",float32,-0.022635450586676598,1.0201164484024048,0.15027201175689697,0.1259482502937317
003031.npy,"(128, 128)",float32,-0.025682365521788597,1.0762346982955933,0.15367892384529114,0.1254713088274002
003032.npy,"(128, 128)",float32,0.009314295835793018,1.4626258611679077,0.7231761813163757,0.23690249025821686
003033.npy,"(128, 128)",float32,0.002838166430592537,1.5163220167160034,0.5564727783203125,0.23927143216133118
003034.npy,"(128, 128)",float32,0.004330629017204046,1.3412039279937744,0.5561395883560181,0.23435543477535248
003035.npy,"(128, 128)",float32,0.010880655609071255,1.4779003858566284,0.5520848631858826,0.23789308965206146
003036.npy,"(128, 128)",float32,-0.025086741894483566,1.4872033596038818,0.49695587158203125,0.24800270795822144
003037.npy,"(128, 128)",float32,-0.0350324772298336,1.2028093338012695,0.18048563599586487,0.1539524793624878
003038.npy,"(128, 128)",float32,-0.01906045898795128,1.250748872756958,0.18473801016807556,0.15761128067970276
003039.npy,"(128, 128)",float32,-0.025981858372688293,1.2135599851608276,0.19095712900161743,0.1545700877904892
003040.npy,"(128, 128)",float32,-0.0898788720369339,0.889117419719696,0.03901704400777817,0.06508840620517731
003041.npy,"(128, 128)",float32,-0.07509691268205643,1.24162757396698,0.1385161578655243,0.17293071746826172
003042.npy,"(128, 128)",float32,-0.08886575698852539,1.1713085174560547,0.1400531828403473,0.17737741768360138
003043.npy,"(128, 128)",float32,-0.055236998945474625,1.0856406688690186,0.13159099221229553,0.16806043684482574
003044.npy,"(128, 128)",float32,0.021488716825842857,1.2920194864273071,0.5277599692344666,0.15456540882587433
003045.npy,"(128, 128)",float32,-0.0038279052823781967,1.383313775062561,0.6040617823600769,0.1974569857120514
003046.npy,"(128, 128)",float32,0.04787769913673401,1.504470944404602,0.6975715160369873,0.2091793268918991
003047.npy,"(128, 128)",float32,0.008817991241812706,1.4626471996307373,0.6575789451599121,0.19058485329151154
003048.npy,"(128, 128)",float32,0.006661109160631895,1.254410743713379,0.4344615042209625,0.20960862934589386
003049.npy,"(128, 128)",float32,0.005736605729907751,1.6995664834976196,0.919095516204834,0.19514183700084686
003050.npy,"(128, 128)",float32,0.001099828165024519,1.684587836265564,0.9132614731788635,0.18859586119651794
003051.npy,"(128, 128)",float32,-0.000616455334238708,2.1580049991607666,0.8996981978416443,0.16882513463497162
003052.npy,"(128, 128)",float32,-0.009077071212232113,1.0219080448150635,0.22199541330337524,0.11976244300603867
003053.npy,"(128, 128)",float32,-0.010312494821846485,0.9059391617774963,0.33485639095306396,0.1377987414598465
003054.npy,"(128, 128)",float32,-0.0003054495027754456,0.968565821647644,0.33363741636276245,0.13734841346740723
003055.npy,"(128, 128)",float32,-0.002390115987509489,1.0408049821853638,0.33528971672058105,0.1339145302772522
003056.npy,"(128, 128)",float32,-0.015947148203849792,1.4782874584197998,0.4215906262397766,0.18256314098834991
003057.npy,"(128, 128)",float32,-0.00030143276671878994,1.1733320951461792,0.5305407643318176,0.11367560923099518
003058.npy,"(128, 128)",float32,-0.01776321418583393,1.2370011806488037,0.5329666137695312,0.13149884343147278
003059.npy,"(128, 128)",float32,-0.03739345818758011,1.299430251121521,0.517642617225647,0.1185874491930008
003060.npy,"(128, 128)",float32,-0.0060707381926476955,1.403927206993103,0.4500609040260315,0.20374538004398346
003061.npy,"(128, 128)",float32,0.0052141183987259865,1.6701298952102661,0.5955146551132202,0.2378864884376526
003062.npy,"(128, 128)",float32,0.007694897707551718,1.5858871936798096,0.56340491771698,0.23128587007522583
003063.npy,"(128, 128)",float32,-0.0010013346327468753,1.4679497480392456,0.5801573991775513,0.225808247923851
003064.npy,"(128, 128)",float32,-0.00337155326269567,1.5058205127716064,0.6472702026367188,0.21318572759628296
003065.npy,"(128, 128)",float32,0.00698506785556674,1.3221935033798218,0.2888645827770233,0.1822715550661087
003066.npy,"(128, 128)",float32,0.0067048887722194195,1.531777024269104,0.3640643358230591,0.24137699604034424
003067.npy,"(128, 128)",float32,0.004473697394132614,1.0879905223846436,0.23964907228946686,0.1750248372554779
003068.npy,"(128, 128)",float32,-0.007590739522129297,1.587459683418274,0.7364856004714966,0.2587345838546753
003069.npy,"(128, 128)",float32,-0.003184667555615306,1.3858096599578857,0.6132513284683228,0.1402989625930786
003070.npy,"(128, 128)",float32,0.0078055523335933685,1.3602238893508911,0.6626529693603516,0.15610505640506744
003071.npy,"(128, 128)",float32,0.00512788025662303,1.4120516777038574,0.6415829062461853,0.1536313146352768
003072.npy,"(128, 128)",float32,-0.007755005732178688,1.37306547164917,0.2878354787826538,0.14818480610847473
003073.npy,"(128, 128)",float32,0.020279545336961746,1.2578842639923096,0.2872757315635681,0.11738888174295425
003074.npy,"(128, 128)",float32,0.0032572965137660503,1.2498104572296143,0.2935910224914551,0.10721821337938309
003075.npy,"(128, 128)",float32,0.0347726009786129,1.2312370538711548,0.3127531409263611,0.10516529530286789
003076.npy,"(128, 128)",float32,0.011966480873525143,1.5085110664367676,0.41448140144348145,0.23164720833301544
003077.npy,"(128, 128)",float32,-0.002768718870356679,1.3756920099258423,0.5614739060401917,0.20617321133613586
003078.npy,"(128, 128)",float32,0.001382004120387137,1.2955783605575562,0.5007877349853516,0.1907288134098053
003079.npy,"(128, 128)",float32,0.005385636817663908,1.4609917402267456,0.5536782145500183,0.21275821328163147
003080.npy,"(128, 128)",float32,-0.006276422645896673,1.3387134075164795,0.49932047724723816,0.2515943646430969
003081.npy,"(128, 128)",float32,0.00531051866710186,1.4079912900924683,0.48892614245414734,0.19318857789039612
003082.npy,"(128, 128)",float32,-0.004877666477113962,1.5070288181304932,0.5183426737785339,0.19105634093284607
003083.npy,"(128, 128)",float32,-0.0030822346452623606,1.4954619407653809,0.4524562358856201,0.19861069321632385
003084.npy,"(128, 128)",float32,0.023575667291879654,1.3962119817733765,0.48612818121910095,0.24691589176654816
003085.npy,"(128, 128)",float32,0.0007308936910703778,1.048949956893921,0.17289698123931885,0.10568021237850189
003086.npy,"(128, 128)",float32,0.0006243011448532343,1.1748756170272827,0.18639829754829407,0.12730656564235687
003087.npy,"(128, 128)",float32,-0.006187861785292625,1.172104835510254,0.20970001816749573,0.15249598026275635
003088.npy,"(128, 128)",float32,-0.030254002660512924,1.4447556734085083,0.25361573696136475,0.15823215246200562
003089.npy,"(128, 128)",float32,-0.01283325906842947,1.3449162244796753,0.3024044334888458,0.14712035655975342
003090.npy,"(128, 128)",float32,-0.013783593662083149,1.194556474685669,0.29799532890319824,0.1440907120704651
003091.npy,"(128, 128)",float32,-0.0028712511993944645,1.1354305744171143,0.3098938465118408,0.14906767010688782
003092.npy,"(128, 128)",float32,-0.01797562837600708,1.4257962703704834,0.5168367624282837,0.16076189279556274
003093.npy,"(128, 128)",float32,-0.009021203964948654,1.4518272876739502,0.6730682253837585,0.1853523850440979
003094.npy,"(128, 128)",float32,0.00415751151740551,1.3577369451522827,0.6250394582748413,0.1740642637014389
003095.npy,"(128, 128)",float32,0.006174108944833279,1.357911229133606,0.624702513217926,0.17655575275421143
003096.npy,"(128, 128)",float32,-0.03413164243102074,1.2034008502960205,0.3418751358985901,0.19191762804985046
003097.npy,"(128, 128)",float32,-0.047789525240659714,1.2246400117874146,0.35287943482398987,0.2347702533006668
003098.npy,"(128, 128)",float32,-0.048795104026794434,1.3676272630691528,0.32835590839385986,0.22735805809497833
003099.npy,"(128, 128)",float32,-0.05821331590414047,1.1565237045288086,0.35949110984802246,0.2324664443731308
003100.npy,"(128, 128)",float32,-0.03528482839465141,1.4357960224151611,0.1903342604637146,0.17698144912719727
003101.npy,"(128, 128)",float32,-0.032120563089847565,1.3129128217697144,0.2724189758300781,0.15164847671985626
003102.npy,"(128, 128)",float32,-0.03361646458506584,1.2691439390182495,0.27136504650115967,0.14862371981143951
003103.npy,"(128, 128)",float32,-0.029230479151010513,1.106022834777832,0.2626565098762512,0.14250430464744568
003104.npy,"(128, 128)",float32,0.004316897131502628,1.196029543876648,0.10854661464691162,0.10928831249475479
003105.npy,"(128, 128)",float32,-0.006686261855065823,1.3681809902191162,0.13775889575481415,0.18587921559810638
003106.npy,"(128, 128)",float32,-0.006171295419335365,1.2762869596481323,0.09466516971588135,0.13076718151569366
003107.npy,"(128, 128)",float32,-0.007777475751936436,1.4007556438446045,0.1277214139699936,0.16840946674346924
003108.npy,"(128, 128)",float32,0.022783078253269196,1.6111334562301636,0.5852433443069458,0.2733655869960785
003109.npy,"(128, 128)",float32,0.026981621980667114,1.5288810729980469,0.6971079111099243,0.24711480736732483
003110.npy,"(128, 128)",float32,0.02885754406452179,1.602004051208496,0.6923049688339233,0.2518264353275299
003111.npy,"(128, 128)",float32,0.014591730199754238,1.5026580095291138,0.6838468313217163,0.2521582245826721
003112.npy,"(128, 128)",float32,-0.01714387722313404,1.63923978805542,0.44001656770706177,0.20786532759666443
003113.npy,"(128, 128)",float32,-0.04200693219900131,1.1687246561050415,0.2566488981246948,0.21635045111179352
003114.npy,"(128, 128)",float32,-0.05984333157539368,1.1060067415237427,0.228218674659729,0.21963466703891754
003115.npy,"(128, 128)",float32,-0.033959705382585526,1.159976840019226,0.2101355493068695,0.212864950299263
003116.npy,"(128, 128)",float32,0.028743566945195198,1.6397638320922852,0.8104951977729797,0.20426705479621887
003117.npy,"(128, 128)",float32,-0.00391111196950078,1.0939654111862183,0.11513311415910721,0.06550125777721405
003118.npy,"(128, 128)",float32,-0.010311468504369259,1.3251821994781494,0.121710404753685,0.14760221540927887
003119.npy,"(128, 128)",float32,-0.005564361810684204,1.104292392730713,0.1001843735575676,0.06896483153104782
003120.npy,"(128, 128)",float32,0.03734834864735603,1.4115785360336304,0.25742989778518677,0.17520825564861298
003121.npy,"(128, 128)",float32,-0.005906305275857449,1.401398777961731,0.45930251479148865,0.23589670658111572
003122.npy,"(128, 128)",float32,0.007797540631145239,1.3377199172973633,0.5263395309448242,0.17287512123584747
003123.npy,"(128, 128)",float32,-0.014603628776967525,1.3861606121063232,0.4988577365875244,0.19451002776622772
003124.npy,"(128, 128)",float32,0.0012130156392231584,1.4874783754348755,0.7509609460830688,0.19824406504631042
003125.npy,"(128, 128)",float32,0.00697425939142704,1.694473385810852,0.4676346182823181,0.2303398698568344
003126.npy,"(128, 128)",float32,0.00968136452138424,1.4143452644348145,0.39586836099624634,0.25586792826652527
003127.npy,"(128, 128)",float32,-0.0022760131396353245,1.416105031967163,0.39127957820892334,0.23355260491371155
003128.npy,"(128, 128)",float32,0.0012466798070818186,1.614753007888794,0.5524932146072388,0.226829394698143
003129.npy,"(128, 128)",float32,0.041739869862794876,1.4485571384429932,0.8455935120582581,0.14365053176879883
003130.npy,"(128, 128)",float32,0.03423166647553444,1.757371425628662,0.8377150893211365,0.17506876587867737
003131.npy,"(128, 128)",float32,0.005781822372227907,1.6027848720550537,0.819199800491333,0.21630185842514038
003132.npy,"(128, 128)",float32,0.03549657389521599,1.750327706336975,0.672935962677002,0.25861412286758423
003133.npy,"(128, 128)",float32,-0.008644052781164646,1.4576442241668701,0.2550923824310303,0.1890978217124939
003134.npy,"(128, 128)",float32,-0.024755379185080528,1.7276179790496826,0.24948623776435852,0.19985191524028778
003135.npy,"(128, 128)",float32,-0.006475438829511404,1.3190152645111084,0.2516782879829407,0.18924389779567719
003136.npy,"(128, 128)",float32,-0.023027457296848297,1.1430679559707642,0.23676621913909912,0.14749889075756073
003137.npy,"(128, 128)",float32,-0.01218191534280777,1.1161655187606812,0.19484299421310425,0.13294780254364014
003138.npy,"(128, 128)",float32,-0.00249055796302855,1.1947611570358276,0.2211974561214447,0.15012866258621216
003139.npy,"(128, 128)",float32,-0.026732325553894043,1.4033550024032593,0.23410287499427795,0.16165971755981445
003140.npy,"(128, 128)",float32,-0.012696273624897003,1.6554791927337646,0.440129816532135,0.29954075813293457
003141.npy,"(128, 128)",float32,-0.008794772438704967,1.6971396207809448,0.16266080737113953,0.16891716420650482
003142.npy,"(128, 128)",float32,-0.0034443202894181013,1.4474551677703857,0.16079989075660706,0.16751328110694885
003143.npy,"(128, 128)",float32,0.005976070649921894,1.577750325202942,0.20287269353866577,0.20308434963226318
003144.npy,"(128, 128)",float32,2.9910046578152105e-05,1.5020201206207275,0.8533660173416138,0.19074304401874542
003145.npy,"(128, 128)",float32,-0.04396252706646919,1.2355579137802124,0.16560107469558716,0.12967264652252197
003146.npy,"(128, 128)",float32,-0.0346926786005497,1.053952693939209,0.16404691338539124,0.12804104387760162
003147.npy,"(128, 128)",float32,-0.02973351813852787,1.0812218189239502,0.16423916816711426,0.12651808559894562
003148.npy,"(128, 128)",float32,-0.0006650516879744828,1.1924067735671997,0.3641672134399414,0.20434296131134033
003149.npy,"(128, 128)",float32,-0.024262910708785057,1.4601359367370605,0.37507688999176025,0.2886955440044403
003150.npy,"(128, 128)",float32,-0.019400451332330704,1.4325218200683594,0.4275115132331848,0.30668124556541443
003151.npy,"(128, 128)",float32,-0.0014362307265400887,1.6039327383041382,0.35856837034225464,0.2890470623970032
003152.npy,"(128, 128)",float32,-0.005711384117603302,1.602902889251709,0.6190122365951538,0.2370089441537857
003153.npy,"(128, 128)",float32,-0.020427651703357697,1.3695098161697388,0.29024428129196167,0.1944766491651535
003154.npy,"(128, 128)",float32,-0.011472786776721478,1.50093674659729,0.29276350140571594,0.1965043842792511
003155.npy,"(128, 128)",float32,-0.00109128060285002,1.2296125888824463,0.2974671423435211,0.19834397733211517
003156.npy,"(128, 128)",float32,-0.004066559486091137,1.2850342988967896,0.353268027305603,0.16183197498321533
003157.npy,"(128, 128)",float32,0.012373285368084908,1.4123122692108154,0.4948170781135559,0.23050324618816376
003158.npy,"(128, 128)",float32,-0.003276730887591839,1.6632276773452759,0.49200016260147095,0.22932687401771545
003159.npy,"(128, 128)",float32,0.0013380837626755238,1.2906280755996704,0.48599743843078613,0.21661506593227386
003160.npy,"(128, 128)",float32,-0.03404976800084114,1.3855466842651367,0.45700544118881226,0.21701884269714355
003161.npy,"(128, 128)",float32,0.009430838748812675,1.4874786138534546,0.5323278903961182,0.1806684285402298
003162.npy,"(128, 128)",float32,-0.04296739771962166,1.5544263124465942,0.5115716457366943,0.19842197000980377
003163.npy,"(128, 128)",float32,-0.031256962567567825,1.5357825756072998,0.5366747379302979,0.20249183475971222
003164.npy,"(128, 128)",float32,-0.012443679384887218,1.4370315074920654,0.5291917324066162,0.27807074785232544
003165.npy,"(128, 128)",float32,0.0004108498396817595,1.2843656539916992,0.5074234008789062,0.25490400195121765
003166.npy,"(128, 128)",float32,-0.003156669670715928,1.4502891302108765,0.5062974691390991,0.26265716552734375
003167.npy,"(128, 128)",float32,0.0039909458719193935,1.3778241872787476,0.5039365887641907,0.2660844922065735
003168.npy,"(128, 128)",float32,0.009750429540872574,1.3923258781433105,0.40350809693336487,0.35996881127357483
003169.npy,"(128, 128)",float32,-0.01041583064943552,1.193031668663025,0.15187156200408936,0.1559719443321228
003170.npy,"(128, 128)",float32,-0.011218199506402016,1.2995327711105347,0.15927380323410034,0.16746695339679718
003171.npy,"(128, 128)",float32,-0.0004355111450422555,1.2763259410858154,0.18965837359428406,0.1986590027809143
003172.npy,"(128, 128)",float32,0.007773761637508869,1.5859098434448242,0.8182331919670105,0.15733589231967926
003173.npy,"(128, 128)",float32,0.008912025950849056,1.497878909111023,0.44820040464401245,0.16065359115600586
003174.npy,"(128, 128)",float32,0.013873717747628689,1.628791093826294,0.4401843547821045,0.14882543683052063
003175.npy,"(128, 128)",float32,0.00876946747303009,1.394839882850647,0.43488264083862305,0.1346248984336853
003176.npy,"(128, 128)",float32,-0.02617013454437256,1.153224229812622,0.20994246006011963,0.11442414671182632
003177.npy,"(128, 128)",float32,-0.026734324172139168,1.3255743980407715,0.41100573539733887,0.23754507303237915
003178.npy,"(128, 128)",float32,-0.016940781846642494,1.3594779968261719,0.4088020324707031,0.23642213642597198
003179.npy,"(128, 128)",float32,-0.01997152529656887,1.261407494544983,0.3940310478210449,0.23227405548095703
003180.npy,"(128, 128)",float32,0.0032726654317229986,1.4858237504959106,0.5670146346092224,0.324517160654068
003181.npy,"(128, 128)",float32,0.023122334852814674,1.490439534187317,0.49700823426246643,0.18738403916358948
003182.npy,"(128, 128)",float32,0.043207719922065735,1.431687593460083,0.4794355034828186,0.17522470653057098
003183.npy,"(128, 128)",float32,0.05409175902605057,1.360000491142273,0.5045520067214966,0.17936314642429352
003184.npy,"(128, 128)",float32,-0.019249005243182182,1.3363195657730103,0.3396981656551361,0.27763429284095764
003185.npy,"(128, 128)",float32,-0.014247558079659939,1.304725170135498,0.233864888548851,0.21146610379219055
003186.npy,"(128, 128)",float32,-0.012501440942287445,1.262527585029602,0.2365087866783142,0.20802447199821472
003187.npy,"(128, 128)",float32,-0.03137396275997162,1.4379212856292725,0.21415969729423523,0.19995641708374023
003188.npy,"(128, 128)",float32,-0.0029858779162168503,1.3772468566894531,0.627493143081665,0.14718277752399445
003189.npy,"(128, 128)",float32,0.0007345363846980035,1.456275224685669,0.518194317817688,0.15981020033359528
003190.npy,"(128, 128)",float32,0.0655190497636795,1.1419912576675415,0.5145185589790344,0.14634771645069122
003191.npy,"(128, 128)",float32,0.001714007230475545,1.287548542022705,0.5088817477226257,0.15411731600761414
003192.npy,"(128, 128)",float32,0.01297575980424881,1.3291826248168945,0.2524951696395874,0.21661970019340515
003193.npy,"(128, 128)",float32,-0.011641894467175007,1.4677859544754028,0.4822435677051544,0.36812347173690796
003194.npy,"(128, 128)",float32,-0.019047483801841736,1.610646367073059,0.504343569278717,0.36470699310302734
003195.npy,"(128, 128)",float32,0.0033116063568741083,1.6152255535125732,0.5220147371292114,0.3643205165863037
003196.npy,"(128, 128)",float32,-0.057813264429569244,1.716833233833313,0.38363024592399597,0.28069865703582764
003197.npy,"(128, 128)",float32,-0.1295667439699173,1.2150511741638184,0.23014414310455322,0.24111664295196533
003198.npy,"(128, 128)",float32,-0.10885880142450333,1.5100516080856323,0.20027028024196625,0.2162826657295227
003199.npy,"(128, 128)",float32,-0.08225751668214798,1.1161640882492065,0.24911847710609436,0.2468748390674591
